"Name","date","rain","Tave","Tmax","Tmin","Year"
"Masvingo",2014-01-01,26.9,20.3,23,18.5,2014
"Masvingo",2014-01-02,0.8,21.6,25.8,17.2,2014
"Masvingo",2014-01-03,0,22.2,NA,18,2014
"Masvingo",2014-01-04,NA,22.3,26.4,NA,2014
"Masvingo",2014-01-05,0,21.9,NA,19.2,2014
"Masvingo",2014-01-06,13,24.6,29.2,19.5,2014
"Masvingo",2014-01-07,0,21,NA,18.5,2014
"Masvingo",2014-01-08,0,20.7,NA,15.6,2014
"Masvingo",2014-01-09,0,21.5,NA,18.4,2014
"Masvingo",2014-01-10,1,25.3,NA,16.2,2014
"Masvingo",2014-01-11,0,24.1,30.5,NA,2014
"Masvingo",2014-01-12,NA,24.8,NA,NA,2014
"Masvingo",2014-01-13,0,23.5,29.4,17.6,2014
"Masvingo",2014-01-14,0,21.8,25,19,2014
"Masvingo",2014-01-15,0.3,21.4,NA,18.1,2014
"Masvingo",2014-01-16,0,19.6,28,13.5,2014
"Masvingo",2014-01-17,NA,22.6,27.5,16.9,2014
"Masvingo",2014-01-18,NA,22.4,28.7,12.4,2014
"Masvingo",2014-01-19,NA,23.5,28,18,2014
"Masvingo",2014-01-20,NA,23.1,28.5,NA,2014
"Masvingo",2014-01-21,NA,23.2,28.3,16.7,2014
"Masvingo",2014-01-22,3,21.2,24.3,19,2014
"Masvingo",2014-01-23,10.9,23.2,28.3,18.4,2014
"Masvingo",2014-01-24,0,23.8,29.5,18.7,2014
"Masvingo",2014-01-25,NA,24.9,29.5,18.5,2014
"Masvingo",2014-01-26,7.9,20.8,23.8,NA,2014
"Masvingo",2014-01-27,15,21.9,27.5,19.1,2014
"Masvingo",2014-01-28,0,20.2,NA,NA,2014
"Masvingo",2014-01-29,59.9,23.9,30,18.5,2014
"Masvingo",2014-01-30,0,24,30.5,20.1,2014
"Masvingo",2014-01-31,19.1,22.8,28,19.8,2014
"Masvingo",2014-02-01,27.9,24.1,28.3,NA,2014
"Masvingo",2014-02-02,0,24.6,29,NA,2014
"Masvingo",2014-02-03,0.5,23.8,29.2,21,2014
"Masvingo",2014-02-04,5.1,20.9,24,18.8,2014
"Masvingo",2014-02-05,0,23.5,31.5,17.5,2014
"Masvingo",2014-02-06,0.5,24.6,31.3,19.9,2014
"Masvingo",2014-02-07,0,21.7,26.8,18.5,2014
"Masvingo",2014-02-08,3,21.8,25.7,19,2014
"Masvingo",2014-02-09,0.5,23,27,20,2014
"Masvingo",2014-02-10,2,22.5,27.5,18,2014
"Masvingo",2014-02-11,0,21.2,27.3,15.5,2014
"Masvingo",2014-02-12,NA,23,27,15,2014
"Masvingo",2014-02-13,NA,21.6,28.1,13.9,2014
"Masvingo",2014-02-14,0.8,23.2,NA,NA,2014
"Masvingo",2014-02-15,0,21.6,25.3,17.5,2014
"Masvingo",2014-02-16,0.5,20.5,24.3,17.4,2014
"Masvingo",2014-02-17,7.9,19.8,23.5,17.4,2014
"Masvingo",2014-02-18,0,20.7,27.9,13.2,2014
"Masvingo",2014-02-19,0,20.4,28,13.8,2014
"Masvingo",2014-02-20,NA,22.8,30.3,NA,2014
"Masvingo",2014-02-21,NA,23.5,32,16.5,2014
"Masvingo",2014-02-22,NA,23.8,28,20.5,2014
"Masvingo",2014-02-23,0.3,20.4,23,19.4,2014
"Masvingo",2014-02-24,23.9,22.3,28.3,18.9,2014
"Masvingo",2014-02-25,0,22.9,29.1,17.8,2014
"Masvingo",2014-02-26,NA,21.6,28.1,16.5,2014
"Masvingo",2014-02-27,0.3,20,NA,NA,2014
"Masvingo",2014-02-28,1,21.8,30,15.5,2014
"Masvingo",2014-03-01,0.8,22.2,NA,18.2,2014
"Masvingo",2014-03-02,2,21.3,29.5,NA,2014
"Masvingo",2014-03-03,53.1,22.3,30,17.3,2014
"Masvingo",2014-03-04,2,23.7,NA,19.3,2014
"Masvingo",2014-03-05,3,25,30.5,18.5,2014
"Masvingo",2014-03-06,0,23.1,29.9,NA,2014
"Masvingo",2014-03-07,1,21.8,29,17.6,2014
"Masvingo",2014-03-08,15,22.8,30,17.5,2014
"Masvingo",2014-03-09,2,22.9,29.7,19,2014
"Masvingo",2014-03-10,0,24.1,NA,18,2014
"Masvingo",2014-03-11,NA,22.6,30,19.4,2014
"Masvingo",2014-03-12,4.1,24.1,31.5,18,2014
"Masvingo",2014-03-13,39.9,19.4,NA,17.5,2014
"Masvingo",2014-03-14,1,17.7,21.1,15.6,2014
"Masvingo",2014-03-15,0,21.8,NA,16.4,2014
"Masvingo",2014-03-16,0,23.6,29.5,16.4,2014
"Masvingo",2014-03-17,NA,23.1,NA,15.4,2014
"Masvingo",2014-03-18,NA,21,28.2,NA,2014
"Masvingo",2014-03-19,NA,22.6,30.5,14.4,2014
"Masvingo",2014-03-20,NA,21.9,30.8,15.5,2014
"Masvingo",2014-03-21,3,20.2,22.6,NA,2014
"Masvingo",2014-03-22,2,19.8,22.6,NA,2014
"Masvingo",2014-03-23,0,21.6,26.7,15,2014
"Masvingo",2014-03-24,NA,21.1,27.3,NA,2014
"Masvingo",2014-03-25,0,20.5,25.5,16.6,2014
"Masvingo",2014-03-26,NA,20.8,27,12.8,2014
"Masvingo",2014-03-27,NA,21.2,27.6,13,2014
"Masvingo",2014-03-28,NA,17.5,25.3,NA,2014
"Masvingo",2014-03-29,0,18.8,24.8,14.5,2014
"Masvingo",2014-03-30,NA,19.1,27.3,11.5,2014
"Masvingo",2014-03-31,NA,22.3,26.8,13.5,2014
"Masvingo",2014-04-01,NA,22.2,29.5,13.6,2014
"Masvingo",2014-04-02,NA,23.8,31,14,2014
"Masvingo",2014-04-03,NA,25.1,31,13,2014
"Masvingo",2014-04-04,NA,22.6,28.8,12.8,2014
"Masvingo",2014-04-05,0.5,18.8,22.5,16.6,2014
"Masvingo",2014-04-06,7.1,16.9,19,NA,2014
"Masvingo",2014-04-07,0.5,17.9,21.6,11.9,2014
"Masvingo",2014-04-08,0.5,17.7,22.1,13.6,2014
"Masvingo",2014-04-09,2,16.8,NA,15,2014
"Masvingo",2014-04-10,1,16.6,19.8,NA,2014
"Masvingo",2014-04-11,1,15.8,18.3,14.6,2014
"Masvingo",2014-04-12,3,18.3,NA,14.6,2014
"Masvingo",2014-04-13,0.3,18.6,23.6,13.5,2014
"Masvingo",2014-04-14,0,18.2,25.5,12.9,2014
"Masvingo",2014-04-15,NA,19.6,27,10.5,2014
"Masvingo",2014-04-16,NA,19.8,25,12.4,2014
"Masvingo",2014-04-17,0.5,15.6,18.5,NA,2014
"Masvingo",2014-04-18,1,18.2,25,9.4,2014
"Masvingo",2014-04-19,0,20.6,25.8,9.5,2014
"Masvingo",2014-04-20,NA,16.8,25.7,8.5,2014
"Masvingo",2014-04-21,NA,16.6,27,NA,2014
"Masvingo",2014-04-22,NA,20.7,29.2,8.4,2014
"Masvingo",2014-04-23,NA,22.3,29.5,12.5,2014
"Masvingo",2014-04-24,NA,22.9,30.3,14.1,2014
"Masvingo",2014-04-25,NA,20.6,27,16.5,2014
"Masvingo",2014-04-26,0,20.7,26,17,2014
"Masvingo",2014-04-28,0.3,15.2,18.5,12.8,2014
"Masvingo",2014-04-29,0,16.2,NA,10.7,2014
"Masvingo",2014-04-30,NA,17.3,28,7.6,2014
"Masvingo",2014-05-01,NA,17.4,27,7,2014
"Masvingo",2014-05-02,NA,16.9,30.4,6.9,2014
"Masvingo",2014-05-03,NA,18.3,26.5,7.4,2014
"Masvingo",2014-05-04,NA,19.3,27.9,7.1,2014
"Masvingo",2014-05-05,NA,21.3,NA,11.5,2014
"Masvingo",2014-05-06,0,17.8,21.8,16,2014
"Masvingo",2014-05-07,1,14.9,19.5,NA,2014
"Masvingo",2014-05-08,0,15.9,26,9.5,2014
"Masvingo",2014-05-09,0,19.3,27.5,10.1,2014
"Masvingo",2014-05-10,NA,19.7,27.7,8.4,2014
"Masvingo",2014-05-11,NA,19.2,29,9.5,2014
"Masvingo",2014-05-12,NA,18.6,28.8,10.5,2014
"Masvingo",2014-05-13,NA,17.2,26.2,7.3,2014
"Masvingo",2014-05-14,NA,16.6,23.2,NA,2014
"Masvingo",2014-05-15,NA,15,24.8,6.9,2014
"Masvingo",2014-05-16,NA,16.8,27.2,6.4,2014
"Masvingo",2014-05-17,NA,18.6,27.8,7,2014
"Masvingo",2014-05-18,NA,16.1,21,NA,2014
"Masvingo",2014-05-19,0,14.3,19.4,NA,2014
"Masvingo",2014-05-20,NA,17.6,NA,9,2014
"Masvingo",2014-05-21,NA,19,26.8,9.5,2014
"Masvingo",2014-05-22,0,15.4,20,12.9,2014
"Masvingo",2014-05-23,NA,14.3,19.5,10,2014
"Masvingo",2014-05-24,0,13.9,23,6,2014
"Masvingo",2014-05-25,NA,15.4,24.8,3.1,2014
"Masvingo",2014-05-26,NA,15.3,26,4,2014
"Masvingo",2014-05-27,NA,16.3,26.4,4,2014
"Masvingo",2014-05-28,NA,18.1,27.1,6.2,2014
"Masvingo",2014-05-29,NA,18.1,26.8,NA,2014
"Masvingo",2014-05-30,NA,14.2,27,4.5,2014
"Masvingo",2014-05-31,NA,17.4,NA,4,2014
"Masvingo",2014-06-01,NA,18.6,28.3,5.3,2014
"Masvingo",2014-06-02,NA,18.8,NA,7.8,2014
"Masvingo",2014-06-03,NA,20.1,29.2,8,2014
"Masvingo",2014-06-04,NA,17.5,30.7,8.5,2014
"Masvingo",2014-06-05,NA,20.4,31.3,11.3,2014
"Masvingo",2014-06-06,NA,13.5,17.2,NA,2014
"Masvingo",2014-06-07,NA,10.9,18.5,2.5,2014
"Masvingo",2014-06-08,0,10.2,20,2.5,2014
"Masvingo",2014-06-09,NA,15.5,25.3,2.1,2014
"Masvingo",2014-06-10,NA,14.3,25.1,4.4,2014
"Masvingo",2014-06-11,NA,13.1,16,NA,2014
"Masvingo",2014-06-12,0,16.7,20.2,3.1,2014
"Masvingo",2014-06-13,NA,16.7,23,4,2014
"Masvingo",2014-06-14,NA,18.2,24.8,4.4,2014
"Masvingo",2014-06-15,NA,17.3,25.7,5.5,2014
"Masvingo",2014-06-16,NA,15.7,26,6,2014
"Masvingo",2014-06-17,NA,15.8,NA,7.5,2014
"Masvingo",2014-06-18,NA,14.6,24,2,2014
"Masvingo",2014-06-19,NA,16.3,25.8,2.8,2014
"Masvingo",2014-06-20,0,13.1,15.4,5.8,2014
"Masvingo",2014-06-21,0,14.1,19,8,2014
"Masvingo",2014-06-22,NA,11.7,21.3,1.8,2014
"Masvingo",2014-06-23,NA,14.2,22.8,4.5,2014
"Masvingo",2014-06-24,NA,13.9,22.8,4,2014
"Masvingo",2014-07-07,NA,18.7,27.5,7.6,2014
"Masvingo",2014-07-08,NA,15.4,22.8,11,2014
"Masvingo",2014-07-09,0.3,10.1,14,8.2,2014
"Masvingo",2014-07-10,0,9.5,17,0.4,2014
"Masvingo",2014-07-11,NA,10.7,19.5,1,2014
"Masvingo",2014-07-12,NA,10.7,NA,NA,2014
"Masvingo",2014-07-13,NA,13.3,23.8,2.5,2014
"Masvingo",2014-07-14,NA,13.6,22.1,1.8,2014
"Masvingo",2014-07-15,NA,11.1,18.6,5.5,2014
"Masvingo",2014-07-16,0,8.2,22.3,2,2014
"Masvingo",2014-07-17,NA,14.2,25.5,2.1,2014
"Masvingo",2014-07-18,NA,17.3,26.8,3.2,2014
"Masvingo",2014-07-19,NA,16.3,26.9,4.2,2014
"Masvingo",2014-07-20,NA,13.8,20,5.2,2014
"Masvingo",2014-07-21,NA,12.7,21,5.9,2014
"Masvingo",2014-07-22,NA,12.9,21.6,3.2,2014
"Masvingo",2014-07-23,NA,14,22.7,2.8,2014
"Masvingo",2014-07-24,NA,14.7,24,2.6,2014
"Masvingo",2014-07-25,NA,13.9,27.1,2.5,2014
"Masvingo",2014-07-26,NA,16.7,28.2,4.9,2014
"Masvingo",2014-07-27,NA,19.3,27.6,7,2014
"Masvingo",2014-07-28,NA,16.8,NA,12,2014
"Masvingo",2014-07-29,NA,14.6,18.6,NA,2014
"Masvingo",2014-07-30,0,15.2,20.6,11.8,2014
"Masvingo",2014-07-31,NA,12.8,23.7,3.5,2014
"Masvingo",2014-08-02,NA,13.4,24,6,2014
"Masvingo",2014-08-03,NA,15.7,24.4,6.4,2014
"Masvingo",2014-08-04,NA,14.7,24,5,2014
"Masvingo",2014-08-05,NA,14.8,27,4.5,2014
"Masvingo",2014-08-06,NA,15.9,27.8,NA,2014
"Masvingo",2014-08-07,NA,18.7,27.5,8.9,2014
"Masvingo",2014-08-08,NA,15.9,23.5,10.6,2014
"Masvingo",2014-08-09,NA,15.1,NA,8.4,2014
"Masvingo",2014-08-10,NA,15.8,24,7.4,2014
"Masvingo",2014-08-11,NA,17.1,22.3,12.5,2014
"Masvingo",2014-08-12,NA,14.5,20.2,9.6,2014
"Masvingo",2014-08-13,NA,15.5,23.7,6.8,2014
"Masvingo",2014-08-14,NA,18,25.5,7.5,2014
"Masvingo",2014-08-15,NA,16.6,25,7.4,2014
"Masvingo",2014-08-16,NA,16.1,22.1,9.8,2014
"Masvingo",2014-08-17,NA,15.9,21,11.3,2014
"Masvingo",2014-08-18,NA,17.3,25.8,6.4,2014
"Masvingo",2014-08-19,NA,13.7,27.8,6.5,2014
"Masvingo",2014-08-20,NA,19.4,29.4,7.4,2014
"Masvingo",2014-08-21,NA,20.7,30.2,10.2,2014
"Masvingo",2014-08-22,NA,23.6,33.3,11,2014
"Masvingo",2014-08-23,0,17.2,23,14,2014
"Masvingo",2014-08-24,NA,15.5,26.6,4.8,2014
"Masvingo",2014-08-25,NA,14,24.8,1,2014
"Masvingo",2014-08-26,NA,19.5,26,4.2,2014
"Masvingo",2014-08-27,NA,16.8,28.3,4.8,2014
"Masvingo",2014-08-28,NA,21.8,31.4,6.9,2014
"Masvingo",2014-08-29,NA,19.4,28.3,10.1,2014
"Masvingo",2014-08-30,NA,13.2,20.5,6.6,2014
"Masvingo",2014-08-31,NA,14.1,20.9,7.4,2014
"Masvingo",2014-09-01,NA,13.7,19,7.1,2014
"Masvingo",2014-09-02,NA,13.7,19.2,9.5,2014
"Masvingo",2014-09-03,0.3,13.3,16.2,9.4,2014
"Masvingo",2014-09-04,0.8,14.9,21.7,NA,2014
"Masvingo",2014-09-05,0,14.9,21,6.6,2014
"Masvingo",2014-09-06,NA,16.8,26,NA,2014
"Masvingo",2014-09-07,NA,19.4,27,6.5,2014
"Masvingo",2014-09-08,NA,20.4,28.6,NA,2014
"Masvingo",2014-09-09,NA,20.4,29.6,9.8,2014
"Masvingo",2014-09-10,NA,22.2,30.8,10.6,2014
"Masvingo",2014-09-11,NA,23.8,31.6,13.5,2014
"Masvingo",2014-09-12,NA,23.4,33.9,12.4,2014
"Masvingo",2014-09-13,NA,22.3,27.5,13.4,2014
"Masvingo",2014-09-14,NA,23.2,31.5,12.4,2014
"Masvingo",2014-09-15,NA,23.7,32.5,15,2014
"Masvingo",2014-09-16,NA,23.1,32.7,13.4,2014
"Masvingo",2014-09-17,NA,24.4,33.9,13.5,2014
"Masvingo",2014-09-18,NA,24.6,34.8,13.7,2014
"Masvingo",2014-09-19,NA,27.6,35.8,15,2014
"Masvingo",2014-09-20,2,16.1,18,14.2,2014
"Masvingo",2014-09-21,1,16.2,20,NA,2014
"Masvingo",2014-09-22,0,20.1,26.5,14.8,2014
"Masvingo",2014-09-23,NA,19.2,27.1,11,2014
"Masvingo",2014-09-24,NA,18.8,29,8,2014
"Masvingo",2014-09-25,NA,20.8,29.6,9,2014
"Masvingo",2014-09-26,NA,17.7,31.7,9.2,2014
"Masvingo",2014-09-27,NA,23.4,34,11,2014
"Masvingo",2014-09-28,NA,25.8,32.8,15.6,2014
"Masvingo",2014-09-29,NA,27.2,34.5,15.8,2014
"Masvingo",2014-09-30,NA,30.8,NA,NA,2014
"Masvingo",2014-10-01,NA,25.6,31.5,18.9,2014
"Masvingo",2014-10-02,NA,19.1,24.2,15.5,2014
"Masvingo",2014-10-03,NA,21.3,29.5,11.5,2014
"Masvingo",2014-10-04,4.1,14.2,NA,NA,2014
"Masvingo",2014-10-05,1,17.3,24.8,9.4,2014
"Masvingo",2014-10-06,0,16.9,27,6.5,2014
"Masvingo",2014-10-07,NA,19.9,30.1,7.5,2014
"Masvingo",2014-10-08,NA,25.9,35.3,10.5,2014
"Masvingo",2014-10-09,NA,25.6,35.5,15.9,2014
"Masvingo",2014-10-10,NA,25.1,34.2,18,2014
"Masvingo",2014-10-11,0,22.8,29.5,18,2014
"Masvingo",2014-10-12,NA,23.4,33.3,16.5,2014
"Masvingo",2014-10-13,NA,27.8,NA,14.4,2014
"Masvingo",2014-10-14,NA,21.6,27.5,17,2014
"Masvingo",2014-10-15,NA,25.3,35.5,14.2,2014
"Masvingo",2014-10-16,NA,24.4,NA,18.6,2014
"Masvingo",2014-10-17,0,21.4,30.1,15.8,2014
"Masvingo",2014-10-18,NA,17.5,25.2,11.5,2014
"Masvingo",2014-10-19,NA,22.8,30.5,12.1,2014
"Masvingo",2014-10-20,NA,21.4,31.5,10.8,2014
"Masvingo",2014-10-21,NA,22.7,29.9,13.5,2014
"Masvingo",2014-10-22,NA,21.4,29,14.5,2014
"Masvingo",2014-10-23,NA,23.1,31.7,12.8,2014
"Masvingo",2014-10-24,NA,24.6,35,15,2014
"Masvingo",2014-10-25,5.1,24.5,32.1,17.1,2014
"Masvingo",2014-10-26,0.5,20.2,24.5,17,2014
"Masvingo",2014-10-27,0,18.6,NA,NA,2014
"Masvingo",2014-10-28,NA,20.6,27,NA,2014
"Masvingo",2014-10-29,NA,23.2,NA,11.9,2014
"Masvingo",2014-10-30,NA,24.6,32.6,10.6,2014
"Masvingo",2014-10-31,NA,24.8,33.5,13.2,2014
"Masvingo",2014-11-01,NA,24.3,NA,NA,2014
"Masvingo",2014-11-02,NA,26.2,34.8,18,2014
"Masvingo",2014-11-03,0,23.4,NA,18.8,2014
"Masvingo",2014-11-04,0.5,24.4,33,18.6,2014
"Masvingo",2014-11-05,4.1,24.3,33.4,20,2014
"Masvingo",2014-11-06,13,19.2,26,NA,2014
"Masvingo",2014-11-07,0,21.7,28,14.5,2014
"Masvingo",2014-11-08,NA,21.4,29.5,14,2014
"Masvingo",2014-11-09,NA,26.6,34.5,13.8,2014
"Masvingo",2014-11-10,NA,29.3,NA,17.8,2014
"Masvingo",2014-11-11,NA,26,33,19.6,2014
"Masvingo",2014-11-12,NA,26.4,33.4,16.9,2014
"Masvingo",2014-11-13,NA,26.2,34.5,17.9,2014
"Masvingo",2014-11-14,NA,26.2,33.5,19.6,2014
"Masvingo",2014-11-15,6.1,22.8,31,19.5,2014
"Masvingo",2014-11-16,0,19.8,25,17.5,2014
"Masvingo",2014-11-17,2,15.5,17.1,NA,2014
"Masvingo",2014-11-18,26.9,12.8,14,11.7,2014
"Masvingo",2014-11-19,2,17.3,24.3,9.5,2014
"Masvingo",2014-11-20,0,22.1,29.8,12.5,2014
"Masvingo",2014-11-21,NA,29.1,32,NA,2014
"Masvingo",2014-11-22,NA,26.7,32.6,16.5,2014
"Masvingo",2014-11-23,NA,25.4,33.5,15.3,2014
"Masvingo",2014-11-24,NA,26.9,33.7,15.5,2014
"Masvingo",2014-11-25,NA,25.8,NA,17.4,2014
"Masvingo",2014-11-26,NA,23,NA,16.6,2014
"Masvingo",2014-11-27,NA,25.9,32.5,15.5,2014
"Masvingo",2014-11-28,NA,26.6,34.4,17.4,2014
"Masvingo",2014-11-29,7.1,21.9,24.7,19.5,2014
"Masvingo",2014-11-30,0.5,21,25.5,NA,2014
"Masvingo",2014-12-01,0.3,20.6,24.2,17.5,2014
"Masvingo",2014-12-02,0,21.1,26.2,13,2014
"Masvingo",2014-12-03,NA,19.5,29.5,9,2014
"Masvingo",2014-12-04,NA,25.8,34,11.5,2014
"Masvingo",2014-12-05,NA,27.8,35.5,12.6,2014
"Masvingo",2014-12-06,NA,24.6,30.5,17.6,2014
"Masvingo",2014-12-07,NA,22.5,29.1,18,2014
"Masvingo",2014-12-08,NA,23.2,29.4,15.4,2014
"Masvingo",2014-12-09,2,20.7,30,NA,2014
"Masvingo",2014-12-10,4.1,23.4,29.5,17.5,2014
"Masvingo",2014-12-11,25.9,21.4,30.3,18.1,2014
"Masvingo",2014-12-12,13,23.4,28.2,18.4,2014
"Masvingo",2014-12-13,9.9,22.7,29.4,18.6,2014
"Masvingo",2014-12-14,5.1,21,NA,NA,2014
"Masvingo",2014-12-15,7.9,21.3,28.5,19,2014
"Masvingo",2014-12-17,0,20.6,25.6,NA,2014
"Masvingo",2014-12-18,18,20.4,NA,NA,2014
"Masvingo",2014-12-19,0,22.6,NA,NA,2014
"Masvingo",2014-12-20,20.1,22.3,26.5,20,2014
"Masvingo",2014-12-21,21.1,24.8,29.2,NA,2014
"Masvingo",2014-12-22,2,22.7,NA,19.4,2014
"Masvingo",2014-12-23,5.1,23.3,27,17.6,2014
"Masvingo",2014-12-24,0.8,24.9,29.3,19.6,2014
"Masvingo",2014-12-25,1,23.8,30.6,19.2,2014
"Masvingo",2014-12-26,10.9,23.8,31,19.5,2014
"Masvingo",2014-12-27,1,23.7,27.6,19.9,2014
"Masvingo",2014-12-28,9.9,23.8,30.1,19.5,2014
"Masvingo",2014-12-29,5.1,22.6,27.9,NA,2014
"Masvingo",2014-12-30,23.9,20.9,25.4,NA,2014
"Masvingo",2014-12-31,3,21.4,NA,18.6,2014
"Masvingo",2015-01-01,2,20.3,22.5,18.6,2015
"Masvingo",2015-01-02,2,19.9,NA,18.1,2015
"Masvingo",2015-01-03,0.8,21.6,26.5,NA,2015
"Masvingo",2015-01-04,0,23.5,27.9,17.5,2015
"Masvingo",2015-01-05,NA,23.4,28,NA,2015
"Masvingo",2015-01-06,NA,23,29,15.8,2015
"Masvingo",2015-01-07,NA,22.5,27,15.5,2015
"Masvingo",2015-01-08,NA,23.2,27.5,18,2015
"Masvingo",2015-01-09,NA,23.9,NA,14.4,2015
"Masvingo",2015-01-10,0.3,21.8,27.5,17.5,2015
"Masvingo",2015-01-11,0,22,26.5,16.4,2015
"Masvingo",2015-01-12,0,21.2,26.9,17.5,2015
"Masvingo",2015-01-13,0,24.2,29.5,17.6,2015
"Masvingo",2015-01-14,NA,23.9,30.3,17.5,2015
"Masvingo",2015-01-15,0.5,22.7,27.2,19.5,2015
"Masvingo",2015-01-16,0,23.7,30,16,2015
"Masvingo",2015-01-17,0,23.2,30.4,NA,2015
"Masvingo",2015-01-18,1,20.3,25,17.5,2015
"Masvingo",2015-01-19,0,22.7,27.6,15.4,2015
"Masvingo",2015-01-20,NA,20,24.4,15.2,2015
"Masvingo",2015-01-21,NA,22.2,NA,NA,2015
"Masvingo",2015-01-22,NA,22.8,28.6,12.5,2015
"Masvingo",2015-01-23,NA,20.7,26.9,15,2015
"Masvingo",2015-01-24,NA,21.8,28.3,12.4,2015
"Masvingo",2015-01-25,NA,22.7,31.6,12,2015
"Masvingo",2015-01-26,NA,26.1,32.9,14.6,2015
"Masvingo",2015-01-27,NA,28.7,33,15.5,2015
"Masvingo",2015-01-28,NA,24.8,31,20.2,2015
"Masvingo",2015-01-29,3,22.5,28.8,NA,2015
"Masvingo",2015-01-30,32,22.5,NA,18.4,2015
"Masvingo",2015-01-31,0,24,29.8,18.2,2015
"Masvingo",2015-02-01,NA,25.1,31.6,17.1,2015
"Masvingo",2015-02-02,0,23.4,31.5,19,2015
"Masvingo",2015-02-03,7.1,24.2,30.5,18,2015
"Masvingo",2015-02-04,0,24.4,31.1,18.6,2015
"Masvingo",2015-02-05,0.5,26.6,32.4,18.4,2015
"Masvingo",2015-02-06,0,25.9,31.1,18.2,2015
"Masvingo",2015-02-07,NA,26.8,NA,18.1,2015
"Masvingo",2015-02-08,NA,26.8,30.7,17.6,2015
"Masvingo",2015-02-09,NA,22.9,30.1,16.5,2015
"Masvingo",2015-02-10,NA,25.1,31.5,15.2,2015
"Masvingo",2015-02-11,NA,27,31.5,14.5,2015
"Masvingo",2015-02-12,NA,24.7,30.5,14.5,2015
"Masvingo",2015-02-13,NA,26.1,32,16.9,2015
"Masvingo",2015-02-14,NA,28.6,NA,17.6,2015
"Masvingo",2015-02-15,2,22.2,28.8,18,2015
"Masvingo",2015-02-16,7.1,20.1,23,NA,2015
"Masvingo",2015-02-17,0.5,18.2,NA,15.6,2015
"Masvingo",2015-02-18,0,19.7,NA,14.4,2015
"Masvingo",2015-02-19,NA,18.9,NA,11.5,2015
"Masvingo",2015-02-20,NA,21.8,NA,12.6,2015
"Masvingo",2015-02-21,NA,24,NA,13.4,2015
"Masvingo",2015-02-22,NA,24.1,NA,14,2015
"Masvingo",2015-02-23,0.5,19.8,NA,16.9,2015
"Masvingo",2015-02-24,1,21.3,NA,16.9,2015
"Masvingo",2015-02-25,0.5,19.3,NA,12.3,2015
"Masvingo",2015-02-26,0,22.8,NA,12.5,2015
"Masvingo",2015-02-27,NA,23.9,NA,NA,2015
"Masvingo",2015-02-28,NA,23.8,NA,NA,2015
"Masvingo",2015-03-01,NA,22.4,NA,18.5,2015
"Masvingo",2015-03-02,5.1,20.5,NA,NA,2015
"Masvingo",2015-03-03,7.9,15.9,NA,13.1,2015
"Masvingo",2015-03-04,0.3,18.9,NA,12.4,2015
"Masvingo",2015-03-05,0,19.8,NA,10,2015
"Masvingo",2015-03-06,NA,19.1,NA,10.4,2015
"Masvingo",2015-03-07,NA,21.6,NA,12,2015
"Masvingo",2015-03-08,NA,21.3,NA,12,2015
"Masvingo",2015-03-09,0,21.5,NA,17.5,2015
"Masvingo",2015-03-10,NA,21.8,NA,NA,2015
"Masvingo",2015-03-11,NA,20.2,NA,9.6,2015
"Masvingo",2015-03-12,NA,21.4,NA,NA,2015
"Masvingo",2015-03-13,NA,23.6,30.2,12.2,2015
"Masvingo",2015-03-14,NA,21.1,30.5,12.4,2015
"Masvingo",2015-03-15,NA,22.9,28.2,13.4,2015
"Masvingo",2015-03-16,NA,24,30.6,11.8,2015
"Masvingo",2015-03-17,NA,23.2,33.4,14.1,2015
"Masvingo",2015-03-18,NA,24.2,32.4,15,2015
"Masvingo",2015-03-19,NA,25,33.7,15.9,2015
"Masvingo",2015-03-20,NA,24.6,32.6,18,2015
"Masvingo",2015-03-21,NA,24,31.5,15.4,2015
"Masvingo",2015-03-22,NA,23.5,NA,14.5,2015
"Masvingo",2015-03-24,NA,19.3,NA,14,2015
"Masvingo",2015-03-25,NA,24.8,33.6,15.5,2015
"Masvingo",2015-03-26,NA,24.8,34,16.6,2015
"Masvingo",2015-03-28,0,20.2,NA,NA,2015
"Masvingo",2015-03-29,41.9,19.6,26.6,17.3,2015
"Masvingo",2015-03-30,27.9,20.6,26.6,17.4,2015
"Masvingo",2015-03-31,3,20.7,NA,NA,2015
"Masvingo",2015-04-01,0.3,21.4,25.3,16.2,2015
"Masvingo",2015-04-02,0,19.1,26.7,12.7,2015
"Masvingo",2015-04-03,NA,20.6,27.1,12.9,2015
"Masvingo",2015-04-04,NA,21.9,30.1,NA,2015
"Masvingo",2015-04-06,69.1,20,23.4,NA,2015
"Masvingo",2015-04-07,8.9,17.7,19.8,NA,2015
"Masvingo",2015-04-08,0.5,17.8,21.5,15.3,2015
"Masvingo",2015-04-09,0.3,16.8,19.8,14,2015
"Masvingo",2015-04-10,0,17.4,22.6,15,2015
"Masvingo",2015-04-12,NA,19,27.1,11,2015
"Masvingo",2015-04-13,NA,19.2,24.6,14,2015
"Masvingo",2015-04-14,NA,18.7,22.4,15.2,2015
"Masvingo",2015-04-15,NA,20.3,28.2,12.8,2015
"Masvingo",2015-04-16,NA,23.3,30,11.8,2015
"Masvingo",2015-04-17,NA,21.9,29.4,14.4,2015
"Masvingo",2015-04-18,1,18.3,20.6,17,2015
"Masvingo",2015-04-19,8.9,19.8,25.5,16.3,2015
"Masvingo",2015-04-20,0.5,21.2,25.5,16.5,2015
"Masvingo",2015-04-21,0.3,21,27.2,14.4,2015
"Masvingo",2015-04-22,0,19.3,24.2,16.8,2015
"Masvingo",2015-04-23,NA,19.1,26.2,12,2015
"Masvingo",2015-04-24,NA,18.1,25.3,11.5,2015
"Masvingo",2015-04-25,NA,18.1,24.5,11.5,2015
"Masvingo",2015-04-26,NA,18.1,26.5,9.6,2015
"Masvingo",2015-04-27,NA,19.4,NA,11,2015
"Masvingo",2015-04-28,NA,20.1,29,11,2015
"Masvingo",2015-04-29,NA,21.8,30,11.6,2015
"Masvingo",2015-04-30,NA,22.8,31,11.8,2015
"Masvingo",2015-05-01,NA,18.3,25.5,13.5,2015
"Masvingo",2015-05-02,NA,20.6,27.5,13,2015
"Masvingo",2015-05-03,NA,19.9,NA,11.5,2015
"Masvingo",2015-05-04,NA,19.1,26.5,9,2015
"Masvingo",2015-05-05,NA,16.1,27,6.2,2015
"Masvingo",2015-05-06,NA,17.6,29,5.6,2015
"Masvingo",2015-05-07,NA,16.3,NA,9.8,2015
"Masvingo",2015-05-08,0,16.7,21.5,12.1,2015
"Masvingo",2015-05-09,NA,16.3,23.5,6.4,2015
"Masvingo",2015-05-10,NA,15.8,26,6.4,2015
"Masvingo",2015-05-11,NA,18.3,26.4,7,2015
"Masvingo",2015-05-12,NA,16.6,26,7.4,2015
"Masvingo",2015-05-13,NA,18.8,NA,8.4,2015
"Masvingo",2015-05-14,NA,20.6,30.5,8.1,2015
"Masvingo",2015-05-15,NA,18.8,30,8.5,2015
"Masvingo",2015-05-16,NA,18.3,28.5,8.6,2015
"Masvingo",2015-05-17,NA,15.7,25,3.1,2015
"Masvingo",2015-05-18,NA,16.3,24.9,6.2,2015
"Masvingo",2015-05-19,NA,15.7,NA,6,2015
"Masvingo",2015-05-20,NA,17.1,27,5.5,2015
"Masvingo",2015-05-21,NA,18.8,25.5,9.9,2015
"Masvingo",2015-05-22,NA,14.8,24,5,2015
"Masvingo",2015-05-23,0,17.6,23,14.7,2015
"Masvingo",2015-05-24,NA,15.4,26.5,6.8,2015
"Masvingo",2015-05-25,NA,15.2,26.2,6.4,2015
"Masvingo",2015-05-26,NA,16.5,NA,5.3,2015
"Masvingo",2015-05-27,NA,16.6,26,5.5,2015
"Masvingo",2015-05-28,NA,16.7,26.1,3.2,2015
"Masvingo",2015-05-29,NA,14.1,27.6,3.6,2015
"Masvingo",2015-05-30,NA,17.1,27,2.8,2015
"Masvingo",2015-05-31,NA,16.9,27.5,4.2,2015
"Masvingo",2015-06-01,NA,18.3,28.4,5,2015
"Masvingo",2015-06-02,NA,17.3,26.8,8.2,2015
"Masvingo",2015-06-03,NA,17.4,28.2,8.4,2015
"Masvingo",2015-06-04,NA,20.2,27.5,10.9,2015
"Masvingo",2015-06-05,NA,13.8,21.1,2.9,2015
"Masvingo",2015-06-06,NA,10.4,17,6.6,2015
"Masvingo",2015-06-07,NA,9.6,NA,3.5,2015
"Masvingo",2015-06-08,NA,12.1,23.5,3.8,2015
"Masvingo",2015-06-09,NA,13.3,23,3,2015
"Masvingo",2015-06-10,NA,11.2,NA,2.1,2015
"Masvingo",2015-06-11,NA,13.1,23.7,2.3,2015
"Masvingo",2015-06-12,NA,13.3,NA,4,2015
"Masvingo",2015-06-13,NA,11.7,20.5,4,2015
"Masvingo",2015-06-14,NA,12.4,23,2.2,2015
"Masvingo",2015-06-15,NA,13.3,25,2.6,2015
"Masvingo",2015-06-16,NA,13,27.2,1.4,2015
"Masvingo",2015-06-17,NA,7.1,NA,2,2015
"Masvingo",2015-06-18,NA,13.9,20.8,3.4,2015
"Masvingo",2015-06-19,NA,12.3,21.6,1.8,2015
"Masvingo",2015-06-20,0,13.1,NA,8.1,2015
"Masvingo",2015-06-23,NA,17.4,24.5,NA,2015
"Masvingo",2015-06-24,NA,15.6,26.5,4.4,2015
"Masvingo",2015-06-25,NA,17.1,26.9,7,2015
"Masvingo",2015-06-26,NA,15.6,NA,11,2015
"Masvingo",2015-06-27,NA,17.8,NA,10.8,2015
"Masvingo",2015-06-28,NA,13.1,24.2,NA,2015
"Masvingo",2015-06-29,NA,15.6,25,5.5,2015
"Masvingo",2015-06-30,NA,13.4,NA,4.3,2015
"Masvingo",2015-07-01,NA,14.1,NA,5.4,2015
"Masvingo",2015-07-02,NA,13.7,22.5,7.9,2015
"Masvingo",2015-07-03,NA,14.1,21.9,6.5,2015
"Masvingo",2015-07-04,NA,14.8,22.5,NA,2015
"Masvingo",2015-07-05,NA,10.2,NA,3,2015
"Masvingo",2015-07-06,NA,16.4,24.4,3.8,2015
"Masvingo",2015-07-07,NA,15.5,21.8,4.9,2015
"Masvingo",2015-07-08,NA,13.4,21.4,6.7,2015
"Masvingo",2015-07-09,NA,14.2,NA,4.6,2015
"Masvingo",2015-07-10,NA,11.8,22.5,4.6,2015
"Masvingo",2015-07-11,NA,12.2,23,4.6,2015
"Masvingo",2015-07-12,NA,14.5,26.2,3,2015
"Masvingo",2015-07-13,NA,15.1,28,4.9,2015
"Masvingo",2015-07-14,NA,15.2,24.5,5,2015
"Masvingo",2015-07-15,NA,15,24.4,6.9,2015
"Masvingo",2015-07-16,NA,15.6,27.2,4.5,2015
"Masvingo",2015-07-17,NA,21.6,28.7,9,2015
"Masvingo",2015-07-18,NA,14.8,29,6.1,2015
"Masvingo",2015-07-19,NA,18.4,28,9,2015
"Masvingo",2015-07-20,NA,15.8,25,9.4,2015
"Masvingo",2015-07-21,NA,16.2,25.5,6.9,2015
"Masvingo",2015-07-22,NA,15.6,24.9,7,2015
"Masvingo",2015-07-23,NA,16.6,24.2,7.5,2015
"Masvingo",2015-07-24,NA,17.8,29.2,7,2015
"Masvingo",2015-07-25,NA,20.8,NA,9.5,2015
"Masvingo",2015-07-26,NA,15.6,22,9.4,2015
"Masvingo",2015-07-27,NA,12.2,20,5.5,2015
"Masvingo",2015-07-28,NA,13.4,26.5,4.6,2015
"Masvingo",2015-07-29,NA,16.7,28.8,6.5,2015
"Masvingo",2015-07-30,NA,18.2,31,8,2015
"Masvingo",2015-07-31,NA,18.8,NA,9.2,2015
"Masvingo",2015-08-01,NA,13.7,18,9.5,2015
"Masvingo",2015-08-02,NA,11.3,20.5,1.4,2015
"Masvingo",2015-08-03,NA,11.4,22,0.5,2015
"Masvingo",2015-08-04,NA,11.8,25,1.4,2015
"Masvingo",2015-08-05,NA,14.5,26,1.4,2015
"Masvingo",2015-08-06,NA,14.6,20,6,2015
"Masvingo",2015-08-07,NA,12.4,22,3.5,2015
"Masvingo",2015-08-08,NA,11.1,24,2,2015
"Masvingo",2015-08-09,NA,13.4,25,2,2015
"Masvingo",2015-08-10,NA,13.5,24.8,3.8,2015
"Masvingo",2015-08-11,NA,16.9,27.5,6,2015
"Masvingo",2015-08-12,NA,16.4,28.1,7,2015
"Masvingo",2015-08-13,NA,19.2,30,NA,2015
"Masvingo",2015-08-14,NA,17.9,NA,9.5,2015
"Masvingo",2015-08-15,NA,19.1,27.1,7.7,2015
"Masvingo",2015-08-16,NA,16.8,27.4,6.8,2015
"Masvingo",2015-08-17,NA,17.1,26.3,8.7,2015
"Masvingo",2015-08-18,NA,16.8,27.2,6.8,2015
"Masvingo",2015-08-19,NA,21.4,29.5,8.1,2015
"Masvingo",2015-08-20,NA,18.3,29.2,9.5,2015
"Masvingo",2015-08-21,NA,20.9,30.3,7.5,2015
"Masvingo",2015-08-22,NA,21.3,30,8.1,2015
"Masvingo",2015-08-23,NA,19.5,25.3,NA,2015
"Masvingo",2015-08-24,NA,18.3,26.1,13.4,2015
"Masvingo",2015-08-25,NA,17.2,27,9,2015
"Masvingo",2015-08-26,NA,16.5,27.4,7.4,2015
"Masvingo",2015-08-27,NA,15.7,28.1,6.6,2015
"Masvingo",2015-08-28,NA,18.2,29.5,8.9,2015
"Masvingo",2015-08-29,NA,20.9,30.4,10,2015
"Masvingo",2015-08-30,NA,20.5,30.5,10.1,2015
"Masvingo",2015-08-31,NA,23.1,31.6,10.2,2015
"Masvingo",2015-09-01,NA,22.3,33.8,12.5,2015
"Masvingo",2015-09-02,NA,24.9,NA,13.4,2015
"Masvingo",2015-09-03,NA,16.5,19.8,NA,2015
"Masvingo",2015-09-04,NA,15.6,18.8,NA,2015
"Masvingo",2015-09-05,3,14.2,27,12.4,2015
"Masvingo",2015-09-06,0,14.9,20.1,13,2015
"Masvingo",2015-09-07,NA,18.7,NA,13,2015
"Masvingo",2015-09-08,NA,23,NA,13.8,2015
"Masvingo",2015-09-09,NA,23.7,34,12.6,2015
"Masvingo",2015-09-10,NA,25.9,35.1,11,2015
"Masvingo",2015-09-11,NA,23.4,35.8,NA,2015
"Masvingo",2015-09-12,NA,16.6,20,14.6,2015
"Masvingo",2015-09-13,NA,17,22.6,11.8,2015
"Masvingo",2015-09-14,0,15.4,20.6,11.6,2015
"Masvingo",2015-09-15,NA,16.1,25.3,4.1,2015
"Masvingo",2015-09-16,NA,20.2,29.5,6.5,2015
"Masvingo",2015-09-17,NA,24.6,34,9,2015
"Masvingo",2015-09-18,NA,22.4,31.6,13.5,2015
"Masvingo",2015-09-19,NA,18.7,23,16.4,2015
"Masvingo",2015-09-20,NA,21.4,27.8,16.6,2015
"Masvingo",2015-09-21,NA,19.9,29.5,NA,2015
"Masvingo",2015-09-22,NA,21.7,33.2,11,2015
"Masvingo",2015-09-23,NA,22.1,31.8,12,2015
"Masvingo",2015-09-24,NA,22.3,31.2,NA,2015
"Masvingo",2015-09-25,NA,20.5,29.6,NA,2015
"Masvingo",2015-09-26,NA,20.5,29.7,11.5,2015
"Masvingo",2015-09-27,NA,20.7,31.5,NA,2015
"Masvingo",2015-09-28,NA,23.8,34.5,13.9,2015
"Masvingo",2015-09-29,NA,24.5,NA,15.4,2015
"Masvingo",2015-09-30,NA,24.5,34.5,14.1,2015
"Masvingo",2015-10-01,NA,25.5,34.6,14.2,2015
"Masvingo",2015-10-02,NA,23.8,NA,16.2,2015
"Masvingo",2015-10-03,NA,22.6,NA,15,2015
"Masvingo",2015-10-04,NA,24.5,34,16,2015
"Masvingo",2015-10-05,NA,22.4,33.5,15,2015
"Masvingo",2015-10-06,NA,25,33.6,NA,2015
"Masvingo",2015-10-07,NA,25.9,33.6,16.4,2015
"Masvingo",2015-10-08,NA,23.9,35.5,12.4,2015
"Masvingo",2015-10-09,NA,25.6,35.1,13.8,2015
"Masvingo",2015-10-10,NA,24.8,35,15.5,2015
"Masvingo",2015-10-11,NA,26,36.6,15,2015
"Masvingo",2015-10-12,NA,24.6,32.5,16.1,2015
"Masvingo",2015-10-13,NA,26.2,36.5,17.2,2015
"Masvingo",2015-10-14,NA,27.8,35.3,19.5,2015
"Masvingo",2015-10-15,NA,26.7,NA,NA,2015
"Masvingo",2015-10-16,NA,24.6,NA,NA,2015
"Masvingo",2015-10-18,NA,21.3,29,16.9,2015
"Masvingo",2015-10-19,NA,22.1,29.2,13.9,2015
"Masvingo",2015-10-20,NA,23.7,NA,15,2015
"Masvingo",2015-10-21,NA,20.1,29.5,11.6,2015
"Masvingo",2015-10-22,NA,18.7,30.5,NA,2015
"Masvingo",2015-10-23,NA,21.1,27.5,16.9,2015
"Masvingo",2015-10-24,NA,23.4,30.8,13.9,2015
"Masvingo",2015-10-25,NA,28.3,NA,14.5,2015
"Masvingo",2015-10-26,NA,25.8,NA,15,2015
"Masvingo",2015-10-27,NA,22.9,NA,NA,2015
"Masvingo",2015-10-28,NA,20.2,24.9,NA,2015
"Masvingo",2015-10-29,NA,17.6,NA,12,2015
"Masvingo",2015-10-30,NA,26.2,NA,NA,2015
"Masvingo",2015-10-31,NA,32.4,36.4,NA,2015
"Masvingo",2015-11-02,NA,30.7,NA,NA,2015
"Masvingo",2015-11-03,NA,16.1,NA,NA,2015
"Masvingo",2015-11-04,NA,16.6,20.7,NA,2015
"Masvingo",2015-11-05,NA,16.8,NA,NA,2015
"Masvingo",2015-11-07,NA,28.8,NA,NA,2015
"Masvingo",2015-11-08,NA,24,35,12,2015
"Masvingo",2015-11-09,NA,30.1,36.2,14.4,2015
"Masvingo",2015-11-12,NA,30.7,38.3,17.8,2015
"Masvingo",2015-11-13,NA,28,38.3,17.5,2015
"Masvingo",2015-11-14,NA,30.3,39,NA,2015
"Masvingo",2015-11-15,NA,27.5,32.2,21.6,2015
"Masvingo",2015-11-16,2,21.6,26,NA,2015
"Masvingo",2015-11-17,0,22.7,31,17.9,2015
"Masvingo",2015-11-18,0.5,22.4,NA,17.5,2015
"Masvingo",2015-11-19,23.1,19.6,NA,NA,2015
"Masvingo",2015-11-20,6.1,24.4,33.3,16.8,2015
"Masvingo",2015-11-21,0,26.2,36,19.9,2015
"Masvingo",2015-11-22,17,21,NA,17.5,2015
"Masvingo",2015-11-23,6.1,19.9,24.7,16.8,2015
"Masvingo",2015-11-24,0,21.6,28.5,NA,2015
"Masvingo",2015-11-25,NA,23.1,31.6,13,2015
"Masvingo",2015-11-26,NA,27.8,36.6,15.2,2015
"Masvingo",2015-11-27,NA,29.9,37.3,22,2015
"Masvingo",2015-11-28,0.5,19.9,26,15.2,2015
"Masvingo",2015-11-29,0.3,21,26.1,16.5,2015
"Masvingo",2015-11-30,0,22.6,28.5,17.8,2015
"Masvingo",2015-12-01,0,25.4,33.8,16.6,2015
"Masvingo",2015-12-02,NA,28.2,NA,17.6,2015
"Masvingo",2015-12-03,NA,30.9,34.6,19.5,2015
"Masvingo",2015-12-04,NA,27.1,NA,NA,2015
"Masvingo",2015-12-05,NA,29.1,34,NA,2015
"Masvingo",2015-12-06,NA,27.1,33.2,18,2015
"Masvingo",2015-12-07,NA,29.7,36.2,18.4,2015
"Masvingo",2015-12-08,NA,29.1,35.8,20,2015
"Masvingo",2015-12-16,5.1,24.1,32.5,17.9,2015
"Masvingo",2015-12-17,0,23.3,30,18.7,2015
"Masvingo",2015-12-18,0,22.2,27,19.6,2015
"Masvingo",2015-12-19,2,22.7,28.6,18.5,2015
"Masvingo",2015-12-20,7.1,25.2,31.8,18,2015
"Masvingo",2015-12-21,0,26.5,33.9,17.4,2015
"Masvingo",2015-12-22,NA,28.2,35.3,19,2015
"Masvingo",2015-12-23,NA,23.8,32.9,19.5,2015
"Masvingo",2015-12-24,NA,27.2,34.1,NA,2015
"Masvingo",2015-12-25,NA,28.6,36,19.8,2015
"Masvingo",2015-12-26,NA,26.3,32.5,20.5,2015
"Masvingo",2015-12-27,0,23.1,27,20.5,2015
"Masvingo",2015-12-28,NA,22.9,29.5,16.9,2015
"Masvingo",2015-12-29,NA,25.6,31,14.5,2015
"Masvingo",2015-12-30,NA,21.4,27.7,18.6,2015
"Masvingo",2015-12-31,NA,24,30.5,NA,2015
"Masvingo",2016-01-01,NA,27.3,33.6,16.5,2016
"Masvingo",2016-01-02,NA,26.6,NA,19,2016
"Masvingo",2016-01-03,NA,25.2,31,19.5,2016
"Masvingo",2016-01-04,NA,24.4,30.8,15.5,2016
"Masvingo",2016-01-05,NA,24.3,32,15.5,2016
"Masvingo",2016-01-06,NA,25.9,34.5,15.4,2016
"Masvingo",2016-01-07,NA,30.8,38.9,16.8,2016
"Masvingo",2016-01-08,NA,29.2,36,21,2016
"Masvingo",2016-01-09,0.3,26.2,31.5,20,2016
"Masvingo",2016-01-10,0,25.2,NA,NA,2016
"Masvingo",2016-01-11,NA,24.8,31,18.8,2016
"Masvingo",2016-01-12,0,23.3,30.2,19.4,2016
"Masvingo",2016-01-13,6.1,23.4,30.5,19.6,2016
"Masvingo",2016-01-14,0,26.2,33.5,18.5,2016
"Masvingo",2016-01-15,0,25.3,33.5,21.6,2016
"Masvingo",2016-01-16,NA,21,23.6,NA,2016
"Masvingo",2016-01-17,5.1,20.1,23.2,17.5,2016
"Masvingo",2016-01-18,0,19.4,23,16.5,2016
"Masvingo",2016-01-19,NA,20.9,28,12.4,2016
"Masvingo",2016-01-20,NA,21.9,29.6,14,2016
"Masvingo",2016-01-21,NA,23.4,31,15.7,2016
"Masvingo",2016-01-22,NA,23.4,31.2,14.4,2016
"Masvingo",2016-01-23,NA,24.8,31.5,16,2016
"Masvingo",2016-01-24,NA,27.1,35.6,11.2,2016
"Masvingo",2016-01-25,0,25.7,34.8,21.4,2016
"Masvingo",2016-01-26,2,21.1,26.7,NA,2016
"Masvingo",2016-01-27,16,20.8,25.5,18.9,2016
"Masvingo",2016-01-29,1,23.8,27.8,19.6,2016
"Masvingo",2016-01-30,0.8,22.9,27.4,19.6,2016
"Masvingo",2016-01-31,0,22.4,27,19,2016
"Masvingo",2016-02-01,NA,22.7,27.6,17.8,2016
"Masvingo",2016-02-02,NA,23.2,31.5,13.8,2016
"Masvingo",2016-02-03,NA,26.6,34,15.1,2016
"Masvingo",2016-02-04,NA,25.2,34.5,16.6,2016
"Masvingo",2016-02-05,NA,23.2,29.8,19.7,2016
"Masvingo",2016-02-06,NA,22.7,30.8,NA,2016
"Masvingo",2016-02-07,NA,26.3,33.5,17,2016
"Masvingo",2016-02-08,NA,24.6,30.8,19.1,2016
"Masvingo",2016-02-09,NA,24.1,30.2,17.5,2016
"Masvingo",2016-02-10,NA,24.6,32.5,15,2016
"Masvingo",2016-02-11,NA,25.6,33.6,17.5,2016
"Masvingo",2016-02-12,NA,26.4,34,19.6,2016
"Masvingo",2016-02-13,NA,25.7,33.2,19.2,2016
"Masvingo",2016-02-14,NA,27.1,34.1,NA,2016
"Masvingo",2016-02-15,NA,24.9,35.5,14.8,2016
"Masvingo",2016-02-16,NA,27.6,NA,16.9,2016
"Masvingo",2016-02-17,NA,26.7,31.8,NA,2016
"Masvingo",2016-02-18,NA,25.3,31.7,19.6,2016
"Masvingo",2016-02-19,NA,26.1,36.3,18,2016
"Masvingo",2016-02-20,NA,31.3,37.8,NA,2016
"Masvingo",2016-02-21,NA,30.2,39,23.1,2016
"Masvingo",2016-02-23,0,27.2,31.8,22.2,2016
"Masvingo",2016-02-24,NA,24.9,32.5,21,2016
"Masvingo",2016-02-25,0.5,25.4,33,NA,2016
"Masvingo",2016-02-26,0,25.9,NA,18.4,2016
"Masvingo",2016-02-27,NA,21.9,33,NA,2016
"Masvingo",2016-02-28,15,19.9,21.5,19,2016
"Masvingo",2016-02-29,0.3,20.9,NA,18.8,2016
"Masvingo",2016-03-01,0.3,22,27.2,18.5,2016
"Masvingo",2016-03-02,0,22.1,30.2,16.4,2016
"Masvingo",2016-03-03,NA,21.9,29.3,15.5,2016
"Masvingo",2016-03-04,NA,24.6,28.8,NA,2016
"Masvingo",2016-03-05,NA,22.4,29.8,16.8,2016
"Masvingo",2016-03-06,NA,25.9,31.7,17.5,2016
"Masvingo",2016-03-07,NA,25,33,19.8,2016
"Masvingo",2016-03-08,13,21.1,35,19.5,2016
"Masvingo",2016-03-09,0,23.1,29,NA,2016
"Masvingo",2016-03-10,2,24.6,31,20,2016
"Masvingo",2016-03-11,1,25,32.6,19,2016
"Masvingo",2016-03-12,0,23.8,27.9,NA,2016
"Masvingo",2016-03-13,NA,23.5,29,20,2016
"Masvingo",2016-03-14,NA,23.4,NA,18.5,2016
"Masvingo",2016-03-15,1,23.6,27,19.6,2016
"Masvingo",2016-03-16,0,22,29.6,20.5,2016
"Masvingo",2016-03-17,3,26.1,32.1,20,2016
"Masvingo",2016-03-18,2,25.6,32.5,20.4,2016
"Masvingo",2016-03-19,9.9,23.9,29.6,19.5,2016
"Masvingo",2016-03-20,0,24.3,NA,NA,2016
"Masvingo",2016-03-21,1,24.1,NA,NA,2016
"Masvingo",2016-03-22,6.1,19.9,NA,18.5,2016
"Masvingo",2016-03-23,15,18.8,21.1,17.7,2016
"Masvingo",2016-03-24,0,19.1,26.2,NA,2016
"Masvingo",2016-03-25,NA,20.2,25.7,14.1,2016
"Masvingo",2016-03-26,NA,17.9,28.8,13.3,2016
"Masvingo",2016-03-27,NA,21.9,30.3,14.5,2016
"Masvingo",2016-03-28,NA,25.3,NA,16.5,2016
"Masvingo",2016-03-29,NA,22.2,27.3,15.5,2016
"Masvingo",2016-03-30,0,24.1,29.6,17.8,2016
"Masvingo",2016-03-31,NA,21.6,29.5,14.8,2016
"Masvingo",2016-04-01,NA,23.9,NA,NA,2016
"Masvingo",2016-04-02,NA,26.5,32,14,2016
"Masvingo",2016-04-03,NA,23,NA,15.5,2016
"Masvingo",2016-04-04,7.1,20.9,23.1,19.6,2016
"Masvingo",2016-04-05,4.1,20.5,NA,16.8,2016
"Masvingo",2016-04-06,0,18.2,NA,14.4,2016
"Masvingo",2016-04-07,13,13.6,15,NA,2016
"Masvingo",2016-04-08,6.1,14.9,19,13.1,2016
"Masvingo",2016-04-11,NA,19.6,24.2,13.5,2016
"Masvingo",2016-04-12,0,19.1,NA,12.4,2016
"Masvingo",2016-04-13,NA,18.2,25.3,9.9,2016
"Masvingo",2016-04-14,NA,18.5,25.2,11,2016
"Masvingo",2016-04-15,NA,20.6,NA,13.1,2016
"Masvingo",2016-04-16,NA,21.3,27.5,15.2,2016
"Masvingo",2016-04-17,NA,20.6,27.1,13.9,2016
"Masvingo",2016-04-18,NA,19.3,26.5,11.8,2016
"Masvingo",2016-04-19,NA,18.9,27.2,11.8,2016
"Masvingo",2016-04-20,NA,21.1,NA,11.9,2016
"Masvingo",2016-04-21,NA,22.1,31.5,12.9,2016
"Masvingo",2016-04-22,NA,23.7,31.3,13.3,2016
"Masvingo",2016-04-23,NA,24.4,NA,13.9,2016
"Masvingo",2016-04-24,NA,18.6,NA,12.4,2016
"Masvingo",2016-04-25,NA,21.7,27.9,17,2016
"Masvingo",2016-04-26,NA,19.6,NA,12.4,2016
"Masvingo",2016-04-27,0,19.7,23.3,NA,2016
"Masvingo",2016-04-28,NA,17.1,25.2,NA,2016
"Masvingo",2016-04-29,NA,21.9,29.5,8,2016
"Masvingo",2016-04-30,NA,21.1,30.6,9.5,2016
"Masvingo",2016-05-01,0,14.9,16.8,NA,2016
"Masvingo",2016-05-02,0,19.1,NA,13.5,2016
"Masvingo",2016-05-03,NA,19.3,27.5,9.5,2016
"Masvingo",2016-05-04,NA,17.3,26,8.6,2016
"Masvingo",2016-05-05,NA,17.8,23.9,11,2016
"Masvingo",2016-05-06,NA,16.1,NA,6.4,2016
"Masvingo",2016-05-07,NA,16.9,25.8,5.4,2016
"Masvingo",2016-05-08,NA,15.9,22.5,10.2,2016
"Masvingo",2016-05-09,NA,16.3,22.5,10.5,2016
"Masvingo",2016-05-10,NA,17.9,23.9,10.9,2016
"Masvingo",2016-05-11,NA,18,26,7.5,2016
"Masvingo",2016-05-12,NA,15.9,27.3,5.5,2016
"Masvingo",2016-05-13,NA,20.1,28.6,8,2016
"Masvingo",2016-05-14,NA,20.1,29.5,10.5,2016
"Masvingo",2016-05-15,NA,18.7,28.2,10,2016
"Masvingo",2016-05-16,NA,16.8,25,10.5,2016
"Masvingo",2016-05-17,NA,15.7,24.3,8.8,2016
"Masvingo",2016-05-18,NA,16.1,23.3,8,2016
"Masvingo",2016-05-19,NA,18,22.5,9.4,2016
"Masvingo",2016-05-20,NA,15.2,23,6.2,2016
"Masvingo",2016-05-21,0,15.1,17.6,13,2016
"Masvingo",2016-05-22,0,16.2,NA,11.7,2016
"Masvingo",2016-05-23,0,15.8,23,8,2016
"Masvingo",2016-05-24,NA,19.2,24.9,4.9,2016
"Masvingo",2016-05-25,NA,16.2,NA,5.4,2016
"Masvingo",2016-05-26,NA,15.8,NA,9.5,2016
"Masvingo",2016-05-27,NA,14.1,NA,NA,2016
"Masvingo",2016-05-28,NA,14.1,19.1,9.5,2016
"Masvingo",2016-05-29,NA,17.2,21,NA,2016
"Masvingo",2016-05-30,NA,13.7,22.5,5.2,2016
"Masvingo",2016-05-31,NA,15.2,NA,5.5,2016
"Masvingo",2016-06-01,NA,17.7,NA,5,2016
"Masvingo",2016-06-02,NA,15.3,22.3,6,2016
"Masvingo",2016-06-03,NA,16.6,22.5,NA,2016
"Masvingo",2016-06-04,NA,19,24.2,7.8,2016
"Masvingo",2016-06-07,0,15.4,23.1,9.2,2016
"Masvingo",2016-06-08,0,15.4,23,6.4,2016
"Masvingo",2016-06-09,NA,13.5,22.8,4,2016
"Masvingo",2016-06-10,NA,14.4,24.8,2.7,2016
"Masvingo",2016-06-11,NA,14.1,NA,4.1,2016
"Masvingo",2016-06-12,0,12.8,15.5,12,2016
"Masvingo",2016-06-13,0,12.2,16,10,2016
"Masvingo",2016-06-14,NA,14.3,22.2,4,2016
"Masvingo",2016-06-15,NA,14,25,3.8,2016
"Masvingo",2016-06-16,NA,14.2,27.4,NA,2016
"Masvingo",2016-06-17,NA,15.5,23.5,5,2016
"Masvingo",2016-06-18,NA,16.8,NA,9.6,2016
"Masvingo",2016-06-19,NA,15.9,26.5,4.4,2016
"Masvingo",2016-06-20,NA,15.7,27.2,2.6,2016
"Masvingo",2016-06-21,NA,15.6,NA,4.5,2016
"Masvingo",2016-06-22,NA,15.9,NA,12.4,2016
"Masvingo",2016-06-23,0.3,14.3,NA,11.1,2016
"Masvingo",2016-06-24,0,12.7,17.6,9.6,2016
"Masvingo",2016-06-25,NA,12.6,20.5,1.6,2016
"Masvingo",2016-06-26,NA,12.3,22,4,2016
"Masvingo",2016-06-27,NA,16.1,24,5.4,2016
"Masvingo",2016-06-28,NA,15.3,25,5,2016
"Masvingo",2016-06-29,NA,14.2,24,5.9,2016
"Masvingo",2016-06-30,NA,13.5,24.2,6,2016
"Masvingo",2016-07-01,NA,14.7,26,4.3,2016
"Masvingo",2016-07-02,NA,16.2,26.3,5.9,2016
"Masvingo",2016-07-03,1,12.1,13.5,NA,2016
"Masvingo",2016-07-04,0,12.4,NA,NA,2016
"Masvingo",2016-07-05,NA,11.6,18.9,2.5,2016
"Masvingo",2016-07-06,0,11.7,NA,2.5,2016
"Masvingo",2016-07-10,NA,12.4,15.5,NA,2016
"Masvingo",2016-07-11,0,11.9,16.1,8.8,2016
"Masvingo",2016-07-15,NA,14.6,NA,NA,2016
"Masvingo",2016-07-16,NA,15,23,NA,2016
"Masvingo",2016-07-17,NA,14.9,19.5,12.8,2016
"Masvingo",2016-07-19,NA,11.5,21.6,2.4,2016
"Masvingo",2016-07-20,NA,15,NA,2.5,2016
"Masvingo",2016-07-21,NA,15.7,24,2.9,2016
"Masvingo",2016-07-22,NA,13.4,NA,NA,2016
"Masvingo",2016-07-23,NA,20.8,28,NA,2016
"Masvingo",2016-07-24,NA,15.6,26.5,6.3,2016
"Masvingo",2016-07-25,NA,21.4,NA,10.5,2016
"Masvingo",2016-07-26,NA,22.7,NA,NA,2016
"Masvingo",2016-07-27,NA,21.4,NA,13.2,2016
"Masvingo",2016-07-28,NA,18.7,28.6,10.5,2016
"Masvingo",2016-07-29,NA,18.4,27.2,5.4,2016
"Masvingo",2016-07-30,NA,15.8,27.7,2.8,2016
"Masvingo",2016-07-31,NA,17.8,27,5,2016
"Masvingo",2016-08-01,NA,18.1,31.7,6.7,2016
"Masvingo",2016-08-02,NA,15.6,20.6,10,2016
"Masvingo",2016-08-03,NA,15.1,26.1,4,2016
"Masvingo",2016-08-04,NA,13.4,21,5,2016
"Masvingo",2016-08-05,NA,14.1,22.2,8,2016
"Masvingo",2016-08-06,NA,15.7,24.5,2.8,2016
"Masvingo",2016-08-07,NA,15.3,25.5,2.4,2016
"Masvingo",2016-08-08,NA,18.4,NA,4,2016
"Masvingo",2016-08-09,0,14.6,17.3,11.2,2016
"Masvingo",2016-08-10,0,13.1,22.8,4.1,2016
"Masvingo",2016-08-11,NA,12.9,22.1,1.5,2016
"Masvingo",2016-08-12,NA,13.4,24.6,3,2016
"Masvingo",2016-08-13,NA,14.4,27.5,4,2016
"Masvingo",2016-08-14,NA,19.9,29.2,6,2016
"Masvingo",2016-08-15,NA,18,27,8.5,2016
"Masvingo",2016-08-16,NA,17.8,24,11.6,2016
"Masvingo",2016-08-17,NA,17.6,23.5,11,2016
"Masvingo",2016-08-18,NA,17.3,24.5,10,2016
"Masvingo",2016-08-19,NA,18.7,26.9,8.1,2016
"Masvingo",2016-08-20,NA,21.2,29.5,8.4,2016
"Masvingo",2016-08-21,NA,23.2,NA,9.2,2016
"Masvingo",2016-08-22,NA,24.8,NA,11.2,2016
"Masvingo",2016-08-23,0,14.1,NA,NA,2016
"Masvingo",2016-08-24,0,16.8,NA,10.9,2016
"Masvingo",2016-08-25,NA,17.4,NA,5,2016
"Masvingo",2016-08-26,NA,16.5,NA,4.3,2016
"Masvingo",2016-08-27,NA,17.4,24,11.5,2016
"Masvingo",2016-08-28,NA,16.3,26,4.6,2016
"Masvingo",2016-08-29,NA,22.7,28.5,7,2016
"Masvingo",2016-08-30,NA,19.3,28.9,6.8,2016
"Masvingo",2016-08-31,NA,19,28,7.5,2016
"Masvingo",2016-09-08,NA,24.3,33.7,14.5,2016
"Masvingo",2016-09-09,NA,28.8,34.2,13.9,2016
"Masvingo",2016-09-10,NA,22.3,29,NA,2016
"Masvingo",2016-09-11,NA,22.3,28.8,16.5,2016
"Masvingo",2016-09-12,NA,20.7,29.5,NA,2016
"Masvingo",2016-09-13,NA,22.1,31.6,10,2016
"Masvingo",2016-09-14,NA,20.3,28.1,14.5,2016
"Masvingo",2016-09-15,NA,23.7,32.5,13.5,2016
"Masvingo",2016-09-16,NA,26.9,34.8,15.5,2016
"Masvingo",2016-09-17,NA,26.9,36.2,16.5,2016
"Masvingo",2016-09-18,NA,17.6,23,NA,2016
"Masvingo",2016-09-19,0,13.7,20,11.5,2016
"Masvingo",2016-09-20,0.3,18.2,NA,11.6,2016
"Masvingo",2016-09-21,0,20.2,31,NA,2016
"Masvingo",2016-09-22,NA,24.1,33,NA,2016
"Masvingo",2016-09-23,NA,25.2,34.1,14.9,2016
"Masvingo",2016-09-24,NA,24.3,31.6,16.5,2016
"Masvingo",2016-09-25,NA,25.3,NA,14,2016
"Masvingo",2016-09-26,NA,24.5,NA,15.6,2016
"Masvingo",2016-09-27,NA,24.6,33.2,14.9,2016
"Masvingo",2016-09-28,NA,26.1,NA,16.4,2016
"Masvingo",2016-09-29,NA,23.6,29.2,17.9,2016
"Masvingo",2016-09-30,NA,22.8,32.8,16,2016
"Masvingo",2016-10-01,NA,24.6,NA,15.7,2016
"Masvingo",2016-10-02,0,21.6,30.5,17,2016
"Masvingo",2016-10-03,7.1,13.8,NA,11.8,2016
"Masvingo",2016-10-04,0,16.3,23.6,9.8,2016
"Masvingo",2016-10-05,NA,18.4,28.6,10.5,2016
"Masvingo",2016-10-06,NA,23.1,33,NA,2016
"Masvingo",2016-10-07,NA,28.2,36.5,14,2016
"Masvingo",2016-10-08,NA,28.8,34.5,17,2016
"Masvingo",2016-10-09,NA,25.6,NA,15.9,2016
"Masvingo",2016-10-10,NA,19.4,32.1,NA,2016
"Masvingo",2016-10-11,0,25,35.5,13.2,2016
"Masvingo",2016-10-12,NA,28.9,37,16.9,2016
"Masvingo",2016-10-13,NA,23.2,30.5,17.8,2016
"Masvingo",2016-10-14,NA,19.7,26,16.9,2016
"Masvingo",2016-10-15,NA,25.2,32.4,15,2016
"Masvingo",2016-10-16,NA,27.1,NA,15.5,2016
"Masvingo",2016-10-17,NA,26.9,33.9,17.2,2016
"Masvingo",2016-10-18,0,19.5,24.5,17.5,2016
"Masvingo",2016-10-19,0,22.8,30,16.6,2016
"Masvingo",2016-10-20,NA,26.3,34.2,15,2016
"Masvingo",2016-10-21,NA,26.7,35.5,17.9,2016
"Masvingo",2016-10-22,NA,26.9,34.7,19.4,2016
"Masvingo",2016-10-23,NA,27.7,NA,22.3,2016
"Masvingo",2016-10-24,NA,28.6,36.5,19,2016
"Masvingo",2016-10-25,NA,28.6,34.3,21,2016
"Masvingo",2016-10-26,NA,27.4,33.6,19,2016
"Masvingo",2016-10-27,NA,25.6,34,17.8,2016
"Masvingo",2016-10-28,NA,27.8,NA,17.5,2016
"Masvingo",2016-10-29,NA,30.8,NA,18.3,2016
"Masvingo",2016-10-30,NA,26,37.4,15,2016
"Masvingo",2016-10-31,NA,30.7,38,17.8,2016
"Masvingo",2016-11-01,NA,25.8,32,21.5,2016
"Masvingo",2016-11-02,NA,25,33.2,NA,2016
"Masvingo",2016-11-03,NA,24.6,32.2,19,2016
"Masvingo",2016-11-04,NA,27.8,34.5,18.8,2016
"Masvingo",2016-11-05,NA,29.7,36.1,19,2016
"Masvingo",2016-11-06,NA,28.4,36.5,21.4,2016
"Masvingo",2016-11-07,NA,28.8,NA,NA,2016
"Masvingo",2016-11-08,NA,28.3,34.4,19,2016
"Masvingo",2016-11-09,NA,27.1,NA,20.1,2016
"Masvingo",2016-11-10,0,27.3,NA,20.5,2016
"Masvingo",2016-11-11,0,21.4,NA,19,2016
"Masvingo",2016-11-13,NA,27,NA,19.1,2016
"Masvingo",2016-11-14,NA,24.4,29.5,20,2016
"Masvingo",2016-11-15,14,19.9,24.5,17.1,2016
"Masvingo",2016-11-16,0,21.3,NA,NA,2016
"Masvingo",2016-11-17,NA,25.4,33.6,15.6,2016
"Masvingo",2016-11-18,NA,26.2,36.6,19.5,2016
"Masvingo",2016-11-19,0,22.2,29.4,NA,2016
"Masvingo",2016-11-20,NA,22.7,32.1,18.4,2016
"Masvingo",2016-11-21,2,23.5,NA,17.7,2016
"Masvingo",2016-11-22,0.8,26,33.8,17,2016
"Masvingo",2016-11-23,0,26.8,33.5,19,2016
"Masvingo",2016-11-24,NA,27.3,34.2,16,2016
"Masvingo",2016-11-25,NA,22.1,NA,17.4,2016
"Masvingo",2016-11-26,7.1,19.2,21.8,NA,2016
"Masvingo",2016-11-27,21.1,18.8,21.7,NA,2016
"Masvingo",2016-11-28,3,21.8,27.5,17,2016
"Masvingo",2016-11-29,0,25.9,NA,16.5,2016
"Masvingo",2016-11-30,NA,27.4,34.3,17.5,2016
"Masvingo",2016-12-01,NA,25.9,35,15.5,2016
"Masvingo",2016-12-02,NA,26.9,32.8,18.2,2016
"Masvingo",2016-12-03,0,25.6,31.5,20,2016
"Masvingo",2016-12-04,NA,25.9,34.6,19,2016
"Masvingo",2016-12-05,NA,23.7,31.5,18.2,2016
"Masvingo",2016-12-06,0,23.5,NA,18.8,2016
"Masvingo",2016-12-07,0,25.3,33.6,16,2016
"Masvingo",2016-12-08,NA,27.2,33.5,19,2016
"Masvingo",2016-12-09,NA,26.6,NA,21,2016
"Masvingo",2016-12-10,NA,23.3,NA,20.2,2016
"Masvingo",2016-12-11,0.3,22.6,NA,19.5,2016
"Masvingo",2016-12-12,2,21.9,NA,18.6,2016
"Masvingo",2016-12-14,3,23.3,NA,19.5,2016
"Masvingo",2016-12-15,7.9,23.2,NA,18,2016
"Masvingo",2016-12-16,7.9,22.6,NA,20,2016
"Masvingo",2016-12-17,7.1,21.4,NA,18,2016
"Masvingo",2016-12-19,2,23.7,NA,19,2016
"Masvingo",2016-12-20,0,25.4,NA,17.5,2016
"Masvingo",2016-12-21,NA,29.1,NA,18,2016
"Masvingo",2016-12-22,NA,28,NA,19.5,2016
"Masvingo",2016-12-23,NA,30.1,NA,21,2016
"Masvingo",2016-12-24,0,28.4,NA,20.2,2016
"Masvingo",2016-12-25,9.9,20.6,NA,NA,2016
"Masvingo",2016-12-26,0.5,21.9,NA,16.2,2016
"Masvingo",2016-12-27,0,25.5,NA,16.6,2016
"Masvingo",2016-12-29,22.1,25.1,NA,17.6,2016
"Masvingo",2016-12-30,25.9,21.3,26.6,18.4,2016
"Masvingo",2016-12-31,10.9,22.1,NA,19,2016
"Masvingo",2017-01-01,NA,22.2,30,18.6,2017
"Masvingo",2017-01-02,1,22.3,28.8,19,2017
"Masvingo",2017-01-03,7.1,26.4,31.5,18,2017
"Masvingo",2017-01-04,0,25.6,29.5,19,2017
"Masvingo",2017-01-05,0,22.8,29.1,19.5,2017
"Masvingo",2017-01-06,0,24.6,NA,20,2017
"Masvingo",2017-01-07,11.9,24.2,29.5,18.2,2017
"Masvingo",2017-01-08,1,22.2,26.7,NA,2017
"Masvingo",2017-01-09,0.8,19.1,23.6,NA,2017
"Masvingo",2017-01-10,0,22.8,NA,NA,2017
"Masvingo",2017-01-11,7.9,21.3,NA,18.4,2017
"Masvingo",2017-01-12,0,22.8,28.3,17.9,2017
"Masvingo",2017-01-13,NA,22.4,28,NA,2017
"Masvingo",2017-01-14,8.9,22.9,29,19.2,2017
"Masvingo",2017-01-17,61,16,17,NA,2017
"Masvingo",2017-01-18,6.1,15.4,16.8,14.2,2017
"Masvingo",2017-01-19,21.1,19.7,24.9,14.5,2017
"Masvingo",2017-01-20,0,22.7,29,17.1,2017
"Masvingo",2017-01-21,NA,21.6,28,15.6,2017
"Masvingo",2017-01-22,0.5,22.8,28,18.9,2017
"Masvingo",2017-01-23,0.8,24.9,NA,18.3,2017
"Masvingo",2017-01-24,0,22.1,NA,17.5,2017
"Masvingo",2017-01-25,NA,24.6,32.4,19,2017
"Masvingo",2017-01-26,9.9,24.1,28.2,20,2017
"Masvingo",2017-01-27,25.9,22.4,28.7,19,2017
"Masvingo",2017-01-28,3,24.9,NA,NA,2017
"Masvingo",2017-01-29,0,23.6,29.2,19.4,2017
"Masvingo",2017-01-30,6.1,24.2,30.5,19.9,2017
"Masvingo",2017-01-31,0,23.8,28.5,12.1,2017
"Masvingo",2017-02-01,1,22.9,29,17.6,2017
"Masvingo",2017-02-02,0,23.6,30,19.5,2017
"Masvingo",2017-02-03,NA,23.8,26.6,19.6,2017
"Masvingo",2017-02-04,9.9,23.2,29.2,18.5,2017
"Masvingo",2017-02-05,0,22.7,NA,18.5,2017
"Masvingo",2017-02-08,0.3,25.4,30,18,2017
"Masvingo",2017-02-09,0,24.1,29,17.4,2017
"Masvingo",2017-02-10,0,22.3,NA,18.4,2017
"Masvingo",2017-02-11,NA,23.7,28.4,NA,2017
"Masvingo",2017-02-12,0,23.6,NA,16.4,2017
"Masvingo",2017-02-13,0.8,24.6,30.6,17.5,2017
"Masvingo",2017-02-14,0,23.5,30.4,17.6,2017
"Masvingo",2017-02-15,NA,23.6,30,17,2017
"Masvingo",2017-02-16,NA,23.8,29,18.5,2017
"Masvingo",2017-02-17,29,21.3,24.5,18.8,2017
"Masvingo",2017-02-18,2,23.1,30,NA,2017
"Masvingo",2017-02-19,40.9,22.6,28.6,18.1,2017
"Masvingo",2017-02-20,0,22.3,29,16.6,2017
"Masvingo",2017-02-21,NA,22.1,29.2,16,2017
"Masvingo",2017-02-22,NA,23.3,NA,18.4,2017
"Masvingo",2017-02-23,32,20.9,23.5,19.1,2017
"Masvingo",2017-02-24,5.1,21.6,27,NA,2017
"Masvingo",2017-02-25,1,22.9,NA,19.4,2017
"Masvingo",2017-02-26,17,22.8,28.5,19.4,2017
"Masvingo",2017-02-27,0,19.3,21.2,NA,2017
"Masvingo",2017-02-28,NA,18.3,NA,NA,2017
"Masvingo",2017-03-01,0,22.6,NA,16.5,2017
"Masvingo",2017-03-02,0,23.4,NA,18.5,2017
"Masvingo",2017-03-03,NA,25.9,NA,17.9,2017
"Masvingo",2017-03-04,0,23,NA,18.9,2017
"Masvingo",2017-03-05,21.1,23.8,NA,19.8,2017
"Masvingo",2017-03-06,18,21.7,NA,20,2017
"Masvingo",2017-03-08,0.3,21.8,NA,18.8,2017
"Masvingo",2017-03-11,6.1,17.3,NA,13.5,2017
"Masvingo",2017-03-12,0,22.2,NA,10,2017
"Masvingo",2017-03-14,NA,22.4,NA,12.6,2017
"Masvingo",2017-03-15,NA,20.6,NA,11.2,2017
"Masvingo",2017-03-16,NA,21.7,NA,11,2017
"Masvingo",2017-03-17,0,22.1,NA,12.5,2017
"Masvingo",2017-03-19,0,20.1,NA,15.9,2017
"Masvingo",2017-03-20,7.9,19.7,NA,16.5,2017
"Masvingo",2017-03-21,10.9,19.1,NA,NA,2017
"Masvingo",2017-03-22,0,20.6,NA,18.4,2017
"Masvingo",2017-03-23,2,22.6,NA,NA,2017
"Masvingo",2017-03-24,0,25.1,NA,15.6,2017
"Masvingo",2017-03-25,NA,20.8,29,13.9,2017
"Masvingo",2017-03-26,0.5,18.2,NA,16.8,2017
"Masvingo",2017-03-27,0.3,20.9,NA,15.5,2017
"Masvingo",2017-03-28,0,22.9,NA,12.6,2017
"Masvingo",2017-04-12,NA,24.5,29.8,14.1,2017
"Masvingo",2017-04-13,NA,22.8,NA,14.5,2017
"Masvingo",2017-04-14,3,24.2,NA,16.1,2017
"Masvingo",2017-04-15,17,19.3,23.2,NA,2017
"Masvingo",2017-04-16,3,16.5,NA,15.5,2017
"Masvingo",2017-04-17,0,17.1,NA,12.6,2017
"Masvingo",2017-04-18,NA,21,NA,9.2,2017
"Masvingo",2017-04-19,NA,15.3,NA,9.5,2017
"Masvingo",2017-04-20,NA,21.4,26.2,11,2017
"Masvingo",2017-04-21,NA,18.1,26,10.7,2017
"Masvingo",2017-04-22,NA,17.7,23.5,NA,2017
"Masvingo",2017-04-23,NA,17.2,24,NA,2017
"Masvingo",2017-04-24,22.1,13.2,NA,11.5,2017
"Masvingo",2017-04-25,0,14.1,17.6,NA,2017
"Masvingo",2017-04-26,2,15.8,21.8,11.7,2017
"Masvingo",2017-04-27,0,14.7,NA,9.5,2017
"Masvingo",2017-04-28,NA,17.1,21.8,8.8,2017
"Masvingo",2017-04-29,NA,15.5,20.5,9.6,2017
"Masvingo",2017-04-30,5.1,17.2,20.9,13.5,2017
"Masvingo",2017-05-01,3,17.5,NA,14.6,2017
"Masvingo",2017-05-02,0.3,19.2,NA,14,2017
"Masvingo",2017-05-03,0,16.3,NA,9,2017
"Masvingo",2017-05-04,NA,19.4,NA,8.1,2017
"Masvingo",2017-05-05,NA,17.6,NA,7.2,2017
"Masvingo",2017-05-06,NA,21.4,NA,7.8,2017
"Masvingo",2017-05-07,NA,19.2,NA,8,2017
"Masvingo",2017-05-08,NA,18.1,NA,8,2017
"Masvingo",2017-05-09,NA,16.8,NA,8,2017
"Masvingo",2017-05-10,NA,17.8,NA,8.8,2017
"Masvingo",2017-05-12,NA,20.8,NA,11.8,2017
"Masvingo",2017-05-13,NA,16.1,NA,14.7,2017
"Masvingo",2017-05-14,0,19.9,NA,13.6,2017
"Masvingo",2017-05-15,NA,20.3,NA,15,2017
"Masvingo",2017-05-16,NA,19.2,NA,8,2017
"Masvingo",2017-05-17,NA,20.2,NA,8.8,2017
"Masvingo",2017-05-18,NA,18.3,NA,8.5,2017
"Masvingo",2017-05-19,NA,19.9,NA,8.5,2017
"Masvingo",2017-05-20,NA,18.9,NA,5.2,2017
"Masvingo",2017-05-21,NA,16,NA,5.5,2017
"Masvingo",2017-05-23,NA,16.3,NA,7,2017
"Masvingo",2017-05-24,NA,17.8,NA,5.7,2017
"Masvingo",2017-05-25,NA,21.9,NA,5.5,2017
"Masvingo",2017-05-27,NA,17.7,NA,5.8,2017
"Masvingo",2017-05-28,NA,18.2,NA,7.6,2017
"Masvingo",2017-05-30,2,14.8,NA,10.4,2017
"Masvingo",2017-05-31,0,14.6,NA,4.8,2017
"Masvingo",2017-06-01,NA,12.4,NA,4,2017
"Masvingo",2017-06-02,NA,12.5,23.5,3.5,2017
"Masvingo",2017-06-04,NA,16.7,NA,4.8,2017
"Masvingo",2017-06-05,NA,16.6,25,NA,2017
"Masvingo",2017-06-06,NA,15.9,23,7.5,2017
"Masvingo",2017-06-07,NA,15.9,NA,5.5,2017
"Masvingo",2017-06-08,NA,14.8,26.5,7.5,2017
"Masvingo",2017-06-09,0,13.6,19,8,2017
"Masvingo",2017-06-11,0,16.2,NA,11.6,2017
"Masvingo",2017-06-12,NA,16.2,24.5,7.6,2017
"Masvingo",2017-06-13,NA,15.6,26.6,NA,2017
"Masvingo",2017-06-14,NA,17.2,27.5,7,2017
"Masvingo",2017-06-15,NA,18.7,27.3,6.6,2017
"Masvingo",2017-06-16,NA,12.7,20.5,7,2017
"Masvingo",2017-06-17,0,17.1,NA,9.6,2017
"Masvingo",2017-06-18,NA,12.9,22.6,6.5,2017
"Masvingo",2017-06-19,NA,16.1,NA,9.5,2017
"Masvingo",2017-06-20,NA,13.9,21.1,6.3,2017
"Masvingo",2017-06-21,NA,13.6,NA,4,2017
"Masvingo",2017-06-22,NA,11.6,22,3.9,2017
"Masvingo",2017-06-23,NA,15.4,NA,2.3,2017
"Masvingo",2017-06-24,NA,13.3,19.4,6.8,2017
"Masvingo",2017-06-25,NA,15.7,20.7,7.5,2017
"Masvingo",2017-06-26,NA,15.1,21.5,2.5,2017
"Masvingo",2017-06-27,NA,13.3,21.9,5,2017
"Masvingo",2017-06-28,NA,17.3,25.6,6.1,2017
"Masvingo",2017-06-29,NA,12.8,24.9,6.5,2017
"Masvingo",2017-06-30,NA,15.9,22.3,11.3,2017
"Masvingo",2017-07-01,NA,17.1,NA,5.4,2017
"Masvingo",2017-07-02,NA,13,NA,3.2,2017
"Masvingo",2017-07-03,NA,14.3,NA,5.8,2017
"Masvingo",2017-07-04,NA,13.8,NA,9.5,2017
"Masvingo",2017-07-05,0,14.8,NA,11,2017
"Masvingo",2017-07-06,NA,14.6,NA,7.5,2017
"Masvingo",2017-07-07,NA,15.6,NA,7.6,2017
"Masvingo",2017-07-08,NA,16.7,NA,6.8,2017
"Masvingo",2017-07-09,NA,17.2,NA,6.9,2017
"Masvingo",2017-07-10,NA,17.3,NA,NA,2017
"Masvingo",2017-07-11,NA,13.9,NA,4.5,2017
"Masvingo",2017-07-13,NA,14.7,NA,4.6,2017
"Masvingo",2017-07-14,NA,18,NA,3.9,2017
"Masvingo",2017-07-15,NA,18.1,NA,5.5,2017
"Masvingo",2017-07-16,NA,18.2,NA,6,2017
"Masvingo",2017-07-17,NA,14.1,NA,4.6,2017
"Masvingo",2017-07-18,NA,17.9,NA,11,2017
"Masvingo",2017-07-21,NA,14.4,NA,1.8,2017
"Masvingo",2017-07-22,NA,18.7,NA,2.2,2017
"Masvingo",2017-07-23,NA,16.5,NA,2.5,2017
"Masvingo",2017-07-24,NA,15.3,NA,3,2017
"Masvingo",2017-07-25,NA,15.4,NA,4.8,2017
"Masvingo",2017-07-26,NA,14.7,NA,NA,2017
"Masvingo",2017-07-27,NA,13.2,NA,2.9,2017
"Masvingo",2017-07-28,NA,16.2,NA,6.6,2017
"Masvingo",2017-07-29,1,16.5,NA,11.5,2017
"Masvingo",2017-07-30,0,17.9,NA,10.2,2017
"Masvingo",2017-07-31,NA,14.9,NA,9.5,2017
"Masvingo",2017-08-01,NA,16.1,20.2,10.4,2017
"Masvingo",2017-08-02,0,16.9,NA,12.5,2017
"Masvingo",2017-08-03,NA,18.4,NA,NA,2017
"Masvingo",2017-08-04,NA,15.8,23.3,6.2,2017
"Masvingo",2017-08-05,NA,15.9,NA,5.9,2017
"Masvingo",2017-08-06,NA,16.9,NA,6.9,2017
"Masvingo",2017-08-08,NA,19.8,23.8,NA,2017
"Masvingo",2017-08-09,NA,13.8,22,5.4,2017
"Masvingo",2017-08-10,NA,13,23.5,5.7,2017
"Masvingo",2017-08-12,NA,19.9,25.2,6.4,2017
"Masvingo",2017-08-13,NA,15.5,NA,5.9,2017
"Masvingo",2017-08-14,NA,17,24.7,NA,2017
"Masvingo",2017-08-15,NA,15.9,NA,5.5,2017
"Masvingo",2017-08-16,NA,16,28.8,5,2017
"Masvingo",2017-08-17,NA,22.7,NA,10.8,2017
"Masvingo",2017-08-18,NA,16.4,21,6.9,2017
"Masvingo",2017-08-20,NA,14.2,20.6,10.4,2017
"Masvingo",2017-08-21,NA,14.4,22.2,6.9,2017
"Masvingo",2017-08-22,NA,15.9,NA,3.6,2017
"Masvingo",2017-08-23,NA,19.6,NA,7.5,2017
"Masvingo",2017-08-24,NA,18.4,NA,5.1,2017
"Masvingo",2017-08-25,NA,19.3,NA,7.4,2017
"Masvingo",2017-08-26,0,18,NA,14.5,2017
"Masvingo",2017-08-27,0,17.9,27,8,2017
"Masvingo",2017-08-28,NA,16.3,NA,7,2017
"Masvingo",2017-08-29,NA,17.2,NA,6.5,2017
"Masvingo",2017-08-30,NA,19.7,28.5,4.5,2017
"Masvingo",2017-08-31,NA,16.8,26.5,8.5,2017
"Masvingo",2017-09-01,NA,21.7,31.5,NA,2017
"Masvingo",2017-09-02,0,14.3,20,12.3,2017
"Masvingo",2017-09-03,NA,18,22.1,10.7,2017
"Masvingo",2017-09-04,NA,14.4,NA,7,2017
"Masvingo",2017-09-05,NA,17.3,27.5,NA,2017
"Masvingo",2017-09-06,NA,21.7,30.2,5.5,2017
"Masvingo",2017-09-07,NA,18.6,30.5,9.2,2017
"Masvingo",2017-09-08,NA,22.7,31,10.5,2017
"Masvingo",2017-09-09,NA,20.4,29.8,10.5,2017
"Masvingo",2017-09-10,NA,18.6,NA,7.5,2017
"Masvingo",2017-09-11,NA,19.3,NA,6.2,2017
"Masvingo",2017-09-12,NA,21.1,32.5,8.4,2017
"Masvingo",2017-09-13,NA,24.4,NA,10.5,2017
"Masvingo",2017-09-14,NA,24.7,33.4,8.5,2017
"Masvingo",2017-09-15,NA,20.9,NA,14.9,2017
"Masvingo",2017-09-16,NA,26.7,NA,NA,2017
"Masvingo",2017-09-17,NA,22.6,29.5,12,2017
"Masvingo",2017-09-18,NA,21.8,27.8,16.2,2017
"Masvingo",2017-09-19,NA,19.2,29.3,14,2017
"Masvingo",2017-09-20,NA,20.3,28.8,12.5,2017
"Masvingo",2017-09-21,NA,22.1,NA,14.8,2017
"Masvingo",2017-09-22,NA,19.4,30.5,10,2017
"Masvingo",2017-09-23,NA,24.5,34.3,11.2,2017
"Masvingo",2017-09-24,NA,17.9,NA,NA,2017
"Masvingo",2017-09-25,NA,21.9,33.2,9.5,2017
"Masvingo",2017-09-26,NA,25.8,37.1,NA,2017
"Masvingo",2017-09-27,NA,22.1,NA,NA,2017
"Masvingo",2017-09-28,0,17.7,23,16.4,2017
"Masvingo",2017-09-29,0,18.4,NA,15,2017
"Masvingo",2017-09-30,NA,24.1,NA,11.4,2017
"Masvingo",2017-10-01,NA,20.8,NA,NA,2017
"Masvingo",2017-10-02,NA,24.9,30,NA,2017
"Masvingo",2017-10-03,0.3,22.8,30.3,15.2,2017
"Masvingo",2017-10-04,0,26.6,NA,NA,2017
"Masvingo",2017-10-05,NA,23.2,NA,NA,2017
"Masvingo",2017-10-06,NA,23.2,NA,NA,2017
"Masvingo",2017-10-07,1,23.2,NA,NA,2017
"Masvingo",2017-10-08,0,27.1,NA,16,2017
"Masvingo",2017-10-09,1,20.7,NA,NA,2017
"Masvingo",2017-10-10,0.3,27.3,NA,18.4,2017
"Masvingo",2017-10-11,0,23.2,NA,NA,2017
"Masvingo",2017-10-12,NA,24.3,NA,10.8,2017
"Masvingo",2017-10-13,NA,22.4,NA,NA,2017
"Masvingo",2017-10-14,NA,22.1,NA,12,2017
"Masvingo",2017-10-15,NA,26.4,NA,11,2017
"Masvingo",2017-10-16,NA,32.7,NA,18.5,2017
"Masvingo",2017-10-17,NA,30.5,NA,19,2017
"Masvingo",2017-10-18,NA,18.6,NA,NA,2017
"Masvingo",2017-10-20,NA,26.4,NA,18,2017
"Masvingo",2017-10-21,0.8,24,NA,19.2,2017
"Masvingo",2017-10-22,0,26.7,NA,19.4,2017
"Masvingo",2017-10-23,NA,25.4,NA,15.8,2017
"Masvingo",2017-10-24,NA,31.7,NA,NA,2017
"Masvingo",2017-10-25,NA,32.9,NA,NA,2017
"Masvingo",2017-10-26,NA,33.4,NA,NA,2017
"Masvingo",2017-10-27,0,22.4,NA,NA,2017
"Masvingo",2017-10-28,10.9,13.2,NA,NA,2017
"Masvingo",2017-10-29,6.1,12.7,NA,10.8,2017
"Masvingo",2017-10-30,0,19.2,NA,11,2017
"Masvingo",2017-10-31,0,20.3,NA,10.5,2017
"Masvingo",2017-11-01,NA,19.9,NA,10.6,2017
"Masvingo",2017-11-02,NA,23.2,NA,11.8,2017
"Masvingo",2017-11-03,NA,22.2,NA,NA,2017
"Masvingo",2017-11-04,NA,25.2,NA,16.5,2017
"Masvingo",2017-11-05,NA,22.7,NA,13.5,2017
"Masvingo",2017-11-06,NA,27.8,NA,11.9,2017
"Masvingo",2017-11-07,NA,32.3,NA,NA,2017
"Masvingo",2017-11-08,NA,25.5,NA,16.7,2017
"Masvingo",2017-11-10,2,18.5,NA,15,2017
"Masvingo",2017-11-12,3,19.8,NA,17.8,2017
"Masvingo",2017-11-13,17,20.6,NA,17.3,2017
"Masvingo",2017-11-17,0,16.4,NA,NA,2017
"Masvingo",2017-11-18,0,23.3,NA,15.5,2017
"Masvingo",2017-11-19,NA,27.2,NA,16,2017
"Masvingo",2017-11-20,NA,27.1,NA,13.4,2017
"Masvingo",2017-11-21,NA,29.1,NA,NA,2017
"Masvingo",2017-11-22,NA,27.3,NA,14,2017
"Masvingo",2017-11-23,NA,24.1,NA,NA,2017
"Masvingo",2017-11-24,NA,23,NA,18,2017
"Masvingo",2017-11-26,8.9,22.3,NA,15,2017
"Masvingo",2017-11-27,0,21,NA,NA,2017
"Masvingo",2017-11-28,2,15.9,NA,13.4,2017
"Masvingo",2017-11-29,0,26.6,NA,NA,2017
"Masvingo",2017-11-30,NA,24.7,NA,NA,2017
"Masvingo",2017-12-01,NA,27.5,NA,13.8,2017
"Masvingo",2017-12-02,NA,27.8,NA,15.1,2017
"Masvingo",2017-12-04,NA,30.2,NA,17.8,2017
"Masvingo",2017-12-06,NA,26.1,NA,16.8,2017
"Masvingo",2017-12-07,0.8,19.3,NA,17.6,2017
"Masvingo",2017-12-08,10.9,17.1,NA,15.4,2017
"Masvingo",2017-12-09,0.8,22.5,NA,15.5,2017
"Masvingo",2017-12-11,NA,26.3,NA,16.8,2017
"Masvingo",2017-12-12,NA,24.9,NA,17.3,2017
"Masvingo",2017-12-13,NA,24.7,NA,19,2017
"Masvingo",2017-12-14,3,29.4,NA,17.9,2017
"Masvingo",2017-12-15,0,19.7,NA,NA,2017
"Masvingo",2017-12-16,0,24.1,NA,16.6,2017
"Masvingo",2017-12-19,NA,28.8,NA,NA,2017
"Masvingo",2017-12-20,NA,27.4,NA,19.5,2017
"Masvingo",2017-12-21,NA,24.9,NA,18.5,2017
"Masvingo",2017-12-22,NA,25.4,NA,NA,2017
"Masvingo",2018-01-24,NA,31.1,34.5,NA,2018
"Masvingo",2018-01-25,NA,27.2,NA,17.4,2018
"Masvingo",2018-01-28,NA,27,33.8,NA,2018
"Masvingo",2018-01-31,0,21.3,NA,17.6,2018
"Masvingo",2018-02-01,14,23.5,NA,19.4,2018
"Masvingo",2018-02-02,11.9,24.8,NA,19.8,2018
"Masvingo",2018-02-07,NA,26.3,NA,15.4,2018
"Masvingo",2018-02-09,NA,22.2,25.5,NA,2018
"Masvingo",2018-02-10,NA,21.9,NA,17.5,2018
"Masvingo",2018-02-11,NA,20.5,23.5,NA,2018
"Masvingo",2018-02-12,10.9,19.9,NA,NA,2018
"Masvingo",2018-02-13,35.1,20.1,NA,18.8,2018
"Masvingo",2018-02-14,0,21.9,25,NA,2018
"Masvingo",2018-02-15,NA,22.8,29.4,NA,2018
"Masvingo",2018-02-18,1,24.1,NA,20,2018
"Masvingo",2018-02-20,NA,21.8,29,NA,2018
"Masvingo",2018-02-21,NA,21.8,NA,NA,2018
"Masvingo",2018-02-24,7.9,24.1,NA,19.5,2018
"Masvingo",2018-02-26,31,18.2,21.3,16.8,2018
"Masvingo",2018-02-27,1,19,21.3,16.4,2018
"Masvingo",2018-02-28,0,21.9,25.5,17.5,2018
"Masvingo",2018-03-01,0,21.8,NA,NA,2018
"Masvingo",2018-03-04,NA,21.3,25,NA,2018
"Masvingo",2018-03-05,0,21.4,28,15.8,2018
"Masvingo",2018-03-07,NA,22.6,29.6,NA,2018
"Masvingo",2018-03-08,NA,27.5,NA,14.7,2018
"Masvingo",2018-03-09,NA,23.2,30.3,NA,2018
"Masvingo",2018-03-10,NA,21.3,26.4,18.1,2018
"Masvingo",2018-03-13,NA,21.9,25.8,NA,2018
"Masvingo",2018-03-14,NA,20.9,NA,NA,2018
"Masvingo",2018-03-16,NA,26.8,NA,13.5,2018
"Masvingo",2018-03-17,NA,20.2,23,16.4,2018
"Masvingo",2018-03-19,NA,22.8,28.5,NA,2018
"Masvingo",2018-03-20,NA,24.4,30,13.6,2018
"Masvingo",2018-03-23,NA,25,30.5,16.9,2018
"Masvingo",2018-03-25,NA,26.3,31.4,NA,2018
"Masvingo",2018-03-26,NA,19.7,30.6,NA,2018
"Masvingo",2018-03-28,3,21,NA,NA,2018
"Masvingo",2018-04-01,NA,20,26.2,13.5,2018
"Masvingo",2018-04-03,NA,21.4,26.6,13.4,2018
"Masvingo",2018-04-04,NA,20.3,NA,NA,2018
"Masvingo",2018-04-09,0.3,19.8,22.3,17.5,2018
"Masvingo",2018-04-15,NA,16.1,NA,NA,2018
"Masvingo",2018-04-16,NA,18.4,23.5,NA,2018
"Masvingo",2018-04-21,NA,21.2,26.8,16,2018
"Masvingo",2018-04-22,0,20.1,26,16,2018
"Masvingo",2018-04-23,0,19,NA,10.4,2018
"Masvingo",2018-04-26,NA,21.5,NA,7.6,2018
"Masvingo",2018-05-01,NA,16.7,23.2,11,2018
"Masvingo",2018-05-02,NA,14.9,NA,11.7,2018
"Masvingo",2018-05-03,NA,19.6,NA,10,2018
"Masvingo",2018-05-08,NA,18.6,23.6,7.5,2018
"Masvingo",2018-05-09,NA,15.7,NA,6,2018
"Masvingo",2018-05-11,NA,18.1,NA,5.5,2018
"Masvingo",2018-05-12,NA,22.3,NA,9.5,2018
"Masvingo",2018-05-13,NA,23.8,NA,8,2018
"Masvingo",2018-05-15,NA,14.9,16,NA,2018
"Masvingo",2018-05-16,13,15.2,NA,14,2018
"Masvingo",2018-05-17,0,20.6,24.9,NA,2018
"Masvingo",2018-05-20,0.3,17.3,21,11,2018
"Masvingo",2018-05-21,0,17.8,NA,NA,2018
"Masvingo",2018-05-22,NA,17.5,NA,11.5,2018
"Masvingo",2018-05-24,NA,20,NA,7.7,2018
"Masvingo",2018-05-25,NA,19.2,27.1,NA,2018
"Masvingo",2018-05-26,NA,17.1,NA,9.5,2018
"Masvingo",2018-05-28,NA,20.8,25.7,NA,2018
"Masvingo",2018-05-30,NA,22.6,NA,NA,2018
"Masvingo",2018-06-01,NA,21.8,NA,8.9,2018
"Masvingo",2018-06-02,NA,17.2,27.5,NA,2018
"Masvingo",2018-06-03,NA,16.5,26,7.9,2018
"Masvingo",2018-06-04,NA,14.6,20.5,NA,2018
"Masvingo",2018-06-06,0.3,12,16.9,8,2018
"Masvingo",2018-06-07,0,12.4,20,1.3,2018
"Masvingo",2018-06-08,NA,14,NA,1,2018
"Masvingo",2018-06-09,NA,10.5,24.1,1.5,2018
"Masvingo",2018-06-10,NA,14.6,NA,0.8,2018
"Masvingo",2018-06-11,NA,16.5,22.5,1,2018
"Masvingo",2018-06-12,NA,13.2,20.8,7.3,2018
"Masvingo",2018-06-13,NA,15.3,21.5,4.5,2018
"Masvingo",2018-06-14,NA,12.9,24.5,5.5,2018
"Masvingo",2018-06-15,NA,16.5,NA,5,2018
"Masvingo",2018-06-16,NA,15.7,NA,5.1,2018
"Masvingo",2018-06-17,NA,15.4,22.5,5,2018
"Masvingo",2018-06-18,NA,21.5,26.9,7.5,2018
"Masvingo",2018-06-20,NA,20.2,NA,5,2018
"Masvingo",2018-06-21,NA,17.2,NA,11,2018
"Masvingo",2018-06-22,NA,15.2,NA,5.7,2018
"Masvingo",2018-06-23,NA,17.6,NA,5.5,2018
"Masvingo",2018-06-27,NA,14.9,NA,3,2018
"Masvingo",2018-07-01,NA,18.3,NA,2.4,2018
"Masvingo",2018-07-04,NA,12.1,15.9,NA,2018
"Masvingo",2018-07-05,23.9,12,NA,11,2018
"Masvingo",2018-07-06,6.1,10.1,NA,9.2,2018
"Masvingo",2018-07-07,0.5,13,NA,10,2018
"Masvingo",2018-07-08,0,13.2,16.2,NA,2018
"Masvingo",2018-07-09,0,15.3,NA,12.1,2018
"Masvingo",2018-07-10,0,14.8,19.1,NA,2018
"Masvingo",2018-07-13,NA,17.7,NA,NA,2018
"Masvingo",2018-07-14,0,16.4,NA,9.9,2018
"Masvingo",2018-07-18,0.3,10.6,NA,8.1,2018
"Masvingo",2018-07-20,NA,9.7,19,NA,2018
"Masvingo",2018-07-22,NA,15.4,18.1,5.2,2018
"Masvingo",2018-07-23,0,10.8,NA,5.1,2018
"Masvingo",2018-07-24,0.5,15.2,NA,10.5,2018
"Masvingo",2018-07-25,0,14.1,21.8,NA,2018
"Masvingo",2018-07-26,NA,12.8,NA,2.4,2018
"Masvingo",2018-07-27,NA,14,24.4,NA,2018
"Masvingo",2018-07-28,NA,17,23.7,4.4,2018
"Masvingo",2018-07-29,NA,18.6,NA,5.1,2018
"Masvingo",2018-07-30,NA,15.6,26,5.1,2018
"Masvingo",2018-07-31,NA,17,NA,5.7,2018
"Masvingo",2018-08-01,NA,18.2,28.2,6.6,2018
"Masvingo",2018-08-02,NA,9.3,NA,NA,2018
"Masvingo",2018-08-03,NA,19.8,NA,NA,2018
"Masvingo",2018-08-04,NA,20.2,27.3,6.4,2018
"Masvingo",2018-08-06,NA,22.3,32,8.8,2018
"Masvingo",2018-08-07,NA,24.6,34.5,9.2,2018
"Masvingo",2018-08-08,NA,20.3,NA,12.5,2018
"Masvingo",2018-08-10,NA,21.2,NA,9.5,2018
"Masvingo",2018-08-11,NA,25.2,NA,12.1,2018
"Masvingo",2018-08-13,NA,25.4,NA,9.9,2018
"Masvingo",2018-08-14,NA,21.3,NA,12.8,2018
"Masvingo",2018-08-15,NA,22.4,NA,11.5,2018
"Masvingo",2018-08-16,NA,26,NA,NA,2018
"Masvingo",2018-08-17,NA,27.3,NA,NA,2018
"Masvingo",2018-08-31,NA,21.8,NA,5.2,2018
"Masvingo",2018-09-01,NA,23.1,NA,7,2018
"Masvingo",2018-09-12,NA,24.8,NA,NA,2018
"Masvingo",2018-09-23,NA,26,NA,12.5,2018
"Masvingo",2018-09-26,NA,30.9,NA,14.7,2018
"Masvingo",2018-09-27,NA,27.6,NA,NA,2018
"Masvingo",2018-09-28,NA,25.6,NA,16,2018
"Masvingo",2018-10-02,NA,28.2,NA,NA,2018
"Masvingo",2018-10-04,NA,16.4,NA,NA,2018
"Masvingo",2018-10-05,NA,17.2,NA,NA,2018
"Masvingo",2018-10-13,NA,25.3,NA,16.5,2018
"Masvingo",2018-10-15,0,21.5,33,15.6,2018
"Masvingo",2018-10-18,0,17.9,NA,NA,2018
"Masvingo",2018-10-19,0,19.2,NA,15.4,2018
"Masvingo",2018-10-20,NA,24.2,31.5,14.4,2018
"Masvingo",2018-10-21,0,14.7,17,13.4,2018
"Masvingo",2018-10-23,NA,17.8,22,8.6,2018
"Masvingo",2018-10-28,NA,21.3,NA,13,2018
"Masvingo",2018-11-02,0,20.4,NA,18.1,2018
"Masvingo",2018-11-03,NA,17.5,NA,NA,2018
"Masvingo",2018-11-07,NA,16.2,NA,NA,2018
"Masvingo",2018-11-12,NA,25.2,NA,10.6,2018
"Masvingo",2018-11-13,NA,25.2,NA,12.7,2018
"Masvingo",2018-11-15,NA,26.1,NA,NA,2018
"Masvingo",2018-11-17,NA,28.2,NA,15.5,2018
"Masvingo",2018-11-26,NA,26.8,NA,18,2018
"Masvingo",2018-11-27,NA,29.8,NA,20.4,2018
"Masvingo",2018-12-03,NA,31.1,NA,17.6,2018
"Masvingo",2018-12-04,0,27.3,NA,20.9,2018
"Masvingo",2018-12-11,7.1,17.8,NA,15.8,2018
"Masvingo",2018-12-13,NA,26.2,NA,13.5,2018
"Masvingo",2018-12-14,NA,24.9,30.5,15,2018
"Masvingo",2018-12-16,NA,23.8,31.1,16.5,2018
"Masvingo",2018-12-18,NA,29.7,NA,16,2018
"Masvingo",2018-12-23,NA,25.5,NA,17,2018
"Masvingo",2018-12-24,NA,26.2,NA,16.5,2018
"Masvingo",2018-12-25,NA,30.4,NA,19.5,2018
"Masvingo",2019-01-08,NA,29.5,NA,NA,2019
"Masvingo",2019-01-10,NA,24.9,NA,NA,2019
"Masvingo",2019-01-14,NA,29,32,18.5,2019
"Masvingo",2019-01-21,1,16.6,NA,14.5,2019
"Masvingo",2019-01-24,NA,26.4,NA,NA,2019
"Masvingo",2019-02-22,NA,23.7,27.5,15.6,2019
"Masvingo",2019-03-01,NA,26.8,NA,NA,2019
"Masvingo",2019-03-05,NA,24.4,NA,16.6,2019
"Masvingo",2019-03-08,NA,19.1,28,NA,2019
"Masvingo",2019-03-14,NA,22.8,NA,14,2019
"Masvingo",2019-03-22,NA,22.4,27.4,15.4,2019
"Masvingo",2019-03-23,7.9,21.3,25.7,17.8,2019
"Masvingo",2019-03-31,NA,23.1,NA,13.6,2019
"Masvingo",2019-04-01,NA,24.2,NA,13.1,2019
"Masvingo",2019-04-03,NA,21.2,NA,16.6,2019
"Masvingo",2019-04-06,NA,21.8,29.5,NA,2019
"Masvingo",2019-04-08,NA,23.2,28.5,NA,2019
"Masvingo",2019-04-10,NA,24.3,NA,14.5,2019
"Masvingo",2019-04-16,18,22.3,29,17,2019
"Masvingo",2019-04-28,NA,19.7,24.5,NA,2019
"Masvingo",2019-05-04,NA,25.2,29.6,NA,2019
"Masvingo",2019-05-05,NA,17.8,26.5,12,2019
"Masvingo",2019-06-01,NA,15.7,22.1,3.6,2019
"Masvingo",2019-06-05,NA,13.3,NA,2,2019
"Masvingo",2019-07-04,NA,15.8,23.3,4.5,2019
"Masvingo",2019-07-22,NA,12.1,21,1.7,2019
"Masvingo",2019-08-12,NA,19.5,NA,8,2019
"Masvingo",2019-08-13,NA,22.8,NA,9.5,2019
"Masvingo",2019-09-13,NA,25.2,NA,12.5,2019
"Masvingo",2019-10-09,NA,30,NA,18.1,2019
"Masvingo",2019-11-25,1,27.9,NA,19.2,2019
"Masvingo",2020-01-13,NA,23.7,NA,NA,2020
"Masvingo",2020-01-16,1,21,24.7,19,2020
"Masvingo",2020-01-27,NA,28.4,34,17.2,2020
"Masvingo",2020-02-15,NA,20.8,29.2,NA,2020
"Masvingo",2020-03-04,3,21.4,NA,15.5,2020
"Masvingo",2020-03-15,NA,25.6,NA,16.5,2020
"Masvingo",2020-03-16,NA,22.1,28.2,NA,2020
"Masvingo",2020-03-27,NA,22.2,25.3,18.2,2020
"Masvingo",2020-06-19,2,11.9,NA,10.5,2020
"Masvingo",2020-09-02,NA,14.8,19.3,12.7,2020
"Masvingo",2021-03-09,NA,22,NA,NA,2021
"Masvingo",2021-03-16,NA,22.3,NA,NA,2021
"Masvingo",2021-04-20,NA,19,NA,NA,2021
"Masvingo",2021-06-09,NA,12.3,NA,NA,2021
"Masvingo",2021-06-11,NA,8.2,NA,NA,2021
"Masvingo",2021-06-14,NA,17.4,NA,NA,2021
"Masvingo",2021-06-23,NA,18.3,NA,NA,2021
"Masvingo",2021-06-30,NA,25.4,NA,NA,2021
"Masvingo",2021-08-02,NA,15.6,NA,NA,2021
"Masvingo",2021-08-15,NA,14.9,NA,NA,2021
"Masvingo",2021-09-08,NA,20.3,NA,NA,2021
"Masvingo",2021-09-09,NA,18.2,NA,NA,2021
"Masvingo",2021-09-11,NA,19.1,NA,NA,2021
"Masvingo",2021-09-12,NA,17.8,NA,NA,2021
"Masvingo",2021-09-13,NA,24.3,NA,NA,2021
"Masvingo",2021-09-18,NA,14.8,NA,NA,2021
"Masvingo",2021-09-19,NA,17.4,NA,NA,2021
"Masvingo",2021-09-21,NA,28.3,NA,NA,2021
"Masvingo",2021-09-27,NA,23.4,NA,NA,2021
"Masvingo",2021-10-03,NA,24.8,NA,NA,2021
"Masvingo",2021-10-18,NA,15.4,NA,NA,2021
"Masvingo",2021-10-19,NA,12.4,NA,NA,2021
"Masvingo",2021-10-28,NA,19.6,NA,NA,2021
"Masvingo",2021-11-02,NA,29.1,NA,NA,2021
"Masvingo",2021-11-12,NA,26.3,NA,NA,2021
"Masvingo",2021-11-17,NA,30.3,NA,NA,2021
"Masvingo",2021-11-18,NA,29.3,NA,NA,2021
"Masvingo",2021-12-08,NA,27.9,NA,NA,2021
"Masvingo",2021-12-14,NA,19.8,NA,NA,2021
"Masvingo",2021-12-21,NA,20.7,NA,NA,2021
"Masvingo",2022-01-02,NA,23.8,NA,NA,2022
"Masvingo",2022-01-04,NA,23.8,NA,NA,2022
"Masvingo",2022-01-05,NA,23.1,NA,NA,2022
"Masvingo",2022-01-06,NA,21.8,NA,NA,2022
"Masvingo",2022-01-10,NA,25.1,NA,NA,2022
"Masvingo",2022-02-06,NA,19.2,NA,NA,2022
"Masvingo",2022-02-07,NA,22.4,NA,NA,2022
"Masvingo",2022-02-08,NA,24.4,NA,NA,2022
"Masvingo",2022-02-09,NA,25.9,NA,NA,2022
"Masvingo",2022-02-10,NA,23.3,NA,NA,2022
"Masvingo",2022-02-13,NA,23.1,NA,NA,2022
"Masvingo",2022-02-19,NA,21.5,NA,NA,2022
"Masvingo",2022-02-20,NA,24.1,NA,NA,2022
"Masvingo",2022-02-21,NA,21.6,NA,NA,2022
"Masvingo",2022-03-02,NA,26.3,NA,NA,2022
"Masvingo",2022-03-04,NA,28,NA,NA,2022
"Masvingo",2022-03-05,NA,21.7,NA,NA,2022
"Masvingo",2022-03-15,NA,27.6,NA,NA,2022
"Masvingo",2022-03-16,NA,19.8,NA,NA,2022
"Masvingo",2022-03-17,NA,19.6,NA,NA,2022
"Masvingo",2022-03-27,NA,20.7,NA,NA,2022
"Masvingo",2022-03-28,NA,18.8,NA,NA,2022
"Masvingo",2022-03-29,NA,22.4,NA,NA,2022
"Masvingo",2022-04-08,NA,20.5,NA,NA,2022
"Masvingo",2022-04-10,NA,18,NA,NA,2022
"Masvingo",2022-04-11,NA,18.9,NA,NA,2022
"Masvingo",2022-04-16,NA,22.2,NA,NA,2022
"Masvingo",2022-04-17,NA,18.1,NA,NA,2022
"Masvingo",2022-04-20,NA,14.6,NA,NA,2022
"Masvingo",2022-04-24,NA,22.7,NA,NA,2022
"Masvingo",2022-04-29,NA,17.2,NA,NA,2022
"Masvingo",2022-04-30,NA,16.7,NA,NA,2022
"Masvingo",2022-05-01,NA,15.9,NA,NA,2022
"Masvingo",2022-05-03,NA,15.1,NA,NA,2022
"Masvingo",2022-05-05,NA,17.1,NA,NA,2022
"Masvingo",2022-05-06,NA,18.6,NA,NA,2022
"Masvingo",2022-05-07,NA,17.9,NA,NA,2022
"Masvingo",2022-05-08,NA,18.1,NA,NA,2022
"Masvingo",2022-05-11,NA,18.2,NA,NA,2022
"Masvingo",2022-05-14,NA,17.3,NA,NA,2022
"Masvingo",2022-05-15,NA,19.1,NA,NA,2022
"Masvingo",2022-05-16,NA,17.1,NA,NA,2022
"Masvingo",2022-05-17,NA,17.2,NA,NA,2022
"Masvingo",2022-05-20,NA,21.3,NA,NA,2022
"Masvingo",2022-05-21,NA,18.6,NA,NA,2022
"Masvingo",2022-05-23,NA,16.7,NA,NA,2022
"Masvingo",2022-05-24,NA,19,NA,NA,2022
"Masvingo",2022-05-29,NA,18.3,NA,NA,2022
"Masvingo",2022-05-30,NA,21.1,NA,NA,2022
"Masvingo",2022-06-08,NA,11.3,NA,NA,2022
"Masvingo",2022-06-13,NA,18.3,NA,NA,2022
"Masvingo",2022-06-15,NA,19.8,NA,NA,2022
"Masvingo",2022-06-18,NA,20.2,NA,NA,2022
"Masvingo",2022-06-19,NA,18.2,NA,NA,2022
"Masvingo",2022-06-20,NA,15.6,NA,NA,2022
"Masvingo",2022-06-21,NA,15.2,NA,NA,2022
"Masvingo",2022-06-24,NA,16.2,NA,NA,2022
"Masvingo",2022-06-25,NA,17.2,NA,NA,2022
"Masvingo",2022-06-30,NA,12.9,NA,NA,2022
"Masvingo",2022-07-04,NA,13.3,NA,NA,2022
"Masvingo",2022-07-05,NA,13.1,NA,NA,2022
"Masvingo",2022-07-06,NA,16.4,NA,NA,2022
"Masvingo",2022-07-07,NA,16.3,NA,NA,2022
"Masvingo",2022-07-08,NA,12.3,NA,NA,2022
"Masvingo",2022-07-12,NA,17.1,NA,NA,2022
"Masvingo",2022-07-13,NA,17.5,NA,NA,2022
"Masvingo",2022-07-18,NA,15.6,NA,NA,2022
"Masvingo",2022-07-19,NA,16.1,NA,NA,2022
"Masvingo",2022-07-24,NA,16.4,NA,NA,2022
"Masvingo",2022-07-25,NA,15.8,NA,NA,2022
"Masvingo",2022-07-27,NA,12.6,NA,NA,2022
"Masvingo",2022-07-29,NA,17.2,NA,NA,2022
"Masvingo",2022-08-01,NA,17.8,NA,NA,2022
"Masvingo",2022-08-02,NA,16.5,NA,NA,2022
"Masvingo",2022-08-03,NA,20,NA,NA,2022
"Masvingo",2022-08-04,NA,20.1,NA,NA,2022
"Masvingo",2022-08-10,NA,17.7,NA,NA,2022
"Masvingo",2022-08-11,NA,19.2,NA,NA,2022
"Masvingo",2022-08-12,NA,19.8,NA,NA,2022
"Masvingo",2022-08-14,NA,26.5,NA,NA,2022
"Masvingo",2022-08-15,NA,19.8,NA,NA,2022
"Masvingo",2022-08-26,NA,27.3,NA,NA,2022
"Masvingo",2022-08-29,NA,23.7,NA,NA,2022
"Masvingo",2022-08-30,NA,17.1,NA,NA,2022
"Masvingo",2022-08-31,NA,12.9,NA,NA,2022
"Masvingo",2022-09-01,NA,16.6,NA,NA,2022
"Masvingo",2022-09-02,NA,17.7,NA,NA,2022
"Masvingo",2022-09-03,NA,18.8,NA,NA,2022
"Masvingo",2022-09-04,NA,17.5,NA,NA,2022
"Masvingo",2022-09-05,NA,23.9,NA,NA,2022
"Masvingo",2022-09-09,NA,19.3,NA,NA,2022
"Masvingo",2022-09-11,NA,21.7,NA,NA,2022
"Masvingo",2022-09-12,NA,29,NA,NA,2022
"Masvingo",2022-09-14,NA,21.1,NA,NA,2022
"Masvingo",2022-09-15,NA,20.8,NA,NA,2022
"Masvingo",2022-09-16,NA,23.8,NA,NA,2022
"Masvingo",2022-09-18,NA,28.3,NA,NA,2022
"Masvingo",2022-09-19,NA,23.6,NA,NA,2022
"Masvingo",2022-09-20,NA,31.8,NA,NA,2022
"Masvingo",2022-09-21,NA,19.9,NA,NA,2022
"Masvingo",2022-09-23,NA,27.8,NA,NA,2022
"Masvingo",2022-09-26,NA,30.9,NA,NA,2022
"Masvingo",2022-09-27,NA,27.1,NA,NA,2022
"Masvingo",2022-09-28,NA,24.3,NA,NA,2022
"Masvingo",2022-09-29,NA,21.4,NA,NA,2022
"Masvingo",2022-09-30,NA,28.8,NA,NA,2022
"Masvingo",2022-10-01,NA,26.6,NA,NA,2022
"Masvingo",2022-10-02,NA,27.9,NA,NA,2022
"Masvingo",2022-10-03,NA,20.5,NA,NA,2022
"Masvingo",2022-10-05,NA,30.6,NA,NA,2022
"Masvingo",2022-10-06,NA,28,NA,NA,2022
"Masvingo",2022-10-07,NA,23.9,NA,NA,2022
"Masvingo",2022-10-09,NA,29.4,NA,NA,2022
"Masvingo",2022-10-10,NA,22.9,NA,NA,2022
"Masvingo",2022-10-12,NA,29.2,NA,NA,2022
"Masvingo",2022-10-16,NA,22.1,NA,NA,2022
"Masvingo",2022-11-18,NA,29.3,NA,NA,2022
"Masvingo",2022-11-19,NA,24.9,NA,NA,2022
"Masvingo",2022-11-20,NA,22.3,NA,NA,2022
"Masvingo",2022-11-21,NA,19.2,NA,NA,2022
"Masvingo",2022-11-24,NA,29.7,NA,NA,2022
"Masvingo",2022-11-25,NA,25.4,NA,NA,2022
"Masvingo",2022-11-26,NA,23.1,NA,NA,2022
"Masvingo",2022-11-27,NA,19.8,NA,NA,2022
"Masvingo",2022-11-30,NA,20.8,NA,NA,2022
"Masvingo",2022-12-01,NA,21.2,NA,NA,2022
"Masvingo",2022-12-09,NA,23.9,NA,NA,2022
"Masvingo",2022-12-13,NA,22.8,NA,NA,2022
"Masvingo",2022-12-19,NA,22.2,NA,NA,2022
"Masvingo",2022-12-20,NA,21.2,NA,NA,2022
"Masvingo",2022-12-21,NA,20.8,NA,NA,2022
"Masvingo",2022-12-22,NA,17.9,NA,NA,2022
"Masvingo",2022-12-23,NA,23.8,NA,NA,2022
"Masvingo",2022-12-31,NA,20.2,NA,NA,2022
"Masvingo",2023-01-08,NA,15.9,NA,NA,2023
"Masvingo",2023-01-09,NA,20.9,NA,NA,2023
"Masvingo",2023-01-10,NA,24.1,NA,NA,2023
"Masvingo",2023-01-15,NA,27,NA,NA,2023
"Masvingo",2023-01-16,NA,20.9,NA,NA,2023
"Masvingo",2023-01-21,NA,22.1,NA,NA,2023
"Masvingo",2023-01-23,NA,24.6,NA,NA,2023
"Masvingo",2023-01-26,NA,22.4,NA,NA,2023
"Masvingo",2023-01-27,NA,22.3,NA,NA,2023
"Masvingo",2023-02-03,NA,22.7,NA,NA,2023
"Masvingo",2023-02-05,NA,19.6,NA,NA,2023
"Masvingo",2023-02-14,NA,22.8,NA,NA,2023
"Masvingo",2023-02-15,NA,22.9,NA,NA,2023
"Masvingo",2023-02-16,NA,23.5,NA,NA,2023
"Masvingo",2023-02-27,NA,18.9,NA,NA,2023
"Masvingo",2023-02-28,NA,18.3,NA,NA,2023
"Masvingo",2023-03-01,NA,20.7,NA,NA,2023
"Masvingo",2023-03-02,NA,19.6,NA,NA,2023
"Masvingo",2023-03-08,NA,19.9,NA,NA,2023
"Masvingo",2023-03-11,NA,21.3,NA,NA,2023
"Masvingo",2023-03-12,NA,24.3,NA,NA,2023
"Masvingo",2023-03-13,NA,19.4,NA,NA,2023
"Masvingo",2023-03-14,NA,19.4,NA,NA,2023
"Masvingo",2023-03-15,NA,24.4,NA,NA,2023
"Masvingo",2023-03-16,NA,18.4,NA,NA,2023
"Masvingo",2023-03-22,NA,22.9,NA,NA,2023
"Masvingo",2023-03-23,NA,20.7,NA,NA,2023
"Masvingo",2023-03-24,NA,21.9,NA,NA,2023
"Masvingo",2023-03-25,NA,21.2,NA,NA,2023
"Masvingo",2023-03-27,NA,20,NA,NA,2023
"Masvingo",2023-04-03,NA,19.8,NA,NA,2023
"Masvingo",2023-04-06,NA,19.1,NA,NA,2023
"Masvingo",2023-04-07,NA,20.6,NA,NA,2023
"Masvingo",2023-04-08,NA,22.3,NA,NA,2023
"Masvingo",2023-04-09,NA,25.4,NA,NA,2023
"Masvingo",2023-04-11,NA,20.2,NA,NA,2023
"Masvingo",2023-04-15,NA,18.2,NA,NA,2023
"Masvingo",2023-04-16,NA,16.3,NA,NA,2023
"Masvingo",2023-04-17,NA,17.3,NA,NA,2023
"Masvingo",2023-04-18,NA,19.4,NA,NA,2023
"Masvingo",2023-04-19,NA,18,NA,NA,2023
"Masvingo",2023-04-20,NA,25.4,NA,NA,2023
"Masvingo",2023-04-21,NA,23.4,NA,NA,2023
"Masvingo",2023-04-22,NA,21.7,NA,NA,2023
"Masvingo",2023-04-24,NA,18.6,NA,NA,2023
"Masvingo",2023-04-25,NA,17.4,NA,NA,2023
"Masvingo",2023-04-26,NA,24.3,NA,NA,2023
"Masvingo",2023-04-28,NA,18.8,NA,NA,2023
"Masvingo",2023-04-29,NA,17.7,NA,NA,2023
"Masvingo",2023-05-01,NA,20.2,NA,NA,2023
"Masvingo",2023-05-02,NA,17.4,NA,NA,2023
"Masvingo",2023-05-03,NA,17.4,NA,NA,2023
"Masvingo",2023-05-04,NA,22.5,NA,NA,2023
"Masvingo",2023-05-05,NA,18.1,NA,NA,2023
"Masvingo",2023-05-07,NA,18.8,NA,NA,2023
"Masvingo",2023-05-09,NA,20.7,NA,NA,2023
"Masvingo",2023-05-11,NA,18.2,NA,NA,2023
"Masvingo",2023-05-12,NA,17.8,NA,NA,2023
"Masvingo",2023-05-15,NA,17,NA,NA,2023
"Masvingo",2023-05-16,NA,21.6,NA,NA,2023
"Masvingo",2023-05-17,NA,20.7,NA,NA,2023
"Masvingo",2023-05-18,NA,19.3,NA,NA,2023
"Masvingo",2023-05-19,NA,22.8,NA,NA,2023
"Masvingo",2023-05-22,NA,18.5,NA,NA,2023
"Masvingo",2023-05-26,NA,26,NA,NA,2023
"Masvingo",2023-05-27,NA,14.5,NA,NA,2023
"Masvingo",2023-05-29,NA,18.8,NA,NA,2023
"Masvingo",2023-06-19,NA,18.2,NA,NA,2023
"Masvingo",2023-06-20,NA,17,NA,NA,2023
"Masvingo",2023-06-21,NA,18,NA,NA,2023
"Masvingo",2023-06-22,NA,13.8,NA,NA,2023
"Masvingo",2023-06-29,NA,19,NA,NA,2023
"Masvingo",2023-06-30,NA,20.2,NA,NA,2023
"Masvingo",2023-07-02,NA,15,NA,NA,2023
"Masvingo",2023-07-06,NA,13.5,NA,NA,2023
"Masvingo",2023-07-07,NA,13.8,NA,NA,2023
"Masvingo",2023-07-08,NA,17,NA,NA,2023
"Masvingo",2023-07-11,NA,8,NA,NA,2023
"Masvingo",2023-07-12,NA,12.5,NA,NA,2023
"Masvingo",2023-07-13,NA,11.4,NA,NA,2023
"Masvingo",2023-07-14,NA,12.6,NA,NA,2023
"Masvingo",2023-07-15,NA,15,NA,NA,2023
"Masvingo",2023-07-16,NA,17.6,NA,NA,2023
"Masvingo",2023-07-17,NA,17.8,NA,NA,2023
"Masvingo",2023-07-18,NA,15.7,NA,NA,2023
"Masvingo",2023-07-19,NA,18,NA,NA,2023
"Masvingo",2023-07-20,NA,13.2,19.6,NA,2023
"Masvingo",2023-07-21,0,14.1,NA,11.6,2023
"Masvingo",2023-07-22,0,13.8,NA,11,2023
"Masvingo",2023-07-24,NA,18.7,28.3,5,2023
"Masvingo",2023-07-25,NA,16.2,19,6.2,2023
"Masvingo",2023-07-26,NA,15.8,22.2,11,2023
"Masvingo",2023-07-27,NA,17.9,NA,5.5,2023
"Masvingo",2023-07-28,NA,20.5,NA,7,2023
"Masvingo",2023-07-29,NA,19.5,NA,7.6,2023
"Masvingo",2023-07-30,NA,19.6,28.5,11,2023
"Masvingo",2023-07-31,NA,15.8,22.4,5.2,2023
"Masvingo",2023-08-01,NA,15.6,22.5,4,2023
"Masvingo",2023-08-02,NA,13.9,17.9,9,2023
"Masvingo",2023-08-03,0,13.3,NA,10.5,2023
"Masvingo",2023-08-04,NA,17.4,22,NA,2023
"Masvingo",2023-08-05,NA,15.4,22.5,6.5,2023
"Masvingo",2023-08-07,NA,19.5,25,7.9,2023
"Masvingo",2023-08-08,NA,14.9,NA,4,2023
"Masvingo",2023-08-09,NA,14.9,21.5,1.6,2023
"Masvingo",2023-08-10,NA,14.2,NA,11.5,2023
"Masvingo",2023-08-11,0,18.2,23.3,7.9,2023
"Masvingo",2023-08-12,NA,16.3,23.5,6.9,2023
"Masvingo",2023-08-13,NA,14.6,24.8,5.4,2023
"Masvingo",2023-08-14,NA,18.2,28.4,NA,2023
"Masvingo",2023-08-15,NA,25.3,29.6,NA,2023
"Masvingo",2023-08-17,NA,20,28.6,9.8,2023
"Masvingo",2023-08-18,NA,18.2,NA,NA,2023
"Masvingo",2023-08-19,NA,22.1,29.1,10,2023
"Masvingo",2023-08-20,NA,22.7,NA,11.9,2023
"Masvingo",2023-08-21,NA,26.8,33.8,11.2,2023
"Masvingo",2023-08-22,NA,21.3,NA,12.9,2023
"Masvingo",2023-08-23,NA,28.2,35.2,15,2023
"Masvingo",2023-08-24,NA,20.2,NA,13.1,2023
"Masvingo",2023-08-25,NA,24.1,32.4,NA,2023
"Masvingo",2023-08-26,NA,25,34.5,13.6,2023
"Masvingo",2023-08-27,0,13.6,NA,NA,2023
"Masvingo",2023-08-28,0,14.7,18.3,11.3,2023
"Masvingo",2023-08-29,NA,15.1,18.8,11,2023
"Masvingo",2023-08-30,0,16.8,21.5,0.9,2023
"Masvingo",2023-08-31,0,15.7,26.4,5,2023
"Masvingo",2023-09-01,NA,20.3,NA,6.5,2023
"Masvingo",2023-09-02,NA,24.5,30.4,9,2023
"Masvingo",2023-09-03,NA,22.4,30.5,10,2023
"Masvingo",2023-09-04,NA,21.7,NA,7.2,2023
"Masvingo",2023-09-05,NA,20.8,NA,9,2023
"Masvingo",2023-09-06,NA,25.2,30.6,10,2023
"Masvingo",2023-09-07,NA,21.5,30.6,12.2,2023
"Masvingo",2023-09-08,NA,22.3,30.6,10.6,2023
"Masvingo",2023-09-11,NA,30.1,35.2,NA,2023
"Masvingo",2023-09-12,NA,14.8,19,NA,2023
"Masvingo",2023-09-15,NA,23.3,NA,11.4,2023
"Masvingo",2023-09-16,NA,24.8,NA,NA,2023
"Masvingo",2023-09-17,NA,22.8,NA,14.6,2023
"Masvingo",2023-09-18,NA,19.6,25.2,15.2,2023
"Masvingo",2023-09-19,NA,23.7,NA,16,2023
"Masvingo",2023-09-20,NA,23.7,34.2,11.8,2023
"Masvingo",2023-09-23,NA,29.1,NA,13.7,2023
"Masvingo",2023-09-24,NA,26.4,34.4,16.5,2023
"Masvingo",2023-09-25,NA,27.7,34.6,18,2023
"Masvingo",2023-09-26,NA,27.4,NA,20,2023
"Masvingo",2023-09-27,2,19.6,NA,12,2023
"Masvingo",2023-09-28,0.3,17.1,NA,15.5,2023
"Masvingo",2023-09-29,0,22.8,NA,16,2023
"Masvingo",2023-09-30,NA,26.6,34.3,16.3,2023
"Masvingo",2023-10-01,NA,28,NA,18,2023
"Masvingo",2023-10-03,0,23.6,27.1,12.4,2023
"Masvingo",2023-10-04,NA,24.4,32.2,NA,2023
"Masvingo",2023-10-05,NA,24.7,NA,10,2023
"Masvingo",2023-10-06,NA,26.8,35.8,12.9,2023
"Masvingo",2023-10-07,NA,27.6,37.5,NA,2023
"Masvingo",2023-10-08,NA,30.1,37,18.3,2023
"Masvingo",2023-10-09,NA,25.6,32.8,18,2023
"Masvingo",2023-10-10,NA,25.1,34,14.8,2023
"Masvingo",2023-10-11,NA,26.7,34.5,16.8,2023
"Masvingo",2023-10-12,NA,27.3,37.5,17.2,2023
"Masvingo",2023-10-13,NA,33.1,40.1,21.2,2023
"Masvingo",2023-10-14,NA,22.6,28,NA,2023
"Masvingo",2023-10-15,0,19.5,23.6,16.9,2023
"Masvingo",2023-10-16,7.9,18.9,20.2,17,2023
"Masvingo",2023-10-17,27.9,20.3,26.2,NA,2023
"Masvingo",2023-10-18,1,19.6,23.4,16,2023
"Masvingo",2023-10-20,NA,22.4,28.5,14.5,2023
"Masvingo",2023-10-21,NA,23.1,NA,NA,2023
"Masvingo",2023-10-24,NA,28.9,NA,NA,2023
"Masvingo",2023-10-25,NA,22.6,NA,19.8,2023
"Masvingo",2023-10-26,NA,23.7,NA,19.2,2023
"Masvingo",2023-10-27,NA,26.3,NA,NA,2023
"Masvingo",2023-10-28,NA,26.8,NA,15.2,2023
"Masvingo",2023-10-29,NA,22.7,27.7,17.8,2023
"Masvingo",2023-10-30,0.5,14.1,16,NA,2023
"Masvingo",2023-11-06,NA,29.4,34.5,15.6,2023
"Masvingo",2023-11-07,NA,27.7,35.2,18.8,2023
"Masvingo",2023-11-08,3,19.6,NA,17.5,2023
"Masvingo",2023-11-09,0,22.8,28,17.5,2023
"Masvingo",2023-11-10,NA,24.1,NA,15,2023
"Masvingo",2023-11-11,NA,25.4,NA,14.2,2023
"Masvingo",2023-11-13,NA,25.2,NA,18.6,2023
"Masvingo",2023-11-14,0,19.8,22.2,18,2023
"Masvingo",2023-11-15,NA,19.6,NA,NA,2023
"Masvingo",2023-11-16,NA,22.1,NA,12.5,2023
"Masvingo",2023-11-17,NA,27.3,31.2,12.2,2023
"Masvingo",2023-11-18,NA,25.6,NA,11.6,2023
"Masvingo",2023-11-19,NA,28.6,35.5,16,2023
"Masvingo",2023-11-20,NA,31.1,37.2,NA,2023
"Masvingo",2023-11-21,NA,33.1,37,20.1,2023
"Masvingo",2023-11-22,NA,31.1,36,21.4,2023
"Masvingo",2023-11-25,NA,25.5,36.1,NA,2023
"Masvingo",2023-11-26,NA,25.7,NA,19.4,2023
"Masvingo",2023-11-27,NA,28.9,35,18.5,2023
"Masvingo",2023-11-28,NA,28.6,NA,16.9,2023
"Masvingo",2023-11-29,NA,29.4,NA,NA,2023
"Masvingo",2023-12-05,NA,28.6,NA,15.5,2023
"Masvingo",2023-12-06,NA,26.8,NA,NA,2023
"Masvingo",2023-12-07,NA,27.4,31.8,18.9,2023
"Masvingo",2023-12-08,NA,27.9,NA,16.1,2023
"Masvingo",2023-12-09,NA,29.4,NA,20,2023
"Masvingo",2023-12-10,NA,25.5,34,22.5,2023
"Masvingo",2023-12-11,10.9,24.6,NA,17.5,2023
"Masvingo",2023-12-12,2,26.8,NA,18.7,2023
"Masvingo",2023-12-14,0,22.2,NA,18.8,2023
"Masvingo",2023-12-15,NA,22.3,NA,NA,2023
"Masvingo",2023-12-16,NA,25.4,NA,NA,2023
"Masvingo",2023-12-17,49,21.8,27,19,2023
"Masvingo",2023-12-18,9.9,24.3,29.6,20.5,2023
"Masvingo",2023-12-19,0.5,22.5,NA,21.4,2023
"Masvingo",2023-12-20,13,24.9,NA,19.2,2023
"Masvingo",2023-12-25,NA,30.7,NA,18,2023
"Masvingo",2023-12-26,2,22.7,NA,NA,2023
"Masvingo",2023-12-27,51.1,19.1,21,NA,2023
"Masvingo",2023-12-28,25.9,17.9,19,16.4,2023
"Masvingo",2023-12-29,0,19.9,NA,NA,2023
"Masvingo",2023-12-30,8.9,19.4,NA,15.4,2023
"Masvingo",2023-12-31,1,22.3,NA,16.9,2023
"Masvingo",2024-01-03,13,21.7,27.5,18,2024
"Masvingo",2024-01-04,0.8,24.2,NA,15.4,2024
"Masvingo",2024-01-05,0,23.1,26.2,16.4,2024
"Masvingo",2024-01-06,NA,22.4,28.2,14.5,2024
"Masvingo",2024-01-07,NA,23.3,29.8,14.2,2024
"Masvingo",2024-01-08,NA,25.3,30.2,16.1,2024
"Masvingo",2024-01-09,NA,24.7,30,NA,2024
"Masvingo",2024-01-10,NA,24.2,NA,19,2024
"Masvingo",2024-01-13,0,27.1,NA,20.5,2024
"Masvingo",2024-01-14,0,27.9,32.8,21.6,2024
"Masvingo",2024-01-15,0.3,27,NA,19.4,2024
"Masvingo",2024-01-16,0,27.7,NA,19.2,2024
"Masvingo",2024-01-17,0,22.8,30.6,NA,2024
"Masvingo",2024-01-18,22.1,20,23.8,NA,2024
"Masvingo",2024-01-19,0,17.6,NA,NA,2024
"Masvingo",2024-01-20,NA,17.9,NA,NA,2024
"Masvingo",2024-01-21,NA,19.8,25,15.6,2024
"Masvingo",2024-01-23,NA,21.3,25.2,15,2024
"Masvingo",2024-01-24,2,20.6,NA,16,2024
"Masvingo",2024-01-25,0,21.8,24.5,NA,2024
"Masvingo",2024-01-26,0,22.2,28,12.4,2024
"Masvingo",2024-01-27,NA,22.6,28.2,12.6,2024
"Masvingo",2024-01-28,NA,24.5,29.5,NA,2024
"Masvingo",2024-01-29,NA,25.3,29,15.4,2024
"Masvingo",2024-01-30,NA,23.8,29,17.7,2024
"Masvingo",2024-01-31,NA,22.3,26.3,17.1,2024
"Masvingo",2024-02-01,NA,22.3,27,18,2024
"Masvingo",2024-02-02,0,22.3,26.4,15,2024
"Masvingo",2024-02-03,NA,21.6,NA,NA,2024
"Masvingo",2024-02-09,NA,25.3,30.2,20.1,2024
"Masvingo",2024-02-10,NA,23.8,34,15.5,2024
"Masvingo",2024-02-11,16,20.1,21.3,19.2,2024
"Masvingo",2024-02-12,6.1,21.2,NA,17.4,2024
"Masvingo",2024-02-13,0,20.1,NA,13.7,2024
"Masvingo",2024-02-16,NA,30.2,35.8,15,2024
"Masvingo",2024-02-18,NA,25.6,NA,NA,2024
"Masvingo",2024-02-19,NA,25.9,28.5,NA,2024
"Masvingo",2024-02-20,NA,23.6,28,18.2,2024
"Masvingo",2024-02-21,NA,25.4,31.6,12.8,2024
"Masvingo",2024-02-22,NA,26.7,31.3,14.9,2024
"Masvingo",2024-02-23,NA,24.5,32,14.4,2024
"Masvingo",2024-02-24,NA,26.5,NA,16.5,2024
"Masvingo",2024-02-25,NA,29.9,NA,18,2024
"Masvingo",2024-02-26,NA,25.1,NA,18.4,2024
"Masvingo",2024-02-28,NA,19.4,22,16.5,2024
"Masvingo",2024-02-29,NA,20.2,23.5,15.6,2024
"Masvingo",2024-03-01,NA,20.1,26.6,12.3,2024
"Masvingo",2024-03-02,NA,21,30.2,13,2024
"Masvingo",2024-03-03,NA,23.1,32.2,15,2024
"Masvingo",2024-03-04,NA,26.7,NA,16.2,2024
"Masvingo",2024-03-05,NA,26.2,36.4,16.7,2024
"Masvingo",2024-03-06,NA,30.1,36.6,18.8,2024
"Masvingo",2024-03-07,NA,28.4,NA,20.2,2024
"Masvingo",2024-03-08,NA,27.9,NA,21.1,2024
"Masvingo",2024-03-09,NA,26,33.5,NA,2024
"Masvingo",2024-03-10,NA,26.2,30.6,21.5,2024
"Masvingo",2024-03-15,7.9,23.2,27.4,19,2024
"Masvingo",2024-03-16,0,25.9,33,18.6,2024
"Masvingo",2024-03-17,NA,24,NA,16.8,2024
"Masvingo",2024-03-19,NA,26.7,30.5,18,2024
"Masvingo",2024-03-20,NA,24.2,32.5,14.9,2024
"Masvingo",2024-03-21,NA,23.1,33.5,18,2024
"Masvingo",2024-03-22,NA,21.2,NA,18.4,2024
"Masvingo",2024-03-27,3,21.9,NA,18.4,2024
"Masvingo",2024-04-03,0,22.5,NA,13.4,2024
"Masvingo",2024-04-05,NA,25.9,33.7,16,2024
"Masvingo",2024-04-06,NA,24.4,NA,17.9,2024
"Masvingo",2024-04-08,0,24.3,NA,19.6,2024
"Masvingo",2024-04-09,0,26,31,18.5,2024
"Masvingo",2024-04-13,NA,18.3,NA,NA,2024
"Masvingo",2024-04-14,0,21.2,26.5,12.5,2024
"Masvingo",2024-04-15,NA,21.5,NA,11.9,2024
"Masvingo",2024-04-16,NA,20.2,26.6,NA,2024
"Masvingo",2024-04-17,NA,19.7,26.1,11,2024
"Masvingo",2024-04-18,NA,22.7,28,12.6,2024
"Masvingo",2024-04-19,NA,21.8,NA,12.4,2024
"Masvingo",2024-04-22,NA,26.4,33.5,NA,2024
"Masvingo",2024-04-23,NA,22.1,33,8,2024
"Masvingo",2024-04-24,NA,22.9,30,10.5,2024
"Masvingo",2024-04-25,NA,20,31.2,11.9,2024
"Masvingo",2024-04-26,NA,21.7,NA,13.5,2024
"Masvingo",2024-04-27,NA,18.3,23.5,NA,2024
"Masvingo",2024-04-29,0.8,17.5,NA,10.6,2024
"Masvingo",2024-04-30,0,24.1,29,NA,2024
"Masvingo",2024-05-02,NA,19.9,NA,6.5,2024
"Masvingo",2024-05-03,NA,22.9,27.8,8.5,2024
"Masvingo",2024-05-04,NA,18.7,NA,13.9,2024
"Masvingo",2024-05-05,NA,19.5,28.5,NA,2024
"Masvingo",2024-05-06,NA,19.3,28.4,NA,2024
"Masvingo",2024-05-07,NA,21.8,NA,8.7,2024
"Masvingo",2024-05-08,NA,19.6,NA,8,2024
"Masvingo",2024-05-09,NA,18.8,26.3,NA,2024
"Masvingo",2024-05-10,NA,20.4,30,NA,2024
"Masvingo",2024-05-13,NA,19.9,25.2,11.7,2024
"Masvingo",2024-05-14,NA,18.9,23.8,NA,2024
"Masvingo",2024-05-15,NA,18.5,22.5,13.2,2024
"Masvingo",2024-05-16,NA,18,23.6,6,2024
"Masvingo",2024-05-17,NA,17.6,NA,NA,2024
"Masvingo",2024-05-18,NA,16.2,26,NA,2024
"Masvingo",2024-05-19,NA,17.2,NA,7,2024
"Masvingo",2024-05-20,NA,18,25.5,7.5,2024
"Masvingo",2024-05-21,NA,15.6,NA,6,2024
"Masvingo",2024-05-23,NA,20.2,25,7.5,2024
"Masvingo",2024-05-24,NA,18.9,25,8.3,2024
"Masvingo",2024-05-25,NA,17.4,25,NA,2024
"Masvingo",2024-05-26,NA,16.9,NA,7.8,2024
"Masvingo",2024-05-27,NA,15.7,25.2,4.2,2024
"Masvingo",2024-05-28,NA,15.6,NA,6.4,2024
"Masvingo",2024-05-29,NA,18.7,25,6.6,2024
"Masvingo",2024-05-30,NA,16.9,NA,6.5,2024
"Masvingo",2024-05-31,NA,21.4,28.5,8,2024
"Masvingo",2024-06-01,NA,19.5,NA,8.5,2024
"Masvingo",2024-06-02,NA,15.2,NA,10,2024
"Masvingo",2024-06-04,NA,19.1,26.4,7.4,2024
"Masvingo",2024-06-05,NA,19,29.7,3.2,2024
"Masvingo",2024-06-06,NA,22.6,32.5,NA,2024
"Masvingo",2024-06-07,NA,21.4,26.8,13.1,2024
"Masvingo",2024-06-08,0,14.2,17.1,12.5,2024
"Masvingo",2024-06-09,0,11.9,15,NA,2024
"Masvingo",2024-06-10,0,13.3,NA,8,2024
"Masvingo",2024-06-11,NA,13.5,NA,4.4,2024
"Masvingo",2024-06-12,NA,12.9,NA,3.6,2024
"Masvingo",2024-06-14,NA,16.3,20.6,2.1,2024
"Masvingo",2024-06-15,NA,9.3,NA,2.5,2024
"Masvingo",2024-06-16,0,16.7,NA,7.8,2024
"Masvingo",2024-06-17,0.5,16.1,21.9,8,2024
"Masvingo",2024-06-18,0,20.4,NA,NA,2024
"Masvingo",2024-06-19,NA,15.4,25.6,5.9,2024
"Masvingo",2024-06-20,NA,14.9,NA,5.2,2024
"Masvingo",2024-06-21,NA,16,22.2,10.1,2024
"Masvingo",2024-06-22,NA,12.9,21.5,6.9,2024
"Masvingo",2024-06-23,0,14.7,18.9,NA,2024
"Masvingo",2024-06-24,2,14.9,17.8,9.1,2024
"Masvingo",2024-06-25,0.5,16.7,NA,11.1,2024
"Masvingo",2024-06-26,0,14.8,NA,10.5,2024
"Masvingo",2024-06-27,2,13.2,NA,12.2,2024
"Masvingo",2024-06-29,NA,12.4,NA,4.5,2024
"Masvingo",2024-06-30,NA,14.7,22.5,4.4,2024
"Masvingo",2024-07-01,NA,14.6,NA,NA,2024
"Masvingo",2024-07-02,NA,19.6,25.5,4.5,2024
"Masvingo",2024-07-03,NA,13.1,NA,4.1,2024
"Masvingo",2024-07-04,NA,18.6,28.3,5,2024
"Masvingo",2024-07-05,NA,12.9,25,3.9,2024
"Masvingo",2024-07-06,NA,10.6,NA,0.9,2024
"Masvingo",2024-07-07,NA,18.6,NA,NA,2024
"Masvingo",2024-07-08,NA,17.9,NA,7.5,2024
"Masvingo",2024-07-09,NA,15.7,NA,3.4,2024
"Masvingo",2024-07-10,NA,20.1,NA,NA,2024
"Masvingo",2024-07-11,NA,22.7,29.5,NA,2024
"Masvingo",2024-07-12,NA,20.7,31.2,NA,2024
"Masvingo",2024-07-13,NA,17.3,NA,4.7,2024
"Masvingo",2024-07-14,NA,21.6,29.9,5.5,2024
"Masvingo",2024-07-15,NA,17.4,29,5.4,2024
"Masvingo",2024-07-16,NA,17,27.9,5.8,2024
"Masvingo",2024-07-17,NA,18.8,28.2,6,2024
"Masvingo",2024-07-18,NA,14.1,NA,5,2024
"Masvingo",2024-07-20,NA,18.5,NA,6.1,2024
"Masvingo",2024-07-21,NA,16.2,NA,NA,2024
"Masvingo",2024-07-23,NA,22.6,30.5,8.6,2024
"Masvingo",2024-07-24,NA,22.9,NA,NA,2024
"Masvingo",2024-07-25,NA,15.5,26.7,6.5,2024
"Masvingo",2024-07-26,NA,17.3,NA,9.5,2024
"Masvingo",2024-07-28,NA,24.1,31.5,8.7,2024
"Masvingo",2024-07-29,NA,17.9,25.8,NA,2024
"Masvingo",2024-07-30,NA,19,30.2,6.1,2024
"Masvingo",2024-07-31,NA,19.6,NA,8.2,2024
"Masvingo",2024-08-03,NA,21.9,28.4,5.8,2024
"Masvingo",2024-08-04,NA,19.6,32.8,6.6,2024
"Masvingo",2024-08-05,NA,25.4,NA,10,2024
"Masvingo",2024-08-06,0,18,NA,14.5,2024
"Masvingo",2024-08-07,NA,20.9,25.7,9.2,2024
"Masvingo",2024-08-08,NA,19.9,29.1,8,2024
"Masvingo",2024-08-09,NA,22.3,31.3,7.5,2024
"Masvingo",2024-08-10,NA,20.9,31.8,7.1,2024
"Masvingo",2024-08-11,NA,19.2,NA,NA,2024
"Masvingo",2024-08-13,NA,19.8,NA,10.6,2024
"Masvingo",2024-08-15,NA,22.9,NA,NA,2024
"Masvingo",2024-08-16,NA,20.8,NA,11.5,2024
"Masvingo",2024-08-17,NA,19.5,27.5,7,2024
"Masvingo",2024-08-18,NA,17.1,28.6,4.5,2024
"Masvingo",2024-08-19,NA,16.7,26.6,5.2,2024
"Masvingo",2024-08-20,NA,19.8,NA,9.9,2024
"Masvingo",2024-08-21,NA,18.6,NA,5,2024
"Masvingo",2024-08-22,NA,18.4,NA,6,2024
"Masvingo",2024-08-23,3,15.7,18.5,12.5,2024
"Masvingo",2024-08-25,NA,19.3,NA,8.5,2024
"Masvingo",2024-08-27,NA,28.5,32.2,NA,2024
"Masvingo",2024-08-28,NA,21.4,34.1,9.6,2024
"Masvingo",2024-08-29,NA,20.5,25.1,12.2,2024
"Masvingo",2024-08-30,0,15.5,18.2,NA,2024
"Masvingo",2024-08-31,0.5,14,16,12.9,2024
"Masvingo",2024-09-01,0,14.8,20.6,9.5,2024
"Masvingo",2024-09-02,NA,16.4,24.4,2.5,2024
"Masvingo",2024-09-03,NA,15.5,24.3,6,2024
"Masvingo",2024-09-04,NA,19.6,25.8,7,2024
"Masvingo",2024-09-05,NA,20.7,NA,6,2024
"Masvingo",2024-09-06,NA,19.3,NA,7.5,2024
"Masvingo",2024-09-07,NA,26.1,30,NA,2024
"Masvingo",2024-09-08,NA,23.9,NA,12.9,2024
"Masvingo",2024-09-09,NA,24.9,33,14.9,2024
"Masvingo",2024-09-10,NA,18.6,25.6,NA,2024
"Masvingo",2024-09-11,NA,22.7,30.8,15.5,2024
"Masvingo",2024-09-12,NA,22.7,34.4,12,2024
"Masvingo",2024-09-13,NA,22.3,NA,15.2,2024
"Masvingo",2024-09-14,NA,30.4,NA,14.4,2024
"Masvingo",2024-09-15,NA,28.9,36.2,14.5,2024
"Masvingo",2024-09-16,NA,26.7,35.8,NA,2024
"Masvingo",2024-09-17,NA,25.9,33,17,2024
"Masvingo",2024-09-18,NA,26.2,NA,17,2024
"Masvingo",2024-09-19,NA,30.9,37.6,17.4,2024
"Masvingo",2024-09-20,NA,17.4,21.8,NA,2024
"Masvingo",2024-09-21,0,14.2,18.6,NA,2024
"Masvingo",2024-09-22,0,12.7,15,NA,2024
"Masvingo",2024-09-23,NA,13.1,16.4,10.8,2024
"Masvingo",2024-09-24,0,22.1,26.8,7.6,2024
"Masvingo",2024-09-25,NA,23.6,31.5,10.2,2024
"Masvingo",2024-09-26,NA,26.3,34.6,14.2,2024
"Masvingo",2024-09-27,NA,30.9,34.5,18.2,2024
"Masvingo",2024-09-28,NA,27.3,36.5,15,2024
"Masvingo",2024-09-29,NA,29.1,NA,NA,2024
"Masvingo",2024-09-30,NA,24.7,NA,21,2024
"Masvingo",2024-10-02,NA,14.1,15.3,NA,2024
"Masvingo",2024-10-03,2,13.1,15.7,11,2024
"Masvingo",2024-10-04,0,15.4,19.4,11.3,2024
"Masvingo",2024-10-05,0,15.9,21.8,12.4,2024
"Masvingo",2024-10-06,NA,17.4,25.2,6,2024
"Masvingo",2024-10-07,NA,20.3,29,7.8,2024
"Masvingo",2024-10-08,NA,22.3,28.6,10.5,2024
"Masvingo",2024-10-09,NA,21.3,28.5,NA,2024
"Masvingo",2024-10-10,NA,25.4,29.5,12.5,2024
"Masvingo",2024-10-11,NA,20.2,NA,9.5,2024
"Masvingo",2024-10-12,NA,27.1,32.6,11.5,2024
"Masvingo",2024-10-13,NA,21.6,NA,12.9,2024
"Masvingo",2024-10-14,NA,29.9,35.5,15.6,2024
"Masvingo",2024-10-17,0,17.7,25.1,12.8,2024
"Masvingo",2024-10-18,NA,25.3,NA,NA,2024
"Masvingo",2024-10-19,NA,30.1,35,NA,2024
"Masvingo",2024-10-20,NA,29.9,34.9,17.2,2024
"Masvingo",2024-10-21,NA,25.3,32.5,17.7,2024
"Masvingo",2024-10-22,NA,21.4,NA,16,2024
"Masvingo",2024-10-23,0,30.4,NA,NA,2024
"Masvingo",2024-10-24,4.1,23.7,29.5,19,2024
"Masvingo",2024-10-26,NA,24.8,NA,20,2024
"Masvingo",2024-10-27,NA,29.2,36.8,21.5,2024
"Masvingo",2024-10-29,4.1,20.6,26.8,NA,2024
"Masvingo",2024-11-01,0,24.2,28,18.5,2024
"Masvingo",2024-11-02,NA,26.9,34.5,13.7,2024
"Masvingo",2024-11-03,NA,30.3,NA,16.9,2024
"Masvingo",2024-11-04,NA,27,NA,15.3,2024
"Masvingo",2024-11-05,NA,26.8,39,18.2,2024
"Masvingo",2024-11-08,0,24.3,NA,18,2024
"Masvingo",2024-11-10,NA,27.9,NA,NA,2024
"Masvingo",2024-11-11,NA,26.4,36.5,19.4,2024
"Masvingo",2024-11-12,0.5,23.2,31.2,NA,2024
"Masvingo",2024-11-14,37.1,17.6,NA,17,2024
"Masvingo",2024-11-15,4.1,18.6,NA,15,2024
"Masvingo",2024-11-16,0,23.8,28.8,14.9,2024
"Masvingo",2024-11-17,0,27.2,31.5,17,2024
"Masvingo",2024-11-22,NA,30.6,NA,16,2024
"Masvingo",2024-11-23,NA,30.7,34.1,17.5,2024
"Masvingo",2024-11-24,NA,25.5,NA,21.2,2024
"Masvingo",2024-11-25,NA,24.4,32.4,NA,2024
"Masvingo",2024-11-26,NA,25.4,NA,19.1,2024
"Masvingo",2024-11-27,0.3,25.4,34.3,20,2024
"Masvingo",2024-11-28,1,24.3,33,19.1,2024
"Masvingo",2024-11-29,3,17.8,19.8,16.2,2024
"Masvingo",2024-11-30,0,19.6,NA,15,2024
"Masvingo",2024-12-02,NA,29.4,34,13.6,2024
"Masvingo",2024-12-03,NA,26,NA,NA,2024
"Masvingo",2024-12-04,NA,29.8,NA,NA,2024
"Masvingo",2024-12-05,NA,28.5,NA,19,2024
"Masvingo",2024-12-06,NA,31.6,NA,18.4,2024
"Masvingo",2024-12-07,NA,33.3,NA,20,2024
"Masvingo",2024-12-08,NA,30.2,35,21.5,2024
"Masvingo",2024-12-09,NA,26.8,NA,19.6,2024
"Masvingo",2024-12-11,NA,30.5,NA,18,2024
"Masvingo",2024-12-12,NA,30.9,36.5,17.3,2024
"Masvingo",2024-12-13,NA,32.3,39.6,18.8,2024
"Masvingo",2024-12-14,NA,29.4,NA,20.5,2024
"Masvingo",2024-12-15,NA,25.1,NA,20.5,2024
"Masvingo",2024-12-16,0,26.3,35.5,NA,2024
"Harare Kutsaga",2014-01-01,NA,19.7,23.3,NA,2014
"Harare Kutsaga",2014-01-02,24.9,19.5,23.3,16.9,2014
"Harare Kutsaga",2014-01-03,3,20.3,24.3,17.5,2014
"Harare Kutsaga",2014-01-04,0,21.7,NA,17.3,2014
"Harare Kutsaga",2014-01-05,0,20.5,25,NA,2014
"Harare Kutsaga",2014-01-06,NA,21.2,NA,15.7,2014
"Harare Kutsaga",2014-01-07,0,22.3,27.3,17.5,2014
"Harare Kutsaga",2014-01-08,NA,20.6,26,14.5,2014
"Harare Kutsaga",2014-01-09,NA,22.2,NA,NA,2014
"Harare Kutsaga",2014-01-10,NA,21.7,28.7,NA,2014
"Harare Kutsaga",2014-01-11,NA,21.8,29.3,17.4,2014
"Harare Kutsaga",2014-01-12,NA,20.7,26.7,NA,2014
"Harare Kutsaga",2014-01-13,0.8,21.7,28.2,14.2,2014
"Harare Kutsaga",2014-01-14,0,21.6,26.5,14.5,2014
"Harare Kutsaga",2014-01-15,NA,20.3,NA,14.9,2014
"Harare Kutsaga",2014-01-16,0,20.8,27.2,NA,2014
"Harare Kutsaga",2014-01-17,NA,20.9,26.1,NA,2014
"Harare Kutsaga",2014-01-18,NA,21.2,28.1,12.8,2014
"Harare Kutsaga",2014-01-19,NA,19,23.1,13.5,2014
"Harare Kutsaga",2014-01-20,32,21.8,28.4,NA,2014
"Harare Kutsaga",2014-01-21,0,21.7,28.4,14.5,2014
"Harare Kutsaga",2014-01-22,NA,21.8,29.4,14.7,2014
"Harare Kutsaga",2014-01-23,13,21,25.5,17.8,2014
"Harare Kutsaga",2014-01-24,0.5,21.1,NA,17.4,2014
"Harare Kutsaga",2014-01-25,55.1,21.7,28,NA,2014
"Harare Kutsaga",2014-01-26,0,22.6,NA,18.5,2014
"Harare Kutsaga",2014-01-27,54.1,20.8,NA,NA,2014
"Harare Kutsaga",2014-01-28,2,22.2,NA,17.5,2014
"Harare Kutsaga",2014-01-29,4.1,21.3,NA,17.8,2014
"Harare Kutsaga",2014-01-30,6.1,21.4,NA,18,2014
"Harare Kutsaga",2014-01-31,0,21.5,26.1,17.6,2014
"Harare Kutsaga",2014-02-01,NA,20.9,27.5,NA,2014
"Harare Kutsaga",2014-02-02,37.1,22.6,NA,12.6,2014
"Harare Kutsaga",2014-02-03,0,22.4,26.9,18.6,2014
"Harare Kutsaga",2014-02-04,3,21.3,26.8,17.4,2014
"Harare Kutsaga",2014-02-05,29,21.9,NA,16.4,2014
"Harare Kutsaga",2014-02-06,0,22.9,28.5,16.5,2014
"Harare Kutsaga",2014-02-07,4.1,20.3,NA,18,2014
"Harare Kutsaga",2014-02-08,13,20.1,NA,17.9,2014
"Harare Kutsaga",2014-02-09,0,20.6,26.6,NA,2014
"Harare Kutsaga",2014-02-10,11.9,19.5,24.3,16.9,2014
"Harare Kutsaga",2014-02-11,20.1,20.3,24.6,16.8,2014
"Harare Kutsaga",2014-02-12,0,21.1,26.6,15.9,2014
"Harare Kutsaga",2014-02-13,NA,21.6,27.2,NA,2014
"Harare Kutsaga",2014-02-14,NA,20.1,25.8,16.2,2014
"Harare Kutsaga",2014-02-15,0,19.9,NA,15,2014
"Harare Kutsaga",2014-02-16,NA,20.7,25.6,NA,2014
"Harare Kutsaga",2014-02-17,NA,19.8,24.8,16.9,2014
"Harare Kutsaga",2014-02-18,0,20.3,26.2,12.6,2014
"Harare Kutsaga",2014-02-19,NA,21.1,28,13.8,2014
"Harare Kutsaga",2014-02-20,NA,22.2,28.7,16,2014
"Harare Kutsaga",2014-02-21,19.1,21.7,27.4,16.5,2014
"Harare Kutsaga",2014-02-22,19.1,21,NA,16.5,2014
"Harare Kutsaga",2014-02-23,0,20.6,26.6,NA,2014
"Harare Kutsaga",2014-02-24,NA,21,28.4,NA,2014
"Harare Kutsaga",2014-02-25,0,21.3,27.1,NA,2014
"Harare Kutsaga",2014-02-26,NA,21.9,28.1,16.5,2014
"Harare Kutsaga",2014-02-27,NA,21.1,26,NA,2014
"Harare Kutsaga",2014-02-28,NA,21.7,26.9,18.3,2014
"Harare Kutsaga",2014-03-01,NA,21.9,27.6,17.9,2014
"Harare Kutsaga",2014-03-02,0,22.4,28.4,NA,2014
"Harare Kutsaga",2014-03-03,NA,21.9,27.6,19,2014
"Harare Kutsaga",2014-03-04,NA,22.2,28.2,NA,2014
"Harare Kutsaga",2014-03-05,NA,22.6,28.4,17.9,2014
"Harare Kutsaga",2014-03-06,NA,21.9,27.8,NA,2014
"Harare Kutsaga",2014-03-07,0,21.4,27.7,17,2014
"Harare Kutsaga",2014-03-08,NA,22.6,28.4,16.9,2014
"Harare Kutsaga",2014-03-09,NA,21.2,26.2,NA,2014
"Harare Kutsaga",2014-03-10,NA,21.9,27.3,17.7,2014
"Harare Kutsaga",2014-03-11,NA,22.2,27.9,17.9,2014
"Harare Kutsaga",2014-03-12,NA,22.1,29.2,NA,2014
"Harare Kutsaga",2014-03-13,NA,19.9,27.1,16,2014
"Harare Kutsaga",2014-03-14,7.1,20.9,26.1,16.4,2014
"Harare Kutsaga",2014-03-15,0,19.9,26.9,15.7,2014
"Harare Kutsaga",2014-03-16,2,22.3,27.7,15.9,2014
"Harare Kutsaga",2014-03-17,0,22.8,NA,17.2,2014
"Harare Kutsaga",2014-03-18,NA,21.7,NA,13.8,2014
"Harare Kutsaga",2014-03-19,NA,21.1,29.3,12.9,2014
"Harare Kutsaga",2014-03-20,NA,22.1,NA,NA,2014
"Harare Kutsaga",2014-03-21,0,21.5,28,15.8,2014
"Harare Kutsaga",2014-03-22,NA,20.1,25.7,13.4,2014
"Harare Kutsaga",2014-03-23,NA,20.6,28,13.9,2014
"Harare Kutsaga",2014-03-24,NA,20.5,29,11.8,2014
"Harare Kutsaga",2014-03-25,0,20.1,NA,NA,2014
"Harare Kutsaga",2014-03-26,NA,21.4,27.8,12.8,2014
"Harare Kutsaga",2014-03-27,NA,20.8,28.2,12.6,2014
"Harare Kutsaga",2014-03-28,NA,19.8,26.8,NA,2014
"Harare Kutsaga",2014-03-29,NA,18.9,26.2,NA,2014
"Harare Kutsaga",2014-03-30,0,19.1,26.3,12.6,2014
"Harare Kutsaga",2014-03-31,NA,21.3,28,NA,2014
"Harare Kutsaga",2014-04-01,NA,21.2,27.4,12.3,2014
"Harare Kutsaga",2014-04-02,NA,21.3,28.3,NA,2014
"Harare Kutsaga",2014-04-03,NA,22.2,29.1,NA,2014
"Harare Kutsaga",2014-04-04,NA,22.4,30,14,2014
"Harare Kutsaga",2014-04-05,NA,20.5,27.1,15,2014
"Harare Kutsaga",2014-04-06,NA,18.1,22.6,NA,2014
"Harare Kutsaga",2014-04-07,NA,18.1,23.8,12.4,2014
"Harare Kutsaga",2014-04-08,NA,17.2,24.6,10.8,2014
"Harare Kutsaga",2014-04-09,NA,16.2,21,12.7,2014
"Harare Kutsaga",2014-04-10,NA,15.1,18.1,12.8,2014
"Harare Kutsaga",2014-04-11,4.1,16.6,21.4,13.5,2014
"Harare Kutsaga",2014-04-12,0,17.7,22.1,NA,2014
"Harare Kutsaga",2014-04-13,0,18.8,26.1,NA,2014
"Harare Kutsaga",2014-04-14,NA,16.6,NA,12.8,2014
"Harare Kutsaga",2014-04-15,NA,17.4,23.8,10.5,2014
"Harare Kutsaga",2014-04-16,NA,18.3,26.3,NA,2014
"Harare Kutsaga",2014-04-17,0,15.2,NA,NA,2014
"Harare Kutsaga",2014-04-18,0,17.4,23.6,NA,2014
"Harare Kutsaga",2014-04-19,NA,18.4,25.5,10.5,2014
"Harare Kutsaga",2014-04-20,NA,19.7,27.2,9.6,2014
"Harare Kutsaga",2014-04-21,NA,18.5,26.1,10.9,2014
"Harare Kutsaga",2014-04-22,NA,19.2,26.3,10.6,2014
"Harare Kutsaga",2014-04-23,NA,20.3,27.8,12.3,2014
"Harare Kutsaga",2014-04-24,NA,19.8,NA,15.8,2014
"Harare Kutsaga",2014-04-25,0,19.6,26.6,15.6,2014
"Harare Kutsaga",2014-04-26,NA,18.6,25.4,14.5,2014
"Harare Kutsaga",2014-04-27,0,18.7,NA,16,2014
"Harare Kutsaga",2014-04-28,21.1,17.6,23.6,12.9,2014
"Harare Kutsaga",2014-04-29,0,16.9,24.8,10.6,2014
"Harare Kutsaga",2014-04-30,NA,19.1,26.1,9.9,2014
"Harare Kutsaga",2014-05-01,NA,17.4,26.6,10.5,2014
"Harare Kutsaga",2014-05-02,NA,18.1,NA,7.7,2014
"Harare Kutsaga",2014-05-03,NA,16.4,24.2,6.9,2014
"Harare Kutsaga",2014-05-04,NA,17.9,23.8,NA,2014
"Harare Kutsaga",2014-05-05,NA,19.3,25.7,12,2014
"Harare Kutsaga",2014-05-06,NA,18.8,26,13.3,2014
"Harare Kutsaga",2014-05-07,NA,17.1,24.6,11.9,2014
"Harare Kutsaga",2014-05-08,NA,17.4,24.7,NA,2014
"Harare Kutsaga",2014-05-09,NA,17.7,NA,11.3,2014
"Harare Kutsaga",2014-05-10,NA,18.3,25.1,11.6,2014
"Harare Kutsaga",2014-05-11,NA,18.4,25.9,10.9,2014
"Harare Kutsaga",2014-05-12,NA,18.2,26.7,10,2014
"Harare Kutsaga",2014-05-13,NA,18.4,26,10,2014
"Harare Kutsaga",2014-05-14,NA,17.1,24.6,9.9,2014
"Harare Kutsaga",2014-05-15,NA,16,24.2,8,2014
"Harare Kutsaga",2014-05-16,NA,17.5,NA,9.6,2014
"Harare Kutsaga",2014-05-17,NA,18.7,26.6,7,2014
"Harare Kutsaga",2014-05-18,NA,14.9,21.3,9.5,2014
"Harare Kutsaga",2014-05-19,NA,14.8,20.4,NA,2014
"Harare Kutsaga",2014-05-20,NA,14.9,20,10,2014
"Harare Kutsaga",2014-05-21,NA,17.3,NA,9.5,2014
"Harare Kutsaga",2014-05-22,NA,17.2,NA,10.8,2014
"Harare Kutsaga",2014-05-23,NA,16.1,22.2,9.4,2014
"Harare Kutsaga",2014-05-24,NA,15.8,23.7,6.5,2014
"Harare Kutsaga",2014-05-25,NA,15.1,23.3,NA,2014
"Harare Kutsaga",2014-05-26,NA,16.4,23.7,7.3,2014
"Harare Kutsaga",2014-05-27,NA,16.7,NA,7,2014
"Harare Kutsaga",2014-05-28,NA,16.5,24.6,NA,2014
"Harare Kutsaga",2014-05-29,NA,17.2,25,6.3,2014
"Harare Kutsaga",2014-05-30,NA,15.8,24.1,7.8,2014
"Harare Kutsaga",2014-05-31,NA,16.1,25,6,2014
"Harare Kutsaga",2014-06-01,NA,17.8,25.6,NA,2014
"Harare Kutsaga",2014-06-02,NA,17.8,NA,9,2014
"Harare Kutsaga",2014-06-03,NA,17.5,26,7.3,2014
"Harare Kutsaga",2014-06-04,NA,18.6,26.1,9.4,2014
"Harare Kutsaga",2014-06-05,NA,18.7,27.7,NA,2014
"Harare Kutsaga",2014-06-06,NA,16,25.3,NA,2014
"Harare Kutsaga",2014-06-07,NA,11.2,18.9,5.7,2014
"Harare Kutsaga",2014-06-08,NA,11.9,NA,4.4,2014
"Harare Kutsaga",2014-06-09,NA,14.1,NA,NA,2014
"Harare Kutsaga",2014-06-10,NA,17.2,22.3,8.6,2014
"Harare Kutsaga",2014-06-11,NA,13.7,19.3,NA,2014
"Harare Kutsaga",2014-06-12,NA,13.7,19.6,8.7,2014
"Harare Kutsaga",2014-06-13,NA,15.9,21.8,NA,2014
"Harare Kutsaga",2014-06-14,NA,14.7,22.1,NA,2014
"Harare Kutsaga",2014-06-15,NA,15.2,NA,6.1,2014
"Harare Kutsaga",2014-06-16,NA,16.7,NA,6.2,2014
"Harare Kutsaga",2014-06-17,NA,16.2,24,NA,2014
"Harare Kutsaga",2014-06-18,NA,15.1,23.5,3.9,2014
"Harare Kutsaga",2014-06-19,NA,15.4,NA,5.8,2014
"Harare Kutsaga",2014-06-20,NA,15,NA,8.5,2014
"Harare Kutsaga",2014-06-21,NA,13.2,19.3,9,2014
"Harare Kutsaga",2014-06-22,NA,13.8,21.3,5.7,2014
"Harare Kutsaga",2014-06-23,NA,13.4,NA,4.8,2014
"Harare Kutsaga",2014-06-24,NA,14.8,23.2,5,2014
"Harare Kutsaga",2014-06-25,NA,11.9,NA,NA,2014
"Harare Kutsaga",2014-07-07,NA,17.4,24.4,10.5,2014
"Harare Kutsaga",2014-07-08,NA,17.1,24.3,6.9,2014
"Harare Kutsaga",2014-07-09,NA,13.1,21.1,NA,2014
"Harare Kutsaga",2014-07-10,NA,11.1,18.4,5.2,2014
"Harare Kutsaga",2014-07-11,NA,10.7,18.2,4.7,2014
"Harare Kutsaga",2014-07-12,NA,9.8,NA,3.6,2014
"Harare Kutsaga",2014-07-13,NA,12.8,22,NA,2014
"Harare Kutsaga",2014-07-14,NA,13.3,21.9,2.6,2014
"Harare Kutsaga",2014-07-15,NA,12.6,20.1,NA,2014
"Harare Kutsaga",2014-07-16,NA,14.1,NA,5.3,2014
"Harare Kutsaga",2014-07-17,NA,14.7,21,NA,2014
"Harare Kutsaga",2014-07-18,NA,14.5,23.8,3.8,2014
"Harare Kutsaga",2014-07-19,NA,15.8,25.5,6.7,2014
"Harare Kutsaga",2014-07-20,NA,16.6,NA,8.3,2014
"Harare Kutsaga",2014-07-21,NA,14.3,22.3,7,2014
"Harare Kutsaga",2014-07-22,NA,13.9,NA,6.9,2014
"Harare Kutsaga",2014-07-23,NA,14.4,22.8,NA,2014
"Harare Kutsaga",2014-07-24,NA,14.2,23.3,4.3,2014
"Harare Kutsaga",2014-07-25,NA,16,24.5,4.7,2014
"Harare Kutsaga",2014-07-26,NA,17.3,NA,10.7,2014
"Harare Kutsaga",2014-07-27,NA,18.3,25.6,9.8,2014
"Harare Kutsaga",2014-07-28,NA,16.6,24.6,10.5,2014
"Harare Kutsaga",2014-07-29,0,14.2,19.6,NA,2014
"Harare Kutsaga",2014-07-30,NA,14.5,NA,NA,2014
"Harare Kutsaga",2014-07-31,NA,13.4,23.4,6,2014
"Harare Kutsaga",2014-08-01,NA,16.9,24.7,8.6,2014
"Harare Kutsaga",2014-08-02,NA,15.8,23.4,6.4,2014
"Harare Kutsaga",2014-08-03,NA,14,23.3,3.5,2014
"Harare Kutsaga",2014-08-04,NA,14.8,23.3,5.5,2014
"Harare Kutsaga",2014-08-05,NA,16.2,24.4,NA,2014
"Harare Kutsaga",2014-08-06,NA,17.6,25,NA,2014
"Harare Kutsaga",2014-08-07,NA,17.9,24.2,10.8,2014
"Harare Kutsaga",2014-08-08,NA,16.5,24.5,8.6,2014
"Harare Kutsaga",2014-08-09,NA,14.2,23.5,4.8,2014
"Harare Kutsaga",2014-08-10,NA,15.7,24.6,6.8,2014
"Harare Kutsaga",2014-08-11,NA,14.2,21.9,7.8,2014
"Harare Kutsaga",2014-08-12,NA,15.2,23,6.7,2014
"Harare Kutsaga",2014-08-13,NA,15.3,21.3,NA,2014
"Harare Kutsaga",2014-08-14,NA,17.1,23.5,NA,2014
"Harare Kutsaga",2014-08-15,NA,15.9,23.1,9.6,2014
"Harare Kutsaga",2014-08-16,NA,15.3,22.4,10.2,2014
"Harare Kutsaga",2014-08-17,NA,15.5,NA,NA,2014
"Harare Kutsaga",2014-08-18,NA,15.1,23.3,6.9,2014
"Harare Kutsaga",2014-08-19,NA,17.9,24.9,NA,2014
"Harare Kutsaga",2014-08-20,NA,18.9,25.7,11.8,2014
"Harare Kutsaga",2014-08-21,NA,18.8,27.6,12.3,2014
"Harare Kutsaga",2014-08-22,NA,19.6,29.5,12.9,2014
"Harare Kutsaga",2014-08-23,NA,18.4,29.5,10.9,2014
"Harare Kutsaga",2014-08-24,NA,17.3,25.8,8.5,2014
"Harare Kutsaga",2014-08-25,NA,15.3,NA,5.7,2014
"Harare Kutsaga",2014-08-26,NA,19.1,26.1,8,2014
"Harare Kutsaga",2014-08-27,NA,18.3,NA,8,2014
"Harare Kutsaga",2014-08-28,NA,17.5,28.2,7.6,2014
"Harare Kutsaga",2014-08-29,NA,19,29.4,10.3,2014
"Harare Kutsaga",2014-08-30,NA,17.2,26.4,NA,2014
"Harare Kutsaga",2014-08-31,NA,14.9,24.1,6.2,2014
"Harare Kutsaga",2014-09-01,NA,12.3,21.2,4.8,2014
"Harare Kutsaga",2014-09-02,NA,12.3,20.4,5.8,2014
"Harare Kutsaga",2014-09-03,NA,13.1,NA,8,2014
"Harare Kutsaga",2014-09-04,NA,13.1,NA,5.9,2014
"Harare Kutsaga",2014-09-05,NA,14.6,21.7,NA,2014
"Harare Kutsaga",2014-09-06,NA,16.8,23.6,9,2014
"Harare Kutsaga",2014-09-07,NA,17.3,26,7.4,2014
"Harare Kutsaga",2014-09-08,NA,18.1,26.5,10.7,2014
"Harare Kutsaga",2014-09-09,NA,19.9,26.7,12.1,2014
"Harare Kutsaga",2014-09-10,NA,20.2,28,NA,2014
"Harare Kutsaga",2014-09-11,NA,22.4,29.8,NA,2014
"Harare Kutsaga",2014-09-12,NA,23.2,31.1,15.2,2014
"Harare Kutsaga",2014-09-13,NA,22,30.5,15,2014
"Harare Kutsaga",2014-09-14,NA,20.4,27.9,13.3,2014
"Harare Kutsaga",2014-09-15,NA,20.7,28.6,13,2014
"Harare Kutsaga",2014-09-16,NA,21.5,29.6,NA,2014
"Harare Kutsaga",2014-09-17,NA,22.2,31,NA,2014
"Harare Kutsaga",2014-09-18,NA,22.6,31.1,14.3,2014
"Harare Kutsaga",2014-09-19,NA,24.4,NA,NA,2014
"Harare Kutsaga",2014-09-20,NA,19.6,28.3,NA,2014
"Harare Kutsaga",2014-09-21,NA,20.1,26.3,13.1,2014
"Harare Kutsaga",2014-09-22,NA,18.7,26.2,11.2,2014
"Harare Kutsaga",2014-09-23,NA,19.5,27.5,9.8,2014
"Harare Kutsaga",2014-09-24,NA,19,28.9,7.9,2014
"Harare Kutsaga",2014-09-25,NA,20.7,29.6,8.5,2014
"Harare Kutsaga",2014-09-26,NA,20.9,NA,10.7,2014
"Harare Kutsaga",2014-09-27,NA,22,30.1,13.6,2014
"Harare Kutsaga",2014-09-28,NA,23.6,30.6,16.5,2014
"Harare Kutsaga",2014-09-29,NA,23,30.2,NA,2014
"Harare Kutsaga",2014-09-30,NA,24.9,31.5,15.4,2014
"Harare Kutsaga",2014-10-01,NA,26.1,32.7,16.7,2014
"Harare Kutsaga",2014-10-02,0,21.1,28.7,15.7,2014
"Harare Kutsaga",2014-10-03,0,20.3,27.5,14.7,2014
"Harare Kutsaga",2014-10-04,NA,15.2,20.1,NA,2014
"Harare Kutsaga",2014-10-05,NA,16.4,24.4,NA,2014
"Harare Kutsaga",2014-10-06,NA,15.9,25.1,7.3,2014
"Harare Kutsaga",2014-10-07,NA,19.7,27.4,8.8,2014
"Harare Kutsaga",2014-10-08,NA,22.2,NA,NA,2014
"Harare Kutsaga",2014-10-09,NA,25.5,32.4,15.5,2014
"Harare Kutsaga",2014-10-10,NA,26.5,33.4,18.4,2014
"Harare Kutsaga",2014-10-11,NA,23.8,30.9,17.7,2014
"Harare Kutsaga",2014-10-12,NA,23.3,30.3,16.3,2014
"Harare Kutsaga",2014-10-13,NA,24.3,32.2,NA,2014
"Harare Kutsaga",2014-10-14,NA,24.2,32.8,16.6,2014
"Harare Kutsaga",2014-10-15,NA,23.7,32.5,12.4,2014
"Harare Kutsaga",2014-10-16,NA,23.7,31.7,NA,2014
"Harare Kutsaga",2014-10-17,2,23.2,31.8,NA,2014
"Harare Kutsaga",2014-10-18,0,20.5,NA,NA,2014
"Harare Kutsaga",2014-10-19,NA,22.2,NA,11.9,2014
"Harare Kutsaga",2014-10-20,NA,21.4,29.5,NA,2014
"Harare Kutsaga",2014-10-21,NA,21.7,30,NA,2014
"Harare Kutsaga",2014-10-22,NA,20.4,29.5,NA,2014
"Harare Kutsaga",2014-10-23,NA,21.3,29.3,NA,2014
"Harare Kutsaga",2014-10-24,NA,22.8,31.9,13.9,2014
"Harare Kutsaga",2014-10-25,NA,23,31.4,17.4,2014
"Harare Kutsaga",2014-10-26,0,20.5,NA,NA,2014
"Harare Kutsaga",2014-10-27,NA,20.1,NA,NA,2014
"Harare Kutsaga",2014-10-28,NA,18.9,27.8,10.6,2014
"Harare Kutsaga",2014-10-29,NA,21.2,NA,12.5,2014
"Harare Kutsaga",2014-10-30,NA,22.8,30,12.9,2014
"Harare Kutsaga",2014-10-31,NA,22.8,NA,14,2014
"Harare Kutsaga",2014-11-01,NA,23.8,30.4,NA,2014
"Harare Kutsaga",2014-11-02,NA,23.8,30.9,17.8,2014
"Harare Kutsaga",2014-11-03,NA,24.8,NA,18.5,2014
"Harare Kutsaga",2014-11-04,NA,24.6,30.7,16.8,2014
"Harare Kutsaga",2014-11-05,NA,25,32.4,15.8,2014
"Harare Kutsaga",2014-11-06,NA,21.2,26.2,NA,2014
"Harare Kutsaga",2014-11-07,0,21.7,29.8,14.9,2014
"Harare Kutsaga",2014-11-08,NA,20.6,29,13.8,2014
"Harare Kutsaga",2014-11-09,NA,22.9,30.5,15.7,2014
"Harare Kutsaga",2014-11-10,NA,25.3,NA,16.9,2014
"Harare Kutsaga",2014-11-11,NA,24.6,NA,17,2014
"Harare Kutsaga",2014-11-12,NA,23.8,30.3,15.8,2014
"Harare Kutsaga",2014-11-13,NA,24.9,31.8,18,2014
"Harare Kutsaga",2014-11-14,NA,25.7,32.9,17,2014
"Harare Kutsaga",2014-11-15,NA,24.1,32.7,NA,2014
"Harare Kutsaga",2014-11-16,NA,21.6,30.9,17.6,2014
"Harare Kutsaga",2014-11-17,NA,17.6,25.3,NA,2014
"Harare Kutsaga",2014-11-18,NA,14,NA,12.9,2014
"Harare Kutsaga",2014-11-19,NA,16.2,20,11.6,2014
"Harare Kutsaga",2014-11-20,NA,20.3,27,11.8,2014
"Harare Kutsaga",2014-11-21,NA,24.7,30.1,NA,2014
"Harare Kutsaga",2014-11-22,NA,23.4,30.6,17.8,2014
"Harare Kutsaga",2014-11-23,NA,24.1,NA,15.3,2014
"Harare Kutsaga",2014-11-24,NA,24.3,32.5,16.5,2014
"Harare Kutsaga",2014-11-25,NA,24.6,32.2,16.7,2014
"Harare Kutsaga",2014-11-26,NA,24.8,31.5,16.6,2014
"Harare Kutsaga",2014-11-27,NA,24.3,NA,15.7,2014
"Harare Kutsaga",2014-11-28,NA,26.1,32.9,17.8,2014
"Harare Kutsaga",2014-11-29,NA,24.2,NA,18.2,2014
"Harare Kutsaga",2014-11-30,NA,22.4,27.2,NA,2014
"Harare Kutsaga",2014-12-01,NA,19.5,22.9,16.2,2014
"Harare Kutsaga",2014-12-02,NA,20.4,28,14.9,2014
"Harare Kutsaga",2014-12-03,NA,21.6,NA,NA,2014
"Harare Kutsaga",2014-12-04,NA,23.2,31.4,14.9,2014
"Harare Kutsaga",2014-12-05,NA,25.4,33.1,15.3,2014
"Harare Kutsaga",2014-12-06,NA,24.7,NA,16.9,2014
"Harare Kutsaga",2014-12-07,NA,22.2,29.1,14.8,2014
"Harare Kutsaga",2014-12-08,0,20.6,27.8,NA,2014
"Harare Kutsaga",2014-12-09,NA,20.9,26.6,16,2014
"Harare Kutsaga",2014-12-10,NA,20.8,NA,17.7,2014
"Harare Kutsaga",2014-12-11,NA,21.2,26.2,16.4,2014
"Harare Kutsaga",2014-12-12,NA,20.2,24.9,NA,2014
"Harare Kutsaga",2014-12-13,NA,20.9,28,18.2,2014
"Harare Kutsaga",2014-12-14,NA,20.1,NA,NA,2014
"Harare Kutsaga",2014-12-15,1,21.1,26.6,17.1,2014
"Harare Kutsaga",2014-12-17,NA,23.3,27.5,NA,2014
"Harare Kutsaga",2014-12-18,79,20.9,26.3,NA,2014
"Harare Kutsaga",2014-12-19,2,19.8,NA,17.8,2014
"Harare Kutsaga",2014-12-20,39.1,21.3,27.7,16.9,2014
"Harare Kutsaga",2014-12-21,71.1,20,25.1,17.6,2014
"Harare Kutsaga",2014-12-22,7.9,20.6,NA,NA,2014
"Harare Kutsaga",2014-12-23,39.1,22.2,26,NA,2014
"Harare Kutsaga",2014-12-24,2,22.1,NA,NA,2014
"Harare Kutsaga",2014-12-25,0,22.2,27.6,18.2,2014
"Harare Kutsaga",2014-12-26,0,20.3,26.8,17.9,2014
"Harare Kutsaga",2014-12-27,0,22.9,NA,NA,2014
"Harare Kutsaga",2014-12-28,NA,21.4,28,NA,2014
"Harare Kutsaga",2014-12-29,65,22.1,28.3,17.6,2014
"Harare Kutsaga",2014-12-30,48,20.1,25.3,17.7,2014
"Harare Kutsaga",2014-12-31,34,19.1,23.4,NA,2014
"Harare Kutsaga",2015-01-01,29,19.2,23,NA,2015
"Harare Kutsaga",2015-01-02,18,19.3,22.1,16.5,2015
"Harare Kutsaga",2015-01-03,43.9,18.2,19.1,17.5,2015
"Harare Kutsaga",2015-01-04,39.9,18.3,NA,16.9,2015
"Harare Kutsaga",2015-01-05,10.9,19.8,25.2,15,2015
"Harare Kutsaga",2015-01-06,0,21.6,25.8,NA,2015
"Harare Kutsaga",2015-01-07,NA,20.7,27.5,16.7,2015
"Harare Kutsaga",2015-01-08,NA,20.9,NA,NA,2015
"Harare Kutsaga",2015-01-09,NA,22.3,NA,NA,2015
"Harare Kutsaga",2015-01-10,NA,21.7,27.3,15.9,2015
"Harare Kutsaga",2015-01-11,NA,20.4,27.2,13.6,2015
"Harare Kutsaga",2015-01-12,NA,21.2,26.6,NA,2015
"Harare Kutsaga",2015-01-13,NA,22.4,27.5,16.6,2015
"Harare Kutsaga",2015-01-14,NA,22.7,NA,16.4,2015
"Harare Kutsaga",2015-01-15,NA,22.3,27.9,15.1,2015
"Harare Kutsaga",2015-01-16,NA,22.6,29.2,NA,2015
"Harare Kutsaga",2015-01-17,NA,21.7,28.1,16.5,2015
"Harare Kutsaga",2015-01-18,5.1,20.1,27,NA,2015
"Harare Kutsaga",2015-01-19,17,21.4,NA,16.2,2015
"Harare Kutsaga",2015-01-20,13,19.1,23,16.5,2015
"Harare Kutsaga",2015-01-21,0,20.3,NA,NA,2015
"Harare Kutsaga",2015-01-22,NA,20.8,27.1,13.9,2015
"Harare Kutsaga",2015-01-23,NA,18.9,25.5,12.9,2015
"Harare Kutsaga",2015-01-24,NA,20.4,26.5,NA,2015
"Harare Kutsaga",2015-01-25,NA,21.4,26.2,NA,2015
"Harare Kutsaga",2015-01-26,NA,22.4,28.5,NA,2015
"Harare Kutsaga",2015-01-27,0,21.2,28,17.5,2015
"Harare Kutsaga",2015-01-28,0,20.9,NA,15.7,2015
"Harare Kutsaga",2015-01-29,10.9,21.6,27.4,16.8,2015
"Harare Kutsaga",2015-01-30,0.3,21.5,NA,NA,2015
"Harare Kutsaga",2015-01-31,0,22.6,28.3,16.7,2015
"Harare Kutsaga",2015-02-01,0,21.7,29.1,17.3,2015
"Harare Kutsaga",2015-02-02,64,20.5,27.6,17.3,2015
"Harare Kutsaga",2015-02-03,2,21.3,27.8,17.8,2015
"Harare Kutsaga",2015-02-04,0,21.7,28.3,NA,2015
"Harare Kutsaga",2015-02-05,0,23,28.1,17.9,2015
"Harare Kutsaga",2015-02-06,NA,19.7,29.3,16.6,2015
"Harare Kutsaga",2015-02-07,24.9,22.4,28.7,15.4,2015
"Harare Kutsaga",2015-02-08,16,23.2,28.6,16.7,2015
"Harare Kutsaga",2015-02-09,0,21.3,27.6,15.7,2015
"Harare Kutsaga",2015-02-10,NA,21.8,NA,NA,2015
"Harare Kutsaga",2015-02-11,NA,22.4,28.7,17,2015
"Harare Kutsaga",2015-02-12,NA,22.7,28.4,18.2,2015
"Harare Kutsaga",2015-02-13,NA,22.8,29.4,NA,2015
"Harare Kutsaga",2015-02-14,2,21,27.3,NA,2015
"Harare Kutsaga",2015-02-15,0,20.8,NA,17.9,2015
"Harare Kutsaga",2015-02-16,0,20.1,24.9,NA,2015
"Harare Kutsaga",2015-02-17,NA,17.4,NA,NA,2015
"Harare Kutsaga",2015-02-18,NA,17.6,NA,12.6,2015
"Harare Kutsaga",2015-02-19,NA,21.8,NA,13.7,2015
"Harare Kutsaga",2015-02-20,NA,22.6,NA,15.9,2015
"Harare Kutsaga",2015-02-21,NA,21.5,NA,NA,2015
"Harare Kutsaga",2015-02-22,NA,22.4,NA,17.3,2015
"Harare Kutsaga",2015-02-23,NA,19.2,NA,NA,2015
"Harare Kutsaga",2015-02-24,NA,20.8,NA,NA,2015
"Harare Kutsaga",2015-02-25,NA,21.2,NA,NA,2015
"Harare Kutsaga",2015-02-26,0,21.4,NA,NA,2015
"Harare Kutsaga",2015-02-27,NA,22.9,NA,16.3,2015
"Harare Kutsaga",2015-02-28,NA,22.4,NA,16.6,2015
"Harare Kutsaga",2015-03-01,0,19.2,NA,NA,2015
"Harare Kutsaga",2015-03-02,21.1,19.3,NA,16,2015
"Harare Kutsaga",2015-03-03,39.9,16.1,NA,NA,2015
"Harare Kutsaga",2015-03-04,0,17.6,NA,NA,2015
"Harare Kutsaga",2015-03-05,NA,18.2,NA,10.6,2015
"Harare Kutsaga",2015-03-06,NA,18.9,NA,11.3,2015
"Harare Kutsaga",2015-03-07,NA,19.1,NA,12.3,2015
"Harare Kutsaga",2015-03-08,NA,19.8,NA,13.2,2015
"Harare Kutsaga",2015-03-09,NA,20.3,NA,13.7,2015
"Harare Kutsaga",2015-03-10,NA,20.3,NA,15.7,2015
"Harare Kutsaga",2015-03-11,NA,19.9,NA,11.8,2015
"Harare Kutsaga",2015-03-12,NA,20.3,27.4,NA,2015
"Harare Kutsaga",2015-03-13,NA,19.8,27,NA,2015
"Harare Kutsaga",2015-03-14,NA,20.5,27.3,13.8,2015
"Harare Kutsaga",2015-03-15,NA,20.3,28.6,11.6,2015
"Harare Kutsaga",2015-03-16,NA,21.2,28.6,12.5,2015
"Harare Kutsaga",2015-03-17,NA,21.7,29.4,14.6,2015
"Harare Kutsaga",2015-03-18,0,21.7,28.5,NA,2015
"Harare Kutsaga",2015-03-19,NA,21.3,29.8,15.5,2015
"Harare Kutsaga",2015-03-20,NA,22.4,29.5,15.9,2015
"Harare Kutsaga",2015-03-21,NA,21.9,28.2,14.8,2015
"Harare Kutsaga",2015-03-22,NA,22.1,28.4,14.9,2015
"Harare Kutsaga",2015-03-23,NA,21,28.3,15.9,2015
"Harare Kutsaga",2015-03-24,NA,21.3,NA,16,2015
"Harare Kutsaga",2015-03-25,NA,21.9,29,NA,2015
"Harare Kutsaga",2015-03-26,NA,22.9,NA,NA,2015
"Harare Kutsaga",2015-03-27,NA,23.1,29.9,16.8,2015
"Harare Kutsaga",2015-03-28,NA,21.6,NA,NA,2015
"Harare Kutsaga",2015-03-29,18,20.1,26.1,NA,2015
"Harare Kutsaga",2015-03-30,8.9,19.4,25.2,15.1,2015
"Harare Kutsaga",2015-03-31,0,21.2,NA,16.4,2015
"Harare Kutsaga",2015-04-01,33,18.4,25.9,16,2015
"Harare Kutsaga",2015-04-02,0,18.7,24.2,16,2015
"Harare Kutsaga",2015-04-03,NA,18.3,26,NA,2015
"Harare Kutsaga",2015-04-04,NA,19.2,26.2,NA,2015
"Harare Kutsaga",2015-04-05,NA,21.4,26,15.9,2015
"Harare Kutsaga",2015-04-06,2,20.4,24.8,17.9,2015
"Harare Kutsaga",2015-04-07,4.1,18.7,22.5,NA,2015
"Harare Kutsaga",2015-04-08,0,17.7,21.5,NA,2015
"Harare Kutsaga",2015-04-09,NA,17.3,22.7,12.8,2015
"Harare Kutsaga",2015-04-10,NA,17.7,23,13.8,2015
"Harare Kutsaga",2015-04-12,NA,18.5,23.6,NA,2015
"Harare Kutsaga",2015-04-13,NA,18,NA,NA,2015
"Harare Kutsaga",2015-04-14,NA,15.6,17.3,NA,2015
"Harare Kutsaga",2015-04-15,NA,18.5,25.5,NA,2015
"Harare Kutsaga",2015-04-16,NA,17.4,23.6,12.7,2015
"Harare Kutsaga",2015-04-17,13,19.1,25,NA,2015
"Harare Kutsaga",2015-04-18,54.1,16.8,18,NA,2015
"Harare Kutsaga",2015-04-19,48,18,21.7,15.9,2015
"Harare Kutsaga",2015-04-20,0,19.1,23,NA,2015
"Harare Kutsaga",2015-04-21,NA,18.8,25.9,14.6,2015
"Harare Kutsaga",2015-04-22,16,18.3,24.2,NA,2015
"Harare Kutsaga",2015-04-23,0,18.2,25.2,12.2,2015
"Harare Kutsaga",2015-04-24,NA,18.3,25.3,12.1,2015
"Harare Kutsaga",2015-04-25,NA,16.8,23.5,11.6,2015
"Harare Kutsaga",2015-04-26,NA,18.1,NA,11.6,2015
"Harare Kutsaga",2015-04-27,NA,18.4,NA,10.5,2015
"Harare Kutsaga",2015-04-28,NA,17.8,NA,9.8,2015
"Harare Kutsaga",2015-04-29,NA,18.6,26,11.5,2015
"Harare Kutsaga",2015-04-30,NA,18.1,26.4,10.2,2015
"Harare Kutsaga",2015-05-01,NA,19.3,27.7,NA,2015
"Harare Kutsaga",2015-05-02,NA,18,25.6,12,2015
"Harare Kutsaga",2015-05-03,NA,17.3,24.8,NA,2015
"Harare Kutsaga",2015-05-04,NA,17.6,25,10.6,2015
"Harare Kutsaga",2015-05-05,NA,18.2,26,11,2015
"Harare Kutsaga",2015-05-06,NA,17,25.5,NA,2015
"Harare Kutsaga",2015-05-07,NA,17.3,25.5,NA,2015
"Harare Kutsaga",2015-05-08,NA,16.4,23.2,NA,2015
"Harare Kutsaga",2015-05-09,NA,17.2,23.4,NA,2015
"Harare Kutsaga",2015-05-10,NA,17.1,24,11.6,2015
"Harare Kutsaga",2015-05-11,NA,18.1,24.2,13,2015
"Harare Kutsaga",2015-05-12,NA,18.3,25,11.9,2015
"Harare Kutsaga",2015-05-13,NA,17.8,NA,9.7,2015
"Harare Kutsaga",2015-05-14,NA,17.3,25.5,NA,2015
"Harare Kutsaga",2015-05-15,NA,18.8,NA,10.2,2015
"Harare Kutsaga",2015-05-16,NA,17.3,25.3,7.8,2015
"Harare Kutsaga",2015-05-17,NA,16,NA,NA,2015
"Harare Kutsaga",2015-05-18,NA,14.2,24.6,8.5,2015
"Harare Kutsaga",2015-05-19,NA,15.3,25,6.3,2015
"Harare Kutsaga",2015-05-20,NA,16.9,26.9,6.9,2015
"Harare Kutsaga",2015-05-21,NA,16.2,25.5,NA,2015
"Harare Kutsaga",2015-05-22,NA,15.1,24.4,NA,2015
"Harare Kutsaga",2015-05-23,NA,15.6,22.4,NA,2015
"Harare Kutsaga",2015-05-24,NA,15.7,23.5,8.8,2015
"Harare Kutsaga",2015-05-25,NA,15.6,24,7.8,2015
"Harare Kutsaga",2015-05-26,NA,16.1,24.2,7.7,2015
"Harare Kutsaga",2015-05-27,NA,17.2,24.3,7.4,2015
"Harare Kutsaga",2015-05-28,NA,16.3,25,9.3,2015
"Harare Kutsaga",2015-05-29,NA,15.8,25.2,7.6,2015
"Harare Kutsaga",2015-05-30,NA,16.1,25.2,6.8,2015
"Harare Kutsaga",2015-05-31,NA,16.7,25.9,7.9,2015
"Harare Kutsaga",2015-06-01,NA,16.2,22.1,NA,2015
"Harare Kutsaga",2015-06-02,NA,15.8,22.9,10.5,2015
"Harare Kutsaga",2015-06-03,NA,16.9,23.7,10.2,2015
"Harare Kutsaga",2015-06-04,NA,17.3,NA,9.3,2015
"Harare Kutsaga",2015-06-05,NA,15.8,23.5,8.3,2015
"Harare Kutsaga",2015-06-06,NA,14.3,NA,8.7,2015
"Harare Kutsaga",2015-06-07,NA,13.4,NA,5.5,2015
"Harare Kutsaga",2015-06-08,NA,12.9,22.1,5.9,2015
"Harare Kutsaga",2015-06-09,NA,14.4,22.1,6.1,2015
"Harare Kutsaga",2015-06-10,NA,12.4,NA,5.5,2015
"Harare Kutsaga",2015-06-11,NA,12.2,20.9,NA,2015
"Harare Kutsaga",2015-06-12,NA,13.1,NA,4.1,2015
"Harare Kutsaga",2015-06-13,NA,12.5,20,NA,2015
"Harare Kutsaga",2015-06-14,NA,13.4,21.7,6.5,2015
"Harare Kutsaga",2015-06-15,NA,12.3,NA,3,2015
"Harare Kutsaga",2015-06-16,NA,12.9,22.4,2.8,2015
"Harare Kutsaga",2015-06-17,NA,13.6,23.2,2.7,2015
"Harare Kutsaga",2015-06-18,NA,14.5,23,NA,2015
"Harare Kutsaga",2015-06-19,NA,12.4,21.6,4.7,2015
"Harare Kutsaga",2015-06-20,NA,12.1,NA,5.8,2015
"Harare Kutsaga",2015-06-23,NA,14.3,21.3,8.3,2015
"Harare Kutsaga",2015-06-24,NA,15.1,22.5,6.5,2015
"Harare Kutsaga",2015-06-25,NA,16.1,23.2,7.2,2015
"Harare Kutsaga",2015-06-26,NA,15.6,NA,NA,2015
"Harare Kutsaga",2015-06-27,NA,14.2,NA,NA,2015
"Harare Kutsaga",2015-06-28,NA,12.2,NA,4.3,2015
"Harare Kutsaga",2015-06-29,NA,14.4,22.5,4.6,2015
"Harare Kutsaga",2015-06-30,NA,14.1,21.2,5.4,2015
"Harare Kutsaga",2015-07-01,NA,12.4,21,3.9,2015
"Harare Kutsaga",2015-07-02,NA,13.9,19.3,7.1,2015
"Harare Kutsaga",2015-07-03,NA,11.7,19.9,NA,2015
"Harare Kutsaga",2015-07-04,NA,11.6,20.4,NA,2015
"Harare Kutsaga",2015-07-05,NA,13.2,NA,5.3,2015
"Harare Kutsaga",2015-07-06,NA,15.1,23.8,NA,2015
"Harare Kutsaga",2015-07-07,NA,12.8,19.7,NA,2015
"Harare Kutsaga",2015-07-08,NA,12.7,NA,4.8,2015
"Harare Kutsaga",2015-07-09,NA,14.1,NA,7,2015
"Harare Kutsaga",2015-07-10,NA,13.9,23.1,5.4,2015
"Harare Kutsaga",2015-07-11,NA,12.2,22.1,NA,2015
"Harare Kutsaga",2015-07-12,NA,14.6,23.2,7.6,2015
"Harare Kutsaga",2015-07-13,NA,14.7,24.3,4.2,2015
"Harare Kutsaga",2015-07-14,NA,15.6,24.2,9.4,2015
"Harare Kutsaga",2015-07-15,NA,14,22.4,NA,2015
"Harare Kutsaga",2015-07-16,NA,14.6,23.5,7.8,2015
"Harare Kutsaga",2015-07-17,NA,16.5,NA,6.8,2015
"Harare Kutsaga",2015-07-18,NA,16.5,26.5,5.7,2015
"Harare Kutsaga",2015-07-19,NA,17.4,24.8,NA,2015
"Harare Kutsaga",2015-07-20,NA,15.8,22.1,9.8,2015
"Harare Kutsaga",2015-07-21,NA,15,21.2,NA,2015
"Harare Kutsaga",2015-07-22,NA,15.9,23.2,NA,2015
"Harare Kutsaga",2015-07-23,NA,14.7,21.7,8,2015
"Harare Kutsaga",2015-07-24,NA,16,24.1,9.5,2015
"Harare Kutsaga",2015-07-25,NA,18.1,NA,8.7,2015
"Harare Kutsaga",2015-07-26,NA,17.3,26.6,8.5,2015
"Harare Kutsaga",2015-07-27,NA,15.1,23.2,7.8,2015
"Harare Kutsaga",2015-07-28,NA,16.6,23.6,7,2015
"Harare Kutsaga",2015-07-29,NA,16.7,24.4,9.8,2015
"Harare Kutsaga",2015-07-30,NA,18.2,NA,11.1,2015
"Harare Kutsaga",2015-07-31,NA,19.7,27.6,NA,2015
"Harare Kutsaga",2015-08-01,NA,14.3,21.2,NA,2015
"Harare Kutsaga",2015-08-02,NA,12.2,21.4,5.4,2015
"Harare Kutsaga",2015-08-03,NA,12.3,20.8,4.7,2015
"Harare Kutsaga",2015-08-04,NA,14.2,23,5.1,2015
"Harare Kutsaga",2015-08-05,NA,15.2,25.2,3.7,2015
"Harare Kutsaga",2015-08-06,NA,14.1,22,5.3,2015
"Harare Kutsaga",2015-08-07,NA,13.7,NA,6.6,2015
"Harare Kutsaga",2015-08-08,NA,13.3,23.8,4.5,2015
"Harare Kutsaga",2015-08-09,NA,14.5,NA,NA,2015
"Harare Kutsaga",2015-08-10,NA,16.4,25.4,6.5,2015
"Harare Kutsaga",2015-08-11,NA,16.2,23.6,7.1,2015
"Harare Kutsaga",2015-08-12,NA,16.9,24.3,9,2015
"Harare Kutsaga",2015-08-13,NA,17.6,25.1,9.8,2015
"Harare Kutsaga",2015-08-14,NA,18.3,NA,8.7,2015
"Harare Kutsaga",2015-08-15,NA,17,25.6,6.9,2015
"Harare Kutsaga",2015-08-16,NA,17.3,25.4,8.8,2015
"Harare Kutsaga",2015-08-17,NA,18.9,27.5,10.9,2015
"Harare Kutsaga",2015-08-18,NA,18.1,NA,10,2015
"Harare Kutsaga",2015-08-19,NA,19,27.9,7.7,2015
"Harare Kutsaga",2015-08-20,NA,19,28.4,7.6,2015
"Harare Kutsaga",2015-08-21,NA,20.4,27.8,12.1,2015
"Harare Kutsaga",2015-08-22,NA,18.9,NA,10.2,2015
"Harare Kutsaga",2015-08-23,NA,19,27.2,NA,2015
"Harare Kutsaga",2015-08-24,NA,18.5,28,7,2015
"Harare Kutsaga",2015-08-25,NA,17.9,27.4,7.2,2015
"Harare Kutsaga",2015-08-26,NA,18.3,26.9,8,2015
"Harare Kutsaga",2015-08-27,NA,16.7,25.9,NA,2015
"Harare Kutsaga",2015-08-28,NA,18.3,26.9,12.1,2015
"Harare Kutsaga",2015-08-29,NA,19.6,28.1,11.5,2015
"Harare Kutsaga",2015-08-30,NA,20.4,NA,11.7,2015
"Harare Kutsaga",2015-08-31,NA,21.2,NA,12.9,2015
"Harare Kutsaga",2015-09-01,NA,21.1,NA,13.4,2015
"Harare Kutsaga",2015-09-02,NA,22.5,30.7,12.5,2015
"Harare Kutsaga",2015-09-03,NA,20.6,28.9,13.3,2015
"Harare Kutsaga",2015-09-04,NA,16.7,22.3,NA,2015
"Harare Kutsaga",2015-09-05,NA,15.8,22,NA,2015
"Harare Kutsaga",2015-09-06,NA,18,25.9,8.2,2015
"Harare Kutsaga",2015-09-07,NA,20.7,27.2,13.1,2015
"Harare Kutsaga",2015-09-08,NA,21.2,28.8,14,2015
"Harare Kutsaga",2015-09-09,NA,22.6,29.6,15,2015
"Harare Kutsaga",2015-09-10,NA,23.3,30.7,NA,2015
"Harare Kutsaga",2015-09-11,NA,22.7,NA,12.7,2015
"Harare Kutsaga",2015-09-12,NA,19.9,26.4,NA,2015
"Harare Kutsaga",2015-09-13,NA,17.7,NA,10.9,2015
"Harare Kutsaga",2015-09-14,NA,14.4,22.4,NA,2015
"Harare Kutsaga",2015-09-15,NA,15.3,22.3,5.1,2015
"Harare Kutsaga",2015-09-16,NA,18.4,27,NA,2015
"Harare Kutsaga",2015-09-17,NA,21.3,29.7,10.8,2015
"Harare Kutsaga",2015-09-18,NA,22.9,32.1,13,2015
"Harare Kutsaga",2015-09-19,NA,21.8,31.1,13.9,2015
"Harare Kutsaga",2015-09-20,NA,19.6,28,11.7,2015
"Harare Kutsaga",2015-09-21,NA,19.9,27.9,11,2015
"Harare Kutsaga",2015-09-22,NA,22.6,30.1,11.4,2015
"Harare Kutsaga",2015-09-23,NA,22.9,31.9,13,2015
"Harare Kutsaga",2015-09-24,NA,21.1,29.1,12.7,2015
"Harare Kutsaga",2015-09-25,NA,20.2,NA,9.3,2015
"Harare Kutsaga",2015-09-26,NA,20.1,27.9,NA,2015
"Harare Kutsaga",2015-09-27,NA,21.4,28,13.1,2015
"Harare Kutsaga",2015-09-28,NA,22.4,29.4,15.7,2015
"Harare Kutsaga",2015-09-29,NA,23.9,NA,15.9,2015
"Harare Kutsaga",2015-09-30,NA,22.6,31.3,16.2,2015
"Harare Kutsaga",2015-10-01,NA,23.4,31.5,15.6,2015
"Harare Kutsaga",2015-10-02,NA,23.2,NA,NA,2015
"Harare Kutsaga",2015-10-03,0,24,NA,NA,2015
"Harare Kutsaga",2015-10-04,0,23.7,31.1,15.6,2015
"Harare Kutsaga",2015-10-05,NA,22.9,31,15.1,2015
"Harare Kutsaga",2015-10-06,NA,23,NA,17,2015
"Harare Kutsaga",2015-10-07,NA,22.6,NA,NA,2015
"Harare Kutsaga",2015-10-08,NA,22.4,31.9,13.2,2015
"Harare Kutsaga",2015-10-09,NA,23.9,31.3,14,2015
"Harare Kutsaga",2015-10-10,NA,23.9,31.5,16.2,2015
"Harare Kutsaga",2015-10-11,NA,25.2,NA,NA,2015
"Harare Kutsaga",2015-10-12,NA,24.1,31.7,NA,2015
"Harare Kutsaga",2015-10-13,NA,25.6,31.6,16.7,2015
"Harare Kutsaga",2015-10-14,NA,25.5,31.7,18.8,2015
"Harare Kutsaga",2015-10-15,NA,23.5,NA,NA,2015
"Harare Kutsaga",2015-10-16,NA,22.9,NA,NA,2015
"Harare Kutsaga",2015-10-17,8.9,21.6,NA,16.2,2015
"Harare Kutsaga",2015-10-18,0,22.1,29.2,NA,2015
"Harare Kutsaga",2015-10-19,NA,21.2,29.1,NA,2015
"Harare Kutsaga",2015-10-20,NA,21,NA,13.6,2015
"Harare Kutsaga",2015-10-21,NA,21.3,29.1,12.3,2015
"Harare Kutsaga",2015-10-22,NA,21.5,28.3,12.3,2015
"Harare Kutsaga",2015-10-23,NA,20.7,27.2,13.8,2015
"Harare Kutsaga",2015-10-24,NA,21.3,28.5,NA,2015
"Harare Kutsaga",2015-10-25,NA,21.9,NA,12.4,2015
"Harare Kutsaga",2015-10-26,NA,21.7,NA,13.8,2015
"Harare Kutsaga",2015-10-27,NA,20.5,NA,NA,2015
"Harare Kutsaga",2015-10-28,NA,20.6,28.4,9.9,2015
"Harare Kutsaga",2015-10-29,NA,20.2,28,12.4,2015
"Harare Kutsaga",2015-10-30,NA,20.7,NA,NA,2015
"Harare Kutsaga",2015-10-31,NA,24,32.6,NA,2015
"Harare Kutsaga",2015-11-01,NA,24.7,NA,NA,2015
"Harare Kutsaga",2015-11-02,NA,26.7,NA,NA,2015
"Harare Kutsaga",2015-11-03,NA,19.1,24,NA,2015
"Harare Kutsaga",2015-11-04,NA,14.4,17.9,NA,2015
"Harare Kutsaga",2015-11-05,NA,17.1,NA,NA,2015
"Harare Kutsaga",2015-11-06,NA,17.1,NA,NA,2015
"Harare Kutsaga",2015-11-07,NA,21.2,NA,11.2,2015
"Harare Kutsaga",2015-11-08,NA,23.1,32.2,12.9,2015
"Harare Kutsaga",2015-11-09,NA,25.9,33.4,16.1,2015
"Harare Kutsaga",2015-11-10,NA,25.7,NA,16.5,2015
"Harare Kutsaga",2015-11-11,NA,24.9,32,15.3,2015
"Harare Kutsaga",2015-11-12,NA,25.2,33.5,14.6,2015
"Harare Kutsaga",2015-11-13,NA,26.7,33.9,19.1,2015
"Harare Kutsaga",2015-11-14,NA,28.1,34.6,19.4,2015
"Harare Kutsaga",2015-11-15,NA,24.3,32.7,NA,2015
"Harare Kutsaga",2015-11-16,7.9,19.9,26.7,NA,2015
"Harare Kutsaga",2015-11-17,0,20.9,28.6,13.6,2015
"Harare Kutsaga",2015-11-18,NA,22.9,30.2,NA,2015
"Harare Kutsaga",2015-11-19,NA,21.1,26.5,NA,2015
"Harare Kutsaga",2015-11-20,NA,22.1,29.3,16.7,2015
"Harare Kutsaga",2015-11-21,1,24.4,32.4,17.1,2015
"Harare Kutsaga",2015-11-22,0,19.3,26.2,NA,2015
"Harare Kutsaga",2015-11-23,NA,19.2,25,NA,2015
"Harare Kutsaga",2015-11-24,NA,20.8,28.2,NA,2015
"Harare Kutsaga",2015-11-25,NA,21.6,29.2,11.9,2015
"Harare Kutsaga",2015-11-26,NA,24.1,NA,15.3,2015
"Harare Kutsaga",2015-11-27,NA,25.6,32.9,15.6,2015
"Harare Kutsaga",2015-11-28,NA,23.3,31.2,NA,2015
"Harare Kutsaga",2015-11-29,NA,20.4,23.3,17.1,2015
"Harare Kutsaga",2015-11-30,NA,21.3,28.5,NA,2015
"Harare Kutsaga",2015-12-01,0,22.6,28.9,17.6,2015
"Harare Kutsaga",2015-12-02,NA,25.6,NA,NA,2015
"Harare Kutsaga",2015-12-03,NA,25.3,31.5,16.4,2015
"Harare Kutsaga",2015-12-04,NA,23.7,NA,NA,2015
"Harare Kutsaga",2015-12-05,0,25.3,31.1,16.7,2015
"Harare Kutsaga",2015-12-06,NA,25.2,32.7,16.2,2015
"Harare Kutsaga",2015-12-07,NA,26,33.5,17.1,2015
"Harare Kutsaga",2015-12-08,NA,26.2,33.3,19,2015
"Harare Kutsaga",2015-12-09,NA,21.2,NA,18.5,2015
"Harare Kutsaga",2015-12-11,NA,21.9,NA,NA,2015
"Harare Kutsaga",2015-12-15,1,18.6,24.2,NA,2015
"Harare Kutsaga",2015-12-16,0,21,NA,17.9,2015
"Harare Kutsaga",2015-12-17,43.9,20.2,25.6,NA,2015
"Harare Kutsaga",2015-12-18,0,19.9,NA,NA,2015
"Harare Kutsaga",2015-12-19,NA,19.7,24.1,17.1,2015
"Harare Kutsaga",2015-12-20,4.1,21.1,27.3,17.5,2015
"Harare Kutsaga",2015-12-21,2,22.7,NA,16.2,2015
"Harare Kutsaga",2015-12-22,0,24,NA,17,2015
"Harare Kutsaga",2015-12-23,NA,23.6,30.1,NA,2015
"Harare Kutsaga",2015-12-24,NA,23.2,29.8,NA,2015
"Harare Kutsaga",2015-12-25,0.3,22.1,27.1,18.4,2015
"Harare Kutsaga",2015-12-26,0,22.1,28.7,17.8,2015
"Harare Kutsaga",2015-12-27,0,21.3,26.2,17,2015
"Harare Kutsaga",2015-12-28,22.1,20.8,26.8,16.8,2015
"Harare Kutsaga",2015-12-29,6.1,22,27.7,NA,2015
"Harare Kutsaga",2015-12-30,0,21.6,27.9,13.9,2015
"Harare Kutsaga",2015-12-31,NA,21.6,28.3,16.1,2015
"Harare Kutsaga",2016-01-01,NA,22.4,29.6,14.9,2016
"Harare Kutsaga",2016-01-02,NA,23.7,30.4,15,2016
"Harare Kutsaga",2016-01-03,NA,22.2,28.2,16.5,2016
"Harare Kutsaga",2016-01-04,NA,22.3,29.1,13.6,2016
"Harare Kutsaga",2016-01-05,NA,22.5,30,14.3,2016
"Harare Kutsaga",2016-01-06,NA,23.5,31.2,13.1,2016
"Harare Kutsaga",2016-01-07,NA,26.7,33.1,18.6,2016
"Harare Kutsaga",2016-01-08,NA,26.1,NA,19,2016
"Harare Kutsaga",2016-01-09,NA,23.2,29.9,17,2016
"Harare Kutsaga",2016-01-10,NA,22.4,NA,17,2016
"Harare Kutsaga",2016-01-11,NA,20.7,28.4,17.7,2016
"Harare Kutsaga",2016-01-12,NA,21.3,28.1,NA,2016
"Harare Kutsaga",2016-01-13,10.9,20.2,NA,17.8,2016
"Harare Kutsaga",2016-01-14,0,22.4,27.2,18.3,2016
"Harare Kutsaga",2016-01-15,NA,22.3,29.9,NA,2016
"Harare Kutsaga",2016-01-16,0,20.5,26.4,NA,2016
"Harare Kutsaga",2016-01-17,1,20.2,26.8,NA,2016
"Harare Kutsaga",2016-01-18,0,18.8,NA,15,2016
"Harare Kutsaga",2016-01-19,NA,20.2,NA,13.8,2016
"Harare Kutsaga",2016-01-20,NA,21.9,27,15.7,2016
"Harare Kutsaga",2016-01-21,NA,22.4,29.1,16.8,2016
"Harare Kutsaga",2016-01-22,NA,22.3,NA,16.2,2016
"Harare Kutsaga",2016-01-23,NA,22.2,NA,15.6,2016
"Harare Kutsaga",2016-01-24,NA,23.1,29.6,17.3,2016
"Harare Kutsaga",2016-01-25,NA,24.2,31.8,NA,2016
"Harare Kutsaga",2016-01-26,15,21.2,28.3,NA,2016
"Harare Kutsaga",2016-01-27,0,20.7,25.8,17.5,2016
"Harare Kutsaga",2016-01-28,7.9,20.1,NA,NA,2016
"Harare Kutsaga",2016-01-29,5.1,21.2,26.9,17.6,2016
"Harare Kutsaga",2016-01-30,0,20.7,NA,16.9,2016
"Harare Kutsaga",2016-01-31,NA,21,27.3,16.9,2016
"Harare Kutsaga",2016-02-01,NA,20.8,NA,15.7,2016
"Harare Kutsaga",2016-02-02,NA,21.6,NA,13.3,2016
"Harare Kutsaga",2016-02-03,3,22.6,29.3,16.6,2016
"Harare Kutsaga",2016-02-04,0,23.7,29.7,16,2016
"Harare Kutsaga",2016-02-05,NA,22.5,28.4,17,2016
"Harare Kutsaga",2016-02-06,NA,22.6,29.2,15.9,2016
"Harare Kutsaga",2016-02-07,16,24.6,NA,15.8,2016
"Harare Kutsaga",2016-02-08,8.9,22,27.3,17.7,2016
"Harare Kutsaga",2016-02-09,0.3,21.7,NA,15.9,2016
"Harare Kutsaga",2016-02-10,0,21.8,NA,14.4,2016
"Harare Kutsaga",2016-02-11,NA,23.1,29.1,16.4,2016
"Harare Kutsaga",2016-02-12,21.1,21.7,28,17.7,2016
"Harare Kutsaga",2016-02-13,0,21.3,27.5,17.8,2016
"Harare Kutsaga",2016-02-14,NA,22.7,29,17,2016
"Harare Kutsaga",2016-02-15,NA,21.5,28.5,17.3,2016
"Harare Kutsaga",2016-02-16,NA,23.3,30.1,NA,2016
"Harare Kutsaga",2016-02-17,NA,23.4,30.1,16.5,2016
"Harare Kutsaga",2016-02-18,NA,22.1,29.5,13.6,2016
"Harare Kutsaga",2016-02-19,NA,24.3,30,17.9,2016
"Harare Kutsaga",2016-02-20,NA,24.9,31.4,19.5,2016
"Harare Kutsaga",2016-02-21,NA,25,34.4,NA,2016
"Harare Kutsaga",2016-02-22,4.1,24.3,31.7,NA,2016
"Harare Kutsaga",2016-02-23,0,22,30.4,18,2016
"Harare Kutsaga",2016-02-24,0,22.3,30.7,15.8,2016
"Harare Kutsaga",2016-02-25,5.1,22.1,30.3,16.5,2016
"Harare Kutsaga",2016-02-26,4.1,21.7,26.7,NA,2016
"Harare Kutsaga",2016-02-27,0,21.8,NA,16.4,2016
"Harare Kutsaga",2016-02-28,NA,21.4,26.8,18.4,2016
"Harare Kutsaga",2016-02-29,0,20.4,27.2,NA,2016
"Harare Kutsaga",2016-03-01,24.9,19.6,25.4,16.5,2016
"Harare Kutsaga",2016-03-02,34,20.6,26.4,NA,2016
"Harare Kutsaga",2016-03-03,1,21.3,NA,NA,2016
"Harare Kutsaga",2016-03-04,0,21.6,27.9,NA,2016
"Harare Kutsaga",2016-03-05,NA,20.6,27.9,16.7,2016
"Harare Kutsaga",2016-03-06,0.3,22.6,NA,17.8,2016
"Harare Kutsaga",2016-03-07,14,22.7,28.9,17.5,2016
"Harare Kutsaga",2016-03-08,0.3,21.4,29.1,18,2016
"Harare Kutsaga",2016-03-09,3,22.9,29.2,18.5,2016
"Harare Kutsaga",2016-03-10,0,21.8,26.9,NA,2016
"Harare Kutsaga",2016-03-11,NA,21.9,NA,15.5,2016
"Harare Kutsaga",2016-03-12,NA,20.8,28.1,16.4,2016
"Harare Kutsaga",2016-03-13,NA,21.9,29,15.5,2016
"Harare Kutsaga",2016-03-14,0,21.6,28.9,17.7,2016
"Harare Kutsaga",2016-03-15,13,22.3,28,18.2,2016
"Harare Kutsaga",2016-03-16,3,21.2,27.5,NA,2016
"Harare Kutsaga",2016-03-17,0,21.2,26.6,NA,2016
"Harare Kutsaga",2016-03-18,NA,22.4,29.1,NA,2016
"Harare Kutsaga",2016-03-19,0,21.7,27.1,NA,2016
"Harare Kutsaga",2016-03-20,0,21.1,26.8,17.4,2016
"Harare Kutsaga",2016-03-21,NA,21.2,NA,17.4,2016
"Harare Kutsaga",2016-03-22,17,20,NA,NA,2016
"Harare Kutsaga",2016-03-23,7.9,18.1,21.6,NA,2016
"Harare Kutsaga",2016-03-24,0,19.8,26.3,NA,2016
"Harare Kutsaga",2016-03-25,2,20.1,27.4,NA,2016
"Harare Kutsaga",2016-03-26,0,20.2,27,12.9,2016
"Harare Kutsaga",2016-03-27,NA,21.8,29.2,NA,2016
"Harare Kutsaga",2016-03-28,NA,23.2,31,NA,2016
"Harare Kutsaga",2016-03-29,NA,23.6,30.1,NA,2016
"Harare Kutsaga",2016-03-30,NA,22.3,30.1,NA,2016
"Harare Kutsaga",2016-03-31,NA,21.6,29.3,14.5,2016
"Harare Kutsaga",2016-04-01,NA,20.8,28.5,13.5,2016
"Harare Kutsaga",2016-04-02,NA,22.1,29.6,13.6,2016
"Harare Kutsaga",2016-04-03,NA,20.7,28.9,16.3,2016
"Harare Kutsaga",2016-04-04,6.1,19.6,24.7,NA,2016
"Harare Kutsaga",2016-04-05,6.1,19.6,NA,NA,2016
"Harare Kutsaga",2016-04-06,0,20.1,26.2,NA,2016
"Harare Kutsaga",2016-04-07,NA,15.4,19.2,NA,2016
"Harare Kutsaga",2016-04-08,2,13.2,15.3,NA,2016
"Harare Kutsaga",2016-04-09,0,13.9,16.6,12,2016
"Harare Kutsaga",2016-04-10,NA,16.5,NA,12.9,2016
"Harare Kutsaga",2016-04-11,26.9,17.2,24.5,13.8,2016
"Harare Kutsaga",2016-04-12,22.1,18.7,NA,12.4,2016
"Harare Kutsaga",2016-04-13,0,18.4,25.1,12.9,2016
"Harare Kutsaga",2016-04-14,NA,18.6,25.7,11.6,2016
"Harare Kutsaga",2016-04-15,NA,18.9,NA,12.7,2016
"Harare Kutsaga",2016-04-16,NA,20.2,27.3,NA,2016
"Harare Kutsaga",2016-04-17,NA,20.7,28.5,13.9,2016
"Harare Kutsaga",2016-04-18,NA,20,27.7,NA,2016
"Harare Kutsaga",2016-04-19,NA,19.7,27.4,10.7,2016
"Harare Kutsaga",2016-04-20,NA,20.2,NA,10.3,2016
"Harare Kutsaga",2016-04-21,NA,20.1,NA,10.6,2016
"Harare Kutsaga",2016-04-22,NA,20.7,28.9,NA,2016
"Harare Kutsaga",2016-04-23,NA,20,28.7,11.8,2016
"Harare Kutsaga",2016-04-24,NA,19.6,27.2,NA,2016
"Harare Kutsaga",2016-04-25,NA,17.5,24.7,10.4,2016
"Harare Kutsaga",2016-04-26,NA,18.2,25.7,10.7,2016
"Harare Kutsaga",2016-04-27,NA,16.9,24.4,NA,2016
"Harare Kutsaga",2016-04-28,0,16.9,25.4,9,2016
"Harare Kutsaga",2016-04-29,NA,18.9,25.1,12.4,2016
"Harare Kutsaga",2016-04-30,NA,19.1,27.3,10.7,2016
"Harare Kutsaga",2016-05-01,NA,18,26.7,NA,2016
"Harare Kutsaga",2016-05-02,NA,17.4,NA,7.8,2016
"Harare Kutsaga",2016-05-03,NA,17.3,25.3,9.7,2016
"Harare Kutsaga",2016-05-04,NA,17.6,25.8,NA,2016
"Harare Kutsaga",2016-05-05,NA,15.8,23.3,NA,2016
"Harare Kutsaga",2016-05-06,NA,15,NA,6.7,2016
"Harare Kutsaga",2016-05-07,NA,15.6,25.5,7.5,2016
"Harare Kutsaga",2016-05-08,NA,14.9,NA,7.4,2016
"Harare Kutsaga",2016-05-09,NA,15.8,23.3,8.7,2016
"Harare Kutsaga",2016-05-10,NA,15.8,23.5,NA,2016
"Harare Kutsaga",2016-05-11,NA,15.7,26,7.6,2016
"Harare Kutsaga",2016-05-12,NA,16,25.3,7.1,2016
"Harare Kutsaga",2016-05-13,NA,17.5,24.3,10.5,2016
"Harare Kutsaga",2016-05-14,NA,17.6,24.2,9.3,2016
"Harare Kutsaga",2016-05-15,NA,17.5,NA,10.7,2016
"Harare Kutsaga",2016-05-16,NA,16.2,23.9,10.9,2016
"Harare Kutsaga",2016-05-17,NA,16.4,23.6,9.7,2016
"Harare Kutsaga",2016-05-18,NA,16.1,23.7,NA,2016
"Harare Kutsaga",2016-05-19,NA,15.4,NA,NA,2016
"Harare Kutsaga",2016-05-20,NA,13.8,21.6,6.7,2016
"Harare Kutsaga",2016-05-21,NA,13.6,21.1,NA,2016
"Harare Kutsaga",2016-05-22,NA,13.7,19.5,NA,2016
"Harare Kutsaga",2016-05-23,0,13.1,NA,NA,2016
"Harare Kutsaga",2016-05-24,NA,13.5,20,5.9,2016
"Harare Kutsaga",2016-05-25,NA,14.4,21.5,7.9,2016
"Harare Kutsaga",2016-05-26,NA,14.3,20.1,9.5,2016
"Harare Kutsaga",2016-05-27,8.9,12.9,17.3,NA,2016
"Harare Kutsaga",2016-05-28,0,12.8,NA,7.7,2016
"Harare Kutsaga",2016-05-29,NA,14.2,20.6,8.3,2016
"Harare Kutsaga",2016-05-30,NA,13.2,21.2,NA,2016
"Harare Kutsaga",2016-05-31,NA,14,20.6,7.7,2016
"Harare Kutsaga",2016-06-01,NA,14.1,NA,6.4,2016
"Harare Kutsaga",2016-06-02,NA,15,NA,8.5,2016
"Harare Kutsaga",2016-06-03,NA,14.7,22.2,NA,2016
"Harare Kutsaga",2016-06-04,NA,15.7,22.8,7.2,2016
"Harare Kutsaga",2016-06-05,NA,18.1,NA,9.6,2016
"Harare Kutsaga",2016-06-06,NA,14.9,20.6,NA,2016
"Harare Kutsaga",2016-06-07,NA,13.1,NA,NA,2016
"Harare Kutsaga",2016-06-08,0,13.7,21.6,NA,2016
"Harare Kutsaga",2016-06-09,NA,12.5,21.5,4.2,2016
"Harare Kutsaga",2016-06-10,NA,12.4,22.2,4.3,2016
"Harare Kutsaga",2016-06-11,NA,14.4,23.5,4.9,2016
"Harare Kutsaga",2016-06-12,NA,12.7,20.2,7.4,2016
"Harare Kutsaga",2016-06-13,NA,12.3,17.2,NA,2016
"Harare Kutsaga",2016-06-14,NA,12.1,21.3,4.4,2016
"Harare Kutsaga",2016-06-15,NA,13.6,23.1,5.1,2016
"Harare Kutsaga",2016-06-16,NA,15,24.4,4.9,2016
"Harare Kutsaga",2016-06-17,NA,16.2,25.3,7,2016
"Harare Kutsaga",2016-06-18,NA,14.7,23.7,6.6,2016
"Harare Kutsaga",2016-06-19,NA,15.2,NA,5.1,2016
"Harare Kutsaga",2016-06-20,NA,15.2,25.1,5.6,2016
"Harare Kutsaga",2016-06-21,NA,14.5,NA,4.1,2016
"Harare Kutsaga",2016-06-22,NA,13.9,NA,9,2016
"Harare Kutsaga",2016-06-23,NA,12.4,NA,7.3,2016
"Harare Kutsaga",2016-06-24,NA,11.4,17.4,NA,2016
"Harare Kutsaga",2016-06-25,NA,13,20.4,5,2016
"Harare Kutsaga",2016-06-26,NA,12.8,20.7,5.2,2016
"Harare Kutsaga",2016-06-27,NA,13.6,20.7,NA,2016
"Harare Kutsaga",2016-06-28,NA,15.2,23.7,NA,2016
"Harare Kutsaga",2016-06-29,NA,15.6,24.4,7,2016
"Harare Kutsaga",2016-06-30,NA,14.4,24.7,7.1,2016
"Harare Kutsaga",2016-07-01,NA,14.3,23.4,6.8,2016
"Harare Kutsaga",2016-07-02,NA,16.6,NA,4.7,2016
"Harare Kutsaga",2016-07-03,NA,12.9,18.3,NA,2016
"Harare Kutsaga",2016-07-04,NA,12.1,18.7,NA,2016
"Harare Kutsaga",2016-07-05,NA,12.2,20.7,2,2016
"Harare Kutsaga",2016-07-06,NA,11.7,21,3.5,2016
"Harare Kutsaga",2016-07-07,NA,9.6,NA,NA,2016
"Harare Kutsaga",2016-07-08,NA,10.7,NA,NA,2016
"Harare Kutsaga",2016-07-09,NA,13.7,NA,8,2016
"Harare Kutsaga",2016-07-10,NA,10.6,18,NA,2016
"Harare Kutsaga",2016-07-11,NA,10.7,16.7,7.7,2016
"Harare Kutsaga",2016-07-12,NA,11.9,NA,NA,2016
"Harare Kutsaga",2016-07-13,NA,12.7,NA,NA,2016
"Harare Kutsaga",2016-07-14,NA,12.9,NA,7,2016
"Harare Kutsaga",2016-07-15,NA,13.8,NA,NA,2016
"Harare Kutsaga",2016-07-16,NA,12.7,18.7,NA,2016
"Harare Kutsaga",2016-07-17,NA,11.8,17.2,8.5,2016
"Harare Kutsaga",2016-07-18,NA,14.1,NA,5.8,2016
"Harare Kutsaga",2016-07-19,NA,11.9,20.4,NA,2016
"Harare Kutsaga",2016-07-20,NA,11.8,21.3,NA,2016
"Harare Kutsaga",2016-07-21,NA,14.1,22.4,3.3,2016
"Harare Kutsaga",2016-07-22,NA,13.9,NA,NA,2016
"Harare Kutsaga",2016-07-23,NA,14.6,24.6,4.7,2016
"Harare Kutsaga",2016-07-24,NA,16.3,23.8,6.8,2016
"Harare Kutsaga",2016-07-25,NA,16.7,NA,NA,2016
"Harare Kutsaga",2016-07-26,NA,18,NA,13.7,2016
"Harare Kutsaga",2016-07-27,NA,18.9,NA,12.8,2016
"Harare Kutsaga",2016-07-28,NA,16.9,NA,9.6,2016
"Harare Kutsaga",2016-07-29,NA,18.7,27.5,NA,2016
"Harare Kutsaga",2016-07-30,NA,18.9,26.6,NA,2016
"Harare Kutsaga",2016-07-31,NA,18.8,27.6,10.6,2016
"Harare Kutsaga",2016-08-01,NA,17.9,28.5,7.3,2016
"Harare Kutsaga",2016-08-02,NA,16.8,24.2,NA,2016
"Harare Kutsaga",2016-08-03,NA,14.9,25.1,6,2016
"Harare Kutsaga",2016-08-04,NA,15.3,24.5,5.7,2016
"Harare Kutsaga",2016-08-05,NA,14.7,NA,7.3,2016
"Harare Kutsaga",2016-08-06,NA,14.2,23.5,4.2,2016
"Harare Kutsaga",2016-08-07,NA,12.1,NA,5.2,2016
"Harare Kutsaga",2016-08-08,NA,16.9,NA,7.5,2016
"Harare Kutsaga",2016-08-09,NA,16.6,23,NA,2016
"Harare Kutsaga",2016-08-10,NA,15.3,24.2,8,2016
"Harare Kutsaga",2016-08-11,NA,14.4,23.6,5.4,2016
"Harare Kutsaga",2016-08-12,NA,14.9,24.9,3,2016
"Harare Kutsaga",2016-08-13,NA,16.7,25.2,NA,2016
"Harare Kutsaga",2016-08-14,NA,16.7,25.3,8.3,2016
"Harare Kutsaga",2016-08-15,NA,17.6,25.3,NA,2016
"Harare Kutsaga",2016-08-16,NA,17.2,24.1,10.3,2016
"Harare Kutsaga",2016-08-17,NA,16.3,24,9,2016
"Harare Kutsaga",2016-08-18,NA,16,24,NA,2016
"Harare Kutsaga",2016-08-19,NA,17.2,25,NA,2016
"Harare Kutsaga",2016-08-20,NA,17.6,26.3,9.1,2016
"Harare Kutsaga",2016-08-21,NA,19.9,NA,11.5,2016
"Harare Kutsaga",2016-08-22,NA,23.2,NA,12.1,2016
"Harare Kutsaga",2016-08-23,NA,17.8,26,NA,2016
"Harare Kutsaga",2016-08-24,NA,15.1,NA,NA,2016
"Harare Kutsaga",2016-08-25,NA,15.5,NA,NA,2016
"Harare Kutsaga",2016-08-26,NA,16.1,NA,4.2,2016
"Harare Kutsaga",2016-08-27,NA,16.5,26,NA,2016
"Harare Kutsaga",2016-08-28,NA,15.7,24.7,6.8,2016
"Harare Kutsaga",2016-08-29,NA,17.2,25.2,7.3,2016
"Harare Kutsaga",2016-08-30,NA,17.9,27.1,9,2016
"Harare Kutsaga",2016-08-31,NA,17.3,25.7,9.3,2016
"Harare Kutsaga",2016-09-01,NA,13.6,NA,10,2016
"Harare Kutsaga",2016-09-07,NA,22.8,28.5,NA,2016
"Harare Kutsaga",2016-09-08,NA,20.3,29.4,13.6,2016
"Harare Kutsaga",2016-09-09,NA,21.1,29.9,13,2016
"Harare Kutsaga",2016-09-10,NA,20.5,29.2,NA,2016
"Harare Kutsaga",2016-09-11,NA,21.4,28.1,10.7,2016
"Harare Kutsaga",2016-09-12,NA,23.2,29.4,9.8,2016
"Harare Kutsaga",2016-09-13,NA,21.3,29.5,12,2016
"Harare Kutsaga",2016-09-14,NA,20.5,27.4,NA,2016
"Harare Kutsaga",2016-09-15,NA,20.4,27.6,12.4,2016
"Harare Kutsaga",2016-09-16,NA,22.9,29.7,13.8,2016
"Harare Kutsaga",2016-09-17,NA,23.6,NA,16.2,2016
"Harare Kutsaga",2016-09-18,NA,22.4,30.8,NA,2016
"Harare Kutsaga",2016-09-19,NA,19.1,27.5,13,2016
"Harare Kutsaga",2016-09-20,NA,19.5,27.7,11,2016
"Harare Kutsaga",2016-09-21,NA,19.7,27.7,9,2016
"Harare Kutsaga",2016-09-22,NA,21.7,NA,14.1,2016
"Harare Kutsaga",2016-09-23,NA,23,NA,14.6,2016
"Harare Kutsaga",2016-09-24,NA,23.6,32.1,NA,2016
"Harare Kutsaga",2016-09-25,NA,24,NA,14.9,2016
"Harare Kutsaga",2016-09-26,NA,21.6,NA,14.9,2016
"Harare Kutsaga",2016-09-27,NA,21.8,27.9,NA,2016
"Harare Kutsaga",2016-09-28,NA,23.4,NA,16.1,2016
"Harare Kutsaga",2016-09-29,NA,23.2,31.1,NA,2016
"Harare Kutsaga",2016-09-30,NA,22,31.4,NA,2016
"Harare Kutsaga",2016-10-01,NA,23.1,30.4,14,2016
"Harare Kutsaga",2016-10-02,NA,21.5,29.8,13.1,2016
"Harare Kutsaga",2016-10-03,NA,16.7,NA,NA,2016
"Harare Kutsaga",2016-10-04,NA,17.4,NA,12,2016
"Harare Kutsaga",2016-10-05,NA,17.8,27.1,9.1,2016
"Harare Kutsaga",2016-10-06,NA,20.9,30.4,12.3,2016
"Harare Kutsaga",2016-10-07,NA,24.2,33.6,12.6,2016
"Harare Kutsaga",2016-10-08,NA,24.3,32.1,NA,2016
"Harare Kutsaga",2016-10-09,NA,23.8,NA,17,2016
"Harare Kutsaga",2016-10-10,NA,25.4,32.2,14.6,2016
"Harare Kutsaga",2016-10-11,NA,24.2,32.2,NA,2016
"Harare Kutsaga",2016-10-12,NA,26.8,33.8,NA,2016
"Harare Kutsaga",2016-10-13,NA,23.6,31.1,16,2016
"Harare Kutsaga",2016-10-14,NA,21.6,30.2,13.9,2016
"Harare Kutsaga",2016-10-15,NA,22.7,30.7,15,2016
"Harare Kutsaga",2016-10-16,NA,24.3,32.1,15.2,2016
"Harare Kutsaga",2016-10-17,NA,26.2,35.1,16.5,2016
"Harare Kutsaga",2016-10-18,NA,23.8,31.5,16.6,2016
"Harare Kutsaga",2016-10-19,NA,21.7,28.2,NA,2016
"Harare Kutsaga",2016-10-20,NA,22.6,29.3,14.3,2016
"Harare Kutsaga",2016-10-21,NA,24.2,30.5,15.6,2016
"Harare Kutsaga",2016-10-22,NA,25.3,33.2,NA,2016
"Harare Kutsaga",2016-10-23,NA,23.7,NA,NA,2016
"Harare Kutsaga",2016-10-24,4.1,23.8,NA,NA,2016
"Harare Kutsaga",2016-10-25,0,24.5,NA,NA,2016
"Harare Kutsaga",2016-10-26,0,25.1,NA,17.9,2016
"Harare Kutsaga",2016-10-27,NA,24.1,NA,15.9,2016
"Harare Kutsaga",2016-10-28,NA,25.2,NA,NA,2016
"Harare Kutsaga",2016-10-29,NA,24.9,31.3,18.2,2016
"Harare Kutsaga",2016-10-30,NA,25.7,32.1,18.2,2016
"Harare Kutsaga",2016-10-31,NA,27,33.6,NA,2016
"Harare Kutsaga",2016-11-01,NA,24.7,33.2,18.6,2016
"Harare Kutsaga",2016-11-02,4.1,23.4,31.1,16.1,2016
"Harare Kutsaga",2016-11-03,0,22.1,NA,NA,2016
"Harare Kutsaga",2016-11-04,7.9,22.5,29.8,17.8,2016
"Harare Kutsaga",2016-11-05,0,25.2,31.1,18.1,2016
"Harare Kutsaga",2016-11-06,NA,24.7,31.4,19.5,2016
"Harare Kutsaga",2016-11-07,NA,25.1,NA,18.7,2016
"Harare Kutsaga",2016-11-08,NA,23.7,NA,18.7,2016
"Harare Kutsaga",2016-11-09,NA,24.4,31.1,18.8,2016
"Harare Kutsaga",2016-11-10,NA,22.9,32.5,17.8,2016
"Harare Kutsaga",2016-11-11,7.9,20.8,27.2,NA,2016
"Harare Kutsaga",2016-11-12,0,19.3,23,NA,2016
"Harare Kutsaga",2016-11-13,0,22.5,29.8,14.6,2016
"Harare Kutsaga",2016-11-14,1,19.9,24.6,17.7,2016
"Harare Kutsaga",2016-11-15,0,19.7,25.1,NA,2016
"Harare Kutsaga",2016-11-16,NA,19.2,NA,14.2,2016
"Harare Kutsaga",2016-11-17,13,22.3,27.6,14.1,2016
"Harare Kutsaga",2016-11-18,0,21.7,29.3,17.8,2016
"Harare Kutsaga",2016-11-19,NA,22.3,29.6,NA,2016
"Harare Kutsaga",2016-11-20,0,21.2,27.4,17.3,2016
"Harare Kutsaga",2016-11-21,0,21.8,27.2,17.6,2016
"Harare Kutsaga",2016-11-22,NA,23.8,NA,NA,2016
"Harare Kutsaga",2016-11-23,NA,24,30.5,NA,2016
"Harare Kutsaga",2016-11-24,NA,23.9,30.3,14.8,2016
"Harare Kutsaga",2016-11-25,NA,21.6,29.2,NA,2016
"Harare Kutsaga",2016-11-26,0,17.9,24.1,NA,2016
"Harare Kutsaga",2016-11-27,32,16.9,18.2,15.7,2016
"Harare Kutsaga",2016-11-28,11.9,17.1,NA,16,2016
"Harare Kutsaga",2016-11-29,5.1,21.9,29.3,16.5,2016
"Harare Kutsaga",2016-11-30,3,22.6,29.3,17.4,2016
"Harare Kutsaga",2016-12-01,0,23.9,31.2,16.2,2016
"Harare Kutsaga",2016-12-02,NA,25.3,NA,16.5,2016
"Harare Kutsaga",2016-12-03,NA,22.7,29.1,NA,2016
"Harare Kutsaga",2016-12-04,6.1,20.2,27.8,NA,2016
"Harare Kutsaga",2016-12-05,4.1,21.2,28.5,16,2016
"Harare Kutsaga",2016-12-06,0.5,20.4,NA,15.5,2016
"Harare Kutsaga",2016-12-07,0,21.8,28.6,15.6,2016
"Harare Kutsaga",2016-12-08,NA,21.6,26.8,18,2016
"Harare Kutsaga",2016-12-09,NA,21.5,28.9,NA,2016
"Harare Kutsaga",2016-12-10,0,19.8,26,NA,2016
"Harare Kutsaga",2016-12-11,24.9,18.8,25.1,16.5,2016
"Harare Kutsaga",2016-12-12,0.5,19.7,25.1,NA,2016
"Harare Kutsaga",2016-12-13,52.1,19.8,25,NA,2016
"Harare Kutsaga",2016-12-14,22.1,19.8,26.3,NA,2016
"Harare Kutsaga",2016-12-15,71.9,21.4,NA,15.5,2016
"Harare Kutsaga",2016-12-16,0.5,20.3,27.1,NA,2016
"Harare Kutsaga",2016-12-17,0.8,20.9,26.2,16.8,2016
"Harare Kutsaga",2016-12-18,0,19.6,NA,17.5,2016
"Harare Kutsaga",2016-12-19,33,20.5,26,NA,2016
"Harare Kutsaga",2016-12-20,4.1,20.8,25.6,17.3,2016
"Harare Kutsaga",2016-12-21,0,21,26.1,17.5,2016
"Harare Kutsaga",2016-12-22,NA,22.2,28.8,18.4,2016
"Harare Kutsaga",2016-12-23,0,23.4,NA,17.6,2016
"Harare Kutsaga",2016-12-24,NA,22.5,NA,NA,2016
"Harare Kutsaga",2016-12-25,NA,20.7,27.7,17.4,2016
"Harare Kutsaga",2016-12-26,7.1,19.3,27.5,16,2016
"Harare Kutsaga",2016-12-27,7.9,20.9,26.8,16.4,2016
"Harare Kutsaga",2016-12-28,0,22.7,NA,16.3,2016
"Harare Kutsaga",2016-12-29,NA,20.6,NA,NA,2016
"Harare Kutsaga",2016-12-30,0,20.7,26.7,16.9,2016
"Harare Kutsaga",2016-12-31,2,21.1,26.5,NA,2016
"Harare Kutsaga",2017-01-01,NA,21.3,28.6,15.7,2017
"Harare Kutsaga",2017-01-02,0,19.1,25.7,NA,2017
"Harare Kutsaga",2017-01-03,NA,19.6,26.2,15.6,2017
"Harare Kutsaga",2017-01-04,55.1,20.3,26.1,NA,2017
"Harare Kutsaga",2017-01-05,0,21,25.8,17.4,2017
"Harare Kutsaga",2017-01-06,NA,21.3,NA,NA,2017
"Harare Kutsaga",2017-01-07,71.9,21.8,27.8,17,2017
"Harare Kutsaga",2017-01-08,15,20.4,NA,17.5,2017
"Harare Kutsaga",2017-01-09,10.9,19.2,NA,17.9,2017
"Harare Kutsaga",2017-01-10,0,20.7,NA,17.8,2017
"Harare Kutsaga",2017-01-11,15,20.4,NA,17.5,2017
"Harare Kutsaga",2017-01-12,24.9,21.4,27.2,17.7,2017
"Harare Kutsaga",2017-01-13,6.1,20.1,NA,17.2,2017
"Harare Kutsaga",2017-01-14,27.9,21,27.1,18,2017
"Harare Kutsaga",2017-01-16,NA,20.6,NA,NA,2017
"Harare Kutsaga",2017-01-17,13,17,NA,NA,2017
"Harare Kutsaga",2017-01-18,26.9,16.2,19,14.5,2017
"Harare Kutsaga",2017-01-19,0,17.6,18.4,NA,2017
"Harare Kutsaga",2017-01-20,69.1,18.9,23.5,NA,2017
"Harare Kutsaga",2017-01-21,0,20,NA,16.8,2017
"Harare Kutsaga",2017-01-22,NA,19.3,24.9,NA,2017
"Harare Kutsaga",2017-01-23,2,20.9,NA,16.6,2017
"Harare Kutsaga",2017-01-24,0,21.2,NA,16.7,2017
"Harare Kutsaga",2017-01-25,NA,22.3,29.3,NA,2017
"Harare Kutsaga",2017-01-26,26.9,21.4,27.4,16.6,2017
"Harare Kutsaga",2017-01-27,2,21.6,26.1,16.5,2017
"Harare Kutsaga",2017-01-28,5.1,21.3,25.5,NA,2017
"Harare Kutsaga",2017-01-29,0,20.4,27,17.6,2017
"Harare Kutsaga",2017-01-30,6.1,21.4,27.8,17.4,2017
"Harare Kutsaga",2017-01-31,18,21.1,27.1,17.8,2017
"Harare Kutsaga",2017-02-01,0,22.2,27.5,NA,2017
"Harare Kutsaga",2017-02-02,NA,22,NA,NA,2017
"Harare Kutsaga",2017-02-03,0,20.9,26.9,NA,2017
"Harare Kutsaga",2017-02-04,NA,21.1,NA,NA,2017
"Harare Kutsaga",2017-02-05,2,20.3,NA,NA,2017
"Harare Kutsaga",2017-02-06,5.1,21.2,NA,18.2,2017
"Harare Kutsaga",2017-02-07,0,21.6,27.1,19,2017
"Harare Kutsaga",2017-02-08,0,22.9,28.1,17.4,2017
"Harare Kutsaga",2017-02-09,NA,22,28.1,NA,2017
"Harare Kutsaga",2017-02-10,0,21.2,27.6,16,2017
"Harare Kutsaga",2017-02-11,NA,21.4,28.1,14.6,2017
"Harare Kutsaga",2017-02-12,NA,21.1,NA,NA,2017
"Harare Kutsaga",2017-02-13,5.1,20.3,26.7,18,2017
"Harare Kutsaga",2017-02-14,2,19.7,26.8,NA,2017
"Harare Kutsaga",2017-02-15,75.9,21.9,27,16.6,2017
"Harare Kutsaga",2017-02-16,0,20.9,27.1,16.6,2017
"Harare Kutsaga",2017-02-17,3,19.2,22,NA,2017
"Harare Kutsaga",2017-02-18,0,21,26.3,NA,2017
"Harare Kutsaga",2017-02-19,2,20.2,26.2,16.5,2017
"Harare Kutsaga",2017-02-20,0,21.6,27.6,NA,2017
"Harare Kutsaga",2017-02-21,NA,20.2,25.5,16,2017
"Harare Kutsaga",2017-02-22,NA,21.2,26.4,17.6,2017
"Harare Kutsaga",2017-02-23,3,20.9,25.3,NA,2017
"Harare Kutsaga",2017-02-24,0,20.3,25.3,16.6,2017
"Harare Kutsaga",2017-02-25,NA,21,NA,15.1,2017
"Harare Kutsaga",2017-02-26,NA,21.8,26.8,18.8,2017
"Harare Kutsaga",2017-02-27,1,19.1,25.1,17,2017
"Harare Kutsaga",2017-02-28,0,19.5,24.4,NA,2017
"Harare Kutsaga",2017-03-01,0,20.5,26.1,16.5,2017
"Harare Kutsaga",2017-03-02,6.1,20.1,26,16.7,2017
"Harare Kutsaga",2017-03-03,23.9,20.4,25,16.9,2017
"Harare Kutsaga",2017-03-04,0,19.7,23.7,16.8,2017
"Harare Kutsaga",2017-03-05,2,20.6,NA,16.8,2017
"Harare Kutsaga",2017-03-06,7.1,21.9,NA,18.3,2017
"Harare Kutsaga",2017-03-07,0,21.5,27.2,16.7,2017
"Harare Kutsaga",2017-03-08,NA,20.6,26.6,NA,2017
"Harare Kutsaga",2017-03-09,1,20.2,NA,14.7,2017
"Harare Kutsaga",2017-03-10,0,17,18.3,NA,2017
"Harare Kutsaga",2017-03-11,0,15.8,20.5,NA,2017
"Harare Kutsaga",2017-03-12,NA,19.9,25.4,12.6,2017
"Harare Kutsaga",2017-03-13,NA,18.6,25.4,12.9,2017
"Harare Kutsaga",2017-03-14,NA,18.8,25.5,12.6,2017
"Harare Kutsaga",2017-03-15,NA,18.6,NA,11.8,2017
"Harare Kutsaga",2017-03-16,NA,19.9,28,NA,2017
"Harare Kutsaga",2017-03-17,NA,19.2,24.2,13.4,2017
"Harare Kutsaga",2017-03-18,NA,20.4,26.4,13.3,2017
"Harare Kutsaga",2017-03-19,NA,19.7,25.3,15.1,2017
"Harare Kutsaga",2017-03-20,1,19,23.6,NA,2017
"Harare Kutsaga",2017-03-21,3,19.1,24.7,16.6,2017
"Harare Kutsaga",2017-03-22,0,19.7,25.8,NA,2017
"Harare Kutsaga",2017-03-23,30,20.1,26.4,NA,2017
"Harare Kutsaga",2017-03-24,1,20.1,25.5,17.3,2017
"Harare Kutsaga",2017-03-25,0,21.7,NA,NA,2017
"Harare Kutsaga",2017-03-26,NA,18.8,24.3,NA,2017
"Harare Kutsaga",2017-03-27,NA,19.2,25.7,13.4,2017
"Harare Kutsaga",2017-03-28,0,20.9,26.4,NA,2017
"Harare Kutsaga",2017-04-11,NA,20.6,26.3,NA,2017
"Harare Kutsaga",2017-04-12,NA,19.5,26.6,13.9,2017
"Harare Kutsaga",2017-04-13,NA,20.2,NA,14.8,2017
"Harare Kutsaga",2017-04-14,NA,20.8,27.7,15.9,2017
"Harare Kutsaga",2017-04-15,NA,18.8,24.6,NA,2017
"Harare Kutsaga",2017-04-16,17,18.1,22.1,NA,2017
"Harare Kutsaga",2017-04-17,9.9,16.3,21.3,12.4,2017
"Harare Kutsaga",2017-04-18,0,17.6,23.8,11.7,2017
"Harare Kutsaga",2017-04-19,NA,18.7,NA,14,2017
"Harare Kutsaga",2017-04-20,NA,19,NA,12.4,2017
"Harare Kutsaga",2017-04-21,NA,18.4,24.7,NA,2017
"Harare Kutsaga",2017-04-22,NA,18,23.8,11.9,2017
"Harare Kutsaga",2017-04-23,NA,17.7,23.2,11.1,2017
"Harare Kutsaga",2017-04-24,NA,14.4,NA,NA,2017
"Harare Kutsaga",2017-04-25,9.9,14.8,18.6,12.3,2017
"Harare Kutsaga",2017-04-26,0,16.2,21.9,9.5,2017
"Harare Kutsaga",2017-04-27,NA,16.3,NA,NA,2017
"Harare Kutsaga",2017-04-28,NA,15.9,23.3,NA,2017
"Harare Kutsaga",2017-04-29,NA,15.7,23,9.9,2017
"Harare Kutsaga",2017-04-30,NA,16.9,NA,10.5,2017
"Harare Kutsaga",2017-05-01,NA,17.2,25,11.7,2017
"Harare Kutsaga",2017-05-02,3,15.8,22.3,NA,2017
"Harare Kutsaga",2017-05-03,0,15.8,23.8,8.7,2017
"Harare Kutsaga",2017-05-04,NA,16.5,24,9.6,2017
"Harare Kutsaga",2017-05-05,NA,17.5,NA,10,2017
"Harare Kutsaga",2017-05-06,NA,18.3,25.9,10.9,2017
"Harare Kutsaga",2017-05-07,NA,18.9,26.5,NA,2017
"Harare Kutsaga",2017-05-08,NA,18,25.2,NA,2017
"Harare Kutsaga",2017-05-09,NA,16.8,24.5,10.1,2017
"Harare Kutsaga",2017-05-10,NA,17.3,24,NA,2017
"Harare Kutsaga",2017-05-11,NA,17.3,23.3,9.5,2017
"Harare Kutsaga",2017-05-12,NA,18.8,25.1,11,2017
"Harare Kutsaga",2017-05-13,NA,18.1,23.6,12.1,2017
"Harare Kutsaga",2017-05-14,0,17.5,23.2,13.6,2017
"Harare Kutsaga",2017-05-15,4.1,17.7,23.1,12.8,2017
"Harare Kutsaga",2017-05-16,2,17.9,24.3,13,2017
"Harare Kutsaga",2017-05-17,0,16.1,23.2,NA,2017
"Harare Kutsaga",2017-05-18,NA,16.1,22.9,10.7,2017
"Harare Kutsaga",2017-05-19,NA,16,23.3,10.5,2017
"Harare Kutsaga",2017-05-20,NA,15.3,22.5,7.2,2017
"Harare Kutsaga",2017-05-21,NA,14.5,NA,6.8,2017
"Harare Kutsaga",2017-05-22,NA,15.7,23.9,8.9,2017
"Harare Kutsaga",2017-05-23,NA,16.5,25.2,8.7,2017
"Harare Kutsaga",2017-05-24,NA,16.8,25,9.4,2017
"Harare Kutsaga",2017-05-25,NA,17.6,NA,8.7,2017
"Harare Kutsaga",2017-05-26,NA,17.5,26.1,10,2017
"Harare Kutsaga",2017-05-27,NA,17.3,NA,NA,2017
"Harare Kutsaga",2017-05-28,NA,17.4,24.6,10.7,2017
"Harare Kutsaga",2017-05-29,NA,14.3,NA,11,2017
"Harare Kutsaga",2017-05-30,NA,13.7,22,8.9,2017
"Harare Kutsaga",2017-05-31,1,13.7,22.1,7.3,2017
"Harare Kutsaga",2017-06-01,0,14.9,NA,7.8,2017
"Harare Kutsaga",2017-06-02,NA,15.2,NA,7.3,2017
"Harare Kutsaga",2017-06-03,NA,16.1,NA,NA,2017
"Harare Kutsaga",2017-06-04,NA,16,NA,7,2017
"Harare Kutsaga",2017-06-05,NA,16,24.3,NA,2017
"Harare Kutsaga",2017-06-06,NA,15.1,23.5,7.3,2017
"Harare Kutsaga",2017-06-07,NA,14.4,NA,7.6,2017
"Harare Kutsaga",2017-06-08,NA,14.4,23.1,4.7,2017
"Harare Kutsaga",2017-06-09,NA,15.1,NA,8.1,2017
"Harare Kutsaga",2017-06-10,NA,14.2,NA,NA,2017
"Harare Kutsaga",2017-06-11,NA,13.4,19.5,6.1,2017
"Harare Kutsaga",2017-06-12,NA,15.8,NA,8.6,2017
"Harare Kutsaga",2017-06-13,NA,15.8,24.4,6.4,2017
"Harare Kutsaga",2017-06-14,NA,16.6,NA,NA,2017
"Harare Kutsaga",2017-06-15,NA,17.6,24,8.4,2017
"Harare Kutsaga",2017-06-16,NA,16.2,25.4,NA,2017
"Harare Kutsaga",2017-06-17,NA,15.3,NA,8.6,2017
"Harare Kutsaga",2017-06-18,NA,15,21.3,9,2017
"Harare Kutsaga",2017-06-19,NA,13.3,NA,NA,2017
"Harare Kutsaga",2017-06-20,NA,13.8,19.3,NA,2017
"Harare Kutsaga",2017-06-21,NA,12.3,18.7,NA,2017
"Harare Kutsaga",2017-06-22,NA,11.8,19.7,4.2,2017
"Harare Kutsaga",2017-06-23,NA,13.2,NA,3.2,2017
"Harare Kutsaga",2017-06-24,NA,12.9,20.9,5.7,2017
"Harare Kutsaga",2017-06-25,NA,14.3,21.5,NA,2017
"Harare Kutsaga",2017-06-26,NA,13.6,21.2,7.5,2017
"Harare Kutsaga",2017-06-27,NA,12.7,NA,4.6,2017
"Harare Kutsaga",2017-06-28,NA,15.2,NA,NA,2017
"Harare Kutsaga",2017-06-29,NA,15.9,23.8,NA,2017
"Harare Kutsaga",2017-06-30,NA,13.9,21.8,NA,2017
"Harare Kutsaga",2017-07-01,NA,14.9,22.5,5,2017
"Harare Kutsaga",2017-07-02,NA,13.5,NA,8.1,2017
"Harare Kutsaga",2017-07-03,0,13.2,NA,NA,2017
"Harare Kutsaga",2017-07-04,NA,13.1,18,9.6,2017
"Harare Kutsaga",2017-07-05,NA,12.8,NA,NA,2017
"Harare Kutsaga",2017-07-06,NA,11.4,18,7.9,2017
"Harare Kutsaga",2017-07-07,4.1,13.2,NA,6.4,2017
"Harare Kutsaga",2017-07-08,0,14.8,23.2,NA,2017
"Harare Kutsaga",2017-07-09,NA,15.5,NA,7.4,2017
"Harare Kutsaga",2017-07-10,NA,15.7,24.2,7.7,2017
"Harare Kutsaga",2017-07-11,NA,15.2,23.6,7.6,2017
"Harare Kutsaga",2017-07-12,NA,14.1,22.7,7.2,2017
"Harare Kutsaga",2017-07-13,NA,11.9,22.6,5,2017
"Harare Kutsaga",2017-07-14,NA,13.3,22.5,NA,2017
"Harare Kutsaga",2017-07-15,NA,13.4,23.1,5.2,2017
"Harare Kutsaga",2017-07-16,NA,14.7,24.7,5.9,2017
"Harare Kutsaga",2017-07-17,NA,15.8,26.1,5.6,2017
"Harare Kutsaga",2017-07-18,NA,13.7,25.7,NA,2017
"Harare Kutsaga",2017-07-19,NA,15.6,NA,NA,2017
"Harare Kutsaga",2017-07-20,NA,14.6,23.4,7.6,2017
"Harare Kutsaga",2017-07-21,NA,14.2,NA,5.4,2017
"Harare Kutsaga",2017-07-22,NA,13.6,22.6,6.7,2017
"Harare Kutsaga",2017-07-23,NA,14.5,NA,3.7,2017
"Harare Kutsaga",2017-07-24,NA,14.6,NA,6.7,2017
"Harare Kutsaga",2017-07-25,NA,13.5,22.1,NA,2017
"Harare Kutsaga",2017-07-26,NA,13.8,23.1,6.2,2017
"Harare Kutsaga",2017-07-27,NA,13.3,NA,6,2017
"Harare Kutsaga",2017-07-28,NA,12.5,17.1,NA,2017
"Harare Kutsaga",2017-07-29,NA,14.5,20.3,8.8,2017
"Harare Kutsaga",2017-07-30,NA,14.6,21,8.8,2017
"Harare Kutsaga",2017-07-31,NA,14.2,NA,9,2017
"Harare Kutsaga",2017-08-01,NA,13.7,21,7.9,2017
"Harare Kutsaga",2017-08-02,0,16.1,22.1,9.1,2017
"Harare Kutsaga",2017-08-03,NA,16.7,23.1,NA,2017
"Harare Kutsaga",2017-08-04,NA,16.1,22.2,6.2,2017
"Harare Kutsaga",2017-08-05,NA,15.2,22.5,8.4,2017
"Harare Kutsaga",2017-08-06,NA,16.7,23.7,8.1,2017
"Harare Kutsaga",2017-08-07,NA,15.2,22.6,8.3,2017
"Harare Kutsaga",2017-08-08,NA,14.6,21.5,7.7,2017
"Harare Kutsaga",2017-08-09,NA,13.4,22.2,6.7,2017
"Harare Kutsaga",2017-08-10,NA,13.9,22,6.1,2017
"Harare Kutsaga",2017-08-11,NA,14.9,23.2,5.1,2017
"Harare Kutsaga",2017-08-12,NA,16.5,24.6,9.3,2017
"Harare Kutsaga",2017-08-13,NA,17.2,24.2,8,2017
"Harare Kutsaga",2017-08-14,NA,16.1,24.5,7.2,2017
"Harare Kutsaga",2017-08-15,NA,15.6,NA,7,2017
"Harare Kutsaga",2017-08-16,NA,17.1,NA,3,2017
"Harare Kutsaga",2017-08-17,NA,19.2,27,NA,2017
"Harare Kutsaga",2017-08-18,NA,18.7,27.7,9.6,2017
"Harare Kutsaga",2017-08-19,NA,13.2,22.5,NA,2017
"Harare Kutsaga",2017-08-20,NA,14.6,23.4,7,2017
"Harare Kutsaga",2017-08-21,NA,14.4,22.6,5.4,2017
"Harare Kutsaga",2017-08-22,NA,16.8,NA,5.5,2017
"Harare Kutsaga",2017-08-23,NA,18.2,NA,6.8,2017
"Harare Kutsaga",2017-08-24,NA,19.3,NA,12,2017
"Harare Kutsaga",2017-08-25,NA,20.5,28.4,11,2017
"Harare Kutsaga",2017-08-26,NA,18.6,NA,11.6,2017
"Harare Kutsaga",2017-08-27,NA,17.9,26.4,8.2,2017
"Harare Kutsaga",2017-08-28,NA,15.6,24,7.3,2017
"Harare Kutsaga",2017-08-29,NA,16.2,NA,8.7,2017
"Harare Kutsaga",2017-08-30,NA,17.2,28.4,5,2017
"Harare Kutsaga",2017-08-31,NA,16.9,27.3,NA,2017
"Harare Kutsaga",2017-09-01,NA,18.9,29.3,NA,2017
"Harare Kutsaga",2017-09-02,NA,16.6,25.6,10.9,2017
"Harare Kutsaga",2017-09-03,NA,15.7,24.4,NA,2017
"Harare Kutsaga",2017-09-04,NA,14.2,22.5,6.9,2017
"Harare Kutsaga",2017-09-05,NA,15.3,23.1,NA,2017
"Harare Kutsaga",2017-09-06,NA,16.4,25.8,NA,2017
"Harare Kutsaga",2017-09-07,NA,19.7,27.8,10.8,2017
"Harare Kutsaga",2017-09-08,NA,21.1,28.3,12.7,2017
"Harare Kutsaga",2017-09-09,NA,21.6,29.3,11.7,2017
"Harare Kutsaga",2017-09-10,NA,22.4,29.1,12.6,2017
"Harare Kutsaga",2017-09-11,NA,19.6,NA,10.7,2017
"Harare Kutsaga",2017-09-12,NA,20,NA,10.2,2017
"Harare Kutsaga",2017-09-13,NA,19.2,NA,9.5,2017
"Harare Kutsaga",2017-09-14,NA,22.6,32.1,11.8,2017
"Harare Kutsaga",2017-09-15,NA,21.3,NA,12.9,2017
"Harare Kutsaga",2017-09-16,NA,21,NA,12,2017
"Harare Kutsaga",2017-09-17,NA,23.3,NA,11.3,2017
"Harare Kutsaga",2017-09-18,NA,22.8,30,14.2,2017
"Harare Kutsaga",2017-09-19,NA,20.5,28.7,12,2017
"Harare Kutsaga",2017-09-20,NA,22,28.4,NA,2017
"Harare Kutsaga",2017-09-21,NA,20.4,28.2,11,2017
"Harare Kutsaga",2017-09-22,NA,20.6,29.8,10.7,2017
"Harare Kutsaga",2017-09-23,NA,22.8,32.1,10.2,2017
"Harare Kutsaga",2017-09-24,NA,20.9,29.1,12.6,2017
"Harare Kutsaga",2017-09-25,NA,21.5,30.1,11.8,2017
"Harare Kutsaga",2017-09-26,NA,23.3,NA,NA,2017
"Harare Kutsaga",2017-09-27,NA,23.5,31.7,16.8,2017
"Harare Kutsaga",2017-09-28,NA,21.3,30.9,15.1,2017
"Harare Kutsaga",2017-09-29,NA,18.8,NA,12.6,2017
"Harare Kutsaga",2017-09-30,NA,21.4,NA,11.6,2017
"Harare Kutsaga",2017-10-01,NA,22.5,NA,13.2,2017
"Harare Kutsaga",2017-10-02,NA,23.1,NA,13.2,2017
"Harare Kutsaga",2017-10-03,NA,21.7,29,14.8,2017
"Harare Kutsaga",2017-10-04,39.9,22.2,29.1,15.8,2017
"Harare Kutsaga",2017-10-05,0,22.8,29.4,NA,2017
"Harare Kutsaga",2017-10-06,NA,21.6,NA,NA,2017
"Harare Kutsaga",2017-10-07,NA,21.3,27.7,15.5,2017
"Harare Kutsaga",2017-10-08,NA,24.6,30.8,18.1,2017
"Harare Kutsaga",2017-10-09,NA,20.4,NA,15.6,2017
"Harare Kutsaga",2017-10-10,2,24.5,NA,17,2017
"Harare Kutsaga",2017-10-11,0,23.6,32.1,NA,2017
"Harare Kutsaga",2017-10-12,NA,22.6,32.1,12.6,2017
"Harare Kutsaga",2017-10-13,NA,20.8,29.8,NA,2017
"Harare Kutsaga",2017-10-14,NA,19.5,28,10,2017
"Harare Kutsaga",2017-10-15,NA,23.2,33,10.8,2017
"Harare Kutsaga",2017-10-16,NA,25.4,34.2,12.8,2017
"Harare Kutsaga",2017-10-17,NA,26.5,36.2,18.4,2017
"Harare Kutsaga",2017-10-18,NA,23.8,36,NA,2017
"Harare Kutsaga",2017-10-19,NA,22.1,29.7,15.5,2017
"Harare Kutsaga",2017-10-20,NA,26.1,33.8,NA,2017
"Harare Kutsaga",2017-10-21,NA,24,32.2,NA,2017
"Harare Kutsaga",2017-10-22,NA,22.3,29.8,NA,2017
"Harare Kutsaga",2017-10-23,NA,23.5,31.7,14,2017
"Harare Kutsaga",2017-10-24,NA,25.2,32.5,NA,2017
"Harare Kutsaga",2017-10-25,NA,26.1,33.4,17.1,2017
"Harare Kutsaga",2017-10-26,NA,26.9,34.5,NA,2017
"Harare Kutsaga",2017-10-27,NA,25.5,31,NA,2017
"Harare Kutsaga",2017-10-28,NA,15.3,17.1,NA,2017
"Harare Kutsaga",2017-10-29,0,15.2,21.4,10.9,2017
"Harare Kutsaga",2017-10-30,NA,17.9,25.8,NA,2017
"Harare Kutsaga",2017-10-31,NA,20,28.7,10.5,2017
"Harare Kutsaga",2017-11-01,NA,20.6,27.9,11.4,2017
"Harare Kutsaga",2017-11-02,NA,20.4,29.2,13.5,2017
"Harare Kutsaga",2017-11-03,7.1,22,NA,14,2017
"Harare Kutsaga",2017-11-04,0,21.6,29.2,14.3,2017
"Harare Kutsaga",2017-11-05,NA,21.1,28.5,12.8,2017
"Harare Kutsaga",2017-11-06,NA,22.6,30.9,10.8,2017
"Harare Kutsaga",2017-11-07,NA,24.9,32.7,15.9,2017
"Harare Kutsaga",2017-11-08,NA,26.1,34.9,NA,2017
"Harare Kutsaga",2017-11-09,NA,20.9,28.3,16.9,2017
"Harare Kutsaga",2017-11-10,NA,18.4,NA,NA,2017
"Harare Kutsaga",2017-11-11,0,19.9,26,16.3,2017
"Harare Kutsaga",2017-11-12,0,20.7,26.4,NA,2017
"Harare Kutsaga",2017-11-13,NA,18.7,NA,15.4,2017
"Harare Kutsaga",2017-11-14,6.1,20.7,NA,16.5,2017
"Harare Kutsaga",2017-11-15,0,21.2,26.9,NA,2017
"Harare Kutsaga",2017-11-16,0,19.7,24.2,NA,2017
"Harare Kutsaga",2017-11-17,NA,17.9,24.8,NA,2017
"Harare Kutsaga",2017-11-18,7.1,18.2,NA,14.5,2017
"Harare Kutsaga",2017-11-19,0,19.2,NA,NA,2017
"Harare Kutsaga",2017-11-20,3,22.4,NA,15.5,2017
"Harare Kutsaga",2017-11-21,0,22.8,NA,13.9,2017
"Harare Kutsaga",2017-11-22,NA,22.9,NA,16.6,2017
"Harare Kutsaga",2017-11-23,NA,21.7,NA,NA,2017
"Harare Kutsaga",2017-11-24,2,21.1,25.4,16.9,2017
"Harare Kutsaga",2017-11-25,0,21.8,NA,NA,2017
"Harare Kutsaga",2017-11-26,NA,18.2,23.7,16,2017
"Harare Kutsaga",2017-11-27,3,17.6,NA,NA,2017
"Harare Kutsaga",2017-11-28,1,18,NA,14.7,2017
"Harare Kutsaga",2017-11-29,0.3,18.9,NA,NA,2017
"Harare Kutsaga",2017-11-30,1,21.3,NA,14.9,2017
"Harare Kutsaga",2017-12-01,0,22.6,NA,13.9,2017
"Harare Kutsaga",2017-12-02,NA,22,NA,15.4,2017
"Harare Kutsaga",2017-12-03,NA,20,NA,NA,2017
"Harare Kutsaga",2017-12-04,NA,23.9,NA,NA,2017
"Harare Kutsaga",2017-12-05,NA,23.2,NA,15.5,2017
"Harare Kutsaga",2017-12-06,NA,21.1,NA,NA,2017
"Harare Kutsaga",2017-12-07,0,20.4,27.5,15.7,2017
"Harare Kutsaga",2017-12-08,NA,19.1,23,NA,2017
"Harare Kutsaga",2017-12-09,NA,19.8,25.2,NA,2017
"Harare Kutsaga",2017-12-10,NA,20.9,NA,NA,2017
"Harare Kutsaga",2017-12-11,NA,19.7,NA,NA,2017
"Harare Kutsaga",2017-12-12,NA,22.4,27.8,17,2017
"Harare Kutsaga",2017-12-13,NA,21.2,26.1,18.8,2017
"Harare Kutsaga",2017-12-14,0,20.8,NA,17.5,2017
"Harare Kutsaga",2017-12-15,10.9,20.9,NA,NA,2017
"Harare Kutsaga",2017-12-16,0,20.4,NA,14.6,2017
"Harare Kutsaga",2017-12-17,NA,21.7,28.8,NA,2017
"Harare Kutsaga",2017-12-18,NA,23.3,30.6,14.7,2017
"Harare Kutsaga",2017-12-19,NA,23.7,30,18,2017
"Harare Kutsaga",2017-12-20,NA,22.1,NA,NA,2017
"Harare Kutsaga",2017-12-21,0.5,22.1,27.2,NA,2017
"Harare Kutsaga",2017-12-22,0,23.1,28.3,NA,2017
"Harare Kutsaga",2017-12-23,NA,21.6,NA,18.9,2017
"Harare Kutsaga",2018-01-23,NA,26.3,NA,NA,2018
"Harare Kutsaga",2018-01-24,NA,24.8,30.9,15.9,2018
"Harare Kutsaga",2018-01-25,NA,22.6,27.6,16.4,2018
"Harare Kutsaga",2018-01-26,0,22.9,NA,NA,2018
"Harare Kutsaga",2018-01-27,NA,20.1,29.4,11.1,2018
"Harare Kutsaga",2018-01-28,NA,22.7,29.6,NA,2018
"Harare Kutsaga",2018-01-29,NA,21.1,NA,NA,2018
"Harare Kutsaga",2018-01-30,4.1,20.7,NA,16.1,2018
"Harare Kutsaga",2018-01-31,34,20.5,NA,16.8,2018
"Harare Kutsaga",2018-02-01,0,21.3,28.9,NA,2018
"Harare Kutsaga",2018-02-02,3,19.7,NA,17.4,2018
"Harare Kutsaga",2018-02-03,0,21.8,27.4,NA,2018
"Harare Kutsaga",2018-02-04,NA,20.2,NA,17.3,2018
"Harare Kutsaga",2018-02-05,24.9,19.2,24.2,16.4,2018
"Harare Kutsaga",2018-02-06,24.9,20.6,NA,16,2018
"Harare Kutsaga",2018-02-07,0,21.3,NA,NA,2018
"Harare Kutsaga",2018-02-08,NA,19.9,NA,NA,2018
"Harare Kutsaga",2018-02-09,NA,18.2,22.5,NA,2018
"Harare Kutsaga",2018-02-10,20.1,16.6,NA,15.8,2018
"Harare Kutsaga",2018-02-11,0,18.2,21.3,NA,2018
"Harare Kutsaga",2018-02-12,24.9,18.7,NA,NA,2018
"Harare Kutsaga",2018-02-13,2,18.7,NA,16.3,2018
"Harare Kutsaga",2018-02-14,0,20.9,27.5,NA,2018
"Harare Kutsaga",2018-02-15,NA,21.4,27,NA,2018
"Harare Kutsaga",2018-02-16,NA,21.4,NA,17.6,2018
"Harare Kutsaga",2018-02-17,NA,21.5,NA,NA,2018
"Harare Kutsaga",2018-02-18,0,20.6,26.6,17.4,2018
"Harare Kutsaga",2018-02-19,NA,21,25.8,NA,2018
"Harare Kutsaga",2018-02-20,NA,19.6,25.4,NA,2018
"Harare Kutsaga",2018-02-21,0.3,21.2,NA,15.4,2018
"Harare Kutsaga",2018-02-22,0,23.7,NA,17.1,2018
"Harare Kutsaga",2018-02-23,35.1,21.1,NA,NA,2018
"Harare Kutsaga",2018-02-24,0,21.3,27.3,NA,2018
"Harare Kutsaga",2018-02-25,NA,22.7,29,NA,2018
"Harare Kutsaga",2018-02-26,NA,19.1,24.1,16.8,2018
"Harare Kutsaga",2018-02-27,1,20,25.8,NA,2018
"Harare Kutsaga",2018-02-28,5.1,20.5,26.3,16,2018
"Harare Kutsaga",2018-03-01,0,19.7,NA,NA,2018
"Harare Kutsaga",2018-03-02,39.9,18.7,NA,15.9,2018
"Harare Kutsaga",2018-03-03,0,19.9,NA,NA,2018
"Harare Kutsaga",2018-03-04,NA,19.1,26.1,15.3,2018
"Harare Kutsaga",2018-03-05,9.9,20.5,27.5,16.4,2018
"Harare Kutsaga",2018-03-06,0,23.4,NA,15,2018
"Harare Kutsaga",2018-03-07,NA,22.2,28.1,NA,2018
"Harare Kutsaga",2018-03-08,NA,22.2,28.6,NA,2018
"Harare Kutsaga",2018-03-09,NA,20.8,27.2,NA,2018
"Harare Kutsaga",2018-03-10,5.1,22,27.1,16.5,2018
"Harare Kutsaga",2018-03-11,0,20.7,26.7,NA,2018
"Harare Kutsaga",2018-03-12,17,17.5,24.9,NA,2018
"Harare Kutsaga",2018-03-13,13,19,23.1,14.4,2018
"Harare Kutsaga",2018-03-14,0,18.3,NA,NA,2018
"Harare Kutsaga",2018-03-15,NA,21.2,NA,NA,2018
"Harare Kutsaga",2018-03-16,NA,23.3,NA,16.5,2018
"Harare Kutsaga",2018-03-17,NA,20.3,26.3,15.6,2018
"Harare Kutsaga",2018-03-18,NA,18.8,NA,NA,2018
"Harare Kutsaga",2018-03-19,NA,21.6,NA,14.4,2018
"Harare Kutsaga",2018-03-20,NA,21.9,27.9,14.2,2018
"Harare Kutsaga",2018-03-21,NA,22.3,NA,16,2018
"Harare Kutsaga",2018-03-22,NA,21.6,27.5,NA,2018
"Harare Kutsaga",2018-03-23,0,20.6,26.7,16,2018
"Harare Kutsaga",2018-03-24,NA,22.8,NA,NA,2018
"Harare Kutsaga",2018-03-25,NA,22.5,27.4,16.5,2018
"Harare Kutsaga",2018-03-26,NA,19.9,27.8,NA,2018
"Harare Kutsaga",2018-03-27,0,19.1,NA,17,2018
"Harare Kutsaga",2018-03-28,0,20.6,NA,16.2,2018
"Harare Kutsaga",2018-03-29,NA,19,NA,NA,2018
"Harare Kutsaga",2018-03-30,NA,21.3,NA,15,2018
"Harare Kutsaga",2018-03-31,NA,20.1,26.7,14.9,2018
"Harare Kutsaga",2018-04-01,0,18.3,25.5,12.9,2018
"Harare Kutsaga",2018-04-02,NA,21,NA,13.3,2018
"Harare Kutsaga",2018-04-03,0,20.5,26.2,14.2,2018
"Harare Kutsaga",2018-04-04,NA,18.6,NA,NA,2018
"Harare Kutsaga",2018-04-05,NA,21,NA,NA,2018
"Harare Kutsaga",2018-04-06,NA,21.9,NA,NA,2018
"Harare Kutsaga",2018-04-07,4.1,20.2,NA,15.8,2018
"Harare Kutsaga",2018-04-08,0,20.4,27.7,14,2018
"Harare Kutsaga",2018-04-09,0,17.9,22.4,14.6,2018
"Harare Kutsaga",2018-04-10,0,18.8,NA,15.7,2018
"Harare Kutsaga",2018-04-11,NA,17.9,NA,NA,2018
"Harare Kutsaga",2018-04-12,NA,17.4,NA,NA,2018
"Harare Kutsaga",2018-04-13,0,15.4,NA,NA,2018
"Harare Kutsaga",2018-04-14,NA,22.3,26.8,NA,2018
"Harare Kutsaga",2018-04-15,5.1,20.1,25.2,NA,2018
"Harare Kutsaga",2018-04-16,0,16.9,23.3,NA,2018
"Harare Kutsaga",2018-04-17,NA,17.6,NA,NA,2018
"Harare Kutsaga",2018-04-18,NA,19.4,NA,11.8,2018
"Harare Kutsaga",2018-04-19,NA,17.8,26.9,13.2,2018
"Harare Kutsaga",2018-04-20,NA,18.7,NA,NA,2018
"Harare Kutsaga",2018-04-21,NA,19,27.3,12.9,2018
"Harare Kutsaga",2018-04-22,NA,18.2,25.5,14.5,2018
"Harare Kutsaga",2018-04-23,0,19.9,NA,12.7,2018
"Harare Kutsaga",2018-04-24,NA,16.7,24.5,10.9,2018
"Harare Kutsaga",2018-04-25,NA,14.3,NA,NA,2018
"Harare Kutsaga",2018-04-26,NA,18.6,NA,8.5,2018
"Harare Kutsaga",2018-04-29,NA,18.1,26.7,NA,2018
"Harare Kutsaga",2018-04-30,NA,18.7,24.8,9.9,2018
"Harare Kutsaga",2018-05-01,NA,16.7,23.5,11.2,2018
"Harare Kutsaga",2018-05-02,6.1,15.4,NA,11,2018
"Harare Kutsaga",2018-05-03,0,17.3,NA,NA,2018
"Harare Kutsaga",2018-05-04,NA,17.8,NA,NA,2018
"Harare Kutsaga",2018-05-05,NA,19.1,NA,NA,2018
"Harare Kutsaga",2018-05-06,NA,15.7,NA,NA,2018
"Harare Kutsaga",2018-05-08,NA,16.2,23.6,8.7,2018
"Harare Kutsaga",2018-05-09,NA,16.8,NA,9,2018
"Harare Kutsaga",2018-05-10,NA,15.2,NA,9,2018
"Harare Kutsaga",2018-05-11,NA,15.8,NA,7.9,2018
"Harare Kutsaga",2018-05-12,NA,22.4,NA,13,2018
"Harare Kutsaga",2018-05-13,NA,20.2,NA,12.5,2018
"Harare Kutsaga",2018-05-14,NA,20.2,26.9,NA,2018
"Harare Kutsaga",2018-05-15,NA,19.2,25.6,NA,2018
"Harare Kutsaga",2018-05-16,5.1,16.4,NA,13.7,2018
"Harare Kutsaga",2018-05-17,0,16.8,21,NA,2018
"Harare Kutsaga",2018-05-18,150.1,19.3,NA,11,2018
"Harare Kutsaga",2018-05-19,0,14.3,NA,9.6,2018
"Harare Kutsaga",2018-05-20,NA,15.6,22.9,7,2018
"Harare Kutsaga",2018-05-21,NA,15.9,NA,NA,2018
"Harare Kutsaga",2018-05-22,NA,16.4,NA,9.7,2018
"Harare Kutsaga",2018-05-23,NA,20.1,NA,10,2018
"Harare Kutsaga",2018-05-24,NA,17.4,NA,10.8,2018
"Harare Kutsaga",2018-05-25,NA,16.8,23.9,NA,2018
"Harare Kutsaga",2018-05-26,NA,15.9,NA,12.5,2018
"Harare Kutsaga",2018-05-27,NA,17.6,NA,11.9,2018
"Harare Kutsaga",2018-05-28,2,17.7,23.8,8.4,2018
"Harare Kutsaga",2018-05-29,0,13.5,NA,8.8,2018
"Harare Kutsaga",2018-05-30,NA,17.6,23.7,NA,2018
"Harare Kutsaga",2018-05-31,NA,11.9,NA,7.3,2018
"Harare Kutsaga",2018-06-01,NA,17.8,NA,8.4,2018
"Harare Kutsaga",2018-06-02,NA,16.7,25.6,NA,2018
"Harare Kutsaga",2018-06-03,NA,18.8,24.6,9.3,2018
"Harare Kutsaga",2018-06-04,NA,14,NA,7.6,2018
"Harare Kutsaga",2018-06-05,NA,10.3,NA,NA,2018
"Harare Kutsaga",2018-06-06,NA,8.5,15.9,NA,2018
"Harare Kutsaga",2018-06-07,NA,11.7,18.9,4.1,2018
"Harare Kutsaga",2018-06-08,NA,12.7,NA,1.7,2018
"Harare Kutsaga",2018-06-09,NA,11.9,NA,2.9,2018
"Harare Kutsaga",2018-06-10,NA,12.1,NA,NA,2018
"Harare Kutsaga",2018-06-11,NA,12.5,21.5,NA,2018
"Harare Kutsaga",2018-06-12,NA,12.3,20.5,5.9,2018
"Harare Kutsaga",2018-06-13,NA,15.7,20.1,6.2,2018
"Harare Kutsaga",2018-06-14,NA,15.6,21.2,9.7,2018
"Harare Kutsaga",2018-06-15,NA,16.6,NA,10.3,2018
"Harare Kutsaga",2018-06-16,NA,17.9,NA,7.3,2018
"Harare Kutsaga",2018-06-17,NA,14.9,24.4,7.7,2018
"Harare Kutsaga",2018-06-18,NA,16.4,NA,7.5,2018
"Harare Kutsaga",2018-06-19,NA,15.3,NA,NA,2018
"Harare Kutsaga",2018-06-20,NA,13.4,24.1,5.8,2018
"Harare Kutsaga",2018-06-21,NA,13.8,NA,7.8,2018
"Harare Kutsaga",2018-06-22,NA,18.1,22.4,9.8,2018
"Harare Kutsaga",2018-06-23,NA,14.8,21.9,7.7,2018
"Harare Kutsaga",2018-06-24,NA,14.3,21.6,6,2018
"Harare Kutsaga",2018-06-25,NA,13.6,NA,6.4,2018
"Harare Kutsaga",2018-06-26,NA,15.5,NA,NA,2018
"Harare Kutsaga",2018-06-27,NA,15.8,NA,10.6,2018
"Harare Kutsaga",2018-06-28,NA,15.2,21.3,5.9,2018
"Harare Kutsaga",2018-06-29,NA,13,NA,6.3,2018
"Harare Kutsaga",2018-06-30,NA,14.6,NA,5.7,2018
"Harare Kutsaga",2018-07-01,NA,15.1,24.1,3,2018
"Harare Kutsaga",2018-07-02,NA,10.7,NA,5.2,2018
"Harare Kutsaga",2018-07-03,NA,16.2,22.7,NA,2018
"Harare Kutsaga",2018-07-04,NA,10.4,17.7,NA,2018
"Harare Kutsaga",2018-07-05,0,11.6,NA,NA,2018
"Harare Kutsaga",2018-07-06,0,10.9,NA,NA,2018
"Harare Kutsaga",2018-07-07,NA,12.2,15.7,NA,2018
"Harare Kutsaga",2018-07-08,NA,14.6,19.9,NA,2018
"Harare Kutsaga",2018-07-09,NA,14.1,19.3,10.4,2018
"Harare Kutsaga",2018-07-10,NA,14.6,21.4,8.4,2018
"Harare Kutsaga",2018-07-11,NA,12.9,NA,7.5,2018
"Harare Kutsaga",2018-07-13,NA,13.3,NA,7.1,2018
"Harare Kutsaga",2018-07-14,NA,16.3,NA,NA,2018
"Harare Kutsaga",2018-07-15,NA,15.7,20.5,NA,2018
"Harare Kutsaga",2018-07-16,NA,10.7,NA,NA,2018
"Harare Kutsaga",2018-07-17,NA,9.9,14.5,NA,2018
"Harare Kutsaga",2018-07-18,NA,10.8,NA,5.8,2018
"Harare Kutsaga",2018-07-19,NA,11.8,NA,NA,2018
"Harare Kutsaga",2018-07-20,NA,14.6,NA,NA,2018
"Harare Kutsaga",2018-07-21,NA,13.3,NA,NA,2018
"Harare Kutsaga",2018-07-22,NA,14.6,19.9,6.4,2018
"Harare Kutsaga",2018-07-23,NA,13.8,NA,6.7,2018
"Harare Kutsaga",2018-07-24,NA,11.3,NA,7,2018
"Harare Kutsaga",2018-07-25,NA,13.8,22,NA,2018
"Harare Kutsaga",2018-07-26,NA,14.5,NA,3.5,2018
"Harare Kutsaga",2018-07-27,NA,13.2,22,NA,2018
"Harare Kutsaga",2018-07-28,NA,16.7,24.8,7.4,2018
"Harare Kutsaga",2018-07-29,NA,14.8,NA,5.3,2018
"Harare Kutsaga",2018-07-30,NA,17.1,24.8,7.6,2018
"Harare Kutsaga",2018-07-31,NA,15.7,NA,8.2,2018
"Harare Kutsaga",2018-08-01,NA,17.3,26.1,NA,2018
"Harare Kutsaga",2018-08-02,NA,17.3,27.3,8.3,2018
"Harare Kutsaga",2018-08-03,NA,17.7,NA,NA,2018
"Harare Kutsaga",2018-08-04,NA,18.2,NA,NA,2018
"Harare Kutsaga",2018-08-06,NA,19.4,29.3,8.9,2018
"Harare Kutsaga",2018-08-07,NA,22.2,31,6.3,2018
"Harare Kutsaga",2018-08-08,NA,20.9,NA,10.4,2018
"Harare Kutsaga",2018-08-09,NA,19.4,26.9,10.5,2018
"Harare Kutsaga",2018-08-10,NA,17.6,NA,11.8,2018
"Harare Kutsaga",2018-08-11,NA,20.7,29.9,8,2018
"Harare Kutsaga",2018-08-12,NA,18,25.5,10.4,2018
"Harare Kutsaga",2018-08-13,NA,15.9,25.6,7.4,2018
"Harare Kutsaga",2018-08-14,NA,15.1,NA,6.7,2018
"Harare Kutsaga",2018-08-15,NA,17.5,25.7,NA,2018
"Harare Kutsaga",2018-08-16,NA,19.4,NA,9,2018
"Harare Kutsaga",2018-08-17,NA,20.8,28.2,8.7,2018
"Harare Kutsaga",2018-08-18,NA,17.8,NA,11.2,2018
"Harare Kutsaga",2018-08-20,NA,22.4,NA,NA,2018
"Harare Kutsaga",2018-08-22,NA,21.3,NA,12.3,2018
"Harare Kutsaga",2018-08-24,NA,19.7,26.8,12.7,2018
"Harare Kutsaga",2018-08-25,NA,17.6,25.4,10.6,2018
"Harare Kutsaga",2018-08-26,NA,22.3,NA,NA,2018
"Harare Kutsaga",2018-08-27,NA,20.9,NA,9.6,2018
"Harare Kutsaga",2018-08-28,NA,18.8,24.6,9.2,2018
"Harare Kutsaga",2018-08-29,NA,13.1,NA,NA,2018
"Harare Kutsaga",2018-08-30,NA,18.2,25.2,NA,2018
"Harare Kutsaga",2018-08-31,NA,17.9,25.5,4.9,2018
"Harare Kutsaga",2018-09-01,NA,18.4,26,8.2,2018
"Harare Kutsaga",2018-09-02,NA,17.3,25.9,12.2,2018
"Harare Kutsaga",2018-09-03,NA,19.3,NA,12.3,2018
"Harare Kutsaga",2018-09-04,NA,23.2,29.2,15.8,2018
"Harare Kutsaga",2018-09-05,NA,22.9,NA,NA,2018
"Harare Kutsaga",2018-09-06,NA,23.3,28.1,NA,2018
"Harare Kutsaga",2018-09-07,NA,22.4,28.7,15.1,2018
"Harare Kutsaga",2018-09-12,NA,22.3,27.1,NA,2018
"Harare Kutsaga",2018-09-13,NA,19.8,30.6,NA,2018
"Harare Kutsaga",2018-09-14,NA,23.6,NA,13.6,2018
"Harare Kutsaga",2018-09-22,NA,23.3,29.7,NA,2018
"Harare Kutsaga",2018-09-28,NA,24.4,30.1,16.2,2018
"Harare Kutsaga",2018-09-29,NA,21.4,29.6,15.5,2018
"Harare Kutsaga",2018-09-30,NA,18.3,NA,NA,2018
"Harare Kutsaga",2018-10-03,NA,22.3,29.4,NA,2018
"Harare Kutsaga",2018-10-05,NA,22.5,26.9,11.2,2018
"Harare Kutsaga",2018-10-06,NA,17.8,NA,9.8,2018
"Harare Kutsaga",2018-10-08,NA,17.4,NA,8.5,2018
"Harare Kutsaga",2018-10-10,NA,23.7,28.5,10.8,2018
"Harare Kutsaga",2018-10-13,NA,22.3,NA,16.6,2018
"Harare Kutsaga",2018-10-18,NA,23.8,NA,17.6,2018
"Harare Kutsaga",2018-10-21,0.8,18.2,24.8,13.6,2018
"Harare Kutsaga",2018-10-23,NA,17.8,23.5,7.7,2018
"Harare Kutsaga",2018-10-25,NA,23.1,NA,NA,2018
"Harare Kutsaga",2018-10-26,NA,26.3,NA,NA,2018
"Harare Kutsaga",2018-10-27,NA,17.2,29.6,NA,2018
"Harare Kutsaga",2018-10-28,NA,20.6,29.3,11.1,2018
"Harare Kutsaga",2018-10-29,NA,21.6,NA,10.5,2018
"Harare Kutsaga",2018-10-30,NA,23.9,30.8,13,2018
"Harare Kutsaga",2018-10-31,NA,24,NA,13.9,2018
"Harare Kutsaga",2018-11-01,NA,25.5,32.2,17.9,2018
"Harare Kutsaga",2018-11-02,NA,24.8,NA,17.1,2018
"Harare Kutsaga",2018-11-03,NA,19.7,NA,NA,2018
"Harare Kutsaga",2018-11-04,NA,22.3,27,NA,2018
"Harare Kutsaga",2018-11-05,0,23.2,NA,12.9,2018
"Harare Kutsaga",2018-11-06,NA,26.4,33.7,15.5,2018
"Harare Kutsaga",2018-11-07,NA,19.4,NA,NA,2018
"Harare Kutsaga",2018-11-08,1,16.6,NA,13.5,2018
"Harare Kutsaga",2018-11-09,0,21.5,NA,11.3,2018
"Harare Kutsaga",2018-11-10,NA,18.3,NA,11,2018
"Harare Kutsaga",2018-11-11,NA,22.7,NA,NA,2018
"Harare Kutsaga",2018-11-12,NA,21.1,28.6,8.8,2018
"Harare Kutsaga",2018-11-13,NA,21.4,28.7,9.2,2018
"Harare Kutsaga",2018-11-14,NA,22.1,NA,11,2018
"Harare Kutsaga",2018-11-15,NA,23.1,NA,NA,2018
"Harare Kutsaga",2018-11-16,NA,25.3,30.3,15.2,2018
"Harare Kutsaga",2018-11-17,NA,24.7,NA,17.4,2018
"Harare Kutsaga",2018-11-18,NA,24.6,NA,NA,2018
"Harare Kutsaga",2018-11-19,NA,23.8,NA,NA,2018
"Harare Kutsaga",2018-11-20,NA,25.7,30.7,15.4,2018
"Harare Kutsaga",2018-11-21,NA,24,NA,16.7,2018
"Harare Kutsaga",2018-11-22,NA,26.8,33.9,NA,2018
"Harare Kutsaga",2018-11-25,14,19.8,23.8,15.7,2018
"Harare Kutsaga",2018-11-26,0,21.3,NA,16,2018
"Harare Kutsaga",2018-11-27,NA,18.3,21.1,15.8,2018
"Harare Kutsaga",2018-11-28,3,21.6,29.7,17,2018
"Harare Kutsaga",2018-11-29,7.9,18.7,23.4,NA,2018
"Harare Kutsaga",2018-11-30,0,16.9,NA,14.4,2018
"Harare Kutsaga",2018-12-01,NA,20.6,NA,NA,2018
"Harare Kutsaga",2018-12-02,NA,23.3,30.3,NA,2018
"Harare Kutsaga",2018-12-03,NA,22.3,29.6,NA,2018
"Harare Kutsaga",2018-12-04,NA,22.8,32,18,2018
"Harare Kutsaga",2018-12-05,5.1,21.7,NA,NA,2018
"Harare Kutsaga",2018-12-06,0,19.7,NA,NA,2018
"Harare Kutsaga",2018-12-07,NA,23.2,NA,NA,2018
"Harare Kutsaga",2018-12-08,NA,24.4,29.4,18.3,2018
"Harare Kutsaga",2018-12-09,41.9,15.9,18.4,NA,2018
"Harare Kutsaga",2018-12-10,0,22.7,NA,NA,2018
"Harare Kutsaga",2018-12-11,NA,19.5,26.7,NA,2018
"Harare Kutsaga",2018-12-12,0.3,20.6,26.8,12.9,2018
"Harare Kutsaga",2018-12-13,0,23.3,NA,NA,2018
"Harare Kutsaga",2018-12-14,NA,21.2,27.7,15.5,2018
"Harare Kutsaga",2018-12-15,0,21,24.4,16.8,2018
"Harare Kutsaga",2018-12-16,0,20.1,25.2,16.9,2018
"Harare Kutsaga",2018-12-17,NA,22.4,27,NA,2018
"Harare Kutsaga",2018-12-18,0.3,20.6,24.8,NA,2018
"Harare Kutsaga",2018-12-19,0,18.3,NA,NA,2018
"Harare Kutsaga",2018-12-20,NA,27.4,NA,NA,2018
"Harare Kutsaga",2018-12-21,NA,20.8,25.2,15.6,2018
"Harare Kutsaga",2018-12-22,NA,20.3,26.2,NA,2018
"Harare Kutsaga",2018-12-23,NA,22.9,29.7,15.1,2018
"Harare Kutsaga",2018-12-24,NA,22.3,30.1,15.8,2018
"Harare Kutsaga",2018-12-25,NA,22.4,NA,16.7,2018
"Harare Kutsaga",2018-12-26,NA,23.5,28.7,16.8,2018
"Harare Kutsaga",2018-12-27,NA,22.1,NA,16.7,2018
"Harare Kutsaga",2018-12-28,NA,24.9,NA,16,2018
"Harare Kutsaga",2018-12-29,NA,21.3,28.2,NA,2018
"Harare Kutsaga",2018-12-30,0.3,19.3,27.7,14.9,2018
"Harare Kutsaga",2018-12-31,0,22.6,28.5,16.6,2018
"Harare Kutsaga",2019-01-01,NA,24,29.1,NA,2019
"Harare Kutsaga",2019-01-02,NA,24.5,29.4,NA,2019
"Harare Kutsaga",2019-01-03,NA,19.8,26.1,17.5,2019
"Harare Kutsaga",2019-01-04,23.9,21.2,NA,16.8,2019
"Harare Kutsaga",2019-01-05,0,20.8,NA,NA,2019
"Harare Kutsaga",2019-01-06,NA,22.3,NA,NA,2019
"Harare Kutsaga",2019-01-07,NA,21.8,NA,NA,2019
"Harare Kutsaga",2019-01-08,NA,21.9,28.5,NA,2019
"Harare Kutsaga",2019-01-09,15,21.2,28.2,17.3,2019
"Harare Kutsaga",2019-01-10,0,21.1,25.4,NA,2019
"Harare Kutsaga",2019-01-11,NA,21.6,26,NA,2019
"Harare Kutsaga",2019-01-12,3,23.1,NA,18.5,2019
"Harare Kutsaga",2019-01-13,0,23.8,27.2,NA,2019
"Harare Kutsaga",2019-01-14,7.1,21.4,26.8,16.4,2019
"Harare Kutsaga",2019-01-15,0,18.6,NA,NA,2019
"Harare Kutsaga",2019-01-17,NA,20.9,28.1,NA,2019
"Harare Kutsaga",2019-01-18,NA,19.7,28.3,NA,2019
"Harare Kutsaga",2019-01-19,NA,25.7,NA,NA,2019
"Harare Kutsaga",2019-01-20,NA,20.2,24,NA,2019
"Harare Kutsaga",2019-01-21,0,15.9,NA,13.9,2019
"Harare Kutsaga",2019-01-22,0,16.8,NA,15.1,2019
"Harare Kutsaga",2019-01-23,NA,21.6,NA,NA,2019
"Harare Kutsaga",2019-01-24,NA,23.1,NA,NA,2019
"Harare Kutsaga",2019-01-26,NA,24.9,NA,NA,2019
"Harare Kutsaga",2019-01-27,NA,22.2,NA,NA,2019
"Harare Kutsaga",2019-01-28,0,19.1,NA,16.3,2019
"Harare Kutsaga",2019-02-03,NA,23.2,NA,NA,2019
"Harare Kutsaga",2019-02-04,NA,21.6,NA,NA,2019
"Harare Kutsaga",2019-02-05,NA,17.8,NA,NA,2019
"Harare Kutsaga",2019-02-08,NA,20.7,NA,NA,2019
"Harare Kutsaga",2019-02-13,NA,23.8,NA,NA,2019
"Harare Kutsaga",2019-02-16,NA,23,NA,NA,2019
"Harare Kutsaga",2019-02-17,NA,19.9,NA,NA,2019
"Harare Kutsaga",2019-02-18,NA,18.9,NA,15.8,2019
"Harare Kutsaga",2019-02-19,NA,19.2,24,NA,2019
"Harare Kutsaga",2019-02-20,NA,18.4,NA,14.5,2019
"Harare Kutsaga",2019-02-21,NA,23,27.6,NA,2019
"Harare Kutsaga",2019-02-22,NA,19.1,26.5,12.9,2019
"Harare Kutsaga",2019-02-23,NA,21.9,27.5,12.7,2019
"Harare Kutsaga",2019-02-24,NA,24.7,29.5,12,2019
"Harare Kutsaga",2019-02-25,NA,22.5,NA,NA,2019
"Harare Kutsaga",2019-02-26,NA,21.3,NA,NA,2019
"Harare Kutsaga",2019-02-27,NA,21.7,NA,15.2,2019
"Harare Kutsaga",2019-02-28,NA,25.4,NA,NA,2019
"Harare Kutsaga",2019-03-01,NA,26.6,NA,NA,2019
"Harare Kutsaga",2019-03-02,NA,21,NA,NA,2019
"Harare Kutsaga",2019-03-03,NA,23.7,NA,NA,2019
"Harare Kutsaga",2019-03-04,NA,24.6,30.2,NA,2019
"Harare Kutsaga",2019-03-05,NA,22.7,NA,14.7,2019
"Harare Kutsaga",2019-03-06,NA,21.5,25.6,NA,2019
"Harare Kutsaga",2019-03-07,NA,21.1,NA,NA,2019
"Harare Kutsaga",2019-03-08,NA,20.5,28.6,NA,2019
"Harare Kutsaga",2019-03-09,NA,21.1,29.2,NA,2019
"Harare Kutsaga",2019-03-10,NA,24.9,29.7,16.5,2019
"Harare Kutsaga",2019-03-11,NA,22.3,NA,13.5,2019
"Harare Kutsaga",2019-03-12,NA,22.2,NA,11.7,2019
"Harare Kutsaga",2019-03-13,NA,19.8,NA,NA,2019
"Harare Kutsaga",2019-03-14,NA,21.1,NA,12.5,2019
"Harare Kutsaga",2019-03-15,NA,18.6,NA,17,2019
"Harare Kutsaga",2019-03-16,NA,18.1,19.1,NA,2019
"Harare Kutsaga",2019-03-17,NA,18.3,NA,NA,2019
"Harare Kutsaga",2019-03-18,NA,20.3,NA,16.6,2019
"Harare Kutsaga",2019-03-19,NA,21.6,NA,13.1,2019
"Harare Kutsaga",2019-03-20,NA,21.4,NA,NA,2019
"Harare Kutsaga",2019-03-21,NA,25.4,28.6,NA,2019
"Harare Kutsaga",2019-03-22,NA,20.9,NA,NA,2019
"Harare Kutsaga",2019-03-23,NA,20.2,26,15.7,2019
"Harare Kutsaga",2019-03-24,NA,19.3,NA,15.8,2019
"Harare Kutsaga",2019-03-25,NA,21.8,NA,14,2019
"Harare Kutsaga",2019-03-26,NA,25.9,30,15.4,2019
"Harare Kutsaga",2019-03-27,NA,18.3,NA,NA,2019
"Harare Kutsaga",2019-03-28,NA,25.1,27.8,NA,2019
"Harare Kutsaga",2019-03-29,NA,19.8,27.5,12.7,2019
"Harare Kutsaga",2019-03-30,NA,22.7,27.2,12,2019
"Harare Kutsaga",2019-03-31,NA,19.1,NA,12.9,2019
"Harare Kutsaga",2019-04-01,NA,22.7,NA,NA,2019
"Harare Kutsaga",2019-04-02,NA,19.5,NA,NA,2019
"Harare Kutsaga",2019-04-03,NA,18.2,NA,12,2019
"Harare Kutsaga",2019-04-04,NA,19.9,NA,10.2,2019
"Harare Kutsaga",2019-04-05,NA,19,NA,13.8,2019
"Harare Kutsaga",2019-04-06,NA,20.3,28.7,14.6,2019
"Harare Kutsaga",2019-04-07,NA,21.8,27.9,14,2019
"Harare Kutsaga",2019-04-08,NA,22.7,29.1,NA,2019
"Harare Kutsaga",2019-04-09,NA,19.7,27,15.9,2019
"Harare Kutsaga",2019-04-10,NA,22.1,NA,14.6,2019
"Harare Kutsaga",2019-04-12,NA,19.2,NA,NA,2019
"Harare Kutsaga",2019-04-13,NA,17.4,22.1,NA,2019
"Harare Kutsaga",2019-04-14,NA,19.4,25.5,14,2019
"Harare Kutsaga",2019-04-15,NA,21.4,NA,NA,2019
"Harare Kutsaga",2019-04-16,NA,21.7,28.2,16.8,2019
"Harare Kutsaga",2019-04-17,0,20.2,27,16.5,2019
"Harare Kutsaga",2019-04-18,0,18.4,21.5,16,2019
"Harare Kutsaga",2019-04-19,NA,20,27.1,13.5,2019
"Harare Kutsaga",2019-04-20,NA,19.1,NA,NA,2019
"Harare Kutsaga",2019-04-21,NA,19,NA,11.6,2019
"Harare Kutsaga",2019-04-22,NA,20.1,NA,11.5,2019
"Harare Kutsaga",2019-04-23,NA,20.7,27.1,12.5,2019
"Harare Kutsaga",2019-04-24,NA,20.1,NA,NA,2019
"Harare Kutsaga",2019-04-25,NA,18.3,NA,NA,2019
"Harare Kutsaga",2019-04-26,NA,22.5,28.4,12,2019
"Harare Kutsaga",2019-04-27,NA,19.1,NA,NA,2019
"Harare Kutsaga",2019-04-28,NA,20.2,25.1,NA,2019
"Harare Kutsaga",2019-04-29,NA,17.9,NA,NA,2019
"Harare Kutsaga",2019-04-30,NA,16.4,NA,NA,2019
"Harare Kutsaga",2019-05-01,NA,20.4,NA,NA,2019
"Harare Kutsaga",2019-05-02,NA,18.3,NA,NA,2019
"Harare Kutsaga",2019-05-03,NA,17.3,24.7,11.7,2019
"Harare Kutsaga",2019-05-04,NA,20.1,27.1,NA,2019
"Harare Kutsaga",2019-05-05,NA,19.3,27.8,10,2019
"Harare Kutsaga",2019-05-06,NA,22.7,NA,9,2019
"Harare Kutsaga",2019-05-07,NA,23.4,NA,NA,2019
"Harare Kutsaga",2019-05-08,NA,17.4,24.7,NA,2019
"Harare Kutsaga",2019-05-09,NA,18.4,NA,NA,2019
"Harare Kutsaga",2019-05-10,NA,18.3,26.1,8.3,2019
"Harare Kutsaga",2019-05-11,NA,18.3,NA,9.2,2019
"Harare Kutsaga",2019-05-12,NA,16.8,NA,9,2019
"Harare Kutsaga",2019-05-13,NA,17.4,NA,8.9,2019
"Harare Kutsaga",2019-05-15,NA,17.5,NA,8.5,2019
"Harare Kutsaga",2019-05-16,NA,16.7,25.7,NA,2019
"Harare Kutsaga",2019-05-17,NA,16.3,NA,NA,2019
"Harare Kutsaga",2019-05-18,NA,18.1,NA,10,2019
"Harare Kutsaga",2019-05-19,NA,18.9,NA,NA,2019
"Harare Kutsaga",2019-05-20,NA,17.5,NA,NA,2019
"Harare Kutsaga",2019-05-21,NA,19.3,NA,NA,2019
"Harare Kutsaga",2019-05-22,NA,16.4,24.4,NA,2019
"Harare Kutsaga",2019-05-23,NA,14.9,23.2,7.4,2019
"Harare Kutsaga",2019-05-24,NA,15.9,NA,9.5,2019
"Harare Kutsaga",2019-05-25,0,15.6,NA,12,2019
"Harare Kutsaga",2019-05-26,NA,15.4,NA,NA,2019
"Harare Kutsaga",2019-05-27,NA,16.6,22.4,NA,2019
"Harare Kutsaga",2019-05-28,NA,13.8,NA,6.7,2019
"Harare Kutsaga",2019-05-29,NA,16.1,NA,7.2,2019
"Harare Kutsaga",2019-05-30,NA,15.4,NA,8.5,2019
"Harare Kutsaga",2019-05-31,NA,14.9,NA,NA,2019
"Harare Kutsaga",2019-06-01,NA,15.7,21.5,6.4,2019
"Harare Kutsaga",2019-06-02,NA,15.7,20.4,6.8,2019
"Harare Kutsaga",2019-06-03,NA,14.4,19.2,NA,2019
"Harare Kutsaga",2019-06-04,NA,15,22.2,NA,2019
"Harare Kutsaga",2019-06-05,NA,14.6,NA,8,2019
"Harare Kutsaga",2019-06-07,NA,12.5,NA,NA,2019
"Harare Kutsaga",2019-06-08,NA,18.9,24.7,NA,2019
"Harare Kutsaga",2019-06-09,NA,12.9,NA,NA,2019
"Harare Kutsaga",2019-06-10,NA,12.6,NA,NA,2019
"Harare Kutsaga",2019-06-11,NA,13.8,22.5,6.5,2019
"Harare Kutsaga",2019-06-12,NA,14.4,NA,NA,2019
"Harare Kutsaga",2019-06-13,NA,15.2,NA,5,2019
"Harare Kutsaga",2019-06-14,NA,12.9,NA,NA,2019
"Harare Kutsaga",2019-06-15,NA,15.6,NA,NA,2019
"Harare Kutsaga",2019-06-16,NA,14,NA,NA,2019
"Harare Kutsaga",2019-06-17,NA,13.8,NA,5.8,2019
"Harare Kutsaga",2019-06-18,NA,15.7,NA,5,2019
"Harare Kutsaga",2019-06-21,NA,16.7,NA,NA,2019
"Harare Kutsaga",2019-06-22,NA,15,22,6,2019
"Harare Kutsaga",2019-06-23,NA,15.8,22,NA,2019
"Harare Kutsaga",2019-06-24,NA,15.8,23.3,NA,2019
"Harare Kutsaga",2019-06-25,NA,15.5,19.6,7.5,2019
"Harare Kutsaga",2019-06-26,NA,17.5,NA,11,2019
"Harare Kutsaga",2019-06-27,NA,13.6,NA,NA,2019
"Harare Kutsaga",2019-06-28,NA,13.1,20.4,6,2019
"Harare Kutsaga",2019-06-29,NA,10.9,20.6,3.4,2019
"Harare Kutsaga",2019-06-30,NA,14.8,NA,6.4,2019
"Harare Kutsaga",2019-07-02,NA,19.5,24.6,7.2,2019
"Harare Kutsaga",2019-07-03,NA,16.7,25.1,9.1,2019
"Harare Kutsaga",2019-07-04,NA,17.4,23.9,7.5,2019
"Harare Kutsaga",2019-07-05,NA,13.6,NA,4.9,2019
"Harare Kutsaga",2019-07-06,NA,13.3,22.9,NA,2019
"Harare Kutsaga",2019-07-07,NA,11.9,NA,3.2,2019
"Harare Kutsaga",2019-07-08,NA,20.4,NA,4.1,2019
"Harare Kutsaga",2019-07-09,NA,17.6,24.3,NA,2019
"Harare Kutsaga",2019-07-10,NA,14.7,NA,NA,2019
"Harare Kutsaga",2019-07-11,NA,16.8,25,NA,2019
"Harare Kutsaga",2019-07-12,NA,11.5,NA,1.5,2019
"Harare Kutsaga",2019-07-13,NA,12.7,24.5,NA,2019
"Harare Kutsaga",2019-07-14,NA,14.1,22.1,3.5,2019
"Harare Kutsaga",2019-07-15,NA,11.1,NA,NA,2019
"Harare Kutsaga",2019-07-16,NA,12.6,21.4,5.5,2019
"Harare Kutsaga",2019-07-17,NA,10.9,NA,5.2,2019
"Harare Kutsaga",2019-07-18,NA,12.2,NA,NA,2019
"Harare Kutsaga",2019-07-19,NA,19.6,NA,7.3,2019
"Harare Kutsaga",2019-07-20,NA,16.1,NA,NA,2019
"Harare Kutsaga",2019-07-21,NA,14.3,21.5,NA,2019
"Harare Kutsaga",2019-07-22,NA,10.2,20.3,4.2,2019
"Harare Kutsaga",2019-07-23,NA,13.9,NA,4,2019
"Harare Kutsaga",2019-07-24,NA,18.1,26.8,NA,2019
"Harare Kutsaga",2019-07-25,NA,14.8,NA,NA,2019
"Harare Kutsaga",2019-07-26,NA,19.4,26.5,NA,2019
"Harare Kutsaga",2019-07-27,NA,11.4,NA,3.3,2019
"Harare Kutsaga",2019-07-28,NA,12.3,NA,5,2019
"Harare Kutsaga",2019-07-29,NA,17.8,NA,NA,2019
"Harare Kutsaga",2019-07-30,NA,13,NA,NA,2019
"Harare Kutsaga",2019-07-31,NA,18.4,23.5,NA,2019
"Harare Kutsaga",2019-08-01,NA,16.8,24.1,8.7,2019
"Harare Kutsaga",2019-08-02,NA,17.6,24.5,8.7,2019
"Harare Kutsaga",2019-08-03,NA,18.6,NA,13.3,2019
"Harare Kutsaga",2019-08-04,NA,18.9,NA,NA,2019
"Harare Kutsaga",2019-08-05,NA,20.3,26.6,NA,2019
"Harare Kutsaga",2019-08-06,NA,20.1,NA,13.1,2019
"Harare Kutsaga",2019-08-07,NA,17.8,NA,11.2,2019
"Harare Kutsaga",2019-08-08,NA,21.3,NA,NA,2019
"Harare Kutsaga",2019-08-09,NA,19.4,NA,NA,2019
"Harare Kutsaga",2019-08-10,NA,15.2,NA,9.8,2019
"Harare Kutsaga",2019-08-11,NA,17.1,24.2,NA,2019
"Harare Kutsaga",2019-08-12,NA,18.3,26.2,9.1,2019
"Harare Kutsaga",2019-08-13,NA,19.4,26.3,11,2019
"Harare Kutsaga",2019-08-14,NA,18.6,26.2,11,2019
"Harare Kutsaga",2019-08-15,NA,17.8,NA,9.9,2019
"Harare Kutsaga",2019-08-16,NA,17.2,NA,9.3,2019
"Harare Kutsaga",2019-08-17,NA,17.9,26.1,NA,2019
"Harare Kutsaga",2019-08-18,NA,16.7,NA,7.4,2019
"Harare Kutsaga",2019-08-19,NA,14.1,NA,7,2019
"Harare Kutsaga",2019-08-20,NA,15.9,NA,6.8,2019
"Harare Kutsaga",2019-08-21,NA,14.8,NA,10.9,2019
"Harare Kutsaga",2019-08-22,NA,14.4,NA,NA,2019
"Harare Kutsaga",2019-08-23,NA,16.5,24,6,2019
"Harare Kutsaga",2019-08-24,NA,14.4,21.7,4.7,2019
"Harare Kutsaga",2019-08-25,NA,17,NA,9.7,2019
"Harare Kutsaga",2019-08-26,NA,20.2,NA,NA,2019
"Harare Kutsaga",2019-08-27,NA,22.1,28.4,13,2019
"Harare Kutsaga",2019-08-28,NA,21.4,NA,NA,2019
"Harare Kutsaga",2019-08-29,NA,22.4,29.1,NA,2019
"Harare Kutsaga",2019-08-30,NA,20.9,29.2,11.2,2019
"Harare Kutsaga",2019-08-31,NA,21.6,30.5,NA,2019
"Harare Kutsaga",2019-09-01,NA,20.8,30,NA,2019
"Harare Kutsaga",2019-09-02,NA,19,NA,NA,2019
"Harare Kutsaga",2019-09-03,NA,19.7,NA,8.7,2019
"Harare Kutsaga",2019-09-04,NA,17.5,27.2,NA,2019
"Harare Kutsaga",2019-09-05,NA,19.7,28.1,NA,2019
"Harare Kutsaga",2019-09-06,NA,16.3,NA,NA,2019
"Harare Kutsaga",2019-09-07,NA,14.3,NA,10,2019
"Harare Kutsaga",2019-09-08,NA,13.3,NA,5.7,2019
"Harare Kutsaga",2019-09-09,NA,16.4,NA,4.6,2019
"Harare Kutsaga",2019-09-10,NA,18.1,26.2,NA,2019
"Harare Kutsaga",2019-09-11,NA,20.3,28.2,7.7,2019
"Harare Kutsaga",2019-09-12,NA,20.1,NA,10,2019
"Harare Kutsaga",2019-09-13,NA,24.1,NA,13.3,2019
"Harare Kutsaga",2019-09-14,NA,24.4,30.4,NA,2019
"Harare Kutsaga",2019-09-15,NA,21.6,NA,11.6,2019
"Harare Kutsaga",2019-09-16,NA,21.1,28.8,NA,2019
"Harare Kutsaga",2019-09-17,NA,20.1,29.6,10.3,2019
"Harare Kutsaga",2019-09-18,NA,20.4,29.5,NA,2019
"Harare Kutsaga",2019-09-19,NA,21.1,30.7,NA,2019
"Harare Kutsaga",2019-09-20,NA,22.4,NA,NA,2019
"Harare Kutsaga",2019-09-21,NA,19,NA,NA,2019
"Harare Kutsaga",2019-09-22,NA,22.7,30,NA,2019
"Harare Kutsaga",2019-09-23,NA,23.3,31.1,14.7,2019
"Harare Kutsaga",2019-09-24,NA,22.2,NA,15,2019
"Harare Kutsaga",2019-09-25,NA,13.5,NA,NA,2019
"Harare Kutsaga",2019-09-26,NA,12.4,NA,NA,2019
"Harare Kutsaga",2019-09-27,NA,13.6,NA,6,2019
"Harare Kutsaga",2019-09-28,NA,17.8,26.6,NA,2019
"Harare Kutsaga",2019-09-29,NA,20.9,29.3,7.1,2019
"Harare Kutsaga",2019-09-30,NA,22.4,31.3,12,2019
"Harare Kutsaga",2019-10-01,NA,24.9,31.6,14.5,2019
"Harare Kutsaga",2019-10-02,0,17.7,NA,12.1,2019
"Harare Kutsaga",2019-10-03,NA,17.9,NA,11.7,2019
"Harare Kutsaga",2019-10-04,NA,21,27.7,13.3,2019
"Harare Kutsaga",2019-10-05,NA,21.9,NA,NA,2019
"Harare Kutsaga",2019-10-06,NA,18.8,NA,NA,2019
"Harare Kutsaga",2019-10-07,NA,24.7,NA,16,2019
"Harare Kutsaga",2019-10-08,NA,25.3,NA,16.8,2019
"Harare Kutsaga",2019-10-09,NA,24.5,31.5,NA,2019
"Harare Kutsaga",2019-10-10,0.3,23.8,30.6,15.7,2019
"Harare Kutsaga",2019-10-11,0,21.4,28,NA,2019
"Harare Kutsaga",2019-10-12,2,21.4,NA,11.9,2019
"Harare Kutsaga",2019-10-13,0,23.7,NA,NA,2019
"Harare Kutsaga",2019-10-14,NA,22.9,29.8,NA,2019
"Harare Kutsaga",2019-10-15,NA,19.4,NA,10.9,2019
"Harare Kutsaga",2019-10-16,NA,19.2,NA,NA,2019
"Harare Kutsaga",2019-10-17,NA,22.3,NA,NA,2019
"Harare Kutsaga",2019-10-18,NA,21.2,NA,9.6,2019
"Harare Kutsaga",2019-10-19,NA,24,31.6,NA,2019
"Harare Kutsaga",2019-10-20,NA,23.8,32,NA,2019
"Harare Kutsaga",2019-10-21,NA,26.8,34.2,15.9,2019
"Harare Kutsaga",2019-10-22,NA,26.7,34.3,19,2019
"Harare Kutsaga",2019-10-23,NA,26.2,NA,NA,2019
"Harare Kutsaga",2019-10-24,NA,28.6,NA,NA,2019
"Harare Kutsaga",2019-10-25,NA,26.3,NA,18.8,2019
"Harare Kutsaga",2019-10-26,NA,29.6,NA,20,2019
"Harare Kutsaga",2019-10-27,NA,27.8,33.9,NA,2019
"Harare Kutsaga",2019-10-28,NA,28.7,35.5,19.8,2019
"Harare Kutsaga",2019-10-29,NA,28.9,NA,19.1,2019
"Harare Kutsaga",2019-10-30,NA,24.3,33.1,16.4,2019
"Harare Kutsaga",2019-10-31,NA,23.6,32,NA,2019
"Harare Kutsaga",2019-11-01,NA,23.9,NA,NA,2019
"Harare Kutsaga",2019-11-02,NA,21.1,NA,NA,2019
"Harare Kutsaga",2019-11-03,NA,26.3,NA,15.8,2019
"Harare Kutsaga",2019-11-04,NA,24.8,NA,NA,2019
"Harare Kutsaga",2019-11-05,NA,21.7,NA,10.7,2019
"Harare Kutsaga",2019-11-06,NA,25.1,30.6,NA,2019
"Harare Kutsaga",2019-11-07,NA,24.9,NA,18.3,2019
"Harare Kutsaga",2019-11-08,NA,26.6,NA,20.1,2019
"Harare Kutsaga",2019-11-09,NA,24.8,31.6,NA,2019
"Harare Kutsaga",2019-11-10,3,22,NA,15.8,2019
"Harare Kutsaga",2019-11-11,0,24.5,30.6,17.4,2019
"Harare Kutsaga",2019-11-12,NA,23.5,NA,NA,2019
"Harare Kutsaga",2019-11-13,0,23,NA,16.9,2019
"Harare Kutsaga",2019-11-14,NA,20.4,29,17.1,2019
"Harare Kutsaga",2019-11-15,NA,22.9,31.3,NA,2019
"Harare Kutsaga",2019-11-16,23.1,24,NA,15.7,2019
"Harare Kutsaga",2019-11-17,0,21.4,NA,NA,2019
"Harare Kutsaga",2019-11-18,NA,23.6,NA,17.4,2019
"Harare Kutsaga",2019-11-19,NA,22.4,29.2,NA,2019
"Harare Kutsaga",2019-11-20,0,22.6,28.2,NA,2019
"Harare Kutsaga",2019-11-21,NA,23.6,NA,16.9,2019
"Harare Kutsaga",2019-11-22,NA,27.4,NA,NA,2019
"Harare Kutsaga",2019-11-23,NA,23,NA,NA,2019
"Harare Kutsaga",2019-11-24,NA,21.1,NA,NA,2019
"Harare Kutsaga",2019-11-25,NA,23.8,NA,NA,2019
"Harare Kutsaga",2019-11-26,NA,24.3,NA,16.3,2019
"Harare Kutsaga",2019-11-29,NA,25.1,29.4,NA,2019
"Harare Kutsaga",2019-11-30,NA,24.1,30.1,16,2019
"Harare Kutsaga",2019-12-01,NA,21.6,NA,NA,2019
"Harare Kutsaga",2019-12-02,NA,23.9,NA,NA,2019
"Harare Kutsaga",2019-12-03,NA,27.3,NA,18.7,2019
"Harare Kutsaga",2019-12-04,NA,24.9,NA,19,2019
"Harare Kutsaga",2019-12-05,NA,20.2,NA,NA,2019
"Harare Kutsaga",2019-12-06,NA,21.6,NA,NA,2019
"Harare Kutsaga",2019-12-07,NA,25,NA,NA,2019
"Harare Kutsaga",2019-12-08,NA,24.7,NA,NA,2019
"Harare Kutsaga",2019-12-09,NA,21.3,NA,NA,2019
"Harare Kutsaga",2019-12-10,NA,19,24.4,NA,2019
"Harare Kutsaga",2019-12-11,NA,19.2,NA,16.5,2019
"Harare Kutsaga",2019-12-12,0.8,21.8,NA,NA,2019
"Harare Kutsaga",2019-12-13,0,22.7,NA,NA,2019
"Harare Kutsaga",2019-12-14,0,21.8,NA,14.9,2019
"Harare Kutsaga",2019-12-15,NA,21.5,NA,NA,2019
"Harare Kutsaga",2019-12-16,NA,23.2,NA,14.4,2019
"Harare Kutsaga",2019-12-17,NA,21.8,27.5,NA,2019
"Harare Kutsaga",2019-12-18,NA,18.9,NA,13.7,2019
"Harare Kutsaga",2019-12-19,NA,23.8,31,NA,2019
"Harare Kutsaga",2019-12-20,NA,25.4,31.9,17.2,2019
"Harare Kutsaga",2019-12-21,NA,24.4,NA,NA,2019
"Harare Kutsaga",2019-12-22,NA,22.6,29.7,NA,2019
"Harare Kutsaga",2019-12-23,NA,21.5,NA,NA,2019
"Harare Kutsaga",2019-12-24,NA,25.9,30.9,NA,2019
"Harare Kutsaga",2019-12-25,NA,23.7,32,18.3,2019
"Harare Kutsaga",2019-12-26,NA,27.3,NA,19,2019
"Harare Kutsaga",2019-12-27,NA,25.7,31,18.7,2019
"Harare Kutsaga",2019-12-28,NA,24.3,NA,NA,2019
"Harare Kutsaga",2019-12-29,NA,22.8,NA,17.8,2019
"Harare Kutsaga",2019-12-30,NA,24.2,32.5,NA,2019
"Harare Kutsaga",2019-12-31,NA,24.7,33.4,15.4,2019
"Harare Kutsaga",2020-01-01,NA,24.8,NA,14,2020
"Harare Kutsaga",2020-01-02,NA,23.8,NA,15.5,2020
"Harare Kutsaga",2020-01-03,NA,26.6,32.6,15.6,2020
"Harare Kutsaga",2020-01-04,NA,23.8,NA,16.2,2020
"Harare Kutsaga",2020-01-05,NA,26.4,NA,NA,2020
"Harare Kutsaga",2020-01-06,NA,25.1,NA,NA,2020
"Harare Kutsaga",2020-01-07,NA,24.4,29.7,NA,2020
"Harare Kutsaga",2020-01-08,0,23.5,NA,17.6,2020
"Harare Kutsaga",2020-01-09,NA,23.9,NA,18,2020
"Harare Kutsaga",2020-01-10,NA,23.6,NA,NA,2020
"Harare Kutsaga",2020-01-11,NA,20.3,NA,NA,2020
"Harare Kutsaga",2020-01-12,NA,19.6,26.7,NA,2020
"Harare Kutsaga",2020-01-13,NA,20.6,NA,15.9,2020
"Harare Kutsaga",2020-01-14,NA,21.1,NA,17.8,2020
"Harare Kutsaga",2020-01-15,NA,20.9,NA,17,2020
"Harare Kutsaga",2020-01-16,NA,20.1,25.1,17.4,2020
"Harare Kutsaga",2020-01-17,NA,21.5,NA,15.8,2020
"Harare Kutsaga",2020-01-18,NA,22.7,NA,NA,2020
"Harare Kutsaga",2020-01-19,NA,21.7,NA,NA,2020
"Harare Kutsaga",2020-01-20,NA,21.3,NA,NA,2020
"Harare Kutsaga",2020-01-21,NA,16.6,NA,NA,2020
"Harare Kutsaga",2020-01-22,NA,20.5,27.3,12,2020
"Harare Kutsaga",2020-01-23,NA,21.1,NA,12.7,2020
"Harare Kutsaga",2020-01-24,NA,21.8,NA,NA,2020
"Harare Kutsaga",2020-01-25,NA,23.6,28,13.9,2020
"Harare Kutsaga",2020-01-26,NA,21.6,NA,NA,2020
"Harare Kutsaga",2020-01-27,NA,24.6,31.6,16,2020
"Harare Kutsaga",2020-01-28,NA,20.9,NA,NA,2020
"Harare Kutsaga",2020-01-29,NA,22.2,NA,15.7,2020
"Harare Kutsaga",2020-01-30,NA,20.2,25.4,NA,2020
"Harare Kutsaga",2020-01-31,NA,19.9,NA,NA,2020
"Harare Kutsaga",2020-02-01,NA,21.8,NA,NA,2020
"Harare Kutsaga",2020-02-02,NA,17.9,NA,14.7,2020
"Harare Kutsaga",2020-02-03,NA,22.7,NA,NA,2020
"Harare Kutsaga",2020-02-04,NA,23.3,NA,16.2,2020
"Harare Kutsaga",2020-02-05,NA,22.7,NA,NA,2020
"Harare Kutsaga",2020-02-06,NA,21.2,NA,15.4,2020
"Harare Kutsaga",2020-02-07,NA,22.7,28.4,NA,2020
"Harare Kutsaga",2020-02-08,NA,20.9,NA,NA,2020
"Harare Kutsaga",2020-02-09,NA,21.7,NA,16.7,2020
"Harare Kutsaga",2020-02-10,NA,22.9,NA,17.1,2020
"Harare Kutsaga",2020-02-11,NA,19.1,21.5,17.9,2020
"Harare Kutsaga",2020-02-13,NA,19.8,24.2,16.4,2020
"Harare Kutsaga",2020-02-14,NA,20.6,NA,NA,2020
"Harare Kutsaga",2020-02-15,NA,20.2,NA,18,2020
"Harare Kutsaga",2020-02-16,NA,20.7,27.6,17,2020
"Harare Kutsaga",2020-02-17,NA,20.9,NA,17.4,2020
"Harare Kutsaga",2020-02-18,NA,20.1,NA,15.6,2020
"Harare Kutsaga",2020-02-20,NA,24.7,NA,NA,2020
"Harare Kutsaga",2020-02-21,NA,23.5,30.1,16.9,2020
"Harare Kutsaga",2020-02-22,NA,23.2,NA,17.2,2020
"Harare Kutsaga",2020-02-23,NA,24.1,NA,19.7,2020
"Harare Kutsaga",2020-02-24,NA,17.4,NA,NA,2020
"Harare Kutsaga",2020-02-25,NA,18.1,22,NA,2020
"Harare Kutsaga",2020-02-26,NA,19.9,26.8,13.8,2020
"Harare Kutsaga",2020-02-27,NA,19,NA,13.6,2020
"Harare Kutsaga",2020-02-28,NA,22.5,NA,NA,2020
"Harare Kutsaga",2020-02-29,NA,20.5,NA,NA,2020
"Harare Kutsaga",2020-03-01,NA,18.4,24.4,NA,2020
"Harare Kutsaga",2020-03-02,NA,19.8,NA,NA,2020
"Harare Kutsaga",2020-03-03,NA,16.7,NA,NA,2020
"Harare Kutsaga",2020-03-04,NA,19.1,NA,15,2020
"Harare Kutsaga",2020-03-05,NA,18.6,NA,15,2020
"Harare Kutsaga",2020-03-06,0,18.8,24.4,NA,2020
"Harare Kutsaga",2020-03-07,NA,16.6,23.5,11,2020
"Harare Kutsaga",2020-03-08,NA,18.4,NA,12.4,2020
"Harare Kutsaga",2020-03-09,NA,23.9,NA,NA,2020
"Harare Kutsaga",2020-03-10,NA,21.6,NA,16.9,2020
"Harare Kutsaga",2020-03-11,NA,22.1,29.7,16.2,2020
"Harare Kutsaga",2020-03-12,NA,21.8,NA,15.7,2020
"Harare Kutsaga",2020-03-13,NA,23.1,NA,15.7,2020
"Harare Kutsaga",2020-03-14,NA,23.1,NA,NA,2020
"Harare Kutsaga",2020-03-15,NA,23.7,29.5,14,2020
"Harare Kutsaga",2020-03-16,NA,21.9,29.3,NA,2020
"Harare Kutsaga",2020-03-17,NA,17.9,23.6,14.2,2020
"Harare Kutsaga",2020-03-18,NA,18.8,NA,13.3,2020
"Harare Kutsaga",2020-03-19,NA,21.6,NA,NA,2020
"Harare Kutsaga",2020-03-20,NA,20.2,NA,16.5,2020
"Harare Kutsaga",2020-03-21,NA,20.4,27.7,NA,2020
"Harare Kutsaga",2020-03-22,NA,21.5,28.7,NA,2020
"Harare Kutsaga",2020-03-23,NA,21.4,30,NA,2020
"Harare Kutsaga",2020-03-24,NA,24.3,NA,14,2020
"Harare Kutsaga",2020-03-25,NA,23.7,NA,15.6,2020
"Harare Kutsaga",2020-03-26,NA,23.6,NA,NA,2020
"Harare Kutsaga",2020-03-27,NA,20.3,27.1,NA,2020
"Harare Kutsaga",2020-03-28,NA,20.4,27.7,13.3,2020
"Harare Kutsaga",2020-03-29,NA,19.4,NA,14.9,2020
"Harare Kutsaga",2020-04-02,NA,21.4,28.4,14,2020
"Harare Kutsaga",2020-04-03,NA,18,25.6,13.3,2020
"Harare Kutsaga",2020-04-04,NA,22.7,NA,NA,2020
"Harare Kutsaga",2020-04-05,NA,21.2,NA,13.6,2020
"Harare Kutsaga",2020-04-06,NA,21.3,NA,16.6,2020
"Harare Kutsaga",2020-04-07,NA,25.3,NA,18.5,2020
"Harare Kutsaga",2020-04-08,NA,20.4,25.2,17.2,2020
"Harare Kutsaga",2020-04-09,0,18.2,25.8,15,2020
"Harare Kutsaga",2020-04-10,NA,21,NA,14,2020
"Harare Kutsaga",2020-04-11,NA,19.9,26.6,12,2020
"Harare Kutsaga",2020-04-12,NA,16.6,NA,NA,2020
"Harare Kutsaga",2020-04-14,NA,22.3,28.7,15.6,2020
"Harare Kutsaga",2020-04-15,NA,21.3,30.3,NA,2020
"Harare Kutsaga",2020-04-16,NA,23.1,NA,NA,2020
"Harare Kutsaga",2020-04-17,NA,21.9,29.9,NA,2020
"Harare Kutsaga",2020-04-18,NA,20.1,NA,14.6,2020
"Harare Kutsaga",2020-04-19,NA,17.2,NA,NA,2020
"Harare Kutsaga",2020-04-20,NA,17.4,23.8,NA,2020
"Harare Kutsaga",2020-04-21,NA,15.4,24.1,9.2,2020
"Harare Kutsaga",2020-04-22,NA,18.6,NA,NA,2020
"Harare Kutsaga",2020-04-23,NA,18.9,24.7,NA,2020
"Harare Kutsaga",2020-04-24,NA,15.3,NA,NA,2020
"Harare Kutsaga",2020-04-25,NA,16,NA,NA,2020
"Harare Kutsaga",2020-04-26,NA,22.6,26.5,NA,2020
"Harare Kutsaga",2020-04-27,NA,18.6,NA,NA,2020
"Harare Kutsaga",2020-04-28,NA,21.9,NA,12.4,2020
"Harare Kutsaga",2020-04-29,NA,19.3,NA,12.2,2020
"Harare Kutsaga",2020-04-30,NA,21.7,28.2,14.6,2020
"Harare Kutsaga",2020-05-01,NA,19.7,NA,NA,2020
"Harare Kutsaga",2020-05-02,NA,20.8,28.3,NA,2020
"Harare Kutsaga",2020-05-03,NA,18,26,9.6,2020
"Harare Kutsaga",2020-05-04,NA,20.4,NA,NA,2020
"Harare Kutsaga",2020-05-05,NA,13.6,NA,7.7,2020
"Harare Kutsaga",2020-05-06,NA,19.6,NA,NA,2020
"Harare Kutsaga",2020-05-07,NA,15.9,NA,10.9,2020
"Harare Kutsaga",2020-05-08,NA,19.3,NA,9.7,2020
"Harare Kutsaga",2020-05-09,NA,14.4,24.2,NA,2020
"Harare Kutsaga",2020-05-10,NA,17.4,22.7,8.8,2020
"Harare Kutsaga",2020-05-11,NA,13.9,NA,NA,2020
"Harare Kutsaga",2020-05-13,NA,21.8,NA,NA,2020
"Harare Kutsaga",2020-05-14,NA,20.6,26.1,NA,2020
"Harare Kutsaga",2020-05-15,NA,16.7,NA,NA,2020
"Harare Kutsaga",2020-05-16,NA,19.3,NA,NA,2020
"Harare Kutsaga",2020-05-17,NA,11.4,NA,NA,2020
"Harare Kutsaga",2020-05-18,NA,18.4,NA,7.8,2020
"Harare Kutsaga",2020-05-20,NA,18.8,24.7,NA,2020
"Harare Kutsaga",2020-05-21,NA,13.7,NA,8.1,2020
"Harare Kutsaga",2020-05-22,NA,17.9,NA,6.9,2020
"Harare Kutsaga",2020-05-23,NA,13.1,NA,7.4,2020
"Harare Kutsaga",2020-05-24,NA,15.1,NA,8,2020
"Harare Kutsaga",2020-05-25,NA,16.9,NA,NA,2020
"Harare Kutsaga",2020-05-26,NA,21,24.7,12.1,2020
"Harare Kutsaga",2020-05-27,NA,17.2,NA,14.5,2020
"Harare Kutsaga",2020-05-29,NA,17.6,NA,12.1,2020
"Harare Kutsaga",2020-06-02,NA,9.6,NA,NA,2020
"Harare Kutsaga",2020-06-03,NA,17.2,20.9,5.6,2020
"Harare Kutsaga",2020-06-04,NA,14,NA,NA,2020
"Harare Kutsaga",2020-06-05,NA,18.8,NA,NA,2020
"Harare Kutsaga",2020-06-06,NA,16.3,NA,NA,2020
"Harare Kutsaga",2020-06-10,NA,17,NA,9.5,2020
"Harare Kutsaga",2020-06-11,NA,11,NA,9.1,2020
"Harare Kutsaga",2020-06-14,NA,16.1,21.3,NA,2020
"Harare Kutsaga",2020-06-15,NA,12.7,NA,9.6,2020
"Harare Kutsaga",2020-06-17,NA,13.6,NA,8.5,2020
"Harare Kutsaga",2020-06-18,NA,11.8,NA,6.8,2020
"Harare Kutsaga",2020-06-19,NA,13.1,17.8,9,2020
"Harare Kutsaga",2020-06-20,NA,13.9,NA,NA,2020
"Harare Kutsaga",2020-06-21,NA,16.2,NA,NA,2020
"Harare Kutsaga",2020-06-26,NA,17.6,20,NA,2020
"Harare Kutsaga",2020-06-27,NA,13.1,NA,10.9,2020
"Harare Kutsaga",2020-06-29,NA,18.8,NA,11,2020
"Harare Kutsaga",2020-06-30,NA,15.1,NA,NA,2020
"Harare Kutsaga",2020-07-02,NA,16.8,NA,NA,2020
"Harare Kutsaga",2020-07-03,NA,12.2,NA,NA,2020
"Harare Kutsaga",2020-07-04,NA,16.7,NA,5.7,2020
"Harare Kutsaga",2020-07-05,NA,17.7,NA,NA,2020
"Harare Kutsaga",2020-07-06,NA,15.4,24.8,NA,2020
"Harare Kutsaga",2020-07-07,NA,14.4,NA,4.1,2020
"Harare Kutsaga",2020-07-09,NA,18.6,23.6,6.9,2020
"Harare Kutsaga",2020-07-10,NA,19.3,24.3,12.5,2020
"Harare Kutsaga",2020-07-11,NA,19.8,26.1,13.1,2020
"Harare Kutsaga",2020-07-12,NA,14.3,21.4,NA,2020
"Harare Kutsaga",2020-07-13,NA,8.3,NA,3.2,2020
"Harare Kutsaga",2020-07-16,NA,9.7,NA,NA,2020
"Harare Kutsaga",2020-07-17,NA,12.4,NA,5.3,2020
"Harare Kutsaga",2020-07-18,NA,7.1,NA,4.3,2020
"Harare Kutsaga",2020-07-21,NA,13.3,20.7,3.8,2020
"Harare Kutsaga",2020-07-22,NA,14.7,NA,NA,2020
"Harare Kutsaga",2020-07-23,NA,8.1,NA,5,2020
"Harare Kutsaga",2020-07-25,NA,17.1,NA,NA,2020
"Harare Kutsaga",2020-07-26,NA,12.4,20,4.9,2020
"Harare Kutsaga",2020-07-28,NA,14,NA,NA,2020
"Harare Kutsaga",2020-07-29,NA,12.1,NA,5.8,2020
"Harare Kutsaga",2020-08-01,NA,19,23.5,6.7,2020
"Harare Kutsaga",2020-08-02,NA,8.3,NA,NA,2020
"Harare Kutsaga",2020-08-04,NA,16.7,23,9.9,2020
"Harare Kutsaga",2020-08-05,NA,19.7,24.7,NA,2020
"Harare Kutsaga",2020-08-06,NA,20.9,NA,NA,2020
"Harare Kutsaga",2020-08-07,NA,14.4,NA,NA,2020
"Harare Kutsaga",2020-08-08,NA,14.9,NA,NA,2020
"Harare Kutsaga",2020-08-11,NA,21.7,NA,NA,2020
"Harare Kutsaga",2020-08-12,NA,16.8,NA,NA,2020
"Harare Kutsaga",2020-08-13,NA,14,NA,NA,2020
"Harare Kutsaga",2020-08-14,NA,24.4,NA,NA,2020
"Harare Kutsaga",2020-08-16,NA,21.8,28.4,NA,2020
"Harare Kutsaga",2020-08-17,NA,20.8,NA,NA,2020
"Harare Kutsaga",2020-08-26,NA,23.6,27.7,13.4,2020
"Harare Kutsaga",2020-08-27,NA,20.6,NA,15.9,2020
"Harare Kutsaga",2020-08-29,NA,26.7,NA,NA,2020
"Harare Kutsaga",2020-08-30,NA,28,NA,15.1,2020
"Harare Kutsaga",2020-08-31,NA,20.8,28.2,NA,2020
"Harare Kutsaga",2020-09-02,NA,16.4,21,11.2,2020
"Harare Kutsaga",2020-09-03,NA,19.7,NA,8.7,2020
"Harare Kutsaga",2020-09-05,NA,20.8,NA,NA,2020
"Harare Kutsaga",2020-09-06,NA,13.3,NA,6,2020
"Harare Kutsaga",2020-09-08,NA,22.4,NA,NA,2020
"Harare Kutsaga",2020-09-09,NA,19.8,NA,NA,2020
"Harare Kutsaga",2020-09-11,NA,21.8,25.1,NA,2020
"Harare Kutsaga",2020-09-12,NA,13.4,NA,NA,2020
"Harare Kutsaga",2020-09-14,NA,20.9,NA,NA,2020
"Harare Kutsaga",2020-09-15,NA,20.7,NA,14.5,2020
"Harare Kutsaga",2020-09-16,NA,26.1,29.1,NA,2020
"Harare Kutsaga",2020-09-17,NA,23.7,NA,15.8,2020
"Harare Kutsaga",2020-09-19,NA,24.3,NA,NA,2020
"Harare Kutsaga",2020-09-20,NA,18.4,NA,13,2020
"Harare Kutsaga",2020-09-21,NA,27.2,NA,NA,2020
"Harare Kutsaga",2020-09-22,NA,17.7,NA,NA,2020
"Harare Kutsaga",2020-10-28,NA,25.5,NA,NA,2020
"Harare Kutsaga",2020-10-29,NA,27,NA,NA,2020
"Harare Kutsaga",2020-10-30,NA,22,NA,NA,2020
"Harare Kutsaga",2020-11-28,NA,21.6,NA,NA,2020
"Harare Kutsaga",2020-11-29,NA,22.6,NA,NA,2020
"Harare Kutsaga",2020-11-30,NA,20.2,NA,NA,2020
"Harare Kutsaga",2021-01-15,NA,20.6,NA,NA,2021
"Harare Kutsaga",2021-01-16,NA,18.9,NA,NA,2021
"Harare Kutsaga",2021-01-22,NA,22.6,NA,NA,2021
"Harare Kutsaga",2021-01-23,NA,21.2,NA,NA,2021
"Harare Kutsaga",2021-01-25,NA,21,NA,NA,2021
"Harare Kutsaga",2021-01-28,NA,22.6,NA,NA,2021
"Harare Kutsaga",2021-01-29,NA,19.6,NA,NA,2021
"Harare Kutsaga",2021-01-30,NA,21.3,NA,NA,2021
"Harare Kutsaga",2021-01-31,NA,22.1,NA,NA,2021
"Harare Kutsaga",2021-02-01,NA,21.8,NA,NA,2021
"Harare Kutsaga",2021-02-02,NA,20.7,NA,NA,2021
"Harare Kutsaga",2021-02-03,NA,21.7,NA,NA,2021
"Harare Kutsaga",2021-02-04,NA,22.3,NA,NA,2021
"Harare Kutsaga",2021-02-05,NA,23.9,NA,NA,2021
"Harare Kutsaga",2021-02-06,NA,19.7,NA,NA,2021
"Harare Kutsaga",2021-02-08,NA,24.6,NA,NA,2021
"Harare Kutsaga",2021-02-09,NA,19.2,NA,NA,2021
"Harare Kutsaga",2021-02-13,NA,23.2,NA,NA,2021
"Harare Kutsaga",2021-02-14,NA,20.4,NA,NA,2021
"Harare Kutsaga",2021-02-15,NA,21.9,NA,NA,2021
"Harare Kutsaga",2021-02-16,NA,18.9,NA,NA,2021
"Harare Kutsaga",2021-02-17,NA,18.3,NA,NA,2021
"Harare Kutsaga",2021-02-18,NA,21.9,NA,NA,2021
"Harare Kutsaga",2021-02-19,NA,21.9,NA,NA,2021
"Harare Kutsaga",2021-02-23,NA,20.5,NA,NA,2021
"Harare Kutsaga",2021-02-24,NA,21,NA,NA,2021
"Harare Kutsaga",2021-02-25,NA,21.5,NA,NA,2021
"Harare Kutsaga",2021-02-26,NA,18.3,NA,NA,2021
"Harare Kutsaga",2021-02-27,NA,17.8,NA,NA,2021
"Harare Kutsaga",2021-02-28,NA,16.3,NA,NA,2021
"Harare Kutsaga",2021-03-01,NA,17.1,NA,NA,2021
"Harare Kutsaga",2021-03-02,NA,18.5,NA,NA,2021
"Harare Kutsaga",2021-03-03,NA,19.3,NA,NA,2021
"Harare Kutsaga",2021-03-04,NA,18.7,NA,NA,2021
"Harare Kutsaga",2021-03-05,NA,19.9,NA,NA,2021
"Harare Kutsaga",2021-03-06,NA,19.8,NA,NA,2021
"Harare Kutsaga",2021-03-07,NA,19.6,NA,NA,2021
"Harare Kutsaga",2021-03-08,NA,19.8,NA,NA,2021
"Harare Kutsaga",2021-03-09,NA,21.7,NA,NA,2021
"Harare Kutsaga",2021-03-10,NA,21.9,NA,NA,2021
"Harare Kutsaga",2021-03-11,NA,20.9,NA,NA,2021
"Harare Kutsaga",2021-03-12,NA,21.6,NA,NA,2021
"Harare Kutsaga",2021-03-13,NA,21.9,NA,NA,2021
"Harare Kutsaga",2021-03-14,NA,18.2,NA,NA,2021
"Harare Kutsaga",2021-03-15,NA,21.7,NA,NA,2021
"Harare Kutsaga",2021-03-16,NA,20.3,NA,NA,2021
"Harare Kutsaga",2021-03-17,NA,21.5,NA,NA,2021
"Harare Kutsaga",2021-03-18,NA,19.6,NA,NA,2021
"Harare Kutsaga",2021-03-19,NA,22.2,NA,NA,2021
"Harare Kutsaga",2021-03-20,NA,20.1,NA,NA,2021
"Harare Kutsaga",2021-03-21,NA,22.7,NA,NA,2021
"Harare Kutsaga",2021-03-22,NA,21.2,NA,NA,2021
"Harare Kutsaga",2021-03-23,NA,19.6,NA,NA,2021
"Harare Kutsaga",2021-03-24,NA,19.1,NA,NA,2021
"Harare Kutsaga",2021-03-25,NA,20.2,NA,NA,2021
"Harare Kutsaga",2021-03-26,NA,20.6,NA,NA,2021
"Harare Kutsaga",2021-03-27,NA,22.4,NA,NA,2021
"Harare Kutsaga",2021-03-28,NA,19.9,NA,NA,2021
"Harare Kutsaga",2021-03-29,NA,17.9,NA,NA,2021
"Harare Kutsaga",2021-03-30,NA,18.7,NA,NA,2021
"Harare Kutsaga",2021-03-31,NA,18.4,NA,NA,2021
"Harare Kutsaga",2021-04-01,NA,17.6,NA,NA,2021
"Harare Kutsaga",2021-04-02,NA,16.9,NA,NA,2021
"Harare Kutsaga",2021-04-03,NA,19.9,NA,NA,2021
"Harare Kutsaga",2021-04-04,NA,21.9,NA,NA,2021
"Harare Kutsaga",2021-04-05,NA,20.8,NA,NA,2021
"Harare Kutsaga",2021-04-06,NA,19.9,NA,NA,2021
"Harare Kutsaga",2021-04-07,NA,19.9,NA,NA,2021
"Harare Kutsaga",2021-04-08,NA,20,NA,NA,2021
"Harare Kutsaga",2021-04-09,NA,18.8,NA,NA,2021
"Harare Kutsaga",2021-04-10,NA,19.2,NA,NA,2021
"Harare Kutsaga",2021-04-11,NA,23,NA,NA,2021
"Harare Kutsaga",2021-04-12,NA,19.2,NA,NA,2021
"Harare Kutsaga",2021-04-13,NA,19.4,NA,NA,2021
"Harare Kutsaga",2021-04-14,NA,19.9,NA,NA,2021
"Harare Kutsaga",2021-04-15,NA,19.4,NA,NA,2021
"Harare Kutsaga",2021-04-16,NA,17.8,NA,NA,2021
"Harare Kutsaga",2021-04-17,NA,14.2,NA,NA,2021
"Harare Kutsaga",2021-04-18,NA,18.1,NA,NA,2021
"Harare Kutsaga",2021-04-19,NA,16.3,NA,NA,2021
"Harare Kutsaga",2021-04-20,NA,16.2,NA,NA,2021
"Harare Kutsaga",2021-04-21,NA,15,NA,NA,2021
"Harare Kutsaga",2021-04-23,NA,18.8,NA,NA,2021
"Harare Kutsaga",2021-04-24,NA,19.9,NA,NA,2021
"Harare Kutsaga",2021-04-25,NA,18.6,NA,NA,2021
"Harare Kutsaga",2021-04-26,NA,20.3,NA,NA,2021
"Harare Kutsaga",2021-04-27,NA,21.8,NA,NA,2021
"Harare Kutsaga",2021-04-28,NA,18.4,NA,NA,2021
"Harare Kutsaga",2021-04-29,NA,25.8,NA,NA,2021
"Harare Kutsaga",2021-05-26,NA,16.7,NA,NA,2021
"Harare Kutsaga",2021-05-27,NA,12.2,NA,NA,2021
"Harare Kutsaga",2021-05-28,NA,12.9,NA,NA,2021
"Harare Kutsaga",2021-05-29,NA,16.9,NA,NA,2021
"Harare Kutsaga",2021-05-30,NA,21.2,NA,NA,2021
"Harare Kutsaga",2021-05-31,NA,17.5,NA,NA,2021
"Harare Kutsaga",2021-06-01,NA,17.2,NA,NA,2021
"Harare Kutsaga",2021-06-02,NA,13.4,NA,NA,2021
"Harare Kutsaga",2021-06-03,NA,12.6,NA,NA,2021
"Harare Kutsaga",2021-06-04,NA,11.8,NA,NA,2021
"Harare Kutsaga",2021-06-05,NA,12.1,NA,NA,2021
"Harare Kutsaga",2021-06-06,NA,13,NA,NA,2021
"Harare Kutsaga",2021-06-07,NA,12.4,NA,NA,2021
"Harare Kutsaga",2021-06-08,NA,13.1,NA,NA,2021
"Harare Kutsaga",2021-06-09,NA,13.9,NA,NA,2021
"Harare Kutsaga",2021-06-10,NA,14.6,NA,NA,2021
"Harare Kutsaga",2021-06-11,NA,14.7,NA,NA,2021
"Harare Kutsaga",2021-06-12,NA,13.5,NA,NA,2021
"Harare Kutsaga",2021-06-13,NA,14,NA,NA,2021
"Harare Kutsaga",2021-06-14,NA,14.8,NA,NA,2021
"Harare Kutsaga",2021-06-15,NA,11.9,NA,NA,2021
"Harare Kutsaga",2021-06-16,NA,17.5,NA,NA,2021
"Harare Kutsaga",2021-06-17,NA,14.7,NA,NA,2021
"Harare Kutsaga",2021-06-18,NA,15.2,NA,NA,2021
"Harare Kutsaga",2021-06-19,NA,12.1,NA,NA,2021
"Harare Kutsaga",2021-06-22,NA,14.3,NA,NA,2021
"Harare Kutsaga",2021-06-23,NA,15.5,NA,NA,2021
"Harare Kutsaga",2021-06-24,NA,16.6,NA,NA,2021
"Harare Kutsaga",2021-06-25,NA,14.3,NA,NA,2021
"Harare Kutsaga",2021-06-26,NA,11.4,NA,NA,2021
"Harare Kutsaga",2021-06-27,NA,18.8,NA,NA,2021
"Harare Kutsaga",2021-06-28,NA,17.3,NA,NA,2021
"Harare Kutsaga",2021-06-29,NA,15.9,NA,NA,2021
"Harare Kutsaga",2021-06-30,NA,16.4,NA,NA,2021
"Harare Kutsaga",2021-07-01,NA,9.8,NA,NA,2021
"Harare Kutsaga",2021-07-02,NA,17.6,NA,NA,2021
"Harare Kutsaga",2021-07-03,NA,13.7,NA,NA,2021
"Harare Kutsaga",2021-07-04,NA,12,NA,NA,2021
"Harare Kutsaga",2021-07-05,NA,16.3,NA,NA,2021
"Harare Kutsaga",2021-07-06,NA,14,NA,NA,2021
"Harare Kutsaga",2021-07-08,NA,13.8,NA,NA,2021
"Harare Kutsaga",2021-07-09,NA,14.7,NA,NA,2021
"Harare Kutsaga",2021-07-10,NA,12.3,NA,NA,2021
"Harare Kutsaga",2021-07-11,NA,15.6,NA,NA,2021
"Harare Kutsaga",2021-07-12,NA,16.2,NA,NA,2021
"Harare Kutsaga",2021-07-13,NA,14.3,NA,NA,2021
"Harare Kutsaga",2021-07-15,NA,16.6,NA,NA,2021
"Harare Kutsaga",2021-07-16,NA,14.5,NA,NA,2021
"Harare Kutsaga",2021-07-17,NA,13.6,NA,NA,2021
"Harare Kutsaga",2021-07-18,NA,12.4,NA,NA,2021
"Harare Kutsaga",2021-07-19,NA,10.3,NA,NA,2021
"Harare Kutsaga",2021-07-20,NA,13.8,NA,NA,2021
"Harare Kutsaga",2021-07-21,NA,13.2,NA,NA,2021
"Harare Kutsaga",2021-07-22,NA,14.1,NA,NA,2021
"Harare Kutsaga",2021-07-23,NA,17.4,NA,NA,2021
"Harare Kutsaga",2021-07-24,NA,11.9,NA,NA,2021
"Harare Kutsaga",2021-07-25,NA,9.9,NA,NA,2021
"Harare Kutsaga",2021-07-26,NA,12.7,NA,NA,2021
"Harare Kutsaga",2021-07-27,NA,13.2,NA,NA,2021
"Harare Kutsaga",2021-07-30,NA,16.8,NA,NA,2021
"Harare Kutsaga",2021-07-31,NA,13.8,NA,NA,2021
"Harare Kutsaga",2021-08-01,NA,16.2,NA,NA,2021
"Harare Kutsaga",2021-08-02,NA,20,NA,NA,2021
"Harare Kutsaga",2021-08-03,NA,15.4,NA,NA,2021
"Harare Kutsaga",2021-08-04,NA,14,NA,NA,2021
"Harare Kutsaga",2021-08-05,NA,16.5,NA,NA,2021
"Harare Kutsaga",2021-08-06,NA,13.4,NA,NA,2021
"Harare Kutsaga",2021-08-07,NA,19.9,NA,NA,2021
"Harare Kutsaga",2021-08-08,NA,18.2,NA,NA,2021
"Harare Kutsaga",2021-08-09,NA,12.4,NA,NA,2021
"Harare Kutsaga",2021-08-10,NA,21.9,NA,NA,2021
"Harare Kutsaga",2021-08-12,NA,16.3,NA,NA,2021
"Harare Kutsaga",2021-08-13,NA,20.7,NA,NA,2021
"Harare Kutsaga",2021-08-14,NA,15.5,NA,NA,2021
"Harare Kutsaga",2021-08-15,NA,15.2,NA,NA,2021
"Harare Kutsaga",2021-08-16,NA,13.9,NA,NA,2021
"Harare Kutsaga",2021-08-17,NA,13.8,NA,NA,2021
"Harare Kutsaga",2021-08-18,NA,18.2,NA,NA,2021
"Harare Kutsaga",2021-08-19,NA,18.5,NA,NA,2021
"Harare Kutsaga",2021-08-20,NA,19.2,NA,NA,2021
"Harare Kutsaga",2021-08-21,NA,18.8,NA,NA,2021
"Harare Kutsaga",2021-08-22,NA,17.8,NA,NA,2021
"Harare Kutsaga",2021-08-23,NA,20.7,NA,NA,2021
"Harare Kutsaga",2021-08-24,NA,19.2,NA,NA,2021
"Harare Kutsaga",2021-08-25,NA,20.8,NA,NA,2021
"Harare Kutsaga",2021-08-26,NA,17.3,NA,NA,2021
"Harare Kutsaga",2021-08-27,NA,16.3,NA,NA,2021
"Harare Kutsaga",2021-08-28,NA,22.4,NA,NA,2021
"Harare Kutsaga",2021-08-29,NA,16.6,NA,NA,2021
"Harare Kutsaga",2021-08-30,NA,16,NA,NA,2021
"Harare Kutsaga",2021-08-31,NA,21.2,NA,NA,2021
"Harare Kutsaga",2021-09-01,NA,23.5,NA,NA,2021
"Harare Kutsaga",2021-09-02,NA,21.2,NA,NA,2021
"Harare Kutsaga",2021-09-03,NA,20.1,NA,NA,2021
"Harare Kutsaga",2021-09-04,NA,19.9,NA,NA,2021
"Harare Kutsaga",2021-09-05,NA,20.3,NA,NA,2021
"Harare Kutsaga",2021-09-06,NA,17,NA,NA,2021
"Harare Kutsaga",2021-09-07,NA,21.9,NA,NA,2021
"Harare Kutsaga",2021-09-08,NA,20.3,NA,NA,2021
"Harare Kutsaga",2021-09-09,NA,19.8,NA,NA,2021
"Harare Kutsaga",2021-09-10,NA,16.6,NA,NA,2021
"Harare Kutsaga",2021-09-11,NA,16.2,NA,NA,2021
"Harare Kutsaga",2021-09-12,NA,17.1,NA,NA,2021
"Harare Kutsaga",2021-09-13,NA,18.9,NA,NA,2021
"Harare Kutsaga",2021-09-14,NA,22,NA,NA,2021
"Harare Kutsaga",2021-09-15,NA,22.8,NA,NA,2021
"Harare Kutsaga",2021-09-16,NA,19.7,NA,NA,2021
"Harare Kutsaga",2021-09-17,NA,24.1,NA,NA,2021
"Harare Kutsaga",2021-09-18,NA,18.6,NA,NA,2021
"Harare Kutsaga",2021-09-19,NA,18.7,NA,NA,2021
"Harare Kutsaga",2021-09-20,NA,20.9,NA,NA,2021
"Harare Kutsaga",2021-09-21,NA,23.7,NA,NA,2021
"Harare Kutsaga",2021-09-22,NA,20.9,NA,NA,2021
"Harare Kutsaga",2021-09-23,NA,18.8,NA,NA,2021
"Harare Kutsaga",2021-09-24,NA,18.3,NA,NA,2021
"Harare Kutsaga",2021-09-25,NA,21.3,NA,NA,2021
"Harare Kutsaga",2021-09-26,NA,20.3,NA,NA,2021
"Harare Kutsaga",2021-09-27,NA,21.2,NA,NA,2021
"Harare Kutsaga",2021-09-28,NA,22.7,NA,NA,2021
"Harare Kutsaga",2021-09-29,NA,22.9,NA,NA,2021
"Harare Kutsaga",2021-09-30,NA,22.8,NA,NA,2021
"Harare Kutsaga",2021-10-01,NA,21,NA,NA,2021
"Harare Kutsaga",2021-10-02,NA,24.7,NA,NA,2021
"Harare Kutsaga",2021-10-03,NA,19.8,NA,NA,2021
"Harare Kutsaga",2021-10-04,NA,19.2,NA,NA,2021
"Harare Kutsaga",2021-10-05,NA,20.8,NA,NA,2021
"Harare Kutsaga",2021-10-06,NA,21.9,NA,NA,2021
"Harare Kutsaga",2021-10-07,NA,21.8,NA,NA,2021
"Harare Kutsaga",2021-10-08,NA,17.2,NA,NA,2021
"Harare Kutsaga",2021-10-10,NA,24.4,NA,NA,2021
"Harare Kutsaga",2021-10-11,NA,16,NA,NA,2021
"Harare Kutsaga",2021-10-12,NA,20.6,NA,NA,2021
"Harare Kutsaga",2021-10-13,NA,21.6,NA,NA,2021
"Harare Kutsaga",2021-10-14,NA,19.7,NA,NA,2021
"Harare Kutsaga",2021-10-15,NA,24.7,NA,NA,2021
"Harare Kutsaga",2021-10-16,NA,24.8,NA,NA,2021
"Harare Kutsaga",2021-10-17,NA,26.6,NA,NA,2021
"Harare Kutsaga",2021-10-18,NA,20.4,NA,NA,2021
"Harare Kutsaga",2021-10-19,NA,15.2,NA,NA,2021
"Harare Kutsaga",2021-10-20,NA,20.7,NA,NA,2021
"Harare Kutsaga",2021-10-23,NA,29.2,NA,NA,2021
"Harare Kutsaga",2021-10-24,NA,26.6,NA,NA,2021
"Harare Kutsaga",2021-10-25,NA,24.9,NA,NA,2021
"Harare Kutsaga",2021-10-26,NA,22,NA,NA,2021
"Harare Kutsaga",2021-10-27,NA,21.6,NA,NA,2021
"Harare Kutsaga",2021-10-28,NA,21.1,NA,NA,2021
"Harare Kutsaga",2021-10-29,NA,21.7,NA,NA,2021
"Harare Kutsaga",2021-10-30,NA,22.5,NA,NA,2021
"Harare Kutsaga",2021-10-31,NA,26.7,NA,NA,2021
"Harare Kutsaga",2021-11-01,NA,22.6,NA,NA,2021
"Harare Kutsaga",2021-11-02,NA,22.5,NA,NA,2021
"Harare Kutsaga",2021-11-03,NA,22.7,NA,NA,2021
"Harare Kutsaga",2021-11-04,NA,26.3,NA,NA,2021
"Harare Kutsaga",2021-11-05,NA,24.3,NA,NA,2021
"Harare Kutsaga",2021-11-06,NA,26.4,NA,NA,2021
"Harare Kutsaga",2021-11-07,NA,27.4,NA,NA,2021
"Harare Kutsaga",2021-11-08,NA,25.1,NA,NA,2021
"Harare Kutsaga",2021-11-10,NA,26.9,NA,NA,2021
"Harare Kutsaga",2021-11-11,NA,21.8,NA,NA,2021
"Harare Kutsaga",2021-11-12,NA,20.8,NA,NA,2021
"Harare Kutsaga",2021-11-13,NA,22.8,NA,NA,2021
"Harare Kutsaga",2021-11-14,NA,22.9,NA,NA,2021
"Harare Kutsaga",2021-11-15,NA,22.3,NA,NA,2021
"Harare Kutsaga",2021-11-16,NA,23.4,NA,NA,2021
"Harare Kutsaga",2021-11-17,NA,25.8,NA,NA,2021
"Harare Kutsaga",2021-11-18,NA,24.9,NA,NA,2021
"Harare Kutsaga",2021-11-19,NA,25.5,NA,NA,2021
"Harare Kutsaga",2021-11-20,NA,19.1,NA,NA,2021
"Harare Kutsaga",2021-11-21,NA,21.2,NA,NA,2021
"Harare Kutsaga",2021-11-22,NA,21.6,NA,NA,2021
"Harare Kutsaga",2021-11-23,NA,20.3,NA,NA,2021
"Harare Kutsaga",2021-11-24,NA,23.1,NA,NA,2021
"Harare Kutsaga",2021-11-25,NA,18.3,NA,NA,2021
"Harare Kutsaga",2021-11-26,NA,17.6,NA,NA,2021
"Harare Kutsaga",2021-11-27,NA,18.8,NA,NA,2021
"Harare Kutsaga",2021-11-29,NA,23.8,NA,NA,2021
"Harare Kutsaga",2021-11-30,NA,27.2,NA,NA,2021
"Harare Kutsaga",2021-12-01,NA,24.1,NA,NA,2021
"Harare Kutsaga",2021-12-03,NA,25.8,NA,NA,2021
"Harare Kutsaga",2021-12-04,NA,25.3,NA,NA,2021
"Harare Kutsaga",2021-12-05,NA,24.8,NA,NA,2021
"Harare Kutsaga",2021-12-06,NA,22.6,NA,NA,2021
"Harare Kutsaga",2021-12-07,NA,27.1,NA,NA,2021
"Harare Kutsaga",2021-12-08,NA,25.5,NA,NA,2021
"Harare Kutsaga",2021-12-09,NA,24.2,NA,NA,2021
"Harare Kutsaga",2021-12-10,NA,25.3,NA,NA,2021
"Harare Kutsaga",2021-12-11,NA,25.6,NA,NA,2021
"Harare Kutsaga",2021-12-12,NA,26.4,NA,NA,2021
"Harare Kutsaga",2021-12-13,NA,26.1,NA,NA,2021
"Harare Kutsaga",2021-12-14,NA,24.1,NA,NA,2021
"Harare Kutsaga",2021-12-15,NA,19.7,NA,NA,2021
"Harare Kutsaga",2021-12-16,NA,23.9,NA,NA,2021
"Harare Kutsaga",2021-12-17,NA,18,NA,NA,2021
"Harare Kutsaga",2021-12-18,NA,16.9,NA,NA,2021
"Harare Kutsaga",2021-12-19,NA,19.3,NA,NA,2021
"Harare Kutsaga",2021-12-20,NA,19.1,NA,NA,2021
"Harare Kutsaga",2021-12-21,NA,20.4,NA,NA,2021
"Harare Kutsaga",2021-12-22,NA,20.5,NA,NA,2021
"Harare Kutsaga",2021-12-23,NA,22.7,NA,NA,2021
"Harare Kutsaga",2021-12-24,NA,20.5,NA,NA,2021
"Harare Kutsaga",2021-12-25,NA,21.9,NA,NA,2021
"Harare Kutsaga",2021-12-26,NA,20.8,NA,NA,2021
"Harare Kutsaga",2021-12-27,NA,20.6,NA,NA,2021
"Harare Kutsaga",2021-12-28,NA,25.6,NA,NA,2021
"Harare Kutsaga",2021-12-29,NA,22.4,NA,NA,2021
"Harare Kutsaga",2021-12-30,NA,21.2,NA,NA,2021
"Harare Kutsaga",2021-12-31,NA,20.7,NA,NA,2021
"Harare Kutsaga",2022-01-01,NA,19.3,NA,NA,2022
"Harare Kutsaga",2022-01-02,NA,20.9,NA,NA,2022
"Harare Kutsaga",2022-01-03,NA,21,NA,NA,2022
"Harare Kutsaga",2022-01-04,NA,20.3,NA,NA,2022
"Harare Kutsaga",2022-01-05,NA,20.2,NA,NA,2022
"Harare Kutsaga",2022-01-06,NA,19.3,NA,NA,2022
"Harare Kutsaga",2022-01-07,NA,19.8,NA,NA,2022
"Harare Kutsaga",2022-01-08,NA,18.1,NA,NA,2022
"Harare Kutsaga",2022-01-09,NA,20.3,NA,NA,2022
"Harare Kutsaga",2022-01-10,NA,21.6,NA,NA,2022
"Harare Kutsaga",2022-01-11,NA,20.1,NA,NA,2022
"Harare Kutsaga",2022-01-13,NA,20.9,NA,NA,2022
"Harare Kutsaga",2022-01-14,NA,19.2,NA,NA,2022
"Harare Kutsaga",2022-01-15,NA,19.9,NA,NA,2022
"Harare Kutsaga",2022-01-16,NA,19.4,NA,NA,2022
"Harare Kutsaga",2022-01-17,NA,21.7,NA,NA,2022
"Harare Kutsaga",2022-01-18,NA,20.4,NA,NA,2022
"Harare Kutsaga",2022-01-19,NA,19.8,NA,NA,2022
"Harare Kutsaga",2022-02-03,NA,23.2,NA,NA,2022
"Harare Kutsaga",2022-02-04,NA,22.1,NA,NA,2022
"Harare Kutsaga",2022-02-05,NA,18.5,NA,NA,2022
"Harare Kutsaga",2022-02-06,NA,20.3,NA,NA,2022
"Harare Kutsaga",2022-02-07,NA,20.6,NA,NA,2022
"Harare Kutsaga",2022-02-08,NA,23.1,NA,NA,2022
"Harare Kutsaga",2022-02-09,NA,22.7,NA,NA,2022
"Harare Kutsaga",2022-02-10,NA,21.6,NA,NA,2022
"Harare Kutsaga",2022-02-11,NA,20.4,NA,NA,2022
"Harare Kutsaga",2022-02-12,NA,21.6,NA,NA,2022
"Harare Kutsaga",2022-02-13,NA,21.2,NA,NA,2022
"Harare Kutsaga",2022-02-14,NA,19.6,NA,NA,2022
"Harare Kutsaga",2022-02-15,NA,20,NA,NA,2022
"Harare Kutsaga",2022-02-17,NA,21.9,NA,NA,2022
"Harare Kutsaga",2022-02-18,NA,22.3,NA,NA,2022
"Harare Kutsaga",2022-02-19,NA,19.8,NA,NA,2022
"Harare Kutsaga",2022-02-20,NA,21.1,NA,NA,2022
"Harare Kutsaga",2022-02-21,NA,23.4,NA,NA,2022
"Harare Kutsaga",2022-02-22,NA,22.9,NA,NA,2022
"Harare Kutsaga",2022-02-23,NA,19.9,NA,NA,2022
"Harare Kutsaga",2022-02-24,NA,19.3,NA,NA,2022
"Harare Kutsaga",2022-02-25,NA,19.8,NA,NA,2022
"Harare Kutsaga",2022-02-26,NA,19.3,NA,NA,2022
"Harare Kutsaga",2022-02-27,NA,21.3,NA,NA,2022
"Harare Kutsaga",2022-02-28,NA,24.3,NA,NA,2022
"Harare Kutsaga",2022-03-01,NA,24.2,NA,NA,2022
"Harare Kutsaga",2022-03-02,NA,24.2,NA,NA,2022
"Harare Kutsaga",2022-03-04,NA,21.5,NA,NA,2022
"Harare Kutsaga",2022-03-05,NA,22.9,NA,NA,2022
"Harare Kutsaga",2022-03-06,NA,20.9,NA,NA,2022
"Harare Kutsaga",2022-03-07,NA,20.2,NA,NA,2022
"Harare Kutsaga",2022-03-08,NA,22,NA,NA,2022
"Harare Kutsaga",2022-03-09,NA,20,NA,NA,2022
"Harare Kutsaga",2022-03-10,NA,21.3,NA,NA,2022
"Harare Kutsaga",2022-03-11,NA,20.3,NA,NA,2022
"Harare Kutsaga",2022-03-12,NA,20.8,NA,NA,2022
"Harare Kutsaga",2022-03-13,NA,21.4,NA,NA,2022
"Harare Kutsaga",2022-03-14,NA,25,NA,NA,2022
"Harare Kutsaga",2022-03-15,NA,21.6,NA,NA,2022
"Harare Kutsaga",2022-03-16,NA,20.4,NA,NA,2022
"Harare Kutsaga",2022-03-17,NA,21,NA,NA,2022
"Harare Kutsaga",2022-03-18,NA,17.6,NA,NA,2022
"Harare Kutsaga",2022-03-19,NA,17.6,NA,NA,2022
"Harare Kutsaga",2022-03-20,NA,19,NA,NA,2022
"Harare Kutsaga",2022-03-21,NA,17.3,NA,NA,2022
"Harare Kutsaga",2022-03-22,NA,17.1,NA,NA,2022
"Harare Kutsaga",2022-03-23,NA,20.3,NA,NA,2022
"Harare Kutsaga",2022-03-26,NA,22.8,NA,NA,2022
"Harare Kutsaga",2022-03-27,NA,19.6,NA,NA,2022
"Harare Kutsaga",2022-03-28,NA,19.8,NA,NA,2022
"Harare Kutsaga",2022-03-29,NA,19.7,NA,NA,2022
"Harare Kutsaga",2022-03-30,NA,20.1,NA,NA,2022
"Harare Kutsaga",2022-03-31,NA,19.7,NA,NA,2022
"Harare Kutsaga",2022-04-01,NA,19.5,NA,NA,2022
"Harare Kutsaga",2022-04-02,NA,17.9,NA,NA,2022
"Harare Kutsaga",2022-04-03,NA,23,NA,NA,2022
"Harare Kutsaga",2022-04-04,NA,24.2,NA,NA,2022
"Harare Kutsaga",2022-04-05,NA,20.4,NA,NA,2022
"Harare Kutsaga",2022-04-06,NA,21.8,NA,NA,2022
"Harare Kutsaga",2022-04-07,NA,21.2,NA,NA,2022
"Harare Kutsaga",2022-04-08,NA,20.7,NA,NA,2022
"Harare Kutsaga",2022-04-09,NA,18.6,NA,NA,2022
"Harare Kutsaga",2022-04-10,NA,18.9,NA,NA,2022
"Harare Kutsaga",2022-04-11,NA,19.1,NA,NA,2022
"Harare Kutsaga",2022-04-12,NA,19.4,NA,NA,2022
"Harare Kutsaga",2022-04-13,NA,19.7,NA,NA,2022
"Harare Kutsaga",2022-04-14,NA,19.4,NA,NA,2022
"Harare Kutsaga",2022-04-15,NA,24.6,NA,NA,2022
"Harare Kutsaga",2022-04-16,NA,21.5,NA,NA,2022
"Harare Kutsaga",2022-04-17,NA,19.5,NA,NA,2022
"Harare Kutsaga",2022-04-18,NA,21.8,NA,NA,2022
"Harare Kutsaga",2022-04-19,NA,14.9,NA,NA,2022
"Harare Kutsaga",2022-04-20,NA,14,NA,NA,2022
"Harare Kutsaga",2022-04-24,NA,20.1,NA,NA,2022
"Harare Kutsaga",2022-04-25,NA,20.3,NA,NA,2022
"Harare Kutsaga",2022-04-26,NA,19,NA,NA,2022
"Harare Kutsaga",2022-04-27,NA,16.4,NA,NA,2022
"Harare Kutsaga",2022-04-28,NA,16.9,NA,NA,2022
"Harare Kutsaga",2022-04-29,NA,16.3,NA,NA,2022
"Harare Kutsaga",2022-04-30,NA,17.1,NA,NA,2022
"Harare Kutsaga",2022-05-01,NA,19.2,NA,NA,2022
"Harare Kutsaga",2022-05-02,NA,15.8,NA,NA,2022
"Harare Kutsaga",2022-05-03,NA,15.8,NA,NA,2022
"Harare Kutsaga",2022-05-04,NA,16.1,NA,NA,2022
"Harare Kutsaga",2022-05-05,NA,16.3,NA,NA,2022
"Harare Kutsaga",2022-05-06,NA,17.1,NA,NA,2022
"Harare Kutsaga",2022-05-07,NA,17.5,NA,NA,2022
"Harare Kutsaga",2022-05-08,NA,18.4,NA,NA,2022
"Harare Kutsaga",2022-05-09,NA,21.1,NA,NA,2022
"Harare Kutsaga",2022-05-10,NA,19.8,NA,NA,2022
"Harare Kutsaga",2022-05-11,NA,19.1,NA,NA,2022
"Harare Kutsaga",2022-05-12,NA,19.4,NA,NA,2022
"Harare Kutsaga",2022-05-13,NA,16.3,NA,NA,2022
"Harare Kutsaga",2022-05-14,NA,16.4,NA,NA,2022
"Harare Kutsaga",2022-05-15,NA,16.6,NA,NA,2022
"Harare Kutsaga",2022-05-16,NA,15.2,NA,NA,2022
"Harare Kutsaga",2022-05-17,NA,14.7,NA,NA,2022
"Harare Kutsaga",2022-05-18,NA,15.3,NA,NA,2022
"Harare Kutsaga",2022-05-19,NA,14.9,NA,NA,2022
"Harare Kutsaga",2022-05-20,NA,18.3,NA,NA,2022
"Harare Kutsaga",2022-05-21,NA,19.7,NA,NA,2022
"Harare Kutsaga",2022-05-22,NA,17.2,NA,NA,2022
"Harare Kutsaga",2022-05-23,NA,12.7,NA,NA,2022
"Harare Kutsaga",2022-05-24,NA,14.3,NA,NA,2022
"Harare Kutsaga",2022-05-25,NA,16.3,NA,NA,2022
"Harare Kutsaga",2022-05-26,NA,18.4,NA,NA,2022
"Harare Kutsaga",2022-05-27,NA,17.8,NA,NA,2022
"Harare Kutsaga",2022-05-28,NA,15.3,NA,NA,2022
"Harare Kutsaga",2022-05-29,NA,14.1,NA,NA,2022
"Harare Kutsaga",2022-05-30,NA,15,NA,NA,2022
"Harare Kutsaga",2022-05-31,NA,15.4,NA,NA,2022
"Harare Kutsaga",2022-06-01,NA,12.9,NA,NA,2022
"Harare Kutsaga",2022-06-02,NA,13.8,NA,NA,2022
"Harare Kutsaga",2022-06-03,NA,13.4,NA,NA,2022
"Harare Kutsaga",2022-06-04,NA,13.4,NA,NA,2022
"Harare Kutsaga",2022-06-05,NA,13.5,NA,NA,2022
"Harare Kutsaga",2022-06-06,NA,13.8,NA,NA,2022
"Harare Kutsaga",2022-06-07,NA,11.8,NA,NA,2022
"Harare Kutsaga",2022-06-08,NA,12.7,NA,NA,2022
"Harare Kutsaga",2022-06-09,NA,14,NA,NA,2022
"Harare Kutsaga",2022-06-10,NA,12.7,NA,NA,2022
"Harare Kutsaga",2022-06-11,NA,13.6,NA,NA,2022
"Harare Kutsaga",2022-06-12,NA,13.7,NA,NA,2022
"Harare Kutsaga",2022-06-13,NA,13.4,NA,NA,2022
"Harare Kutsaga",2022-06-14,NA,14.2,NA,NA,2022
"Harare Kutsaga",2022-06-15,NA,14.8,NA,NA,2022
"Harare Kutsaga",2022-06-16,NA,14.3,NA,NA,2022
"Harare Kutsaga",2022-06-17,NA,14.2,NA,NA,2022
"Harare Kutsaga",2022-06-18,NA,15.8,NA,NA,2022
"Harare Kutsaga",2022-06-19,NA,15.6,NA,NA,2022
"Harare Kutsaga",2022-06-20,NA,14.6,NA,NA,2022
"Harare Kutsaga",2022-06-21,NA,13.5,NA,NA,2022
"Harare Kutsaga",2022-06-22,NA,13.2,NA,NA,2022
"Harare Kutsaga",2022-06-23,NA,14.1,NA,NA,2022
"Harare Kutsaga",2022-06-24,NA,14.1,NA,NA,2022
"Harare Kutsaga",2022-06-25,NA,13.7,NA,NA,2022
"Harare Kutsaga",2022-06-26,NA,13.9,NA,NA,2022
"Harare Kutsaga",2022-06-27,NA,11.9,NA,NA,2022
"Harare Kutsaga",2022-06-28,NA,12.1,NA,NA,2022
"Harare Kutsaga",2022-06-29,NA,10.9,NA,NA,2022
"Harare Kutsaga",2022-06-30,NA,10.9,NA,NA,2022
"Harare Kutsaga",2022-07-01,NA,12,NA,NA,2022
"Harare Kutsaga",2022-07-02,NA,11.6,NA,NA,2022
"Harare Kutsaga",2022-07-03,NA,14.4,NA,NA,2022
"Harare Kutsaga",2022-07-04,NA,14.6,NA,NA,2022
"Harare Kutsaga",2022-07-05,NA,13.7,NA,NA,2022
"Harare Kutsaga",2022-07-06,NA,15.1,NA,NA,2022
"Harare Kutsaga",2022-07-07,NA,15.2,NA,NA,2022
"Harare Kutsaga",2022-07-08,NA,15.1,NA,NA,2022
"Harare Kutsaga",2022-07-09,NA,13.8,NA,NA,2022
"Harare Kutsaga",2022-07-10,NA,12.9,NA,NA,2022
"Harare Kutsaga",2022-07-11,NA,14.3,NA,NA,2022
"Harare Kutsaga",2022-07-12,NA,15.2,NA,NA,2022
"Harare Kutsaga",2022-07-13,NA,15.8,NA,NA,2022
"Harare Kutsaga",2022-07-14,NA,16.4,NA,NA,2022
"Harare Kutsaga",2022-07-15,NA,14.8,NA,NA,2022
"Harare Kutsaga",2022-07-17,NA,12.7,NA,NA,2022
"Harare Kutsaga",2022-07-18,NA,13.2,NA,NA,2022
"Harare Kutsaga",2022-07-19,NA,13.8,NA,NA,2022
"Harare Kutsaga",2022-07-20,NA,11.3,NA,NA,2022
"Harare Kutsaga",2022-07-22,NA,15.9,NA,NA,2022
"Harare Kutsaga",2022-07-23,NA,15.8,NA,NA,2022
"Harare Kutsaga",2022-07-24,NA,15.7,NA,NA,2022
"Harare Kutsaga",2022-07-25,NA,15.2,NA,NA,2022
"Harare Kutsaga",2022-07-26,NA,14.7,NA,NA,2022
"Harare Kutsaga",2022-07-27,NA,12.7,NA,NA,2022
"Harare Kutsaga",2022-07-28,NA,16.4,NA,NA,2022
"Harare Kutsaga",2022-07-29,NA,13.4,NA,NA,2022
"Harare Kutsaga",2022-07-30,NA,10.3,NA,NA,2022
"Harare Kutsaga",2022-07-31,NA,18.3,NA,NA,2022
"Harare Kutsaga",2022-08-01,NA,18.8,NA,NA,2022
"Harare Kutsaga",2022-08-02,NA,14.3,NA,NA,2022
"Harare Kutsaga",2022-08-03,NA,15.6,NA,NA,2022
"Harare Kutsaga",2022-08-04,NA,17.4,NA,NA,2022
"Harare Kutsaga",2022-08-05,NA,18.9,NA,NA,2022
"Harare Kutsaga",2022-08-06,NA,17.1,NA,NA,2022
"Harare Kutsaga",2022-08-07,NA,17.9,NA,NA,2022
"Harare Kutsaga",2022-08-08,NA,16,NA,NA,2022
"Harare Kutsaga",2022-08-09,NA,20.8,NA,NA,2022
"Harare Kutsaga",2022-08-10,NA,16.7,NA,NA,2022
"Harare Kutsaga",2022-08-11,NA,17.7,NA,NA,2022
"Harare Kutsaga",2022-08-12,NA,18.9,NA,NA,2022
"Harare Kutsaga",2022-08-13,NA,18.5,NA,NA,2022
"Harare Kutsaga",2022-08-14,NA,19.2,NA,NA,2022
"Harare Kutsaga",2022-08-15,NA,19.4,NA,NA,2022
"Harare Kutsaga",2022-08-16,NA,16.4,NA,NA,2022
"Harare Kutsaga",2022-08-17,NA,18.3,NA,NA,2022
"Harare Kutsaga",2022-08-24,NA,18.1,NA,NA,2022
"Harare Kutsaga",2022-08-25,NA,16.4,NA,NA,2022
"Harare Kutsaga",2022-08-26,NA,18.1,NA,NA,2022
"Harare Kutsaga",2022-08-27,NA,19.2,NA,NA,2022
"Harare Kutsaga",2022-08-28,NA,20.6,NA,NA,2022
"Harare Kutsaga",2022-08-29,NA,19.9,NA,NA,2022
"Harare Kutsaga",2022-08-30,NA,19.4,NA,NA,2022
"Harare Kutsaga",2022-08-31,NA,16.6,NA,NA,2022
"Harare Kutsaga",2022-09-01,NA,15.2,NA,NA,2022
"Harare Kutsaga",2022-09-02,NA,15.1,NA,NA,2022
"Harare Kutsaga",2022-09-03,NA,18,NA,NA,2022
"Harare Kutsaga",2022-09-04,NA,20.2,NA,NA,2022
"Harare Kutsaga",2022-09-05,NA,21.8,NA,NA,2022
"Harare Kutsaga",2022-09-06,NA,17.2,NA,NA,2022
"Harare Kutsaga",2022-09-07,NA,18.4,NA,NA,2022
"Harare Kutsaga",2022-09-08,NA,18,NA,NA,2022
"Harare Kutsaga",2022-09-09,NA,19.4,NA,NA,2022
"Harare Kutsaga",2022-09-10,NA,19.8,NA,NA,2022
"Harare Kutsaga",2022-09-11,NA,20.4,NA,NA,2022
"Harare Kutsaga",2022-09-12,NA,22.6,NA,NA,2022
"Harare Kutsaga",2022-09-13,NA,18.1,NA,NA,2022
"Harare Kutsaga",2022-09-14,NA,18,NA,NA,2022
"Harare Kutsaga",2022-09-15,NA,18.6,NA,NA,2022
"Harare Kutsaga",2022-09-16,NA,17.4,NA,NA,2022
"Harare Kutsaga",2022-09-17,NA,20.4,NA,NA,2022
"Harare Kutsaga",2022-09-18,NA,21.4,NA,NA,2022
"Harare Kutsaga",2022-09-19,NA,20.3,NA,NA,2022
"Harare Kutsaga",2022-09-20,NA,25.6,NA,NA,2022
"Harare Kutsaga",2022-09-21,NA,22.7,NA,NA,2022
"Harare Kutsaga",2022-09-22,NA,23.5,NA,NA,2022
"Harare Kutsaga",2022-09-23,NA,23.4,NA,NA,2022
"Harare Kutsaga",2022-09-24,NA,21.3,NA,NA,2022
"Harare Kutsaga",2022-09-25,NA,21.9,NA,NA,2022
"Harare Kutsaga",2022-09-26,NA,23.3,NA,NA,2022
"Harare Kutsaga",2022-09-27,NA,24.4,NA,NA,2022
"Harare Kutsaga",2022-09-28,NA,21.7,NA,NA,2022
"Harare Kutsaga",2022-09-29,NA,19.3,NA,NA,2022
"Harare Kutsaga",2022-09-30,NA,22.2,NA,NA,2022
"Harare Kutsaga",2022-10-01,NA,22.7,NA,NA,2022
"Harare Kutsaga",2022-10-02,NA,22.6,NA,NA,2022
"Harare Kutsaga",2022-10-03,NA,19.4,NA,NA,2022
"Harare Kutsaga",2022-10-04,NA,26.7,NA,NA,2022
"Harare Kutsaga",2022-10-05,NA,25.1,NA,NA,2022
"Harare Kutsaga",2022-10-06,NA,22.7,NA,NA,2022
"Harare Kutsaga",2022-10-07,NA,20,NA,NA,2022
"Harare Kutsaga",2022-10-08,NA,24.9,NA,NA,2022
"Harare Kutsaga",2022-10-09,NA,24.7,NA,NA,2022
"Harare Kutsaga",2022-10-10,NA,19.9,NA,NA,2022
"Harare Kutsaga",2022-10-12,NA,22.9,NA,NA,2022
"Harare Kutsaga",2022-10-13,NA,16.6,NA,NA,2022
"Harare Kutsaga",2022-10-14,NA,23.6,NA,NA,2022
"Harare Kutsaga",2022-10-15,NA,23.2,NA,NA,2022
"Harare Kutsaga",2022-10-16,NA,23.3,NA,NA,2022
"Harare Kutsaga",2022-10-19,NA,24.2,NA,NA,2022
"Harare Kutsaga",2022-10-20,NA,20.2,NA,NA,2022
"Harare Kutsaga",2022-11-18,NA,27.2,NA,NA,2022
"Harare Kutsaga",2022-11-19,NA,22.3,NA,NA,2022
"Harare Kutsaga",2022-11-20,NA,23.9,NA,NA,2022
"Harare Kutsaga",2022-11-21,NA,20.3,NA,NA,2022
"Harare Kutsaga",2022-11-22,NA,18.6,NA,NA,2022
"Harare Kutsaga",2022-11-23,NA,19.9,NA,NA,2022
"Harare Kutsaga",2022-11-24,NA,22.8,NA,NA,2022
"Harare Kutsaga",2022-11-25,NA,21.8,NA,NA,2022
"Harare Kutsaga",2022-11-26,NA,21.9,NA,NA,2022
"Harare Kutsaga",2022-11-27,NA,19.9,NA,NA,2022
"Harare Kutsaga",2022-11-28,NA,17.3,NA,NA,2022
"Harare Kutsaga",2022-11-29,NA,18.2,NA,NA,2022
"Harare Kutsaga",2022-11-30,NA,18.7,NA,NA,2022
"Harare Kutsaga",2022-12-01,NA,18.2,NA,NA,2022
"Harare Kutsaga",2022-12-02,NA,17.1,NA,NA,2022
"Harare Kutsaga",2022-12-03,NA,24.7,NA,NA,2022
"Harare Kutsaga",2022-12-04,NA,21.5,NA,NA,2022
"Harare Kutsaga",2022-12-05,NA,21.7,NA,NA,2022
"Harare Kutsaga",2022-12-06,NA,19.4,NA,NA,2022
"Harare Kutsaga",2022-12-07,NA,20.5,NA,NA,2022
"Harare Kutsaga",2022-12-08,NA,21.4,NA,NA,2022
"Harare Kutsaga",2022-12-09,NA,20.4,NA,NA,2022
"Harare Kutsaga",2022-12-10,NA,21.8,NA,NA,2022
"Harare Kutsaga",2022-12-11,NA,21.8,NA,NA,2022
"Harare Kutsaga",2022-12-12,NA,22.4,NA,NA,2022
"Harare Kutsaga",2022-12-13,NA,21.8,NA,NA,2022
"Harare Kutsaga",2022-12-14,NA,22.4,NA,NA,2022
"Harare Kutsaga",2022-12-15,NA,19.9,NA,NA,2022
"Harare Kutsaga",2022-12-16,NA,20.7,NA,NA,2022
"Harare Kutsaga",2022-12-17,NA,20.4,NA,NA,2022
"Harare Kutsaga",2022-12-18,NA,21.8,NA,NA,2022
"Harare Kutsaga",2022-12-19,NA,21.6,NA,NA,2022
"Harare Kutsaga",2022-12-20,NA,20.1,NA,NA,2022
"Harare Kutsaga",2022-12-21,NA,19.8,NA,NA,2022
"Harare Kutsaga",2022-12-22,NA,18.3,NA,NA,2022
"Harare Kutsaga",2022-12-23,NA,21.2,NA,NA,2022
"Harare Kutsaga",2022-12-24,NA,20.3,NA,NA,2022
"Harare Kutsaga",2022-12-25,NA,23.1,NA,NA,2022
"Harare Kutsaga",2022-12-26,NA,23.4,NA,NA,2022
"Harare Kutsaga",2022-12-27,NA,18.5,NA,NA,2022
"Harare Kutsaga",2022-12-29,NA,23.8,NA,NA,2022
"Harare Kutsaga",2022-12-30,NA,21.7,NA,NA,2022
"Harare Kutsaga",2022-12-31,NA,20.6,NA,NA,2022
"Harare Kutsaga",2023-01-01,NA,19.6,NA,NA,2023
"Harare Kutsaga",2023-01-02,NA,18.9,NA,NA,2023
"Harare Kutsaga",2023-01-03,NA,20.1,NA,NA,2023
"Harare Kutsaga",2023-01-04,NA,22,NA,NA,2023
"Harare Kutsaga",2023-01-05,NA,21,NA,NA,2023
"Harare Kutsaga",2023-01-06,NA,21,NA,NA,2023
"Harare Kutsaga",2023-01-07,NA,19.3,NA,NA,2023
"Harare Kutsaga",2023-01-08,NA,17.4,NA,NA,2023
"Harare Kutsaga",2023-01-09,NA,19.8,NA,NA,2023
"Harare Kutsaga",2023-01-10,NA,20.8,NA,NA,2023
"Harare Kutsaga",2023-01-11,NA,21,NA,NA,2023
"Harare Kutsaga",2023-01-12,NA,22.9,NA,NA,2023
"Harare Kutsaga",2023-01-13,NA,21.1,NA,NA,2023
"Harare Kutsaga",2023-01-14,NA,21.3,NA,NA,2023
"Harare Kutsaga",2023-01-15,NA,21.8,NA,NA,2023
"Harare Kutsaga",2023-01-16,NA,19.7,NA,NA,2023
"Harare Kutsaga",2023-01-17,NA,19.4,NA,NA,2023
"Harare Kutsaga",2023-01-18,NA,20.3,NA,NA,2023
"Harare Kutsaga",2023-01-19,NA,20.7,NA,NA,2023
"Harare Kutsaga",2023-01-20,NA,20.7,NA,NA,2023
"Harare Kutsaga",2023-01-21,NA,20.8,NA,NA,2023
"Harare Kutsaga",2023-01-22,NA,20.3,NA,NA,2023
"Harare Kutsaga",2023-01-23,NA,18.6,NA,NA,2023
"Harare Kutsaga",2023-01-24,NA,19.3,NA,NA,2023
"Harare Kutsaga",2023-01-25,NA,18.2,NA,NA,2023
"Harare Kutsaga",2023-01-26,NA,19.9,NA,NA,2023
"Harare Kutsaga",2023-01-27,NA,20.8,NA,NA,2023
"Harare Kutsaga",2023-01-28,NA,21.4,NA,NA,2023
"Harare Kutsaga",2023-01-29,NA,26.6,NA,NA,2023
"Harare Kutsaga",2023-01-30,NA,22.5,NA,NA,2023
"Harare Kutsaga",2023-01-31,NA,20.4,NA,NA,2023
"Harare Kutsaga",2023-02-01,NA,21.7,NA,NA,2023
"Harare Kutsaga",2023-02-02,NA,22.2,NA,NA,2023
"Harare Kutsaga",2023-02-03,NA,21,NA,NA,2023
"Harare Kutsaga",2023-02-04,NA,20.3,NA,NA,2023
"Harare Kutsaga",2023-02-05,NA,19.4,NA,NA,2023
"Harare Kutsaga",2023-02-06,NA,21.9,NA,NA,2023
"Harare Kutsaga",2023-02-07,NA,21.7,NA,NA,2023
"Harare Kutsaga",2023-02-08,NA,22.3,NA,NA,2023
"Harare Kutsaga",2023-02-09,NA,22.8,NA,NA,2023
"Harare Kutsaga",2023-02-10,NA,20.8,NA,NA,2023
"Harare Kutsaga",2023-02-11,NA,20.9,NA,NA,2023
"Harare Kutsaga",2023-02-12,NA,19.2,NA,NA,2023
"Harare Kutsaga",2023-02-13,NA,19.4,NA,NA,2023
"Harare Kutsaga",2023-02-14,NA,21.3,NA,NA,2023
"Harare Kutsaga",2023-02-15,NA,20.9,NA,NA,2023
"Harare Kutsaga",2023-02-16,NA,20.6,NA,NA,2023
"Harare Kutsaga",2023-02-17,NA,19.9,NA,NA,2023
"Harare Kutsaga",2023-02-18,NA,20.5,NA,NA,2023
"Harare Kutsaga",2023-02-19,NA,21.3,NA,NA,2023
"Harare Kutsaga",2023-02-20,NA,20.4,NA,NA,2023
"Harare Kutsaga",2023-02-21,NA,22,NA,NA,2023
"Harare Kutsaga",2023-02-22,NA,20.8,NA,NA,2023
"Harare Kutsaga",2023-02-23,NA,19.8,NA,NA,2023
"Harare Kutsaga",2023-02-24,NA,22.1,NA,NA,2023
"Harare Kutsaga",2023-02-25,NA,20.2,NA,NA,2023
"Harare Kutsaga",2023-02-26,NA,23.2,NA,NA,2023
"Harare Kutsaga",2023-02-27,NA,19.3,NA,NA,2023
"Harare Kutsaga",2023-02-28,NA,19.1,NA,NA,2023
"Harare Kutsaga",2023-03-01,NA,21,NA,NA,2023
"Harare Kutsaga",2023-03-02,NA,20.7,NA,NA,2023
"Harare Kutsaga",2023-03-03,NA,17.2,NA,NA,2023
"Harare Kutsaga",2023-03-04,NA,20.8,NA,NA,2023
"Harare Kutsaga",2023-03-05,NA,18.9,NA,NA,2023
"Harare Kutsaga",2023-03-07,NA,23.6,NA,NA,2023
"Harare Kutsaga",2023-03-08,NA,21.4,NA,NA,2023
"Harare Kutsaga",2023-03-09,NA,21.5,NA,NA,2023
"Harare Kutsaga",2023-03-10,NA,21,NA,NA,2023
"Harare Kutsaga",2023-03-11,NA,20.8,NA,NA,2023
"Harare Kutsaga",2023-03-12,NA,19.9,NA,NA,2023
"Harare Kutsaga",2023-03-13,NA,18.4,NA,NA,2023
"Harare Kutsaga",2023-03-14,NA,18.2,NA,NA,2023
"Harare Kutsaga",2023-03-15,NA,19.3,NA,NA,2023
"Harare Kutsaga",2023-03-16,NA,19.4,NA,NA,2023
"Harare Kutsaga",2023-03-17,NA,19.8,NA,NA,2023
"Harare Kutsaga",2023-03-18,NA,19.8,NA,NA,2023
"Harare Kutsaga",2023-03-19,NA,22.8,NA,NA,2023
"Harare Kutsaga",2023-03-20,NA,21.5,NA,NA,2023
"Harare Kutsaga",2023-03-21,NA,20.7,NA,NA,2023
"Harare Kutsaga",2023-03-22,NA,20.2,NA,NA,2023
"Harare Kutsaga",2023-03-23,NA,20.4,NA,NA,2023
"Harare Kutsaga",2023-03-24,NA,20.2,NA,NA,2023
"Harare Kutsaga",2023-03-25,NA,20.6,NA,NA,2023
"Harare Kutsaga",2023-03-26,NA,21.6,NA,NA,2023
"Harare Kutsaga",2023-03-27,NA,21.5,NA,NA,2023
"Harare Kutsaga",2023-03-28,NA,17.6,NA,NA,2023
"Harare Kutsaga",2023-03-29,NA,19.1,NA,NA,2023
"Harare Kutsaga",2023-03-30,NA,22.4,NA,NA,2023
"Harare Kutsaga",2023-03-31,NA,21.6,NA,NA,2023
"Harare Kutsaga",2023-04-01,NA,19.4,NA,NA,2023
"Harare Kutsaga",2023-04-02,NA,20.8,NA,NA,2023
"Harare Kutsaga",2023-04-03,NA,19.8,NA,NA,2023
"Harare Kutsaga",2023-04-04,NA,20.7,NA,NA,2023
"Harare Kutsaga",2023-04-05,NA,19.7,NA,NA,2023
"Harare Kutsaga",2023-04-06,NA,19,NA,NA,2023
"Harare Kutsaga",2023-04-07,NA,19.3,NA,NA,2023
"Harare Kutsaga",2023-04-08,NA,20.8,NA,NA,2023
"Harare Kutsaga",2023-04-09,NA,21.4,NA,NA,2023
"Harare Kutsaga",2023-04-10,NA,22.4,NA,NA,2023
"Harare Kutsaga",2023-04-11,NA,18.2,NA,NA,2023
"Harare Kutsaga",2023-04-12,NA,18.5,NA,NA,2023
"Harare Kutsaga",2023-04-13,NA,19.7,NA,NA,2023
"Harare Kutsaga",2023-04-14,NA,20.2,NA,NA,2023
"Harare Kutsaga",2023-04-15,NA,19.4,NA,NA,2023
"Harare Kutsaga",2023-04-16,NA,16.3,NA,NA,2023
"Harare Kutsaga",2023-04-17,NA,18.3,NA,NA,2023
"Harare Kutsaga",2023-04-18,NA,18.9,NA,NA,2023
"Harare Kutsaga",2023-04-19,NA,19.6,NA,NA,2023
"Harare Kutsaga",2023-04-20,NA,20.3,NA,NA,2023
"Harare Kutsaga",2023-04-21,NA,20.3,NA,NA,2023
"Harare Kutsaga",2023-04-22,NA,21.1,NA,NA,2023
"Harare Kutsaga",2023-04-23,NA,21.2,NA,NA,2023
"Harare Kutsaga",2023-04-24,NA,20.8,NA,NA,2023
"Harare Kutsaga",2023-04-25,NA,21.5,NA,NA,2023
"Harare Kutsaga",2023-04-26,NA,19.7,NA,NA,2023
"Harare Kutsaga",2023-04-27,NA,19.7,NA,NA,2023
"Harare Kutsaga",2023-04-28,NA,18.8,NA,NA,2023
"Harare Kutsaga",2023-04-29,NA,18,NA,NA,2023
"Harare Kutsaga",2023-04-30,NA,19.7,NA,NA,2023
"Harare Kutsaga",2023-05-01,NA,17.8,NA,NA,2023
"Harare Kutsaga",2023-05-02,NA,17.9,NA,NA,2023
"Harare Kutsaga",2023-05-03,NA,17.8,NA,NA,2023
"Harare Kutsaga",2023-05-04,NA,18.7,NA,NA,2023
"Harare Kutsaga",2023-05-05,NA,18.3,NA,NA,2023
"Harare Kutsaga",2023-05-06,NA,18.1,NA,NA,2023
"Harare Kutsaga",2023-05-07,NA,18.1,NA,NA,2023
"Harare Kutsaga",2023-05-08,NA,16.1,NA,NA,2023
"Harare Kutsaga",2023-05-09,NA,17.8,NA,NA,2023
"Harare Kutsaga",2023-05-10,NA,16.6,NA,NA,2023
"Harare Kutsaga",2023-05-11,NA,16.9,NA,NA,2023
"Harare Kutsaga",2023-05-12,NA,18.8,NA,NA,2023
"Harare Kutsaga",2023-05-13,NA,18,NA,NA,2023
"Harare Kutsaga",2023-05-14,NA,20.8,NA,NA,2023
"Harare Kutsaga",2023-05-15,NA,18.7,NA,NA,2023
"Harare Kutsaga",2023-05-16,NA,18.4,NA,NA,2023
"Harare Kutsaga",2023-05-17,NA,18.8,NA,NA,2023
"Harare Kutsaga",2023-05-18,NA,19.6,NA,NA,2023
"Harare Kutsaga",2023-05-19,NA,19.5,NA,NA,2023
"Harare Kutsaga",2023-05-20,NA,20.1,NA,NA,2023
"Harare Kutsaga",2023-05-21,NA,20.3,NA,NA,2023
"Harare Kutsaga",2023-05-22,NA,19.1,NA,NA,2023
"Harare Kutsaga",2023-05-23,NA,18.5,NA,NA,2023
"Harare Kutsaga",2023-05-24,NA,21.2,NA,NA,2023
"Harare Kutsaga",2023-05-25,NA,20,NA,NA,2023
"Harare Kutsaga",2023-05-26,NA,18.8,NA,NA,2023
"Harare Kutsaga",2023-05-27,NA,16.4,NA,NA,2023
"Harare Kutsaga",2023-05-28,NA,16.3,NA,NA,2023
"Harare Kutsaga",2023-05-29,NA,11.8,NA,NA,2023
"Harare Kutsaga",2023-06-16,NA,20.7,NA,NA,2023
"Harare Kutsaga",2023-06-17,NA,17.9,NA,NA,2023
"Harare Kutsaga",2023-06-18,NA,18.1,NA,NA,2023
"Harare Kutsaga",2023-06-19,NA,16.7,NA,NA,2023
"Harare Kutsaga",2023-06-20,NA,14.9,NA,NA,2023
"Harare Kutsaga",2023-06-21,NA,15.3,NA,NA,2023
"Harare Kutsaga",2023-06-22,NA,15.3,NA,NA,2023
"Harare Kutsaga",2023-06-23,NA,13.7,NA,NA,2023
"Harare Kutsaga",2023-06-24,NA,15.2,NA,NA,2023
"Harare Kutsaga",2023-06-26,NA,12.9,NA,NA,2023
"Harare Kutsaga",2023-06-27,NA,13.8,NA,NA,2023
"Harare Kutsaga",2023-06-28,NA,14.2,NA,NA,2023
"Harare Kutsaga",2023-06-29,NA,14.2,NA,NA,2023
"Harare Kutsaga",2023-06-30,NA,18.7,NA,NA,2023
"Harare Kutsaga",2023-07-01,NA,15.7,NA,NA,2023
"Harare Kutsaga",2023-07-02,NA,12.7,NA,NA,2023
"Harare Kutsaga",2023-07-03,NA,12.2,NA,NA,2023
"Harare Kutsaga",2023-07-04,NA,13.6,NA,NA,2023
"Harare Kutsaga",2023-07-05,NA,15.1,NA,NA,2023
"Harare Kutsaga",2023-07-06,NA,13.5,NA,NA,2023
"Harare Kutsaga",2023-07-07,NA,13.7,NA,NA,2023
"Harare Kutsaga",2023-07-08,NA,15.2,NA,NA,2023
"Harare Kutsaga",2023-07-09,NA,15.4,NA,NA,2023
"Harare Kutsaga",2023-07-10,NA,14.2,NA,NA,2023
"Harare Kutsaga",2023-07-11,NA,8.4,NA,NA,2023
"Harare Kutsaga",2023-07-12,NA,10.4,NA,NA,2023
"Harare Kutsaga",2023-07-13,NA,11.2,NA,NA,2023
"Harare Kutsaga",2023-07-14,NA,11.4,NA,NA,2023
"Harare Kutsaga",2023-07-15,NA,12.2,NA,NA,2023
"Harare Kutsaga",2023-07-16,NA,12.6,NA,NA,2023
"Harare Kutsaga",2023-07-17,NA,13.6,NA,NA,2023
"Harare Kutsaga",2023-07-18,NA,12.5,NA,NA,2023
"Harare Kutsaga",2023-07-19,NA,13.9,NA,NA,2023
"Harare Kutsaga",2023-07-20,NA,13.8,22.1,NA,2023
"Harare Kutsaga",2023-07-21,NA,14.8,21.5,NA,2023
"Harare Kutsaga",2023-07-22,NA,14.1,NA,NA,2023
"Harare Kutsaga",2023-07-23,NA,15.8,NA,5.6,2023
"Harare Kutsaga",2023-07-24,NA,18.1,NA,4.3,2023
"Harare Kutsaga",2023-07-25,NA,15.9,24.8,4,2023
"Harare Kutsaga",2023-07-26,NA,15.1,24.9,6.6,2023
"Harare Kutsaga",2023-07-27,NA,15.3,21.9,6.5,2023
"Harare Kutsaga",2023-07-28,NA,15.9,NA,NA,2023
"Harare Kutsaga",2023-07-29,NA,16.8,NA,7.7,2023
"Harare Kutsaga",2023-07-30,NA,20.1,28,11.6,2023
"Harare Kutsaga",2023-07-31,NA,17.5,25.4,10.4,2023
"Harare Kutsaga",2023-08-01,NA,15.7,NA,7.7,2023
"Harare Kutsaga",2023-08-02,NA,14.1,20.1,NA,2023
"Harare Kutsaga",2023-08-03,NA,13.4,18.1,8.3,2023
"Harare Kutsaga",2023-08-04,NA,14.2,21,NA,2023
"Harare Kutsaga",2023-08-05,NA,14.4,NA,6,2023
"Harare Kutsaga",2023-08-06,NA,15.5,21.9,9.8,2023
"Harare Kutsaga",2023-08-07,NA,14.8,22.7,5.1,2023
"Harare Kutsaga",2023-08-08,NA,15.6,23.3,7.2,2023
"Harare Kutsaga",2023-08-09,NA,13.6,NA,4.4,2023
"Harare Kutsaga",2023-08-10,NA,13,NA,8.2,2023
"Harare Kutsaga",2023-08-11,0,15.4,19.2,10.9,2023
"Harare Kutsaga",2023-08-12,NA,14.3,20.6,NA,2023
"Harare Kutsaga",2023-08-13,NA,14.5,21.7,4.9,2023
"Harare Kutsaga",2023-08-14,NA,16.4,25.1,NA,2023
"Harare Kutsaga",2023-08-15,NA,18.2,NA,6.8,2023
"Harare Kutsaga",2023-08-16,NA,18.3,NA,10.7,2023
"Harare Kutsaga",2023-08-17,NA,16.3,24.5,7.6,2023
"Harare Kutsaga",2023-08-18,NA,16.3,NA,NA,2023
"Harare Kutsaga",2023-08-19,NA,19.8,27.3,10.1,2023
"Harare Kutsaga",2023-08-20,NA,20.3,NA,12.6,2023
"Harare Kutsaga",2023-08-21,NA,21.9,29,11,2023
"Harare Kutsaga",2023-08-22,NA,20,NA,NA,2023
"Harare Kutsaga",2023-08-23,NA,23.9,31.2,12.4,2023
"Harare Kutsaga",2023-08-24,NA,21.5,NA,16.5,2023
"Harare Kutsaga",2023-08-25,NA,20.8,NA,NA,2023
"Harare Kutsaga",2023-08-26,NA,21.4,31.7,13,2023
"Harare Kutsaga",2023-08-27,NA,16.6,NA,12.2,2023
"Harare Kutsaga",2023-08-28,NA,14.2,NA,NA,2023
"Harare Kutsaga",2023-08-29,NA,13.4,22,4.1,2023
"Harare Kutsaga",2023-08-30,NA,14.1,22.3,6.5,2023
"Harare Kutsaga",2023-08-31,NA,14.4,23.3,5.9,2023
"Harare Kutsaga",2023-09-01,NA,18,NA,9.2,2023
"Harare Kutsaga",2023-09-02,NA,21.2,27.7,7.5,2023
"Harare Kutsaga",2023-09-03,NA,20.9,28,12.4,2023
"Harare Kutsaga",2023-09-04,NA,20.3,28.3,13.5,2023
"Harare Kutsaga",2023-09-05,NA,18.6,NA,12,2023
"Harare Kutsaga",2023-09-06,NA,22.4,NA,11.5,2023
"Harare Kutsaga",2023-09-07,NA,20.5,30.1,11.5,2023
"Harare Kutsaga",2023-09-08,NA,22.1,30.8,8.7,2023
"Harare Kutsaga",2023-09-09,NA,21.1,NA,NA,2023
"Harare Kutsaga",2023-09-10,NA,20.8,26.9,NA,2023
"Harare Kutsaga",2023-09-11,NA,22.1,30,16.2,2023
"Harare Kutsaga",2023-09-12,NA,21.1,29.3,NA,2023
"Harare Kutsaga",2023-09-13,NA,18.2,NA,NA,2023
"Harare Kutsaga",2023-09-14,NA,19.9,25.9,10.2,2023
"Harare Kutsaga",2023-09-15,NA,20.5,NA,NA,2023
"Harare Kutsaga",2023-09-16,NA,22.8,NA,9.7,2023
"Harare Kutsaga",2023-09-17,NA,23.9,33.2,13.7,2023
"Harare Kutsaga",2023-09-18,NA,22.8,NA,12.9,2023
"Harare Kutsaga",2023-09-19,NA,21.9,NA,12.8,2023
"Harare Kutsaga",2023-09-20,NA,22.9,31.3,12,2023
"Harare Kutsaga",2023-09-21,NA,22.8,NA,14,2023
"Harare Kutsaga",2023-09-22,NA,22.6,NA,16.5,2023
"Harare Kutsaga",2023-09-23,NA,23.9,NA,14.2,2023
"Harare Kutsaga",2023-09-24,NA,23.1,NA,16,2023
"Harare Kutsaga",2023-09-25,NA,23.9,30.7,17.9,2023
"Harare Kutsaga",2023-09-26,NA,23.6,30.3,17.9,2023
"Harare Kutsaga",2023-09-27,NA,23.3,NA,17.3,2023
"Harare Kutsaga",2023-09-28,NA,22.7,NA,17.7,2023
"Harare Kutsaga",2023-09-29,0,23.2,28.9,NA,2023
"Harare Kutsaga",2023-09-30,NA,23.7,29.8,18.4,2023
"Harare Kutsaga",2023-10-01,NA,24.6,NA,17.2,2023
"Harare Kutsaga",2023-10-02,NA,21.2,NA,NA,2023
"Harare Kutsaga",2023-10-03,NA,20.6,NA,NA,2023
"Harare Kutsaga",2023-10-04,NA,20.6,29.3,NA,2023
"Harare Kutsaga",2023-10-05,NA,21.1,NA,12,2023
"Harare Kutsaga",2023-10-06,NA,24.3,NA,16.9,2023
"Harare Kutsaga",2023-10-07,NA,25.1,NA,18.2,2023
"Harare Kutsaga",2023-10-08,NA,27.6,34.6,17.7,2023
"Harare Kutsaga",2023-10-09,NA,25.4,32.4,NA,2023
"Harare Kutsaga",2023-10-10,NA,22.3,29.5,14.6,2023
"Harare Kutsaga",2023-10-11,NA,23.1,29.8,15.6,2023
"Harare Kutsaga",2023-10-12,NA,25,NA,18.9,2023
"Harare Kutsaga",2023-10-13,NA,27.3,34.4,20.3,2023
"Harare Kutsaga",2023-10-14,NA,26.4,35,18,2023
"Harare Kutsaga",2023-10-15,NA,23.6,NA,NA,2023
"Harare Kutsaga",2023-10-16,NA,20.3,26.4,NA,2023
"Harare Kutsaga",2023-10-17,NA,18.1,NA,NA,2023
"Harare Kutsaga",2023-10-18,19.1,18.7,25.1,12.9,2023
"Harare Kutsaga",2023-10-19,21.1,20.1,26,15.5,2023
"Harare Kutsaga",2023-10-20,0,20.6,27.1,13.8,2023
"Harare Kutsaga",2023-10-21,NA,19.4,NA,14.3,2023
"Harare Kutsaga",2023-10-22,NA,26.4,NA,NA,2023
"Harare Kutsaga",2023-10-23,NA,24.4,NA,NA,2023
"Harare Kutsaga",2023-10-24,NA,24.1,NA,NA,2023
"Harare Kutsaga",2023-10-25,NA,26.9,33.3,18,2023
"Harare Kutsaga",2023-10-26,NA,23.5,29.4,17.3,2023
"Harare Kutsaga",2023-10-27,NA,22.8,NA,15.3,2023
"Harare Kutsaga",2023-10-28,NA,24.2,NA,NA,2023
"Harare Kutsaga",2023-10-29,NA,26.2,31.3,15.2,2023
"Harare Kutsaga",2023-10-30,NA,18.8,NA,7.3,2023
"Harare Kutsaga",2023-11-05,NA,22.8,NA,NA,2023
"Harare Kutsaga",2023-11-06,NA,24.1,NA,16.6,2023
"Harare Kutsaga",2023-11-07,NA,24.9,31,20.4,2023
"Harare Kutsaga",2023-11-08,3,20.7,NA,NA,2023
"Harare Kutsaga",2023-11-09,0,23.1,29.6,14.3,2023
"Harare Kutsaga",2023-11-10,NA,22.2,28.1,NA,2023
"Harare Kutsaga",2023-11-11,NA,21.1,27.6,12.6,2023
"Harare Kutsaga",2023-11-12,NA,22.1,NA,15.3,2023
"Harare Kutsaga",2023-11-13,NA,25.5,NA,NA,2023
"Harare Kutsaga",2023-11-14,NA,22.7,28.6,15.1,2023
"Harare Kutsaga",2023-11-15,NA,20.3,26.6,NA,2023
"Harare Kutsaga",2023-11-16,NA,20.3,NA,12.9,2023
"Harare Kutsaga",2023-11-17,NA,21.7,29.2,13.4,2023
"Harare Kutsaga",2023-11-18,NA,23.9,NA,15.5,2023
"Harare Kutsaga",2023-11-19,NA,26.4,33,17.8,2023
"Harare Kutsaga",2023-11-20,NA,22.8,31,NA,2023
"Harare Kutsaga",2023-11-21,0,24.3,NA,18.5,2023
"Harare Kutsaga",2023-11-22,NA,24.7,NA,NA,2023
"Harare Kutsaga",2023-11-23,NA,24.6,31.3,20.4,2023
"Harare Kutsaga",2023-11-24,NA,25.8,31.8,NA,2023
"Harare Kutsaga",2023-11-25,NA,25.3,31.8,19.9,2023
"Harare Kutsaga",2023-11-26,NA,23.1,29.1,NA,2023
"Harare Kutsaga",2023-11-27,4.1,24.8,32.2,17.4,2023
"Harare Kutsaga",2023-11-28,0,23.6,30,16.8,2023
"Harare Kutsaga",2023-11-29,NA,26.2,NA,NA,2023
"Harare Kutsaga",2023-11-30,NA,19.6,NA,NA,2023
"Harare Kutsaga",2023-12-05,NA,27.4,NA,15.6,2023
"Harare Kutsaga",2023-12-06,NA,25.2,NA,NA,2023
"Harare Kutsaga",2023-12-07,NA,23.2,31.2,14.3,2023
"Harare Kutsaga",2023-12-08,NA,22.9,NA,12.2,2023
"Harare Kutsaga",2023-12-09,NA,27.7,34.6,12.2,2023
"Harare Kutsaga",2023-12-10,NA,27.6,34.2,NA,2023
"Harare Kutsaga",2023-12-11,NA,26.3,NA,NA,2023
"Harare Kutsaga",2023-12-12,2,24.2,31.1,18.1,2023
"Harare Kutsaga",2023-12-13,0,20.1,NA,NA,2023
"Harare Kutsaga",2023-12-14,30,21.8,28.6,18.8,2023
"Harare Kutsaga",2023-12-15,0,23.2,NA,NA,2023
"Harare Kutsaga",2023-12-16,NA,23.9,NA,NA,2023
"Harare Kutsaga",2023-12-17,59.9,20.4,NA,17.6,2023
"Harare Kutsaga",2023-12-18,25.9,22.4,29.3,17.1,2023
"Harare Kutsaga",2023-12-19,10.9,20.8,NA,NA,2023
"Harare Kutsaga",2023-12-20,7.9,21.6,26.4,18.5,2023
"Harare Kutsaga",2023-12-21,4.1,21.8,NA,18.7,2023
"Harare Kutsaga",2023-12-22,58.9,22.3,NA,17.5,2023
"Harare Kutsaga",2023-12-23,0,24.6,29.2,17.7,2023
"Harare Kutsaga",2023-12-24,NA,22.3,NA,17.4,2023
"Harare Kutsaga",2023-12-25,NA,23.6,28.8,NA,2023
"Harare Kutsaga",2023-12-26,NA,22.2,NA,19.5,2023
"Harare Kutsaga",2023-12-27,7.9,20,23,NA,2023
"Harare Kutsaga",2023-12-28,32,18.7,20.1,NA,2023
"Harare Kutsaga",2023-12-29,0,18.9,NA,NA,2023
"Harare Kutsaga",2023-12-30,NA,19.2,NA,15.9,2023
"Harare Kutsaga",2023-12-31,NA,21.6,NA,17.6,2023
"Harare Kutsaga",2024-01-01,NA,23.7,NA,NA,2024
"Harare Kutsaga",2024-01-02,NA,22.5,26,18,2024
"Harare Kutsaga",2024-01-03,NA,21.2,NA,16.8,2024
"Harare Kutsaga",2024-01-04,NA,23.1,NA,NA,2024
"Harare Kutsaga",2024-01-05,NA,21.8,NA,NA,2024
"Harare Kutsaga",2024-01-06,NA,21.8,28,15.7,2024
"Harare Kutsaga",2024-01-07,NA,22.3,28.3,16,2024
"Harare Kutsaga",2024-01-08,4.1,21.3,27.6,16.8,2024
"Harare Kutsaga",2024-01-09,0,20.9,27.1,NA,2024
"Harare Kutsaga",2024-01-10,16,23.1,NA,18.1,2024
"Harare Kutsaga",2024-01-11,0,22.8,NA,17,2024
"Harare Kutsaga",2024-01-12,9.9,22.7,27,18.2,2024
"Harare Kutsaga",2024-01-13,0,22.6,NA,18.2,2024
"Harare Kutsaga",2024-01-14,NA,22.1,26.2,19,2024
"Harare Kutsaga",2024-01-15,NA,21.6,27.1,NA,2024
"Harare Kutsaga",2024-01-16,NA,22.6,NA,18.1,2024
"Harare Kutsaga",2024-01-17,0.3,20.6,NA,NA,2024
"Harare Kutsaga",2024-01-18,7.1,19.8,25,18,2024
"Harare Kutsaga",2024-01-19,0,17.7,NA,NA,2024
"Harare Kutsaga",2024-01-20,NA,17.2,NA,NA,2024
"Harare Kutsaga",2024-01-21,NA,18.4,22.5,NA,2024
"Harare Kutsaga",2024-01-22,NA,21.2,NA,NA,2024
"Harare Kutsaga",2024-01-23,NA,20.6,25.5,13.7,2024
"Harare Kutsaga",2024-01-24,NA,17.7,NA,13.8,2024
"Harare Kutsaga",2024-01-25,NA,19.3,25.1,NA,2024
"Harare Kutsaga",2024-01-26,NA,20.5,27.1,11.9,2024
"Harare Kutsaga",2024-01-27,NA,20.7,27.4,NA,2024
"Harare Kutsaga",2024-01-28,NA,21.9,NA,14.4,2024
"Harare Kutsaga",2024-01-29,NA,22.1,28.1,16,2024
"Harare Kutsaga",2024-01-30,NA,21.1,28.7,14.9,2024
"Harare Kutsaga",2024-01-31,NA,20.8,26.4,NA,2024
"Harare Kutsaga",2024-02-01,NA,20.2,27.3,NA,2024
"Harare Kutsaga",2024-02-02,14,19.3,28,13.7,2024
"Harare Kutsaga",2024-02-03,0,21.9,NA,NA,2024
"Harare Kutsaga",2024-02-04,NA,21.3,NA,NA,2024
"Harare Kutsaga",2024-02-08,NA,24.8,31,NA,2024
"Harare Kutsaga",2024-02-09,NA,22.8,NA,NA,2024
"Harare Kutsaga",2024-02-10,NA,23.2,NA,15.3,2024
"Harare Kutsaga",2024-02-11,NA,21.8,28.1,15.3,2024
"Harare Kutsaga",2024-02-12,NA,20.8,NA,16.2,2024
"Harare Kutsaga",2024-02-13,NA,20.8,NA,13.3,2024
"Harare Kutsaga",2024-02-14,NA,20.4,NA,NA,2024
"Harare Kutsaga",2024-02-15,NA,23.2,NA,12.4,2024
"Harare Kutsaga",2024-02-16,NA,25.1,31.2,NA,2024
"Harare Kutsaga",2024-02-17,NA,25.9,NA,16.1,2024
"Harare Kutsaga",2024-02-18,NA,24.4,30.7,NA,2024
"Harare Kutsaga",2024-02-19,0,22.3,29.9,15.2,2024
"Harare Kutsaga",2024-02-20,NA,22.1,NA,14.2,2024
"Harare Kutsaga",2024-02-21,NA,22.9,30.7,12.7,2024
"Harare Kutsaga",2024-02-22,NA,22.6,NA,14,2024
"Harare Kutsaga",2024-02-23,NA,23.2,29.8,14.5,2024
"Harare Kutsaga",2024-02-24,NA,23.5,NA,16.1,2024
"Harare Kutsaga",2024-02-25,NA,25.1,31.7,19.1,2024
"Harare Kutsaga",2024-02-26,NA,23.9,NA,18.5,2024
"Harare Kutsaga",2024-02-27,0,20.3,NA,NA,2024
"Harare Kutsaga",2024-02-28,0,18.8,NA,16,2024
"Harare Kutsaga",2024-02-29,NA,19.9,25.7,13.5,2024
"Harare Kutsaga",2024-03-01,NA,19.3,25.3,NA,2024
"Harare Kutsaga",2024-03-02,NA,22.1,NA,13.5,2024
"Harare Kutsaga",2024-03-03,NA,21.9,NA,NA,2024
"Harare Kutsaga",2024-03-04,NA,23.7,30.3,15.6,2024
"Harare Kutsaga",2024-03-05,NA,24.8,31.6,17.6,2024
"Harare Kutsaga",2024-03-06,NA,24.1,NA,17.8,2024
"Harare Kutsaga",2024-03-07,NA,23.9,NA,18.9,2024
"Harare Kutsaga",2024-03-08,1,23.7,NA,NA,2024
"Harare Kutsaga",2024-03-09,0,24,NA,NA,2024
"Harare Kutsaga",2024-03-10,NA,23.1,30.3,15.3,2024
"Harare Kutsaga",2024-03-11,NA,21.4,NA,13.7,2024
"Harare Kutsaga",2024-03-12,NA,25.8,NA,16.6,2024
"Harare Kutsaga",2024-03-13,NA,25.2,NA,NA,2024
"Harare Kutsaga",2024-03-14,NA,24.3,NA,19,2024
"Harare Kutsaga",2024-03-15,NA,22.1,32.1,NA,2024
"Harare Kutsaga",2024-03-16,0.3,22.4,28.2,15.9,2024
"Harare Kutsaga",2024-03-17,0,22.9,NA,15.6,2024
"Harare Kutsaga",2024-03-18,NA,23.1,NA,15,2024
"Harare Kutsaga",2024-03-19,NA,23.5,30,15.1,2024
"Harare Kutsaga",2024-03-20,NA,23.1,NA,14.4,2024
"Harare Kutsaga",2024-03-21,NA,21.8,28,NA,2024
"Harare Kutsaga",2024-03-22,NA,21.1,NA,14.8,2024
"Harare Kutsaga",2024-03-23,NA,20.7,27.5,NA,2024
"Harare Kutsaga",2024-03-24,NA,19.4,NA,14.7,2024
"Harare Kutsaga",2024-03-25,NA,23.7,NA,NA,2024
"Harare Kutsaga",2024-03-26,NA,21.7,NA,16,2024
"Harare Kutsaga",2024-03-27,0,23.7,NA,NA,2024
"Harare Kutsaga",2024-04-02,NA,16.5,NA,NA,2024
"Harare Kutsaga",2024-04-03,NA,22.1,NA,15,2024
"Harare Kutsaga",2024-04-04,NA,23.3,29,15.1,2024
"Harare Kutsaga",2024-04-05,NA,24.4,30.5,16.7,2024
"Harare Kutsaga",2024-04-06,NA,23.9,NA,17.7,2024
"Harare Kutsaga",2024-04-07,NA,21.2,NA,NA,2024
"Harare Kutsaga",2024-04-08,NA,22.4,27.7,NA,2024
"Harare Kutsaga",2024-04-09,NA,22.6,28.7,16.1,2024
"Harare Kutsaga",2024-04-10,NA,22.6,NA,16.5,2024
"Harare Kutsaga",2024-04-11,NA,18.5,NA,NA,2024
"Harare Kutsaga",2024-04-12,0,17.6,21.5,14,2024
"Harare Kutsaga",2024-04-13,NA,16.7,20.7,13.2,2024
"Harare Kutsaga",2024-04-14,NA,17.3,21.3,14.8,2024
"Harare Kutsaga",2024-04-15,0.3,19.3,24.5,13.3,2024
"Harare Kutsaga",2024-04-16,0,18.6,24.5,NA,2024
"Harare Kutsaga",2024-04-17,NA,20.1,26.7,11.7,2024
"Harare Kutsaga",2024-04-18,NA,19.3,28.1,12.1,2024
"Harare Kutsaga",2024-04-19,0,20.4,NA,13.8,2024
"Harare Kutsaga",2024-04-20,NA,21.6,NA,13,2024
"Harare Kutsaga",2024-04-21,NA,21.3,NA,NA,2024
"Harare Kutsaga",2024-04-22,NA,22.4,30.8,9.2,2024
"Harare Kutsaga",2024-04-23,NA,20.8,31.7,9.1,2024
"Harare Kutsaga",2024-04-24,NA,20.6,30.4,8.7,2024
"Harare Kutsaga",2024-04-25,NA,21,30,11.4,2024
"Harare Kutsaga",2024-04-26,NA,20.1,NA,NA,2024
"Harare Kutsaga",2024-04-27,NA,17.9,23.4,12,2024
"Harare Kutsaga",2024-04-28,0,15.6,20.2,NA,2024
"Harare Kutsaga",2024-04-29,NA,16.1,NA,8.8,2024
"Harare Kutsaga",2024-04-30,NA,19.8,25.9,NA,2024
"Harare Kutsaga",2024-05-02,NA,19.3,NA,10.9,2024
"Harare Kutsaga",2024-05-03,NA,19,NA,8.3,2024
"Harare Kutsaga",2024-05-04,NA,18,NA,9.4,2024
"Harare Kutsaga",2024-05-05,NA,20.1,NA,NA,2024
"Harare Kutsaga",2024-05-06,NA,20.9,NA,11.4,2024
"Harare Kutsaga",2024-05-07,NA,22.3,NA,11.9,2024
"Harare Kutsaga",2024-05-08,NA,20.6,NA,9.3,2024
"Harare Kutsaga",2024-05-09,NA,18.5,26,9.2,2024
"Harare Kutsaga",2024-05-10,NA,19.4,27,11.5,2024
"Harare Kutsaga",2024-05-11,NA,19.4,NA,11,2024
"Harare Kutsaga",2024-05-12,NA,20.6,NA,NA,2024
"Harare Kutsaga",2024-05-13,NA,17.9,25,10.5,2024
"Harare Kutsaga",2024-05-14,NA,16.8,NA,NA,2024
"Harare Kutsaga",2024-05-15,NA,17.5,23,11,2024
"Harare Kutsaga",2024-05-16,NA,16.9,23.2,8.5,2024
"Harare Kutsaga",2024-05-17,NA,17.1,24.3,9.7,2024
"Harare Kutsaga",2024-05-18,NA,16.7,26,7.1,2024
"Harare Kutsaga",2024-05-19,NA,17.3,NA,9.8,2024
"Harare Kutsaga",2024-05-20,NA,16.5,23,9.4,2024
"Harare Kutsaga",2024-05-21,NA,15.3,NA,NA,2024
"Harare Kutsaga",2024-05-22,NA,17.9,NA,8,2024
"Harare Kutsaga",2024-05-23,NA,18.1,24.1,11.8,2024
"Harare Kutsaga",2024-05-24,0,17.4,NA,10.6,2024
"Harare Kutsaga",2024-05-25,NA,16.9,24.6,NA,2024
"Harare Kutsaga",2024-05-26,NA,16.5,NA,6.7,2024
"Harare Kutsaga",2024-05-27,NA,14.9,NA,6.9,2024
"Harare Kutsaga",2024-05-28,NA,15.3,NA,6.8,2024
"Harare Kutsaga",2024-05-29,NA,15.7,22.6,6.1,2024
"Harare Kutsaga",2024-05-30,NA,15.7,NA,9.2,2024
"Harare Kutsaga",2024-05-31,NA,16.8,NA,8.7,2024
"Harare Kutsaga",2024-06-01,NA,17.9,25,11.1,2024
"Harare Kutsaga",2024-06-02,NA,18.7,NA,12.2,2024
"Harare Kutsaga",2024-06-03,NA,20.5,NA,15.6,2024
"Harare Kutsaga",2024-06-04,NA,18.9,27.1,10.9,2024
"Harare Kutsaga",2024-06-05,NA,17.8,NA,8.5,2024
"Harare Kutsaga",2024-06-06,NA,20.3,27.1,NA,2024
"Harare Kutsaga",2024-06-07,NA,20.1,NA,12.5,2024
"Harare Kutsaga",2024-06-08,NA,14.7,19.4,10.5,2024
"Harare Kutsaga",2024-06-09,NA,12.8,NA,NA,2024
"Harare Kutsaga",2024-06-10,NA,11.9,NA,5.4,2024
"Harare Kutsaga",2024-06-11,NA,13.1,NA,5.8,2024
"Harare Kutsaga",2024-06-12,NA,13.8,NA,5.3,2024
"Harare Kutsaga",2024-06-13,NA,13.5,NA,4.7,2024
"Harare Kutsaga",2024-06-14,NA,14.4,20.4,1.5,2024
"Harare Kutsaga",2024-06-15,NA,13.6,NA,6.4,2024
"Harare Kutsaga",2024-06-16,NA,17.2,22,7.8,2024
"Harare Kutsaga",2024-06-17,NA,14.7,22.9,NA,2024
"Harare Kutsaga",2024-06-18,NA,14.9,NA,NA,2024
"Harare Kutsaga",2024-06-19,NA,13.9,22.3,3.9,2024
"Harare Kutsaga",2024-06-20,NA,14.3,NA,6,2024
"Harare Kutsaga",2024-06-21,NA,15.7,NA,NA,2024
"Harare Kutsaga",2024-06-22,NA,14,21.1,8.4,2024
"Harare Kutsaga",2024-06-23,NA,14.6,21.1,6.5,2024
"Harare Kutsaga",2024-06-24,NA,14.1,NA,NA,2024
"Harare Kutsaga",2024-06-25,NA,14.9,NA,9.6,2024
"Harare Kutsaga",2024-06-26,NA,13.5,16.2,9.8,2024
"Harare Kutsaga",2024-06-27,NA,14,NA,9.7,2024
"Harare Kutsaga",2024-06-28,NA,14.1,19.2,NA,2024
"Harare Kutsaga",2024-06-29,0,13.9,NA,9,2024
"Harare Kutsaga",2024-06-30,NA,14.6,21,NA,2024
"Harare Kutsaga",2024-07-01,NA,14.6,NA,NA,2024
"Harare Kutsaga",2024-07-02,NA,17.1,NA,7.6,2024
"Harare Kutsaga",2024-07-03,NA,14.3,NA,NA,2024
"Harare Kutsaga",2024-07-04,NA,17.3,25.1,5.4,2024
"Harare Kutsaga",2024-07-05,NA,15.3,24.7,5.5,2024
"Harare Kutsaga",2024-07-06,NA,16.4,NA,6.4,2024
"Harare Kutsaga",2024-07-07,NA,16.1,24.7,NA,2024
"Harare Kutsaga",2024-07-08,NA,15.7,NA,9.9,2024
"Harare Kutsaga",2024-07-09,NA,19.6,NA,9.2,2024
"Harare Kutsaga",2024-07-10,NA,16.8,NA,NA,2024
"Harare Kutsaga",2024-07-11,NA,17,26.2,6.8,2024
"Harare Kutsaga",2024-07-12,NA,15.9,NA,4.5,2024
"Harare Kutsaga",2024-07-13,NA,17.7,NA,9.3,2024
"Harare Kutsaga",2024-07-14,NA,19.6,26.2,9.4,2024
"Harare Kutsaga",2024-07-15,NA,17.2,27.2,6,2024
"Harare Kutsaga",2024-07-16,NA,16.8,26.2,7.8,2024
"Harare Kutsaga",2024-07-17,NA,17.7,27.6,8.2,2024
"Harare Kutsaga",2024-07-18,NA,15.2,NA,6.9,2024
"Harare Kutsaga",2024-07-19,NA,17.6,27.3,NA,2024
"Harare Kutsaga",2024-07-20,NA,20,27.3,5.6,2024
"Harare Kutsaga",2024-07-21,NA,17.7,NA,8.8,2024
"Harare Kutsaga",2024-07-22,NA,20.3,27.6,10.7,2024
"Harare Kutsaga",2024-07-23,NA,18.9,NA,10.6,2024
"Harare Kutsaga",2024-07-24,NA,17.2,26.9,NA,2024
"Harare Kutsaga",2024-07-25,NA,16.8,NA,5.9,2024
"Harare Kutsaga",2024-07-26,NA,19.6,NA,NA,2024
"Harare Kutsaga",2024-07-27,NA,21.1,NA,10.7,2024
"Harare Kutsaga",2024-07-28,NA,20.7,28,8.9,2024
"Harare Kutsaga",2024-07-29,NA,18.8,NA,7.6,2024
"Harare Kutsaga",2024-07-30,NA,17.6,27.1,9,2024
"Harare Kutsaga",2024-07-31,NA,19.3,NA,10.8,2024
"Harare Kutsaga",2024-08-01,NA,16.6,NA,NA,2024
"Harare Kutsaga",2024-08-02,NA,15.7,NA,8.4,2024
"Harare Kutsaga",2024-08-03,NA,20.2,29,7,2024
"Harare Kutsaga",2024-08-04,NA,19.4,28,9,2024
"Harare Kutsaga",2024-08-05,NA,19.8,30,NA,2024
"Harare Kutsaga",2024-08-06,NA,16.9,NA,9.2,2024
"Harare Kutsaga",2024-08-07,NA,20.6,NA,11.7,2024
"Harare Kutsaga",2024-08-08,NA,18.5,26.5,10.1,2024
"Harare Kutsaga",2024-08-09,NA,20.1,NA,10.7,2024
"Harare Kutsaga",2024-08-10,NA,18.9,27.3,NA,2024
"Harare Kutsaga",2024-08-11,NA,19.1,NA,11.1,2024
"Harare Kutsaga",2024-08-13,NA,17.2,NA,8,2024
"Harare Kutsaga",2024-08-14,NA,21.2,NA,8.8,2024
"Harare Kutsaga",2024-08-15,NA,21.1,NA,NA,2024
"Harare Kutsaga",2024-08-16,NA,19,NA,11.2,2024
"Harare Kutsaga",2024-08-17,NA,18.3,26.5,NA,2024
"Harare Kutsaga",2024-08-18,NA,17.8,NA,7.5,2024
"Harare Kutsaga",2024-08-19,NA,18.2,NA,6.7,2024
"Harare Kutsaga",2024-08-20,NA,18.3,NA,5.2,2024
"Harare Kutsaga",2024-08-21,NA,16.4,26.4,4.8,2024
"Harare Kutsaga",2024-08-22,NA,17.6,NA,4,2024
"Harare Kutsaga",2024-08-23,NA,17.9,23.9,8.3,2024
"Harare Kutsaga",2024-08-24,NA,12.8,NA,8.7,2024
"Harare Kutsaga",2024-08-25,NA,18.8,NA,7.5,2024
"Harare Kutsaga",2024-08-26,NA,19.1,NA,8.5,2024
"Harare Kutsaga",2024-08-27,NA,20.2,27.7,7.2,2024
"Harare Kutsaga",2024-08-28,NA,20.8,29.4,9.7,2024
"Harare Kutsaga",2024-08-29,NA,21.6,NA,13.2,2024
"Harare Kutsaga",2024-08-30,NA,20.3,NA,NA,2024
"Harare Kutsaga",2024-08-31,NA,14.4,17.4,NA,2024
"Harare Kutsaga",2024-09-01,NA,15.6,23.4,NA,2024
"Harare Kutsaga",2024-09-02,NA,16.1,24.8,6,2024
"Harare Kutsaga",2024-09-03,NA,15.1,23.5,6.3,2024
"Harare Kutsaga",2024-09-04,NA,15.2,23,6.6,2024
"Harare Kutsaga",2024-09-05,NA,16.8,25,8.5,2024
"Harare Kutsaga",2024-09-06,NA,18.7,NA,9.9,2024
"Harare Kutsaga",2024-09-07,NA,21.5,26.4,12.7,2024
"Harare Kutsaga",2024-09-08,NA,20.8,NA,13.9,2024
"Harare Kutsaga",2024-09-09,NA,23.1,29.2,NA,2024
"Harare Kutsaga",2024-09-10,NA,21.6,29.5,14.6,2024
"Harare Kutsaga",2024-09-11,NA,21,28.2,10.9,2024
"Harare Kutsaga",2024-09-12,NA,21.4,30,13.6,2024
"Harare Kutsaga",2024-09-13,NA,22,NA,14.9,2024
"Harare Kutsaga",2024-09-14,NA,26.3,NA,16.5,2024
"Harare Kutsaga",2024-09-15,NA,24.1,NA,19,2024
"Harare Kutsaga",2024-09-16,NA,24.7,31.1,15,2024
"Harare Kutsaga",2024-09-17,NA,23.6,29.6,14.7,2024
"Harare Kutsaga",2024-09-18,NA,22.1,NA,11.9,2024
"Harare Kutsaga",2024-09-19,NA,25.9,NA,15.2,2024
"Harare Kutsaga",2024-09-20,NA,22.6,31.9,NA,2024
"Harare Kutsaga",2024-09-21,NA,20.4,NA,12.7,2024
"Harare Kutsaga",2024-09-22,NA,16.3,24.7,11.4,2024
"Harare Kutsaga",2024-09-23,NA,18,26.6,11.3,2024
"Harare Kutsaga",2024-09-24,NA,19.7,26.4,12.2,2024
"Harare Kutsaga",2024-09-25,NA,21.5,30.7,9.6,2024
"Harare Kutsaga",2024-09-26,NA,23.2,33,10.5,2024
"Harare Kutsaga",2024-09-27,NA,25.6,35,15,2024
"Harare Kutsaga",2024-09-28,NA,25.6,32.1,15.5,2024
"Harare Kutsaga",2024-09-29,NA,26.3,NA,NA,2024
"Harare Kutsaga",2024-09-30,NA,26.4,NA,17.1,2024
"Harare Kutsaga",2024-10-01,NA,22.9,NA,NA,2024
"Harare Kutsaga",2024-10-02,NA,17.8,24.9,NA,2024
"Harare Kutsaga",2024-10-03,NA,15.3,21.4,11.4,2024
"Harare Kutsaga",2024-10-04,NA,16.3,22.2,9.9,2024
"Harare Kutsaga",2024-10-05,NA,15.4,22.4,NA,2024
"Harare Kutsaga",2024-10-06,NA,16.9,NA,6.3,2024
"Harare Kutsaga",2024-10-07,NA,18.3,27.8,6.4,2024
"Harare Kutsaga",2024-10-08,NA,20.5,29.2,11.1,2024
"Harare Kutsaga",2024-10-09,NA,20.2,28.2,10.2,2024
"Harare Kutsaga",2024-10-10,NA,19.8,NA,10.5,2024
"Harare Kutsaga",2024-10-11,NA,20.7,NA,11,2024
"Harare Kutsaga",2024-10-12,NA,22.1,27.8,13.2,2024
"Harare Kutsaga",2024-10-13,NA,23.5,NA,14.6,2024
"Harare Kutsaga",2024-10-14,NA,26.1,31.6,16.6,2024
"Harare Kutsaga",2024-10-15,0,20.7,NA,NA,2024
"Harare Kutsaga",2024-10-16,0,16.3,20.7,NA,2024
"Harare Kutsaga",2024-10-17,NA,17.3,23.1,10.5,2024
"Harare Kutsaga",2024-10-18,NA,19.2,NA,11.8,2024
"Harare Kutsaga",2024-10-19,NA,25.9,32,13.8,2024
"Harare Kutsaga",2024-10-20,NA,24.8,33.2,NA,2024
"Harare Kutsaga",2024-10-21,NA,23.2,30.6,13.8,2024
"Harare Kutsaga",2024-10-22,NA,23,NA,16.4,2024
"Harare Kutsaga",2024-10-23,NA,26.2,NA,NA,2024
"Harare Kutsaga",2024-10-24,NA,25.3,30.7,18.7,2024
"Harare Kutsaga",2024-10-25,NA,24.4,31,19,2024
"Harare Kutsaga",2024-10-26,0,23.4,31.8,NA,2024
"Harare Kutsaga",2024-10-27,0,25.3,29.1,19.7,2024
"Harare Kutsaga",2024-10-28,0,24.3,27.4,20.9,2024
"Harare Kutsaga",2024-10-29,NA,22.2,25.3,NA,2024
"Harare Kutsaga",2024-10-30,NA,24.3,NA,17.5,2024
"Harare Kutsaga",2024-10-31,NA,20,NA,NA,2024
"Harare Kutsaga",2024-11-01,0,20.1,26.8,NA,2024
"Harare Kutsaga",2024-11-02,NA,22.1,29.6,15,2024
"Harare Kutsaga",2024-11-03,0,23.9,31,15.8,2024
"Harare Kutsaga",2024-11-04,NA,25.7,NA,17.3,2024
"Harare Kutsaga",2024-11-05,NA,26.9,33,19.9,2024
"Harare Kutsaga",2024-11-06,0,21.5,NA,15.8,2024
"Harare Kutsaga",2024-11-07,0,22.6,29.5,16,2024
"Harare Kutsaga",2024-11-08,NA,23.7,29.3,16.4,2024
"Harare Kutsaga",2024-11-09,NA,24.1,NA,16,2024
"Harare Kutsaga",2024-11-10,NA,24.2,NA,NA,2024
"Harare Kutsaga",2024-11-11,NA,26.9,32.7,20.2,2024
"Harare Kutsaga",2024-11-12,NA,18.9,23.8,15.8,2024
"Harare Kutsaga",2024-11-13,NA,20.7,NA,NA,2024
"Harare Kutsaga",2024-11-14,3,19.5,22.5,16.5,2024
"Harare Kutsaga",2024-11-15,0,19.9,23.4,16.2,2024
"Harare Kutsaga",2024-11-16,NA,21.8,26.5,14.2,2024
"Harare Kutsaga",2024-11-17,NA,20.6,28.2,17.6,2024
"Harare Kutsaga",2024-11-22,NA,25.4,31.1,17.7,2024
"Harare Kutsaga",2024-11-23,NA,23.8,30.1,18.3,2024
"Harare Kutsaga",2024-11-24,NA,20.6,27.3,17.6,2024
"Harare Kutsaga",2024-11-25,13,23.2,NA,NA,2024
"Harare Kutsaga",2024-11-26,4.1,23.3,NA,15.8,2024
"Harare Kutsaga",2024-11-27,32,22.7,28.2,16.6,2024
"Harare Kutsaga",2024-11-28,0,22.5,NA,NA,2024
"Harare Kutsaga",2024-11-29,8.9,20.2,NA,NA,2024
"Harare Kutsaga",2024-11-30,0,20.3,NA,NA,2024
"Harare Kutsaga",2024-12-02,NA,23.4,29.4,NA,2024
"Harare Kutsaga",2024-12-03,NA,23.3,NA,13,2024
"Harare Kutsaga",2024-12-04,NA,24.9,NA,15.5,2024
"Harare Kutsaga",2024-12-05,NA,25.5,NA,16.7,2024
"Harare Kutsaga",2024-12-06,NA,28.4,NA,18,2024
"Harare Kutsaga",2024-12-07,NA,27.2,33.9,NA,2024
"Harare Kutsaga",2024-12-08,NA,23.4,31.2,17.8,2024
"Harare Kutsaga",2024-12-09,2,22.8,NA,17.8,2024
"Harare Kutsaga",2024-12-11,NA,26.7,32.5,15.4,2024
"Harare Kutsaga",2024-12-12,NA,23.8,NA,13.9,2024
"Harare Kutsaga",2024-12-13,NA,25.9,34,19,2024
"Harare Kutsaga",2024-12-14,18,25.6,NA,18.4,2024
"Harare Kutsaga",2024-12-15,3,24.3,NA,17,2024
"Harare Kutsaga",2024-12-16,0,22.1,29.2,NA,2024
"Chipinge",2014-01-01,39.9,19.1,NA,18.1,2014
"Chipinge",2014-01-02,17,19.4,NA,16.6,2014
"Chipinge",2014-01-03,7.1,22.8,NA,18,2014
"Chipinge",2014-01-06,31,24.6,NA,18.5,2014
"Chipinge",2014-01-07,6.1,18.3,NA,17.8,2014
"Chipinge",2014-01-08,7.1,21.7,NA,17.4,2014
"Chipinge",2014-01-09,4.1,21.5,NA,17.9,2014
"Chipinge",2014-01-10,0,25,NA,18.4,2014
"Chipinge",2014-01-11,NA,24.7,NA,19.5,2014
"Chipinge",2014-01-12,0,21.7,NA,18.2,2014
"Chipinge",2014-01-13,2,23.3,NA,18.1,2014
"Chipinge",2014-01-15,11.9,20.2,NA,16,2014
"Chipinge",2014-01-16,0,22,NA,15.1,2014
"Chipinge",2014-01-17,NA,21.6,NA,15.6,2014
"Chipinge",2014-01-18,NA,22.4,NA,16.5,2014
"Chipinge",2014-01-19,2,22.9,NA,17,2014
"Chipinge",2014-01-20,0,21.3,NA,15.6,2014
"Chipinge",2014-01-21,NA,22.4,NA,16.9,2014
"Chipinge",2014-01-22,30,20.4,NA,18.9,2014
"Chipinge",2014-01-23,26.9,22.3,NA,17.7,2014
"Chipinge",2014-01-26,40.9,19.7,NA,18.5,2014
"Chipinge",2014-01-29,0.3,22.3,NA,19,2014
"Chipinge",2014-01-30,0.3,22.9,NA,18.7,2014
"Chipinge",2014-01-31,0,23.7,NA,NA,2014
"Chipinge",2014-02-01,29,23.6,NA,19.5,2014
"Chipinge",2014-02-02,7.1,24.1,NA,19,2014
"Chipinge",2014-02-04,27.9,20.3,NA,17.8,2014
"Chipinge",2014-02-05,1,22.7,NA,17.7,2014
"Chipinge",2014-02-07,4.1,22.9,NA,17.5,2014
"Chipinge",2014-02-08,9.9,21.3,NA,17.8,2014
"Chipinge",2014-02-09,22.1,21.6,NA,18.1,2014
"Chipinge",2014-02-10,0,22.7,NA,18,2014
"Chipinge",2014-02-11,NA,21.6,NA,17.4,2014
"Chipinge",2014-02-13,NA,22.2,NA,16.2,2014
"Chipinge",2014-02-14,13,20.2,NA,18.4,2014
"Chipinge",2014-02-15,0.5,20.1,NA,16.8,2014
"Chipinge",2014-02-16,0,19.3,NA,NA,2014
"Chipinge",2014-02-17,36.1,19.8,NA,16.7,2014
"Chipinge",2014-02-18,0.3,21.3,NA,16.4,2014
"Chipinge",2014-02-19,0,21.9,NA,17.4,2014
"Chipinge",2014-02-20,0,24.3,NA,16,2014
"Chipinge",2014-02-21,NA,26,NA,19.6,2014
"Chipinge",2014-02-22,0,22.6,NA,18.8,2014
"Chipinge",2014-02-23,11.9,20.1,NA,18.8,2014
"Chipinge",2014-02-25,3,22.4,NA,18,2014
"Chipinge",2014-02-27,7.9,19.3,NA,17.4,2014
"Chipinge",2014-02-28,6.1,22.6,NA,16.1,2014
"Chipinge",2014-03-01,0,23.7,NA,NA,2014
"Chipinge",2014-03-04,22.1,22.1,NA,18.1,2014
"Chipinge",2014-03-05,5.1,25,NA,18.9,2014
"Chipinge",2014-03-06,0,23.4,NA,18,2014
"Chipinge",2014-03-07,NA,22.9,NA,18.2,2014
"Chipinge",2014-03-08,7.9,22.1,NA,18.2,2014
"Chipinge",2014-03-09,37.1,22.3,NA,18.2,2014
"Chipinge",2014-03-10,13,23.9,NA,19,2014
"Chipinge",2014-03-11,0,22.8,NA,18.2,2014
"Chipinge",2014-03-12,27.9,25.7,NA,18.9,2014
"Chipinge",2014-03-14,16,17.2,NA,15.4,2014
"Chipinge",2014-03-17,NA,23.3,NA,15.4,2014
"Chipinge",2014-03-18,NA,22.3,NA,15.6,2014
"Chipinge",2014-03-19,NA,23.4,NA,15.3,2014
"Chipinge",2014-03-20,NA,24.8,NA,18.1,2014
"Chipinge",2014-03-21,0,20.7,NA,18.8,2014
"Chipinge",2014-03-22,NA,19.9,NA,15.9,2014
"Chipinge",2014-03-23,NA,21.5,NA,16,2014
"Chipinge",2014-03-24,NA,21.9,NA,18.2,2014
"Chipinge",2014-03-26,0.3,21.4,NA,15.4,2014
"Chipinge",2014-03-27,0,21.7,NA,15.5,2014
"Chipinge",2014-03-29,1,18.8,NA,16.2,2014
"Chipinge",2014-03-30,0,20.7,NA,14.8,2014
"Chipinge",2014-03-31,0,21,NA,16.4,2014
"Chipinge",2014-04-01,NA,20.7,NA,15,2014
"Chipinge",2014-04-02,NA,24,NA,16.2,2014
"Chipinge",2014-04-03,NA,24.9,NA,17.1,2014
"Chipinge",2014-04-04,NA,23.3,NA,16.9,2014
"Chipinge",2014-04-05,8.9,19.6,NA,17.7,2014
"Chipinge",2014-04-06,40.9,16.3,NA,15,2014
"Chipinge",2014-04-10,6.1,16.6,NA,14.4,2014
"Chipinge",2014-04-12,1,17.5,NA,14.9,2014
"Chipinge",2014-04-13,3,16.7,NA,14.5,2014
"Chipinge",2014-04-14,3,17.8,NA,13.6,2014
"Chipinge",2014-04-17,4.1,15.1,NA,13,2014
"Chipinge",2014-04-19,NA,19.5,NA,13.2,2014
"Chipinge",2014-04-24,NA,25.5,NA,17.8,2014
"Chipinge",2014-04-25,NA,21.7,NA,17.9,2014
"Chipinge",2014-04-26,37.1,19,NA,17.1,2014
"Chipinge",2014-04-28,2,15.7,NA,13.4,2014
"Chipinge",2014-04-29,0,17.2,NA,10.7,2014
"Chipinge",2014-04-30,NA,20.3,NA,13.5,2014
"Chipinge",2014-05-02,NA,19.3,NA,12.6,2014
"Chipinge",2014-05-03,NA,20.1,NA,12.4,2014
"Chipinge",2014-05-04,NA,20.4,NA,11.6,2014
"Chipinge",2014-05-07,7.9,16,NA,13,2014
"Chipinge",2014-05-08,0,19.2,NA,11.8,2014
"Chipinge",2014-05-09,NA,21.6,NA,13.5,2014
"Chipinge",2014-05-10,NA,23,NA,15,2014
"Chipinge",2014-05-11,NA,22.9,NA,16,2014
"Chipinge",2014-05-12,NA,22.9,NA,14.6,2014
"Chipinge",2014-05-13,NA,21.8,NA,15.3,2014
"Chipinge",2014-05-15,NA,18.6,NA,10.9,2014
"Chipinge",2014-05-16,NA,21.1,NA,13.4,2014
"Chipinge",2014-05-17,NA,22.2,NA,13.9,2014
"Chipinge",2014-05-18,1,15.3,NA,12.9,2014
"Chipinge",2014-05-21,NA,21.5,NA,12.8,2014
"Chipinge",2014-05-22,0,15.3,NA,12.6,2014
"Chipinge",2014-05-24,0.3,16.7,NA,10.2,2014
"Chipinge",2014-05-25,0,19.1,NA,11,2014
"Chipinge",2014-05-28,NA,19.8,NA,11,2014
"Chipinge",2014-05-30,NA,21.4,NA,12.6,2014
"Chipinge",2014-05-31,NA,20.4,NA,16.7,2014
"Chipinge",2014-06-03,NA,23.6,NA,15.8,2014
"Chipinge",2014-06-04,NA,23.3,NA,13.5,2014
"Chipinge",2014-06-05,NA,26,NA,15.7,2014
"Chipinge",2014-06-08,NA,14.5,NA,8.1,2014
"Chipinge",2014-06-11,0.5,13.9,NA,9.6,2014
"Chipinge",2014-06-13,NA,18,NA,8.6,2014
"Chipinge",2014-06-14,NA,19.7,NA,9.5,2014
"Chipinge",2014-06-17,NA,16.8,NA,12.5,2014
"Chipinge",2014-06-18,NA,18.9,NA,11,2014
"Chipinge",2014-06-19,NA,20.5,NA,10.7,2014
"Chipinge",2014-06-22,0.3,15,NA,8.7,2014
"Chipinge",2014-06-23,0,18.1,NA,8.7,2014
"Chipinge",2014-07-07,NA,22.2,NA,14,2014
"Chipinge",2014-07-08,0,15.3,NA,11.8,2014
"Chipinge",2014-07-10,NA,12.1,NA,7,2014
"Chipinge",2014-07-14,NA,17.8,NA,10.4,2014
"Chipinge",2014-07-18,NA,22.1,NA,12.9,2014
"Chipinge",2014-07-20,NA,14.8,NA,10.6,2014
"Chipinge",2014-07-22,NA,17,NA,8.8,2014
"Chipinge",2014-07-23,NA,17.2,NA,8.1,2014
"Chipinge",2014-07-24,NA,18.7,NA,9.5,2014
"Chipinge",2014-07-25,NA,20.3,NA,10.4,2014
"Chipinge",2014-07-26,NA,23.3,NA,11.9,2014
"Chipinge",2014-07-29,30,13.9,NA,10.9,2014
"Chipinge",2014-08-01,NA,20.9,NA,11.2,2014
"Chipinge",2014-08-02,NA,18.8,NA,10.3,2014
"Chipinge",2014-08-04,NA,17.3,NA,10.1,2014
"Chipinge",2014-08-09,NA,17.6,NA,10.7,2014
"Chipinge",2014-08-11,0,15.9,NA,11,2014
"Chipinge",2014-08-12,0,17.1,NA,10.4,2014
"Chipinge",2014-08-14,0,20.3,NA,12.1,2014
"Chipinge",2014-08-15,0,19.2,NA,11.8,2014
"Chipinge",2014-08-17,0.3,15.2,NA,12.1,2014
"Chipinge",2014-08-19,NA,22.6,NA,12.8,2014
"Chipinge",2014-08-21,NA,25.1,NA,13.8,2014
"Chipinge",2014-08-22,NA,28,NA,16.4,2014
"Chipinge",2014-08-24,0,22.2,NA,10.7,2014
"Chipinge",2014-08-25,NA,17.6,NA,10.3,2014
"Chipinge",2014-08-26,NA,18.1,NA,9.4,2014
"Chipinge",2014-08-28,NA,24.7,NA,9.6,2014
"Chipinge",2014-08-29,NA,25.5,NA,16.6,2014
"Chipinge",2014-08-31,NA,18.6,NA,6.6,2014
"Chipinge",2014-09-01,NA,14.9,NA,7.6,2014
"Chipinge",2014-09-02,NA,15,NA,8.1,2014
"Chipinge",2014-09-03,7.1,13.9,NA,9.6,2014
"Chipinge",2014-09-04,0.5,16.7,NA,10.1,2014
"Chipinge",2014-09-07,NA,20.1,25.2,12.9,2014
"Chipinge",2014-09-08,NA,21.1,25.6,13.2,2014
"Chipinge",2014-09-09,NA,20.1,NA,13.5,2014
"Chipinge",2014-09-10,NA,21.7,28,13.2,2014
"Chipinge",2014-09-11,NA,21.9,26.8,14.3,2014
"Chipinge",2014-09-12,NA,23.1,29,13.3,2014
"Chipinge",2014-09-13,NA,20.6,26,15.3,2014
"Chipinge",2014-09-14,NA,21.4,27.6,12.5,2014
"Chipinge",2014-09-15,NA,22.9,29.9,13.4,2014
"Chipinge",2014-09-16,NA,23.2,29.4,14.2,2014
"Chipinge",2014-09-17,NA,23.7,30.7,14.2,2014
"Chipinge",2014-09-18,NA,24.8,31.5,NA,2014
"Chipinge",2014-09-19,NA,28.4,34.3,16.6,2014
"Chipinge",2014-09-20,0,17.3,NA,14.9,2014
"Chipinge",2014-09-22,1,16.4,19.6,13.7,2014
"Chipinge",2014-09-23,0.3,17.3,23.7,10.8,2014
"Chipinge",2014-09-24,0,18.8,24.1,9.2,2014
"Chipinge",2014-09-25,NA,20.2,26,11,2014
"Chipinge",2014-09-26,NA,20.7,26,12.4,2014
"Chipinge",2014-09-27,NA,23.9,29.7,14.6,2014
"Chipinge",2014-09-28,NA,24.5,NA,17.6,2014
"Chipinge",2014-09-29,0,23,NA,16.8,2014
"Chipinge",2014-09-30,NA,27.8,31.6,NA,2014
"Chipinge",2014-10-01,NA,26.9,NA,20,2014
"Chipinge",2014-10-03,NA,18,22.7,13.2,2014
"Chipinge",2014-10-04,7.9,12.7,15.5,NA,2014
"Chipinge",2014-10-05,2,16.1,NA,10.9,2014
"Chipinge",2014-10-06,0,16.9,22.4,8.6,2014
"Chipinge",2014-10-07,NA,17.9,28.5,9.6,2014
"Chipinge",2014-10-09,NA,29.2,NA,NA,2014
"Chipinge",2014-10-10,0,25.2,29.8,19.4,2014
"Chipinge",2014-10-11,0.3,20.4,32,18.2,2014
"Chipinge",2014-10-12,0,22.3,29.4,15.5,2014
"Chipinge",2014-10-13,NA,28.2,32.5,16.5,2014
"Chipinge",2014-10-14,0,19.6,24.7,15.5,2014
"Chipinge",2014-10-15,0,21.4,28,15.4,2014
"Chipinge",2014-10-16,0,18.9,25,15.4,2014
"Chipinge",2014-10-17,0,21.9,28.2,NA,2014
"Chipinge",2014-10-18,NA,20.5,NA,9.6,2014
"Chipinge",2014-10-19,NA,23.5,29.5,11.7,2014
"Chipinge",2014-10-20,NA,21.9,28.5,12.7,2014
"Chipinge",2014-10-21,NA,19.2,25.5,11,2014
"Chipinge",2014-10-22,NA,19.9,24.6,NA,2014
"Chipinge",2014-10-23,NA,19.7,26.5,12,2014
"Chipinge",2014-10-24,NA,24.5,30.5,14.5,2014
"Chipinge",2014-10-25,NA,20.8,27,14.1,2014
"Chipinge",2014-10-26,0.3,17.8,22,13.5,2014
"Chipinge",2014-10-27,0,18.7,NA,NA,2014
"Chipinge",2014-10-28,NA,19.8,24,13,2014
"Chipinge",2014-10-29,NA,19.6,NA,12.1,2014
"Chipinge",2014-10-30,NA,23.9,NA,12.3,2014
"Chipinge",2014-10-31,NA,24.2,30.6,15.6,2014
"Chipinge",2014-11-02,NA,23.8,30,NA,2014
"Chipinge",2014-11-03,NA,22.2,NA,18.7,2014
"Chipinge",2014-11-04,0,23.9,29.8,16.6,2014
"Chipinge",2014-11-05,NA,27.3,32,17.8,2014
"Chipinge",2014-11-06,10.9,18.8,24,14.9,2014
"Chipinge",2014-11-07,0,19.9,NA,15.2,2014
"Chipinge",2014-11-08,NA,21.3,26.6,12.4,2014
"Chipinge",2014-11-09,NA,24.3,32.1,15.9,2014
"Chipinge",2014-11-10,NA,26.9,33.8,19.6,2014
"Chipinge",2014-11-11,NA,23.8,29.6,16.3,2014
"Chipinge",2014-11-12,NA,23.1,NA,15.4,2014
"Chipinge",2014-11-13,NA,27.5,34,NA,2014
"Chipinge",2014-11-14,NA,27.2,32.2,21.3,2014
"Chipinge",2014-11-15,NA,22.7,NA,18.7,2014
"Chipinge",2014-11-18,37.1,10.4,NA,9.5,2014
"Chipinge",2014-11-21,NA,27.2,30.5,NA,2014
"Chipinge",2014-11-22,NA,22.4,30.1,16,2014
"Chipinge",2014-11-23,NA,23.9,NA,14.7,2014
"Chipinge",2014-11-24,NA,23.8,31,NA,2014
"Chipinge",2014-11-25,NA,23.7,28.5,18.5,2014
"Chipinge",2014-11-26,0.3,20.4,25.6,15.8,2014
"Chipinge",2014-11-27,0.3,21,26.2,16,2014
"Chipinge",2014-11-28,0,28.8,32.5,NA,2014
"Chipinge",2014-11-29,0,21.2,26,18,2014
"Chipinge",2014-11-30,1,18.7,22.6,17,2014
"Chipinge",2014-12-01,0,18.5,22.1,15,2014
"Chipinge",2014-12-02,0,18.9,NA,13.6,2014
"Chipinge",2014-12-03,NA,24.1,27.5,NA,2014
"Chipinge",2014-12-04,NA,24.6,30.8,13.4,2014
"Chipinge",2014-12-05,NA,26.3,32.7,17.4,2014
"Chipinge",2014-12-06,NA,20.1,26.8,14.7,2014
"Chipinge",2014-12-07,NA,21.2,NA,16.2,2014
"Chipinge",2014-12-08,NA,21.9,26.9,16.5,2014
"Chipinge",2014-12-09,NA,21.6,27.4,15.4,2014
"Chipinge",2014-12-10,9.9,20.9,26.5,16.4,2014
"Chipinge",2014-12-11,39.9,21.1,27.4,17.7,2014
"Chipinge",2014-12-15,0.8,21.1,25.9,18.2,2014
"Chipinge",2014-12-17,0,20.4,25.4,NA,2014
"Chipinge",2014-12-20,6.1,22.6,25.9,19.1,2014
"Chipinge",2014-12-21,10.9,22.5,24.8,19.6,2014
"Chipinge",2014-12-23,0.8,21.2,24,18.6,2014
"Chipinge",2014-12-24,0.3,23.5,28.1,18.4,2014
"Chipinge",2014-12-25,7.1,24.4,28.5,20.2,2014
"Chipinge",2014-12-26,0,24.4,30.6,21.2,2014
"Chipinge",2014-12-27,3,22,27.1,19,2014
"Chipinge",2014-12-28,2,23.2,27.5,19.4,2014
"Chipinge",2014-12-29,7.9,21.9,26.9,18.9,2014
"Chipinge",2014-12-30,93,19.9,21.4,18.5,2014
"Chipinge",2014-12-31,14,18.8,NA,18,2014
"Chipinge",2015-01-01,11.9,19.4,21.7,17.1,2015
"Chipinge",2015-01-02,5.1,19.2,22.4,17.2,2015
"Chipinge",2015-01-03,2,20.7,24.2,17.8,2015
"Chipinge",2015-01-04,0,22.3,NA,18.6,2015
"Chipinge",2015-01-05,0,24.1,NA,18.2,2015
"Chipinge",2015-01-06,0,23.2,27.1,17.8,2015
"Chipinge",2015-01-07,NA,20.9,25.6,17.3,2015
"Chipinge",2015-01-08,17,21.6,24.9,18,2015
"Chipinge",2015-01-09,0,24.6,NA,17,2015
"Chipinge",2015-01-10,0,21.2,24,17,2015
"Chipinge",2015-01-11,NA,21.3,NA,17,2015
"Chipinge",2015-01-12,2,21,23.2,18,2015
"Chipinge",2015-01-13,13,22.5,26.5,19.1,2015
"Chipinge",2015-01-14,1,22.8,26.7,18.9,2015
"Chipinge",2015-01-15,21.1,23.8,NA,18.6,2015
"Chipinge",2015-01-16,0,24.2,27,16.4,2015
"Chipinge",2015-01-17,NA,23.2,28,18.7,2015
"Chipinge",2015-01-18,3,18.7,21.5,16,2015
"Chipinge",2015-01-19,0,20.2,NA,15.7,2015
"Chipinge",2015-01-20,0,19.1,22.1,15.4,2015
"Chipinge",2015-01-21,0,19.2,24.2,14.1,2015
"Chipinge",2015-01-22,0,21.3,25,14.7,2015
"Chipinge",2015-01-23,0.3,19.6,24.2,15.2,2015
"Chipinge",2015-01-24,0,20.1,25.8,13.6,2015
"Chipinge",2015-01-25,NA,23.2,28.9,15.4,2015
"Chipinge",2015-01-26,NA,23.8,29,NA,2015
"Chipinge",2015-01-27,NA,24.8,29.4,18.2,2015
"Chipinge",2015-01-28,NA,22.8,28.3,19,2015
"Chipinge",2015-01-29,0.3,22.3,NA,17.7,2015
"Chipinge",2015-01-30,3,21.4,NA,18.3,2015
"Chipinge",2015-01-31,24.9,21.8,26,17.6,2015
"Chipinge",2015-02-01,14,23,28.5,18.5,2015
"Chipinge",2015-02-02,8.9,23.3,28.7,19,2015
"Chipinge",2015-02-03,25.9,23.2,NA,18.5,2015
"Chipinge",2015-02-05,NA,26.7,29.7,19.9,2015
"Chipinge",2015-02-06,0,22.1,27.7,NA,2015
"Chipinge",2015-02-07,9.9,26,29.2,17.9,2015
"Chipinge",2015-02-08,0,23.4,27.8,19.1,2015
"Chipinge",2015-02-09,NA,24,27.7,17.5,2015
"Chipinge",2015-02-10,NA,22.8,28.7,17.6,2015
"Chipinge",2015-02-11,NA,23.7,28.5,16.4,2015
"Chipinge",2015-02-12,NA,21.2,27.2,16.3,2015
"Chipinge",2015-02-13,5.1,22.4,27.8,17.6,2015
"Chipinge",2015-02-14,0,24.3,29.8,18.4,2015
"Chipinge",2015-02-15,2,23.5,NA,18.9,2015
"Chipinge",2015-02-18,NA,17.1,NA,12.4,2015
"Chipinge",2015-02-19,NA,23.1,NA,14.8,2015
"Chipinge",2015-02-20,NA,21.9,NA,16.5,2015
"Chipinge",2015-02-21,NA,21.8,NA,16.7,2015
"Chipinge",2015-02-22,NA,22.8,NA,16.4,2015
"Chipinge",2015-02-23,10.9,19.9,NA,16.4,2015
"Chipinge",2015-02-24,0,19.7,NA,NA,2015
"Chipinge",2015-02-25,NA,20.8,NA,15,2015
"Chipinge",2015-02-26,NA,21.5,NA,15.7,2015
"Chipinge",2015-02-27,NA,22.8,NA,15.6,2015
"Chipinge",2015-02-28,NA,21.8,NA,16.5,2015
"Chipinge",2015-03-01,NA,21.7,NA,17.3,2015
"Chipinge",2015-03-02,2,21.5,NA,NA,2015
"Chipinge",2015-03-03,0,15.9,NA,13,2015
"Chipinge",2015-03-04,0.5,17.4,NA,13,2015
"Chipinge",2015-03-05,0,19.6,NA,12.8,2015
"Chipinge",2015-03-06,NA,18.8,NA,13.4,2015
"Chipinge",2015-03-07,3,19.8,NA,15.2,2015
"Chipinge",2015-03-08,0,21.7,NA,15.8,2015
"Chipinge",2015-03-09,4.1,20.3,NA,17.6,2015
"Chipinge",2015-03-10,0.5,20.7,NA,17.3,2015
"Chipinge",2015-03-11,4.1,20.7,NA,14.6,2015
"Chipinge",2015-03-12,0,20.6,25.5,15.1,2015
"Chipinge",2015-03-13,NA,20.7,27.1,14.2,2015
"Chipinge",2015-03-14,NA,20.4,26.7,15,2015
"Chipinge",2015-03-15,NA,20.2,26.6,14.4,2015
"Chipinge",2015-03-16,NA,22.1,28.2,15.8,2015
"Chipinge",2015-03-17,NA,22.9,29.9,17.6,2015
"Chipinge",2015-03-18,NA,22.2,28.1,16.2,2015
"Chipinge",2015-03-19,NA,23.7,30,16.4,2015
"Chipinge",2015-03-20,NA,24,29.7,18.4,2015
"Chipinge",2015-03-24,NA,20.4,NA,17.1,2015
"Chipinge",2015-03-27,NA,25.6,32.2,17.6,2015
"Chipinge",2015-03-28,0,21.6,27.5,18.9,2015
"Chipinge",2015-03-29,7.1,20.3,NA,17,2015
"Chipinge",2015-03-30,15,19.2,23.5,17.5,2015
"Chipinge",2015-03-31,0,19.6,23.1,NA,2015
"Chipinge",2015-04-01,1,18.9,22.7,16,2015
"Chipinge",2015-04-02,0,17.5,24.5,13.5,2015
"Chipinge",2015-04-03,NA,20.2,27,14.7,2015
"Chipinge",2015-04-04,NA,20.5,26.5,NA,2015
"Chipinge",2015-04-05,NA,22.7,28.8,16.6,2015
"Chipinge",2015-04-06,10.9,21.1,NA,17.3,2015
"Chipinge",2015-04-07,71.1,17.1,NA,NA,2015
"Chipinge",2015-04-08,3,16.9,NA,14,2015
"Chipinge",2015-04-09,0,16.6,19.5,14.4,2015
"Chipinge",2015-04-10,0.5,17,21.6,14.5,2015
"Chipinge",2015-04-12,0,19.5,24.9,NA,2015
"Chipinge",2015-04-13,NA,18.7,23,14,2015
"Chipinge",2015-04-14,NA,19.2,NA,15.4,2015
"Chipinge",2015-04-15,0,22.3,28.5,15.6,2015
"Chipinge",2015-04-16,NA,23.5,28.6,18.9,2015
"Chipinge",2015-04-17,NA,20.8,26.4,15.5,2015
"Chipinge",2015-04-18,3,15.8,17.5,NA,2015
"Chipinge",2015-04-19,21.1,17.4,21.2,14.2,2015
"Chipinge",2015-04-20,0,18.7,25.1,15.5,2015
"Chipinge",2015-04-21,NA,20.7,24.7,NA,2015
"Chipinge",2015-04-22,0.3,17.7,22.2,15.5,2015
"Chipinge",2015-04-23,0,18.1,NA,13.9,2015
"Chipinge",2015-04-24,0,17.7,22.9,13.5,2015
"Chipinge",2015-04-25,NA,17.9,23.4,13.5,2015
"Chipinge",2015-04-26,NA,19.4,24.8,14.1,2015
"Chipinge",2015-04-27,NA,21.2,NA,15.1,2015
"Chipinge",2015-04-28,NA,22.1,26.7,14.7,2015
"Chipinge",2015-04-29,NA,22.6,28.9,16.4,2015
"Chipinge",2015-04-30,NA,24.4,29.5,19.3,2015
"Chipinge",2015-05-01,NA,20.5,23.7,16,2015
"Chipinge",2015-05-02,NA,18.8,24.4,16.1,2015
"Chipinge",2015-05-03,NA,18.8,25.5,13.7,2015
"Chipinge",2015-05-04,NA,19.1,24.6,NA,2015
"Chipinge",2015-05-05,NA,18.6,24.9,14.1,2015
"Chipinge",2015-05-06,NA,20.9,27.9,14.5,2015
"Chipinge",2015-05-07,NA,17.7,23.9,13.2,2015
"Chipinge",2015-05-08,9.9,16.4,20.7,13.9,2015
"Chipinge",2015-05-09,0,16.4,22,11.5,2015
"Chipinge",2015-05-10,NA,17.6,24.5,12.2,2015
"Chipinge",2015-05-11,NA,18.1,23.6,13.5,2015
"Chipinge",2015-05-12,NA,17.7,23.1,12.4,2015
"Chipinge",2015-05-13,NA,18.7,NA,13.5,2015
"Chipinge",2015-05-14,NA,22.4,28.6,16.9,2015
"Chipinge",2015-05-15,NA,22.3,27.6,18,2015
"Chipinge",2015-05-16,NA,18.9,NA,12.4,2015
"Chipinge",2015-05-17,NA,18.1,23.1,12.4,2015
"Chipinge",2015-05-18,NA,15.2,NA,12.7,2015
"Chipinge",2015-05-19,NA,17.3,24.5,12.3,2015
"Chipinge",2015-05-20,NA,18,23.7,13.6,2015
"Chipinge",2015-05-21,NA,17.3,23.4,12.4,2015
"Chipinge",2015-05-22,NA,16.8,21.9,12.9,2015
"Chipinge",2015-05-23,2,16.4,21.5,13.5,2015
"Chipinge",2015-05-24,0,17.6,NA,12.3,2015
"Chipinge",2015-05-26,NA,20.8,NA,14,2015
"Chipinge",2015-05-27,NA,18.4,24.7,12.9,2015
"Chipinge",2015-05-28,NA,17.7,NA,11.5,2015
"Chipinge",2015-05-29,NA,18.6,25.2,12.1,2015
"Chipinge",2015-05-30,NA,18.6,NA,13.4,2015
"Chipinge",2015-05-31,NA,16.8,NA,11.1,2015
"Chipinge",2015-06-01,NA,17.4,24.7,10.5,2015
"Chipinge",2015-06-02,NA,17.6,23,12.4,2015
"Chipinge",2015-06-03,NA,18.3,25.1,11,2015
"Chipinge",2015-06-04,NA,21.9,NA,15,2015
"Chipinge",2015-06-05,NA,15.7,21,10.5,2015
"Chipinge",2015-06-06,NA,13.6,NA,7.7,2015
"Chipinge",2015-06-07,NA,14,NA,8.9,2015
"Chipinge",2015-06-08,NA,14.6,21.2,8.4,2015
"Chipinge",2015-06-09,NA,14.3,20.2,8.9,2015
"Chipinge",2015-06-10,NA,14.4,NA,10,2015
"Chipinge",2015-06-11,NA,14.5,21.3,9,2015
"Chipinge",2015-06-13,NA,14.4,19,10.8,2015
"Chipinge",2015-06-14,NA,14.5,22.5,9.9,2015
"Chipinge",2015-06-16,NA,17.9,25.5,12,2015
"Chipinge",2015-06-17,NA,19.2,25.5,13.5,2015
"Chipinge",2015-06-18,NA,14.6,19.6,9.1,2015
"Chipinge",2015-06-19,NA,14.2,19.9,9,2015
"Chipinge",2015-06-20,0.8,13.5,NA,11.6,2015
"Chipinge",2015-06-23,0,17.5,24,11.4,2015
"Chipinge",2015-06-24,NA,18.9,25.6,13,2015
"Chipinge",2015-06-25,NA,18.8,25.7,12.7,2015
"Chipinge",2015-06-26,NA,17.6,NA,13.2,2015
"Chipinge",2015-06-29,NA,17.3,23,12.1,2015
"Chipinge",2015-07-01,NA,17.2,20.4,NA,2015
"Chipinge",2015-07-04,NA,15.2,NA,9.5,2015
"Chipinge",2015-07-09,NA,17.2,NA,10.6,2015
"Chipinge",2015-07-10,NA,14.4,NA,9.6,2015
"Chipinge",2015-07-11,NA,14.9,26,9.5,2015
"Chipinge",2015-07-12,NA,16.7,25,9.9,2015
"Chipinge",2015-07-13,NA,19.9,27.2,12,2015
"Chipinge",2015-07-14,NA,16.6,21.2,11.1,2015
"Chipinge",2015-07-15,NA,15.7,22.1,10,2015
"Chipinge",2015-07-16,NA,18.4,23.9,8.8,2015
"Chipinge",2015-07-17,NA,19.4,28,12.1,2015
"Chipinge",2015-07-18,NA,21.8,28.1,15.5,2015
"Chipinge",2015-07-19,NA,18.1,25.6,13,2015
"Chipinge",2015-07-20,NA,17.9,NA,11.9,2015
"Chipinge",2015-07-21,NA,18.1,NA,12,2015
"Chipinge",2015-07-23,NA,18.1,22.6,10.6,2015
"Chipinge",2015-07-24,NA,19.1,26.5,13.1,2015
"Chipinge",2015-07-26,NA,17.4,21,NA,2015
"Chipinge",2015-07-28,NA,18.1,21.6,NA,2015
"Chipinge",2015-07-29,NA,17.8,26.6,8.4,2015
"Chipinge",2015-07-31,NA,23,26.9,NA,2015
"Chipinge",2015-08-01,NA,13.2,17.6,9.9,2015
"Chipinge",2015-08-02,NA,12.9,18.7,8.2,2015
"Chipinge",2015-08-03,NA,13.3,19.9,7.4,2015
"Chipinge",2015-08-04,NA,15.8,NA,9.7,2015
"Chipinge",2015-08-05,NA,21.2,25.4,NA,2015
"Chipinge",2015-08-06,0,14.6,20.1,10,2015
"Chipinge",2015-08-07,NA,14.4,20.6,8.2,2015
"Chipinge",2015-08-08,NA,16,22.1,9,2015
"Chipinge",2015-08-11,NA,17,22.9,10.1,2015
"Chipinge",2015-08-12,NA,15.9,24.5,10.6,2015
"Chipinge",2015-08-13,NA,20.9,28.7,12.2,2015
"Chipinge",2015-08-16,NA,18.4,24.8,10.9,2015
"Chipinge",2015-08-17,NA,20.7,25,13.6,2015
"Chipinge",2015-08-18,NA,18.4,NA,12.6,2015
"Chipinge",2015-08-19,NA,21.9,NA,14.5,2015
"Chipinge",2015-08-20,NA,19.3,25.6,14.8,2015
"Chipinge",2015-08-21,NA,19.2,25.8,11.7,2015
"Chipinge",2015-08-22,NA,16.3,26.5,12.5,2015
"Chipinge",2015-08-24,NA,16.9,22.2,13,2015
"Chipinge",2015-08-25,NA,18,24.6,10.6,2015
"Chipinge",2015-08-26,NA,18.3,24.8,12.6,2015
"Chipinge",2015-08-28,NA,19.7,27,12,2015
"Chipinge",2015-08-29,NA,22.8,29,14.5,2015
"Chipinge",2015-08-30,NA,20.8,NA,14,2015
"Chipinge",2015-09-01,NA,21.3,30.1,13.2,2015
"Chipinge",2015-09-02,NA,25.4,32.6,17.3,2015
"Chipinge",2015-09-03,NA,18.1,NA,13.5,2015
"Chipinge",2015-09-05,NA,14.1,NA,NA,2015
"Chipinge",2015-09-06,3,14.2,16.9,11.8,2015
"Chipinge",2015-09-07,1,15.8,NA,12.4,2015
"Chipinge",2015-09-09,NA,24.3,29.9,15.5,2015
"Chipinge",2015-09-10,NA,24.9,NA,NA,2015
"Chipinge",2015-09-11,NA,25.3,32.3,20,2015
"Chipinge",2015-09-12,4.1,14.6,17.2,13.2,2015
"Chipinge",2015-09-13,0.3,14.4,16.8,11.5,2015
"Chipinge",2015-09-14,0,14.3,19.4,10,2015
"Chipinge",2015-09-16,NA,23.4,27.3,12.6,2015
"Chipinge",2015-09-20,0,17.4,22,15.5,2015
"Chipinge",2015-09-21,NA,19.5,24.9,13.6,2015
"Chipinge",2015-09-22,NA,22,29.6,15.5,2015
"Chipinge",2015-09-23,NA,22.3,28,NA,2015
"Chipinge",2015-09-24,NA,21.8,28.2,15.4,2015
"Chipinge",2015-09-25,NA,18,24.2,12.4,2015
"Chipinge",2015-09-26,NA,23.4,26.4,NA,2015
"Chipinge",2015-09-27,NA,19.7,28,12.1,2015
"Chipinge",2015-09-28,NA,23.6,NA,14,2015
"Chipinge",2015-09-29,NA,25.2,NA,18.4,2015
"Chipinge",2015-10-03,NA,26.5,NA,18.2,2015
"Chipinge",2015-10-04,NA,23.3,30.2,16,2015
"Chipinge",2015-10-05,NA,23.1,NA,15.9,2015
"Chipinge",2015-10-06,NA,27.1,31,16.8,2015
"Chipinge",2015-10-07,NA,23.3,30.9,15.6,2015
"Chipinge",2015-10-08,NA,25.7,32.7,17.9,2015
"Chipinge",2015-10-09,NA,25.7,NA,18.6,2015
"Chipinge",2015-10-10,NA,26.4,31.6,18.1,2015
"Chipinge",2015-10-13,NA,24.3,33.2,16.3,2015
"Chipinge",2015-10-14,NA,25.2,32.2,17.6,2015
"Chipinge",2015-10-17,NA,22,NA,17.7,2015
"Chipinge",2015-10-19,NA,21.4,27,14.8,2015
"Chipinge",2015-10-24,NA,23,27.6,14.5,2015
"Chipinge",2015-10-28,NA,20.4,23.9,NA,2015
"Chipinge",2015-10-29,0,20.3,26.6,12.4,2015
"Chipinge",2015-11-04,5.1,15.5,19,11.4,2015
"Chipinge",2015-11-11,NA,28.7,34.1,16.1,2015
"Chipinge",2015-11-12,NA,28.5,34.6,NA,2015
"Chipinge",2015-11-13,NA,26.2,34.2,17.5,2015
"Chipinge",2015-11-14,NA,29.8,36.5,21.2,2015
"Chipinge",2015-11-15,NA,23.6,28,NA,2015
"Chipinge",2015-11-16,2,20.6,NA,16.5,2015
"Chipinge",2015-11-17,11.9,20.5,25,17,2015
"Chipinge",2015-11-20,NA,24.2,29.6,18.3,2015
"Chipinge",2015-11-22,NA,20.5,21.6,NA,2015
"Chipinge",2015-11-24,NA,22.7,25.2,NA,2015
"Chipinge",2015-11-25,NA,22.3,28.4,13.4,2015
"Chipinge",2015-11-26,NA,28.2,33.6,NA,2015
"Chipinge",2015-11-28,1,20.8,26,16.4,2015
"Chipinge",2015-11-29,5.1,18.9,23.5,16.6,2015
"Chipinge",2015-11-30,2,21.3,25.6,17,2015
"Chipinge",2015-12-03,NA,29.1,32.6,19.1,2015
"Chipinge",2015-12-04,NA,27.4,NA,NA,2015
"Chipinge",2015-12-05,NA,27.7,33,NA,2015
"Chipinge",2015-12-07,NA,28.3,31.5,NA,2015
"Chipinge",2015-12-08,NA,25.3,31.8,17.5,2015
"Chipinge",2015-12-19,1,22.2,26.3,17.6,2015
"Chipinge",2015-12-20,0,24.6,29.2,NA,2015
"Chipinge",2015-12-21,NA,23.9,31,18.7,2015
"Chipinge",2015-12-26,0,23.7,29.2,18.8,2015
"Chipinge",2015-12-27,10.9,20.5,24.2,18.3,2015
"Chipinge",2015-12-29,0,24.1,26.8,17.6,2015
"Chipinge",2015-12-30,3,20.9,NA,17,2015
"Chipinge",2015-12-31,3,21.7,26,17.6,2015
"Chipinge",2016-01-01,NA,24.2,NA,17.5,2016
"Chipinge",2016-01-02,NA,24.4,29,17.4,2016
"Chipinge",2016-01-04,NA,23.5,26.6,NA,2016
"Chipinge",2016-01-05,NA,24.1,26.6,16.2,2016
"Chipinge",2016-01-06,NA,25,NA,16,2016
"Chipinge",2016-01-07,NA,28.1,NA,16.1,2016
"Chipinge",2016-01-11,NA,24.3,27.7,18,2016
"Chipinge",2016-01-12,NA,22.7,26.8,18.4,2016
"Chipinge",2016-01-13,0,22.4,NA,17.9,2016
"Chipinge",2016-01-17,5.1,17.5,19.8,15.5,2016
"Chipinge",2016-01-18,3,18.4,NA,14.8,2016
"Chipinge",2016-01-20,NA,23.9,26,NA,2016
"Chipinge",2016-01-21,NA,22.5,NA,15.1,2016
"Chipinge",2016-01-23,NA,23.9,29,16,2016
"Chipinge",2016-01-24,NA,25.3,31.6,17.4,2016
"Chipinge",2016-01-25,NA,29.5,NA,20.6,2016
"Chipinge",2016-01-26,19.1,20.8,NA,19.4,2016
"Chipinge",2016-01-27,61,21.6,25,18.5,2016
"Chipinge",2016-01-29,0.8,22.6,26,18.8,2016
"Chipinge",2016-01-31,30,21.6,24.5,17.7,2016
"Chipinge",2016-02-01,10.9,20.2,24.4,NA,2016
"Chipinge",2016-02-02,0,22.4,NA,16,2016
"Chipinge",2016-02-05,0,21.9,26.9,16.7,2016
"Chipinge",2016-02-06,6.1,20.6,26,17.4,2016
"Chipinge",2016-02-07,0,24.2,NA,17,2016
"Chipinge",2016-02-08,0,23.8,NA,18.9,2016
"Chipinge",2016-02-09,0,22.2,26.5,17.2,2016
"Chipinge",2016-02-10,NA,21.9,28,16,2016
"Chipinge",2016-02-11,NA,23.3,28,18.5,2016
"Chipinge",2016-02-12,NA,23.9,29.6,NA,2016
"Chipinge",2016-02-13,NA,22.5,28.2,18,2016
"Chipinge",2016-02-14,NA,23.7,28.6,15.6,2016
"Chipinge",2016-02-15,NA,20.7,NA,15.4,2016
"Chipinge",2016-02-16,NA,23.6,29.5,16.9,2016
"Chipinge",2016-02-17,NA,23.9,28.4,16.7,2016
"Chipinge",2016-02-18,NA,21.7,24.5,NA,2016
"Chipinge",2016-02-19,0,22.9,NA,17.1,2016
"Chipinge",2016-02-20,0,28.4,35.6,19.4,2016
"Chipinge",2016-02-21,NA,29.1,35,22.4,2016
"Chipinge",2016-02-22,0.3,24.8,31.5,21,2016
"Chipinge",2016-02-23,0,26.1,29.2,20.2,2016
"Chipinge",2016-02-24,3,23.5,29.2,19.6,2016
"Chipinge",2016-02-27,NA,24.2,30.5,19.6,2016
"Chipinge",2016-02-28,24.9,19.4,22,16.4,2016
"Chipinge",2016-02-29,2,20.2,NA,16.4,2016
"Chipinge",2016-03-01,0.3,21.9,27,17.4,2016
"Chipinge",2016-03-02,0.3,22.7,NA,17.6,2016
"Chipinge",2016-03-04,NA,24.7,27.7,17.5,2016
"Chipinge",2016-03-05,NA,23.2,NA,18.4,2016
"Chipinge",2016-03-06,NA,25.3,30,18.4,2016
"Chipinge",2016-03-07,NA,25.7,31.4,20,2016
"Chipinge",2016-03-08,NA,25.3,32.5,19.3,2016
"Chipinge",2016-03-09,NA,24.7,NA,20.3,2016
"Chipinge",2016-03-11,NA,23.3,28.2,20.1,2016
"Chipinge",2016-03-12,NA,22.4,27.5,NA,2016
"Chipinge",2016-03-13,NA,21.7,28.7,NA,2016
"Chipinge",2016-03-17,NA,23.5,NA,18.2,2016
"Chipinge",2016-03-18,0,23.4,NA,20.7,2016
"Chipinge",2016-03-19,5.1,22.8,27.4,19.5,2016
"Chipinge",2016-03-20,1,22.9,29.1,19.7,2016
"Chipinge",2016-03-21,10.9,22.5,NA,20,2016
"Chipinge",2016-03-24,NA,19.4,24.3,NA,2016
"Chipinge",2016-03-25,NA,19.8,24.4,14.3,2016
"Chipinge",2016-03-26,0,19,NA,15.5,2016
"Chipinge",2016-03-27,NA,25.3,NA,15.6,2016
"Chipinge",2016-03-28,NA,25.4,30.6,19.6,2016
"Chipinge",2016-03-29,NA,25.1,NA,21.1,2016
"Chipinge",2016-03-30,NA,24.2,NA,17.4,2016
"Chipinge",2016-03-31,NA,22.3,27.6,16.4,2016
"Chipinge",2016-04-01,NA,23.4,NA,16.1,2016
"Chipinge",2016-04-03,NA,22.1,NA,18.8,2016
"Chipinge",2016-04-04,19.1,19.8,NA,18,2016
"Chipinge",2016-04-05,2,22.1,NA,15.6,2016
"Chipinge",2016-04-06,0,18.7,NA,15.2,2016
"Chipinge",2016-04-07,38.1,13.4,NA,12.9,2016
"Chipinge",2016-04-08,7.9,13.8,14.5,12.4,2016
"Chipinge",2016-04-09,8.9,14.4,16.4,12.4,2016
"Chipinge",2016-04-11,0,19.4,25.5,14.5,2016
"Chipinge",2016-04-12,0,18.8,NA,14.7,2016
"Chipinge",2016-04-13,NA,19.9,24,14.5,2016
"Chipinge",2016-04-14,NA,18.4,24,NA,2016
"Chipinge",2016-04-15,NA,20.9,NA,15.4,2016
"Chipinge",2016-04-16,NA,21.7,26,16.8,2016
"Chipinge",2016-04-17,NA,21.8,NA,16.5,2016
"Chipinge",2016-04-19,NA,21.1,26.2,15.6,2016
"Chipinge",2016-04-20,NA,23.4,NA,16.2,2016
"Chipinge",2016-04-21,NA,23.7,NA,17.6,2016
"Chipinge",2016-04-27,6.1,17.6,21.6,13,2016
"Chipinge",2016-04-28,0,19.4,NA,13,2016
"Chipinge",2016-04-29,NA,22.4,27.7,15.3,2016
"Chipinge",2016-04-30,NA,24.2,29.4,17.4,2016
"Chipinge",2016-05-01,1,15.1,NA,14.2,2016
"Chipinge",2016-05-02,0.5,17.2,NA,13.5,2016
"Chipinge",2016-05-03,0,19.9,28,NA,2016
"Chipinge",2016-05-04,NA,18.8,NA,14,2016
"Chipinge",2016-05-05,0.3,17.9,NA,12.4,2016
"Chipinge",2016-05-06,0,17.7,NA,10.4,2016
"Chipinge",2016-05-09,NA,15.1,17.4,13.2,2016
"Chipinge",2016-05-10,3,16,NA,10.4,2016
"Chipinge",2016-05-11,0,17.3,22.4,11.7,2016
"Chipinge",2016-05-12,NA,19,NA,12.6,2016
"Chipinge",2016-05-13,NA,21.5,NA,13,2016
"Chipinge",2016-05-14,NA,18.1,23.5,11.2,2016
"Chipinge",2016-05-15,NA,18.4,23,13.6,2016
"Chipinge",2016-05-16,NA,18.2,22.6,12.7,2016
"Chipinge",2016-05-17,NA,16.3,NA,13.1,2016
"Chipinge",2016-05-19,1,16.4,21.4,13.9,2016
"Chipinge",2016-05-20,0.3,15.2,18.4,11,2016
"Chipinge",2016-05-21,0.5,14.1,17,11.8,2016
"Chipinge",2016-05-22,0.3,16.1,20.8,12.5,2016
"Chipinge",2016-05-24,NA,17.8,23.6,10.7,2016
"Chipinge",2016-05-25,NA,18.3,22.1,10.5,2016
"Chipinge",2016-05-26,NA,14.8,20.2,10.6,2016
"Chipinge",2016-05-28,NA,14.1,19.2,9.6,2016
"Chipinge",2016-05-29,0,16.2,19.5,11.4,2016
"Chipinge",2016-05-30,NA,15.5,20.6,12,2016
"Chipinge",2016-05-31,NA,14.9,21,10.3,2016
"Chipinge",2016-06-01,NA,16.2,NA,12.3,2016
"Chipinge",2016-06-02,NA,18.8,NA,12.1,2016
"Chipinge",2016-06-03,NA,18.7,22.3,NA,2016
"Chipinge",2016-06-04,NA,18.5,23.3,12.1,2016
"Chipinge",2016-06-08,NA,15.8,19.6,9.5,2016
"Chipinge",2016-06-09,NA,14.7,20.3,9.7,2016
"Chipinge",2016-06-10,NA,16.9,23.2,10.4,2016
"Chipinge",2016-06-11,NA,19.6,NA,12.5,2016
"Chipinge",2016-06-12,4.1,12.1,NA,11.3,2016
"Chipinge",2016-06-13,6.1,12.4,16.5,9,2016
"Chipinge",2016-06-14,0,14.9,21.6,8.5,2016
"Chipinge",2016-06-15,NA,17.8,NA,11,2016
"Chipinge",2016-06-16,NA,20.3,26.5,14.3,2016
"Chipinge",2016-06-17,NA,18.9,23.3,NA,2016
"Chipinge",2016-06-18,NA,17.3,21.7,11.8,2016
"Chipinge",2016-06-19,NA,19.1,NA,12.2,2016
"Chipinge",2016-06-20,NA,20.5,25.2,13,2016
"Chipinge",2016-06-21,NA,18.7,24.3,12.4,2016
"Chipinge",2016-06-22,NA,15.3,NA,11.3,2016
"Chipinge",2016-06-23,3,14,NA,11.5,2016
"Chipinge",2016-06-24,0.5,12.9,19,8.2,2016
"Chipinge",2016-06-25,0,14.6,18.6,8.6,2016
"Chipinge",2016-06-26,NA,15.6,21,9.5,2016
"Chipinge",2016-06-27,NA,18.2,NA,11.1,2016
"Chipinge",2016-06-28,NA,19.9,25.1,12.4,2016
"Chipinge",2016-06-29,NA,16.9,22.8,13,2016
"Chipinge",2016-06-30,NA,15.4,20.4,10.5,2016
"Chipinge",2016-07-01,NA,17.6,24.5,9.3,2016
"Chipinge",2016-07-02,NA,20.8,25,NA,2016
"Chipinge",2016-07-03,2,12,NA,NA,2016
"Chipinge",2016-07-04,0.3,13.1,18,7.8,2016
"Chipinge",2016-07-05,1,12.9,15.6,8.6,2016
"Chipinge",2016-07-06,0,16.9,21,8.5,2016
"Chipinge",2016-07-19,NA,15.4,20.6,9,2016
"Chipinge",2016-07-20,NA,18.2,23.5,10.2,2016
"Chipinge",2016-07-21,NA,17.8,24.7,11.6,2016
"Chipinge",2016-07-24,NA,16.9,22.7,12,2016
"Chipinge",2016-07-25,NA,18.5,NA,13.6,2016
"Chipinge",2016-07-26,NA,18.7,NA,13.2,2016
"Chipinge",2016-07-27,NA,22.4,NA,13.4,2016
"Chipinge",2016-07-28,NA,22.3,28,15.8,2016
"Chipinge",2016-07-29,NA,21,NA,15,2016
"Chipinge",2016-07-30,NA,21.8,26.8,NA,2016
"Chipinge",2016-07-31,NA,15.9,21.8,8.2,2016
"Chipinge",2016-08-01,NA,19.4,30,10.5,2016
"Chipinge",2016-08-03,NA,18.9,25,9.4,2016
"Chipinge",2016-08-04,NA,16.6,20.7,13.2,2016
"Chipinge",2016-08-06,NA,15.9,21.6,8.1,2016
"Chipinge",2016-08-07,NA,14.3,23,8.6,2016
"Chipinge",2016-08-08,NA,22.7,NA,11.2,2016
"Chipinge",2016-08-09,0.5,13.4,16,12.5,2016
"Chipinge",2016-08-10,1,15.6,22,9.6,2016
"Chipinge",2016-08-11,0,15.8,21.4,10,2016
"Chipinge",2016-08-12,NA,16.4,NA,9.1,2016
"Chipinge",2016-08-13,NA,19.2,24.6,10,2016
"Chipinge",2016-08-14,NA,20.9,NA,NA,2016
"Chipinge",2016-08-15,NA,18,23,10.1,2016
"Chipinge",2016-08-16,NA,17.9,23.2,12.6,2016
"Chipinge",2016-08-17,NA,16.4,23.1,11,2016
"Chipinge",2016-08-18,NA,18.7,22.5,10.6,2016
"Chipinge",2016-08-19,NA,18.1,24.4,11,2016
"Chipinge",2016-08-20,NA,21.4,27.6,13.9,2016
"Chipinge",2016-08-21,NA,21.8,NA,11.7,2016
"Chipinge",2016-08-22,NA,28.5,NA,17,2016
"Chipinge",2016-08-23,1,13.8,NA,NA,2016
"Chipinge",2016-08-24,2,16.5,NA,9.9,2016
"Chipinge",2016-08-25,0,16.3,NA,10.1,2016
"Chipinge",2016-08-26,NA,20.1,NA,11.1,2016
"Chipinge",2016-08-27,NA,14.7,20.6,8.2,2016
"Chipinge",2016-08-28,NA,18.6,23,10.6,2016
"Chipinge",2016-08-29,NA,21.1,27,11,2016
"Chipinge",2016-08-30,NA,19.3,26,11.2,2016
"Chipinge",2016-08-31,NA,19.8,NA,10.5,2016
"Chipinge",2016-09-09,NA,27.8,33.6,15,2016
"Chipinge",2016-09-10,NA,24,28.6,NA,2016
"Chipinge",2016-09-11,NA,20.1,25.5,14,2016
"Chipinge",2016-09-13,NA,23.4,27,14.1,2016
"Chipinge",2016-09-14,NA,19.8,NA,12.1,2016
"Chipinge",2016-09-15,NA,21.7,30.2,11.4,2016
"Chipinge",2016-09-16,NA,25.8,31.8,13.1,2016
"Chipinge",2016-09-18,NA,20.5,NA,14.1,2016
"Chipinge",2016-09-19,3,14.3,17.6,11.2,2016
"Chipinge",2016-09-20,0.3,18.1,22.7,11.4,2016
"Chipinge",2016-09-21,0,19.6,27.9,13.8,2016
"Chipinge",2016-09-22,NA,23.7,31.5,14.5,2016
"Chipinge",2016-09-23,NA,30,NA,16.4,2016
"Chipinge",2016-09-24,NA,25.2,30.6,17,2016
"Chipinge",2016-09-25,NA,22.2,NA,14,2016
"Chipinge",2016-09-26,NA,20.8,NA,13.5,2016
"Chipinge",2016-09-27,NA,23.3,NA,13.5,2016
"Chipinge",2016-09-28,NA,29.2,NA,17.1,2016
"Chipinge",2016-09-29,NA,22.6,29.5,16.5,2016
"Chipinge",2016-09-30,NA,21.6,29,NA,2016
"Chipinge",2016-10-01,NA,23.5,30.5,14.2,2016
"Chipinge",2016-10-02,0,22.5,27.6,16.6,2016
"Chipinge",2016-10-03,NA,14.3,NA,NA,2016
"Chipinge",2016-10-04,NA,17.2,23,7.9,2016
"Chipinge",2016-10-05,NA,19.5,26.1,10.2,2016
"Chipinge",2016-10-06,NA,24,31.4,13.6,2016
"Chipinge",2016-10-07,NA,28.4,NA,NA,2016
"Chipinge",2016-10-08,NA,24,30.4,NA,2016
"Chipinge",2016-10-10,0,21.7,26.5,16.2,2016
"Chipinge",2016-10-12,NA,27.5,NA,17.2,2016
"Chipinge",2016-10-13,NA,23.1,27.7,15.8,2016
"Chipinge",2016-10-14,1,17.6,20.5,15,2016
"Chipinge",2016-10-15,2,16.3,28,12.6,2016
"Chipinge",2016-10-16,0,29.8,NA,16.2,2016
"Chipinge",2016-10-17,NA,27.9,32,22,2016
"Chipinge",2016-10-18,1,18.1,22.6,16.5,2016
"Chipinge",2016-10-19,0.5,18.3,26.4,16.6,2016
"Chipinge",2016-10-20,0,22.5,28.7,14.6,2016
"Chipinge",2016-10-21,0,23,30.5,15.5,2016
"Chipinge",2016-10-22,NA,26.1,32.6,18,2016
"Chipinge",2016-10-23,NA,26.8,32.5,19.4,2016
"Chipinge",2016-10-24,NA,26.3,NA,19.6,2016
"Chipinge",2016-10-26,NA,23.8,30.1,16.7,2016
"Chipinge",2016-10-27,NA,24.1,31.4,17,2016
"Chipinge",2016-10-28,NA,24.5,NA,15.7,2016
"Chipinge",2016-10-30,NA,30.8,NA,18.6,2016
"Chipinge",2016-10-31,NA,28.6,34.6,17.3,2016
"Chipinge",2016-11-01,NA,24.2,31.4,18,2016
"Chipinge",2016-11-02,NA,22.7,NA,17.8,2016
"Chipinge",2016-11-03,1.8,25.5,28.4,NA,2016
"Chipinge",2016-11-04,0,24,30.2,17,2016
"Chipinge",2016-11-05,NA,26.4,32.8,17.6,2016
"Chipinge",2016-11-06,NA,26.1,34.1,16,2016
"Chipinge",2016-11-07,NA,23.5,NA,17.2,2016
"Chipinge",2016-11-08,NA,20.9,NA,16.8,2016
"Chipinge",2016-11-09,10.9,24.3,30.4,17.4,2016
"Chipinge",2016-11-10,0,23.6,31.3,17.9,2016
"Chipinge",2016-11-11,15,19.1,NA,15.6,2016
"Chipinge",2016-11-13,NA,26.9,NA,21.4,2016
"Chipinge",2016-11-14,10.9,23.9,27.1,18,2016
"Chipinge",2016-11-16,10.9,18.9,NA,15,2016
"Chipinge",2016-11-17,0.5,23.4,NA,15,2016
"Chipinge",2016-11-18,0,25.8,31.8,19.2,2016
"Chipinge",2016-11-21,1,22.4,26,16.6,2016
"Chipinge",2016-11-22,0,23.4,29.4,16,2016
"Chipinge",2016-11-23,NA,22.6,27.2,17.3,2016
"Chipinge",2016-11-25,NA,25.9,31.5,18.1,2016
"Chipinge",2016-11-26,0.5,17.5,20.1,NA,2016
"Chipinge",2016-11-30,NA,24.6,29.7,17.1,2016
"Chipinge",2016-12-01,NA,26.4,31.8,17.6,2016
"Chipinge",2016-12-02,NA,23.9,NA,18.8,2016
"Chipinge",2016-12-03,0.8,20.4,23,18.1,2016
"Chipinge",2016-12-04,0.3,22.4,28.6,18.4,2016
"Chipinge",2016-12-05,6.1,22.9,27.4,18,2016
"Chipinge",2016-12-06,0,23.1,NA,15.8,2016
"Chipinge",2016-12-07,NA,25.2,30,15.4,2016
"Chipinge",2016-12-08,NA,23.2,NA,17.4,2016
"Chipinge",2016-12-09,0,25.2,30.4,19,2016
"Chipinge",2016-12-11,2,19.8,23.6,18.5,2016
"Chipinge",2016-12-12,40.9,20.1,23,NA,2016
"Chipinge",2016-12-13,0.5,19.6,NA,17.7,2016
"Chipinge",2016-12-14,20.1,20.5,23,18.1,2016
"Chipinge",2016-12-15,34,20.8,NA,18.3,2016
"Chipinge",2016-12-16,4.1,23.9,28.5,19,2016
"Chipinge",2016-12-17,7.9,19.6,24.2,NA,2016
"Chipinge",2016-12-18,17,19.8,24.5,17.1,2016
"Chipinge",2016-12-19,5.1,22.4,26.2,18,2016
"Chipinge",2016-12-20,0,23.5,27,18,2016
"Chipinge",2016-12-21,0,24.1,27.9,19.5,2016
"Chipinge",2016-12-22,NA,28,31.8,20.7,2016
"Chipinge",2016-12-23,NA,26.2,32.1,22.6,2016
"Chipinge",2016-12-24,NA,28.1,NA,22.2,2016
"Chipinge",2016-12-25,24.9,19.3,22.8,NA,2016
"Chipinge",2016-12-30,3,22.8,NA,18.9,2016
"Chipinge",2016-12-31,0,23.4,25.8,NA,2016
"Chipinge",2017-01-01,2,22.7,27.5,18.7,2017
"Chipinge",2017-01-05,2,23.1,NA,17.7,2017
"Chipinge",2017-01-22,36.1,21.4,NA,16.5,2017
"Chipinge",2017-01-29,0,23.4,28.9,NA,2017
"Chipinge",2017-01-30,63,22.3,27.2,19.4,2017
"Chipinge",2017-02-01,3,23.3,26.7,17.7,2017
"Chipinge",2017-02-02,0,22.7,NA,18.1,2017
"Chipinge",2017-02-03,NA,23.5,NA,19.4,2017
"Chipinge",2017-02-04,0.5,22.3,25.6,16.8,2017
"Chipinge",2017-02-10,6.1,22.2,NA,18.5,2017
"Chipinge",2017-02-11,0,21.9,24.8,18.2,2017
"Chipinge",2017-02-12,7.1,23,NA,18.7,2017
"Chipinge",2017-02-13,7.9,23.9,28.4,16.7,2017
"Chipinge",2017-02-17,24.9,20.9,24.6,18.6,2017
"Chipinge",2017-02-18,6.1,22.6,NA,NA,2017
"Chipinge",2017-02-19,0.8,23.4,26.7,18.6,2017
"Chipinge",2017-02-22,NA,22.7,27.1,17.8,2017
"Chipinge",2017-02-23,2,21.3,25.4,18.1,2017
"Chipinge",2017-02-24,14,21.2,24.7,18.1,2017
"Chipinge",2017-02-25,0.3,22,NA,18.1,2017
"Chipinge",2017-02-26,15,23.1,26.6,19.4,2017
"Chipinge",2017-03-01,5.1,19.7,25.6,16,2017
"Chipinge",2017-03-02,5.1,23.5,NA,18.6,2017
"Chipinge",2017-03-06,3,22.9,27.4,NA,2017
"Chipinge",2017-03-07,18,20.9,25.7,18.4,2017
"Chipinge",2017-03-08,16,21.9,26,18.2,2017
"Chipinge",2017-03-10,103.9,16.6,18.6,15.4,2017
"Chipinge",2017-03-12,0.3,21.2,25.2,12.3,2017
"Chipinge",2017-03-13,0,18.6,22.6,13.7,2017
"Chipinge",2017-03-14,NA,20.2,23.6,15.2,2017
"Chipinge",2017-03-15,NA,18.4,NA,14.1,2017
"Chipinge",2017-03-16,NA,21.6,25.7,14.9,2017
"Chipinge",2017-03-19,0.3,20.5,NA,18,2017
"Chipinge",2017-03-20,21.1,18.9,22.2,17.6,2017
"Chipinge",2017-03-21,62,19.2,NA,16.3,2017
"Chipinge",2017-03-25,0.5,21.3,NA,18,2017
"Chipinge",2017-03-26,5.1,17.2,18.6,16.4,2017
"Chipinge",2017-03-27,6.1,18.6,23.5,14.9,2017
"Chipinge",2017-04-12,NA,22.5,27.5,16,2017
"Chipinge",2017-04-13,2,22.7,NA,NA,2017
"Chipinge",2017-04-14,0,23.6,30.6,16.8,2017
"Chipinge",2017-04-15,0.8,19.2,21,16.6,2017
"Chipinge",2017-04-16,9.9,14.9,NA,14.1,2017
"Chipinge",2017-04-17,1,17.8,NA,13.4,2017
"Chipinge",2017-04-18,0,19.4,24.1,12,2017
"Chipinge",2017-04-19,NA,20.8,NA,NA,2017
"Chipinge",2017-04-20,NA,20.4,25.1,12.3,2017
"Chipinge",2017-04-21,NA,19.4,23.8,13.2,2017
"Chipinge",2017-04-22,NA,17.3,21.7,NA,2017
"Chipinge",2017-04-23,NA,17.6,22.6,12.1,2017
"Chipinge",2017-04-24,14,12.8,14,NA,2017
"Chipinge",2017-04-27,NA,16.2,NA,NA,2017
"Chipinge",2017-04-28,NA,16.5,NA,11.2,2017
"Chipinge",2017-04-29,0.3,17.5,21.4,13,2017
"Chipinge",2017-04-30,2,16.1,NA,14.1,2017
"Chipinge",2017-05-01,5.1,17.1,20.5,14.6,2017
"Chipinge",2017-05-02,16,16.4,20.5,13.8,2017
"Chipinge",2017-05-03,0.3,16.1,21.3,12.4,2017
"Chipinge",2017-05-04,0,17.7,23.6,11.6,2017
"Chipinge",2017-05-06,NA,19.6,24.8,12.7,2017
"Chipinge",2017-05-08,NA,18.2,22.2,12.8,2017
"Chipinge",2017-05-09,NA,18.1,NA,12.9,2017
"Chipinge",2017-05-10,NA,16.7,21.6,NA,2017
"Chipinge",2017-05-14,0.3,15.4,20.5,12.6,2017
"Chipinge",2017-05-15,2,18.5,NA,13,2017
"Chipinge",2017-05-16,0,19.9,NA,13.2,2017
"Chipinge",2017-05-17,NA,19.2,24.8,12.7,2017
"Chipinge",2017-05-18,NA,19.8,NA,14,2017
"Chipinge",2017-05-20,NA,16.4,21.6,11,2017
"Chipinge",2017-05-21,NA,16.2,23,10.2,2017
"Chipinge",2017-05-22,NA,16.6,21.7,12,2017
"Chipinge",2017-05-23,NA,17.4,NA,11.6,2017
"Chipinge",2017-05-24,NA,19.2,NA,11.7,2017
"Chipinge",2017-05-25,NA,20.6,25.2,14.6,2017
"Chipinge",2017-05-26,NA,19.3,25.4,NA,2017
"Chipinge",2017-05-27,NA,20.8,NA,12.4,2017
"Chipinge",2017-05-28,NA,15.9,22.2,NA,2017
"Chipinge",2017-05-31,NA,16.7,NA,NA,2017
"Chipinge",2017-06-01,NA,15.6,NA,10.1,2017
"Chipinge",2017-06-02,NA,15.4,21.3,10.7,2017
"Chipinge",2017-06-04,NA,17.7,NA,9.4,2017
"Chipinge",2017-06-06,NA,16.4,20.6,10.8,2017
"Chipinge",2017-06-07,NA,14.5,NA,10.6,2017
"Chipinge",2017-06-09,0,14.7,17.5,NA,2017
"Chipinge",2017-06-11,6.1,14.7,16,13.6,2017
"Chipinge",2017-06-12,0.8,16.5,24,13.2,2017
"Chipinge",2017-06-13,0,21.3,NA,NA,2017
"Chipinge",2017-06-15,NA,20.2,24.8,12.4,2017
"Chipinge",2017-06-16,NA,15.8,19.2,11.3,2017
"Chipinge",2017-06-17,NA,16.7,NA,NA,2017
"Chipinge",2017-06-18,NA,15.9,19.7,12.2,2017
"Chipinge",2017-06-21,NA,15.7,19.4,10.1,2017
"Chipinge",2017-06-22,NA,15.3,20.6,9.9,2017
"Chipinge",2017-06-24,NA,14.3,NA,11.7,2017
"Chipinge",2017-06-25,NA,14.3,17.8,10.7,2017
"Chipinge",2017-06-26,2,14.6,NA,11.6,2017
"Chipinge",2017-06-28,NA,20.4,23.8,NA,2017
"Chipinge",2017-06-29,NA,19.3,NA,12.7,2017
"Chipinge",2017-06-30,NA,16.2,21.1,12.4,2017
"Chipinge",2017-07-01,NA,14.6,21,10.6,2017
"Chipinge",2017-07-02,NA,12.3,19,10.1,2017
"Chipinge",2017-07-05,4.1,14.5,NA,10.7,2017
"Chipinge",2017-07-06,15,14.4,NA,12.1,2017
"Chipinge",2017-07-07,0,15.2,20,11.6,2017
"Chipinge",2017-07-08,NA,16.3,22.5,11.3,2017
"Chipinge",2017-07-09,NA,18.3,NA,11.7,2017
"Chipinge",2017-07-11,NA,15.3,22.7,13.1,2017
"Chipinge",2017-07-14,NA,17.2,21.6,12.7,2017
"Chipinge",2017-07-15,NA,17.9,26,11.7,2017
"Chipinge",2017-07-16,NA,19.9,26,13.5,2017
"Chipinge",2017-07-17,NA,14.3,18.2,NA,2017
"Chipinge",2017-07-19,NA,17,21.2,9.8,2017
"Chipinge",2017-07-21,NA,15.7,NA,10,2017
"Chipinge",2017-07-22,NA,16.1,24.4,9,2017
"Chipinge",2017-07-23,NA,17.1,24.3,10,2017
"Chipinge",2017-07-24,NA,16.2,NA,10.5,2017
"Chipinge",2017-07-25,NA,15.5,21.8,9.2,2017
"Chipinge",2017-07-27,NA,14.2,NA,8.5,2017
"Chipinge",2017-07-28,NA,14.3,17.4,10.4,2017
"Chipinge",2017-07-29,9.9,15.1,19.1,12.6,2017
"Chipinge",2017-07-30,0,15.7,22,11.4,2017
"Chipinge",2017-08-03,NA,16.7,20.6,11.7,2017
"Chipinge",2017-08-04,NA,15.2,21,9.2,2017
"Chipinge",2017-08-05,NA,19.9,23.6,NA,2017
"Chipinge",2017-08-06,NA,18.8,NA,13.7,2017
"Chipinge",2017-08-09,NA,14.4,19.5,8.8,2017
"Chipinge",2017-08-12,NA,19.7,24,NA,2017
"Chipinge",2017-08-13,NA,17.1,23.6,11.6,2017
"Chipinge",2017-08-14,NA,19.1,22.6,NA,2017
"Chipinge",2017-08-17,NA,23.9,29.6,14.9,2017
"Chipinge",2017-08-18,NA,14.2,17.3,11.5,2017
"Chipinge",2017-08-20,NA,13.2,NA,9.2,2017
"Chipinge",2017-08-22,NA,20.1,NA,9.2,2017
"Chipinge",2017-08-25,NA,20.7,25,11.2,2017
"Chipinge",2017-08-26,NA,18,NA,NA,2017
"Chipinge",2017-08-27,NA,16.2,NA,9.2,2017
"Chipinge",2017-08-28,NA,15.3,NA,12.6,2017
"Chipinge",2017-08-29,NA,17.6,NA,8.8,2017
"Chipinge",2017-08-30,NA,19.3,25.5,10,2017
"Chipinge",2017-08-31,NA,15.9,NA,NA,2017
"Chipinge",2017-09-02,2,14.6,NA,11.6,2017
"Chipinge",2017-09-03,0,16.3,20.5,11.2,2017
"Chipinge",2017-09-04,NA,13.3,19.7,9.6,2017
"Chipinge",2017-09-06,NA,23.5,27.5,NA,2017
"Chipinge",2017-09-07,NA,21.2,NA,13.5,2017
"Chipinge",2017-09-11,NA,22.3,NA,12.4,2017
"Chipinge",2017-09-12,NA,21.7,NA,12,2017
"Chipinge",2017-09-13,NA,22.2,NA,12.7,2017
"Chipinge",2017-09-14,NA,25.2,31.6,16.6,2017
"Chipinge",2017-09-15,NA,19.6,NA,13.4,2017
"Chipinge",2017-09-16,NA,23.4,NA,11.6,2017
"Chipinge",2017-09-19,NA,19.8,25.4,NA,2017
"Chipinge",2017-09-20,NA,20,24,15,2017
"Chipinge",2017-09-21,NA,19.4,24.7,13.6,2017
"Chipinge",2017-09-22,NA,21.9,27,12.5,2017
"Chipinge",2017-09-24,1,16.9,21.5,13.6,2017
"Chipinge",2017-09-26,NA,27.2,33.3,NA,2017
"Chipinge",2017-09-27,0,18.8,24,16.3,2017
"Chipinge",2017-09-28,2,17.8,22.6,16.2,2017
"Chipinge",2017-09-30,NA,22.7,NA,NA,2017
"Chipinge",2017-10-02,NA,22.2,26.6,12.8,2017
"Chipinge",2017-10-03,NA,21.3,26.2,13.6,2017
"Chipinge",2017-10-04,NA,22.2,27.7,NA,2017
"Chipinge",2017-10-08,NA,27,31.2,17.1,2017
"Chipinge",2017-10-11,2,19.9,23.8,16,2017
"Chipinge",2017-10-13,NA,19.8,24,13.2,2017
"Chipinge",2017-10-14,NA,18.4,23.6,13.6,2017
"Chipinge",2017-10-15,0,22.7,33,12.1,2017
"Chipinge",2017-10-16,NA,29.8,37.2,21,2017
"Chipinge",2017-10-19,2,20.6,NA,14.6,2017
"Chipinge",2017-10-21,NA,24.8,28,NA,2017
"Chipinge",2017-10-22,NA,22.7,28.2,17.8,2017
"Chipinge",2017-10-25,NA,28.2,33,17.5,2017
"Chipinge",2017-10-27,NA,18.7,19.9,NA,2017
"Chipinge",2017-10-28,21.1,12.6,NA,NA,2017
"Chipinge",2017-10-29,31,12.1,14.1,10,2017
"Chipinge",2017-10-30,2,15.4,21.5,10.6,2017
"Chipinge",2017-11-04,NA,19.8,26,15.1,2017
"Chipinge",2017-11-07,NA,24.4,31,16.7,2017
"Chipinge",2017-11-08,NA,25.8,30.6,16.5,2017
"Chipinge",2017-11-09,4.1,15.8,17.1,14.6,2017
"Chipinge",2017-11-12,3,18.2,20,17,2017
"Chipinge",2017-11-13,29,19.1,NA,16.5,2017
"Chipinge",2017-11-17,3,14.9,17.1,13.4,2017
"Chipinge",2017-11-18,0,17.2,NA,13.2,2017
"Chipinge",2017-11-21,NA,25.3,29,NA,2017
"Chipinge",2017-11-22,NA,23.9,31.2,15.5,2017
"Chipinge",2017-11-28,13,14.5,NA,12.2,2017
"Chipinge",2017-11-29,0,20.6,25,NA,2017
"Chipinge",2017-12-04,NA,26,NA,18.5,2017
"Chipinge",2017-12-05,NA,20.1,26.7,14,2017
"Chipinge",2017-12-11,NA,21.4,25.5,16.7,2017
"Chipinge",2017-12-12,NA,24.2,29.5,16.5,2017
"Chipinge",2017-12-13,NA,23,32.4,19.4,2017
"Chipinge",2017-12-14,0.5,26.7,NA,19.8,2017
"Chipinge",2017-12-15,2,17.1,18,16.3,2017
"Chipinge",2017-12-17,NA,23,27.2,NA,2017
"Chipinge",2017-12-18,NA,24.3,29.2,15.4,2017
"Chipinge",2017-12-19,NA,24.9,28,18.1,2017
"Chipinge",2017-12-20,NA,22.5,NA,18.8,2017
"Chipinge",2017-12-22,7.1,21.3,27.6,17.9,2017
"Chipinge",2018-02-01,0,23.3,28.5,NA,2018
"Chipinge",2018-02-07,NA,24.4,NA,15.8,2018
"Chipinge",2018-02-10,0.8,20.6,NA,16.9,2018
"Chipinge",2018-02-15,NA,20.9,NA,NA,2018
"Chipinge",2018-02-25,0,24.7,30.2,20,2018
"Chipinge",2018-03-04,22.1,20.6,24.3,18.1,2018
"Chipinge",2018-03-05,0.8,20.7,25.9,17.2,2018
"Chipinge",2018-03-08,NA,25.8,29.9,16.6,2018
"Chipinge",2018-03-16,NA,25.7,NA,17,2018
"Chipinge",2018-03-23,NA,21.1,25.7,NA,2018
"Chipinge",2018-04-02,9.9,20.2,NA,16,2018
"Chipinge",2018-04-09,7.9,18.9,NA,16.7,2018
"Chipinge",2018-04-15,NA,19.1,NA,14.6,2018
"Chipinge",2018-04-16,NA,18.4,23.2,NA,2018
"Chipinge",2018-05-01,NA,16.2,20.2,13.6,2018
"Chipinge",2018-05-17,NA,18.8,21.7,NA,2018
"Chipinge",2018-06-04,NA,16.2,NA,11.5,2018
"Chipinge",2018-06-06,0.5,12.2,NA,7.3,2018
"Chipinge",2018-06-11,NA,14,21.5,10.6,2018
"Chipinge",2018-06-12,NA,13.8,19.1,9.5,2018
"Chipinge",2018-06-13,NA,14.1,17.5,8.9,2018
"Chipinge",2018-06-14,0,17.4,NA,11.7,2018
"Chipinge",2018-06-16,NA,22,NA,13,2018
"Chipinge",2018-06-17,NA,16.2,21.2,11.7,2018
"Chipinge",2018-06-18,NA,18.3,NA,11.8,2018
"Chipinge",2018-06-20,NA,20.5,25.4,14.2,2018
"Chipinge",2018-06-21,NA,17.2,NA,11.1,2018
"Chipinge",2018-06-22,NA,16.2,21.4,9.5,2018
"Chipinge",2018-06-23,NA,16.3,21.1,10,2018
"Chipinge",2018-06-27,NA,15.4,NA,9.7,2018
"Chipinge",2018-07-01,NA,17.1,23,10.5,2018
"Chipinge",2018-07-05,0.8,12.1,NA,9.5,2018
"Chipinge",2018-07-07,5.1,12.2,13.1,9.3,2018
"Chipinge",2018-07-18,0.3,12.5,NA,8.5,2018
"Chipinge",2018-07-19,0,12.3,NA,NA,2018
"Chipinge",2018-07-20,NA,14,17,NA,2018
"Chipinge",2018-07-24,13,13.6,NA,10.7,2018
"Chipinge",2018-07-28,NA,17.5,NA,9.1,2018
"Chipinge",2018-07-30,NA,20.8,NA,11.5,2018
"Chipinge",2018-08-07,NA,23.3,NA,15.6,2018
"Chipinge",2018-08-11,NA,22.8,27.2,13.8,2018
"Chipinge",2018-08-13,NA,21.4,27.1,11.8,2018
"Chipinge",2018-08-15,NA,22.2,27.3,14,2018
"Chipinge",2018-08-28,0.3,14.7,19.3,13.4,2018
"Chipinge",2018-08-31,NA,16.6,22.7,9.6,2018
"Chipinge",2018-09-01,NA,18.7,25.8,10.5,2018
"Chipinge",2018-09-02,NA,19.9,NA,11.8,2018
"Chipinge",2018-09-06,NA,23.5,30.6,NA,2018
"Chipinge",2018-09-12,NA,23.2,27.5,NA,2018
"Chipinge",2018-09-28,NA,26.3,NA,14.7,2018
"Chipinge",2018-09-29,NA,18.3,28.1,16.6,2018
"Chipinge",2018-10-20,0,21.9,27,15.2,2018
"Chipinge",2018-11-12,NA,21,24.9,11.9,2018
"Chipinge",2018-11-17,NA,26.1,NA,17.6,2018
"Chipinge",2018-12-03,NA,26.9,NA,15.5,2018
"Chipinge",2019-05-05,NA,18.2,23.6,13.4,2019
"Chipinge",2020-03-07,1,18.1,22.8,14.5,2020
"Chipinge",2020-03-28,9.9,18.2,21.2,16.6,2020
"Chipinge",2023-07-21,3,12.3,NA,11.5,2023
"Chipinge",2023-07-25,0,13.9,NA,10.6,2023
"Chipinge",2023-07-26,1,13.7,NA,11.4,2023
"Chipinge",2023-07-27,0,20.5,NA,9.6,2023
"Chipinge",2023-07-28,NA,18.4,NA,12,2023
"Chipinge",2023-07-29,NA,21.2,NA,11.5,2023
"Chipinge",2023-07-30,NA,21.6,NA,14.3,2023
"Chipinge",2023-07-31,NA,17.2,NA,10.2,2023
"Chipinge",2023-08-01,NA,15.1,NA,10.2,2023
"Chipinge",2023-08-02,NA,11.9,NA,9.4,2023
"Chipinge",2023-08-03,0,12.8,NA,6.7,2023
"Chipinge",2023-08-07,NA,18.4,NA,11.2,2023
"Chipinge",2023-08-08,NA,16.2,NA,10.4,2023
"Chipinge",2023-08-09,NA,16.1,NA,8.6,2023
"Chipinge",2023-08-11,0.5,16.5,NA,10.7,2023
"Chipinge",2023-08-12,0,14.6,NA,7.6,2023
"Chipinge",2023-08-13,NA,16.5,NA,10.4,2023
"Chipinge",2023-08-15,NA,23.7,NA,13.4,2023
"Chipinge",2023-08-16,NA,15.5,NA,NA,2023
"Chipinge",2023-08-19,NA,21.8,NA,NA,2023
"Chipinge",2023-08-21,NA,26.8,NA,NA,2023
"Chipinge",2023-08-22,NA,25.4,NA,16.3,2023
"Chipinge",2023-08-23,NA,26.6,NA,18.9,2023
"Chipinge",2023-08-24,NA,22.4,NA,NA,2023
"Chipinge",2023-08-28,8.9,13.5,NA,9.2,2023
"Chipinge",2023-08-30,0.3,14.4,NA,10.4,2023
"Chipinge",2023-09-02,NA,24.5,NA,NA,2023
"Chipinge",2023-09-03,NA,21.7,NA,12,2023
"Chipinge",2023-09-04,NA,19.2,NA,12.5,2023
"Chipinge",2023-09-05,NA,22.2,NA,13.4,2023
"Chipinge",2023-09-07,NA,20.1,NA,13.2,2023
"Chipinge",2023-09-08,NA,20.8,NA,14.6,2023
"Chipinge",2023-09-12,NA,15.1,NA,NA,2023
"Chipinge",2023-09-18,0.3,19.6,NA,15.4,2023
"Chipinge",2023-09-20,NA,22.4,NA,11.6,2023
"Chipinge",2023-09-23,NA,26,NA,14.2,2023
"Chipinge",2023-09-24,NA,25.8,NA,15.7,2023
"Chipinge",2023-09-25,NA,22.7,NA,17.3,2023
"Chipinge",2023-09-27,0,18.5,NA,16.3,2023
"Chipinge",2023-09-29,0,22.7,NA,17,2023
"Chipinge",2023-09-30,NA,24.6,NA,17.3,2023
"Chipinge",2023-10-01,NA,27.2,NA,20,2023
"Chipinge",2023-10-04,NA,21.8,NA,13.6,2023
"Chipinge",2023-10-09,0,22.1,NA,16.9,2023
"Chipinge",2023-10-10,NA,22.7,NA,16.5,2023
"Chipinge",2023-10-11,NA,25.2,NA,15.8,2023
"Chipinge",2023-10-12,NA,30.2,NA,17,2023
"Chipinge",2023-10-13,NA,29.9,NA,NA,2023
"Chipinge",2023-10-14,0,22.3,NA,NA,2023
"Chipinge",2023-10-15,3,16.8,NA,15.4,2023
"Chipinge",2023-10-16,4.1,17.3,NA,15.5,2023
"Chipinge",2023-10-17,0,19.9,NA,16.4,2023
"Chipinge",2023-10-18,11.9,17.6,NA,15.5,2023
"Chipinge",2023-10-19,0.3,19.7,NA,14.1,2023
"Chipinge",2023-10-20,0,21.4,NA,15.3,2023
"Chipinge",2023-10-21,NA,24.3,NA,14,2023
"Chipinge",2023-10-24,NA,25,NA,NA,2023
"Chipinge",2023-10-25,NA,22.5,NA,NA,2023
"Chipinge",2023-10-26,2,20.6,NA,14.7,2023
"Chipinge",2023-10-27,0,22.4,NA,15.6,2023
"Chipinge",2023-11-06,NA,23.8,NA,15.4,2023
"Chipinge",2023-11-07,NA,27.3,NA,17.6,2023
"Chipinge",2023-11-08,11.9,20.7,NA,16.3,2023
"Chipinge",2023-11-10,0.5,20.5,NA,16.6,2023
"Chipinge",2023-11-11,0,21.9,NA,15.2,2023
"Chipinge",2023-11-16,0,21.2,NA,13.3,2023
"Chipinge",2023-11-17,0,21.2,NA,13.3,2023
"Chipinge",2023-11-19,NA,28.6,NA,18.7,2023
"Chipinge",2023-11-20,NA,29.4,NA,NA,2023
"Chipinge",2023-11-21,NA,25.6,NA,19.6,2023
"Chipinge",2023-11-22,NA,27.6,NA,NA,2023
"Chipinge",2023-11-23,NA,28.6,NA,17.3,2023
"Chipinge",2023-11-24,NA,25.6,NA,NA,2023
"Chipinge",2023-11-25,NA,27.8,NA,19.2,2023
"Chipinge",2023-11-26,NA,28.3,NA,18.4,2023
"Chipinge",2023-11-27,NA,26.8,NA,18.5,2023
"Chipinge",2023-11-28,NA,26,NA,18.3,2023
"Chipinge",2023-12-05,NA,23.9,NA,15.1,2023
"Chipinge",2023-12-06,NA,24.8,NA,NA,2023
"Chipinge",2023-12-07,NA,22.3,NA,16.5,2023
"Chipinge",2023-12-08,NA,23.8,NA,15.4,2023
"Chipinge",2023-12-12,NA,27.2,NA,NA,2023
"Chipinge",2023-12-16,NA,23.7,NA,NA,2023
"Chipinge",2023-12-17,11.9,21.3,NA,19.1,2023
"Chipinge",2023-12-18,7.9,23.3,NA,19.2,2023
"Chipinge",2023-12-20,5.1,21.1,NA,18.3,2023
"Chipinge",2023-12-23,NA,25.3,NA,18.5,2023
"Chipinge",2023-12-24,NA,24.4,NA,18.7,2023
"Chipinge",2023-12-25,NA,25.6,NA,18.7,2023
"Chipinge",2023-12-26,NA,24.2,NA,18.8,2023
"Chipinge",2023-12-27,13,19.1,NA,18.6,2023
"Chipinge",2023-12-29,NA,19.1,NA,NA,2023
"Chipinge",2023-12-30,25.9,19.3,NA,16.1,2023
"Chipinge",2024-01-03,21.1,19.3,NA,17.2,2024
"Chipinge",2024-01-04,0.3,21.9,NA,16.4,2024
"Chipinge",2024-01-05,0.5,22.2,NA,16.5,2024
"Chipinge",2024-01-06,0,21.4,NA,16.3,2024
"Chipinge",2024-01-07,NA,24.4,NA,17.5,2024
"Chipinge",2024-01-08,NA,23.4,NA,17.9,2024
"Chipinge",2024-01-09,NA,25.1,NA,NA,2024
"Chipinge",2024-01-10,NA,24.1,NA,19.2,2024
"Chipinge",2024-01-12,NA,25.8,NA,NA,2024
"Chipinge",2024-01-13,NA,25.3,NA,19.2,2024
"Chipinge",2024-01-14,NA,24.3,NA,19.6,2024
"Chipinge",2024-01-15,NA,25.2,NA,19.5,2024
"Chipinge",2024-01-17,NA,26.9,NA,19.6,2024
"Chipinge",2024-01-18,0,20.4,NA,NA,2024
"Chipinge",2024-01-23,NA,21.3,NA,16.2,2024
"Chipinge",2024-01-24,15,20.2,NA,16.6,2024
"Chipinge",2024-01-25,0,20.4,NA,15,2024
"Chipinge",2024-01-26,NA,22.2,NA,NA,2024
"Chipinge",2024-01-27,NA,21.5,NA,14.4,2024
"Chipinge",2024-01-28,NA,23.8,NA,16.4,2024
"Chipinge",2024-01-30,NA,23.9,NA,NA,2024
"Chipinge",2024-02-02,NA,19.8,NA,16.4,2024
"Chipinge",2024-02-09,0.5,24.3,NA,18.6,2024
"Chipinge",2024-02-12,48,19.7,NA,16,2024
"Chipinge",2024-02-16,NA,28.8,NA,18.2,2024
"Chipinge",2024-02-17,NA,28.8,NA,19.6,2024
"Chipinge",2024-02-18,NA,23.2,NA,18.3,2024
"Chipinge",2024-02-20,0.5,23,NA,17.2,2024
"Chipinge",2024-02-21,0,24.2,NA,NA,2024
"Chipinge",2024-02-22,NA,23.3,NA,16.5,2024
"Chipinge",2024-02-23,NA,23.5,NA,17.2,2024
"Chipinge",2024-02-24,NA,24.3,NA,18.4,2024
"Chipinge",2024-02-25,0,26.5,NA,18.7,2024
"Chipinge",2024-02-26,NA,26.3,NA,19.3,2024
"Chipinge",2024-02-28,9.9,18.9,NA,15.6,2024
"Chipinge",2024-02-29,0,17.2,NA,15.2,2024
"Chipinge",2024-03-01,3,18,NA,15.2,2024
"Chipinge",2024-03-02,0,24.5,NA,16.6,2024
"Chipinge",2024-03-04,NA,25.1,NA,17.2,2024
"Chipinge",2024-03-05,NA,24.5,NA,17.6,2024
"Chipinge",2024-03-07,NA,26.8,NA,20.7,2024
"Chipinge",2024-03-08,NA,27.2,NA,19.5,2024
"Chipinge",2024-03-09,NA,24.7,NA,20.2,2024
"Chipinge",2024-03-10,NA,24.3,NA,19.4,2024
"Chipinge",2024-03-11,4.1,22.6,NA,19.1,2024
"Chipinge",2024-03-14,NA,27.2,NA,21.7,2024
"Chipinge",2024-03-15,NA,22.2,NA,NA,2024
"Chipinge",2024-03-16,0,22.2,NA,18.5,2024
"Chipinge",2024-03-19,7.9,23.2,NA,18.5,2024
"Chipinge",2024-03-20,0,21.7,NA,16.8,2024
"Chipinge",2024-03-21,0.3,20.9,NA,17.2,2024
"Chipinge",2024-03-22,0.3,20.9,NA,16.5,2024
"Chipinge",2024-03-23,2,20.6,NA,16.4,2024
"Chipinge",2024-03-27,3,21.2,NA,16.6,2024
"Chipinge",2024-04-03,NA,22.3,NA,17.3,2024
"Chipinge",2024-04-04,NA,23.3,NA,NA,2024
"Chipinge",2024-04-05,NA,23.3,NA,18.1,2024
"Chipinge",2024-04-08,NA,20.1,NA,NA,2024
"Chipinge",2024-04-09,NA,24.7,NA,NA,2024
"Chipinge",2024-04-13,0.3,16.8,NA,13.7,2024
"Chipinge",2024-04-15,NA,18.1,NA,12.7,2024
"Chipinge",2024-04-16,NA,18.7,NA,13.9,2024
"Chipinge",2024-04-17,NA,17.2,NA,12.2,2024
"Chipinge",2024-04-18,0,21.1,NA,14.3,2024
"Chipinge",2024-04-23,NA,23.7,NA,14.7,2024
"Chipinge",2024-04-24,NA,21.7,NA,16.8,2024
"Chipinge",2024-04-25,NA,22,NA,16.2,2024
"Chipinge",2024-04-27,NA,17.3,NA,14.7,2024
"Chipinge",2024-04-28,7.9,14.6,NA,12.3,2024
"Chipinge",2024-04-29,0,17.9,NA,11.7,2024
"Chipinge",2024-05-02,NA,20.2,NA,14.9,2024
"Chipinge",2024-05-03,NA,21.4,NA,14.2,2024
"Chipinge",2024-05-06,NA,21.3,NA,12.6,2024
"Chipinge",2024-05-10,NA,19.5,NA,12.4,2024
"Chipinge",2024-05-14,NA,17.7,NA,NA,2024
"Chipinge",2024-05-15,NA,18.7,NA,NA,2024
"Chipinge",2024-05-16,NA,17.8,NA,10.8,2024
"Chipinge",2024-05-17,NA,21.2,NA,13.6,2024
"Chipinge",2024-05-18,NA,18.8,NA,13,2024
"Chipinge",2024-05-19,NA,17.8,NA,11.7,2024
"Chipinge",2024-05-20,0,17,NA,13.4,2024
"Chipinge",2024-05-23,NA,18.5,NA,14,2024
"Chipinge",2024-05-24,NA,19.6,NA,11.9,2024
"Chipinge",2024-05-25,NA,18.3,NA,12.9,2024
"Chipinge",2024-05-26,NA,17.5,NA,11,2024
"Chipinge",2024-05-28,NA,17.8,NA,12,2024
"Chipinge",2024-05-30,NA,19.9,NA,12.4,2024
"Chipinge",2024-05-31,NA,22.4,NA,12.4,2024
"Chipinge",2024-06-01,NA,21.4,NA,12.8,2024
"Chipinge",2024-06-02,NA,20.1,NA,13.2,2024
"Chipinge",2024-06-04,NA,20.8,NA,NA,2024
"Chipinge",2024-06-05,NA,22.6,NA,13.5,2024
"Chipinge",2024-06-07,NA,22.5,NA,NA,2024
"Chipinge",2024-06-08,0,13.1,NA,11,2024
"Chipinge",2024-06-09,0.3,13.2,NA,9.7,2024
"Chipinge",2024-06-10,0,13.3,NA,9.4,2024
"Chipinge",2024-06-17,0,17.1,NA,10.4,2024
"Chipinge",2024-06-21,NA,15,NA,11.7,2024
"Chipinge",2024-06-22,0,17,NA,12.8,2024
"Chipinge",2024-06-23,0,16.1,NA,12.4,2024
"Chipinge",2024-06-25,6.1,14.1,NA,10.7,2024
"Chipinge",2024-06-26,4.1,14.8,NA,11.8,2024
"Chipinge",2024-06-30,NA,17.9,NA,NA,2024
"Chipinge",2024-07-03,NA,16.9,NA,10.1,2024
"Chipinge",2024-07-04,NA,22.3,NA,12.5,2024
"Chipinge",2024-07-05,NA,18.4,NA,13.3,2024
"Chipinge",2024-07-12,NA,21.8,NA,13.5,2024
"Chipinge",2024-07-13,NA,20.5,NA,13.5,2024
"Chipinge",2024-07-14,NA,21.6,NA,14.9,2024
"Chipinge",2024-07-15,NA,23.6,NA,16.4,2024
"Chipinge",2024-07-17,NA,19.8,NA,NA,2024
"Chipinge",2024-07-20,NA,23,NA,14,2024
"Chipinge",2024-07-22,NA,19.4,NA,11.3,2024
"Chipinge",2024-07-23,NA,18.8,NA,NA,2024
"Chipinge",2024-07-25,NA,20.6,NA,NA,2024
"Chipinge",2024-07-29,NA,20,NA,NA,2024
"Chipinge",2024-07-31,NA,18.4,NA,12.4,2024
"Chipinge",2024-08-03,NA,21.7,NA,12.7,2024
"Chipinge",2024-08-04,NA,20.1,NA,12.6,2024
"Chipinge",2024-08-05,NA,24.1,NA,16.2,2024
"Chipinge",2024-08-06,0.3,15.5,NA,NA,2024
"Chipinge",2024-08-08,NA,19.4,NA,12.1,2024
"Chipinge",2024-08-09,NA,23.5,NA,13.2,2024
"Chipinge",2024-08-10,NA,24.9,NA,16,2024
"Chipinge",2024-08-15,NA,21.1,NA,14.3,2024
"Chipinge",2024-08-23,5.1,13.6,NA,11.5,2024
"Chipinge",2024-08-27,NA,24.8,NA,15.1,2024
"Chipinge",2024-08-28,NA,25.7,NA,15.8,2024
"Chipinge",2024-08-29,NA,21.3,NA,16.7,2024
"Chipinge",2024-08-30,0.8,14.4,NA,NA,2024
"Chipinge",2024-08-31,13,13.7,NA,11.5,2024
"Chipinge",2024-09-02,NA,15.9,NA,9.5,2024
"Chipinge",2024-09-04,NA,18,NA,11.2,2024
"Chipinge",2024-09-05,NA,20.7,NA,9.5,2024
"Chipinge",2024-09-07,NA,24.6,NA,NA,2024
"Chipinge",2024-09-09,NA,26.7,NA,17.1,2024
"Chipinge",2024-09-10,0,18,NA,14.4,2024
"Chipinge",2024-09-12,NA,22.3,NA,13.4,2024
"Chipinge",2024-09-15,NA,29.7,NA,19.4,2024
"Chipinge",2024-09-17,NA,24.5,NA,15,2024
"Chipinge",2024-09-18,NA,28.6,NA,15.5,2024
"Chipinge",2024-09-20,NA,15.9,NA,NA,2024
"Chipinge",2024-09-21,1,13.3,NA,NA,2024
"Chipinge",2024-09-22,5.1,11.7,NA,10.6,2024
"Chipinge",2024-09-23,7.1,13.3,NA,10.2,2024
"Chipinge",2024-09-24,0,16.8,NA,11.5,2024
"Chipinge",2024-09-25,NA,23.8,NA,13.2,2024
"Chipinge",2024-09-26,NA,27,NA,16.7,2024
"Chipinge",2024-10-04,NA,16.1,NA,10.5,2024
"Chipinge",2024-10-05,NA,14.9,NA,9.3,2024
"Chipinge",2024-10-06,NA,18.2,NA,9.9,2024
"Chipinge",2024-10-08,NA,22.8,NA,13.2,2024
"Chipinge",2024-10-10,NA,21.8,NA,13.6,2024
"Chipinge",2024-10-14,NA,28.1,NA,16.4,2024
"Chipinge",2024-10-24,NA,21.7,NA,18,2024
"Chipinge",2024-10-25,0,27.6,NA,17.1,2024
"Chipinge",2024-10-27,NA,27.8,NA,17.8,2024
"Chipinge",2024-10-28,0,29.6,NA,18.7,2024
"Chipinge",2024-10-29,NA,25.3,NA,19.9,2024
"Chipinge",2024-11-01,NA,20.2,NA,15.6,2024
"Chipinge",2024-11-02,0,27.3,NA,17.1,2024
"Chipinge",2024-11-03,NA,27.6,NA,16.9,2024
"Chipinge",2024-11-04,NA,25.3,NA,14,2024
"Chipinge",2024-11-07,18,24.3,NA,17.6,2024
"Chipinge",2024-11-11,NA,27.2,NA,18.5,2024
"Chipinge",2024-11-12,2,23.7,NA,19.3,2024
"Chipinge",2024-11-15,21.1,19.6,NA,14,2024
"Chipinge",2024-11-16,0,21.6,NA,14.6,2024
"Chipinge",2024-11-17,NA,25.7,NA,17.1,2024
"Chipinge",2024-11-22,NA,27.8,NA,NA,2024
"Chipinge",2024-11-23,NA,28.6,NA,18.2,2024
"Chipinge",2024-11-24,NA,24.3,NA,19.4,2024
"Chipinge",2024-11-27,0,27.4,NA,20.4,2024
"Chipinge",2024-11-29,13,16.3,NA,15,2024
"Chipinge",2024-12-02,NA,26.8,NA,14.4,2024
"Chipinge",2024-12-05,NA,25.1,NA,15.6,2024
"Chipinge",2024-12-07,NA,29.6,NA,19.5,2024
"Chipinge",2024-12-08,NA,25.6,NA,19.5,2024
"Chipinge",2024-12-11,NA,27.8,NA,18.8,2024
"Chipinge",2024-12-12,NA,29.3,NA,18.6,2024
"Chipinge",2024-12-13,NA,32.6,NA,20.5,2024
"Chipinge",2024-12-14,NA,27.6,NA,21.2,2024
"Chipinge",2024-12-15,1,25.7,NA,19.9,2024
"Chipinge",2024-12-16,0,26.1,NA,18.2,2024
"Gweru",2014-07-01,0,13.2,22.4,4,2014
"Gweru",2014-07-02,0,13.7,22.6,4.8,2014
"Gweru",2014-07-03,0,14.25,22.8,5.7,2014
"Gweru",2014-07-04,0,12.45,21.4,3.5,2014
"Gweru",2014-07-05,0,11.15,20.7,1.6,2014
"Gweru",2014-07-06,0,11.25,19.3,3.2,2014
"Gweru",2014-07-07,0,12.6,16.5,8.7,2014
"Gweru",2014-07-08,0,10.8,17.8,3.8,2014
"Gweru",2014-07-09,0,11.2,16.2,6.2,2014
"Gweru",2014-07-10,0,10,15.6,4.4,2014
"Gweru",2014-07-11,0,9.1,17.6,0.6,2014
"Gweru",2014-07-12,0,9.15,17.6,0.7,2014
"Gweru",2014-07-13,0,9.3,18.3,0.3,2014
"Gweru",2014-07-14,0,10.6,21.1,0.1,2014
"Gweru",2014-07-15,0,12.2,21.7,2.7,2014
"Gweru",2014-07-16,0,11.5,22.1,0.9,2014
"Gweru",2014-07-17,0,11.75,20.1,3.4,2014
"Gweru",2014-07-18,0.8,9.25,11,7.5,2014
"Gweru",2014-07-19,0,11.4,15.9,6.9,2014
"Gweru",2014-07-20,0,10.6,20.3,0.9,2014
"Gweru",2014-07-21,0,10.2,19.8,0.6,2014
"Gweru",2014-07-22,0,10.5,18.4,2.6,2014
"Gweru",2014-07-23,0,10.4,18.5,2.3,2014
"Gweru",2014-07-24,0,11.1,21.7,0.5,2014
"Gweru",2014-07-25,0,14.45,24,4.9,2014
"Gweru",2014-07-26,0,8.75,15.8,1.7,2014
"Gweru",2014-07-27,0,9.8,19.3,0.3,2014
"Gweru",2014-07-28,0,12.2,20.6,3.8,2014
"Gweru",2014-07-29,0,10.95,20.5,1.4,2014
"Gweru",2014-07-30,0,10.35,20.2,0.5,2014
"Gweru",2014-07-31,0,10,18.6,1.4,2014
"Gweru",2014-08-01,0,13.85,22.8,4.9,2014
"Gweru",2014-08-02,0,13.9,23.6,4.2,2014
"Gweru",2014-08-03,0,10.95,14.8,7.1,2014
"Gweru",2014-08-04,0,13.05,21.2,4.9,2014
"Gweru",2014-08-05,0,12.3,19.7,4.9,2014
"Gweru",2014-08-06,0,10.7,13.1,8.3,2014
"Gweru",2014-08-07,0,8.15,12.7,3.6,2014
"Gweru",2014-08-08,0,10.55,18.7,2.4,2014
"Gweru",2014-08-09,0,10.65,19.9,1.4,2014
"Gweru",2014-08-10,0,14,22.3,5.7,2014
"Gweru",2014-08-11,0,16.15,24.8,7.5,2014
"Gweru",2014-08-12,0,15.6,24.7,6.5,2014
"Gweru",2014-08-13,0,16.25,21.3,11.2,2014
"Gweru",2014-08-14,0,13.6,21.2,6,2014
"Gweru",2014-08-15,0,14.65,23.1,6.2,2014
"Gweru",2014-08-16,0,17.45,26.3,8.6,2014
"Gweru",2014-08-17,0,19,27,11,2014
"Gweru",2014-08-18,0,18.7,27,10.4,2014
"Gweru",2014-08-19,0,19.7,27.5,11.9,2014
"Gweru",2014-08-20,0,18.9,26.1,11.7,2014
"Gweru",2014-08-21,0,16.95,25.5,8.4,2014
"Gweru",2014-08-22,0,14.8,21.3,8.3,2014
"Gweru",2014-08-23,0,13.35,22.7,4,2014
"Gweru",2014-08-24,0,14.65,23.2,6.1,2014
"Gweru",2014-08-25,0,14.6,21.6,7.6,2014
"Gweru",2014-08-26,0,14.25,18.4,10.1,2014
"Gweru",2014-08-27,0,14.45,19.6,9.3,2014
"Gweru",2014-08-28,0,14.75,21.8,7.7,2014
"Gweru",2014-08-29,0,14.85,23.3,6.4,2014
"Gweru",2014-08-30,0,17.4,24.4,10.4,2014
"Gweru",2014-08-31,0.8,19.8,26.1,13.5,2014
"Gweru",2014-09-01,2.5,13,13.7,12.3,2014
"Gweru",2014-09-02,0,14.45,19.5,9.4,2014
"Gweru",2014-09-03,0,16.6,24.2,9,2014
"Gweru",2014-09-04,0,17.85,27.6,8.1,2014
"Gweru",2014-09-05,0,16.45,27,5.9,2014
"Gweru",2014-09-06,0,14.35,24.8,3.9,2014
"Gweru",2014-09-07,0,13.85,23.4,4.3,2014
"Gweru",2014-09-08,0,14.5,22.2,6.8,2014
"Gweru",2014-09-09,0,15.65,25.7,5.6,2014
"Gweru",2014-09-10,0,17.45,27.8,7.1,2014
"Gweru",2014-09-11,0,18.6,28.9,8.3,2014
"Gweru",2014-09-12,0,20.65,29.3,12,2014
"Gweru",2014-09-13,0,19.75,29,10.5,2014
"Gweru",2014-09-14,0,21.2,29.3,13.1,2014
"Gweru",2014-09-15,0,19.95,28.8,11.1,2014
"Gweru",2014-09-16,0,16.85,28.4,5.3,2014
"Gweru",2014-09-17,0,20.5,30.7,10.3,2014
"Gweru",2014-09-18,0,18.45,24.9,12,2014
"Gweru",2014-09-19,0,18.15,26.6,9.7,2014
"Gweru",2014-09-20,0,19.65,28.1,11.2,2014
"Gweru",2014-09-21,0,19.9,27,12.8,2014
"Gweru",2014-09-22,0,19.95,29.4,10.5,2014
"Gweru",2014-09-23,0,23.1,32,14.2,2014
"Gweru",2014-09-24,0,19,23.8,14.2,2014
"Gweru",2014-09-25,0,19.45,26.5,12.4,2014
"Gweru",2014-09-26,0,20,27.1,12.9,2014
"Gweru",2014-09-27,0,22.2,30.1,14.3,2014
"Gweru",2014-09-28,0,21.5,30.2,12.8,2014
"Gweru",2014-09-29,0,21.2,30.2,12.2,2014
"Gweru",2014-09-30,0,21.55,30.9,12.2,2014
"Gweru",2014-10-01,0,22.35,31.3,13.4,2014
"Gweru",2014-10-02,0,23.45,32.9,14,2014
"Gweru",2014-10-03,0,23.1,31.3,14.9,2014
"Gweru",2014-10-04,0,23.8,32.3,15.3,2014
"Gweru",2014-10-05,0,24,31.6,16.4,2014
"Gweru",2014-10-06,0,22.95,31,14.9,2014
"Gweru",2014-10-07,0,21.45,31.8,11.1,2014
"Gweru",2014-10-08,0,23.2,32,14.4,2014
"Gweru",2014-10-09,0,25.25,33.6,16.9,2014
"Gweru",2014-10-10,0,25.2,32.6,17.8,2014
"Gweru",2014-10-11,0,22.05,28.8,15.3,2014
"Gweru",2014-10-12,0,19.3,24.8,13.8,2014
"Gweru",2014-10-13,0,21.55,29.3,13.8,2014
"Gweru",2014-10-14,0.3,23.75,30.2,17.3,2014
"Gweru",2014-10-15,0,22.85,31.2,14.5,2014
"Gweru",2014-10-16,1.8,19.45,20.7,18.2,2014
"Gweru",2014-10-17,14.5,19.55,26,13.1,2014
"Gweru",2014-10-18,0,21.1,28.6,13.6,2014
"Gweru",2014-10-19,0,22.35,29.4,15.3,2014
"Gweru",2014-10-20,0,22.1,27.9,16.3,2014
"Gweru",2014-10-21,0,20.85,26.8,14.9,2014
"Gweru",2014-10-22,3.3,18.15,18.6,17.7,2014
"Gweru",2014-10-23,0,18.3,22.9,13.7,2014
"Gweru",2014-10-24,3,21.85,28.2,15.5,2014
"Gweru",2014-10-25,0,21.35,25.8,16.9,2014
"Gweru",2014-10-26,15.7,21.35,26.9,15.8,2014
"Gweru",2014-10-27,0,20.65,25.9,15.4,2014
"Gweru",2014-10-28,9.7,22.5,28.9,16.1,2014
"Gweru",2014-10-29,6.1,18.75,20.7,16.8,2014
"Gweru",2014-10-30,11.2,17.75,21.2,14.3,2014
"Gweru",2014-10-31,66.3,20.45,25.9,15,2014
"Gweru",2014-11-01,16.5,19.25,23.1,15.4,2014
"Gweru",2014-11-02,0.3,13.65,15.4,11.9,2014
"Gweru",2014-11-03,40.4,16.75,20.3,13.2,2014
"Gweru",2014-11-04,2.8,17.35,20.6,14.1,2014
"Gweru",2014-11-05,0,20,25.1,14.9,2014
"Gweru",2014-11-06,1.8,21.05,26.6,15.5,2014
"Gweru",2014-11-07,0,20.65,26.4,14.9,2014
"Gweru",2014-11-08,0,14.4,17,11.8,2014
"Gweru",2014-11-09,0,17.2,22.8,11.6,2014
"Gweru",2014-11-10,10.2,21.25,27,15.5,2014
"Gweru",2014-11-11,1.5,22.35,28.6,16.1,2014
"Gweru",2014-11-12,0,16.75,21.8,11.7,2014
"Gweru",2014-11-13,0,17.3,24.1,10.5,2014
"Gweru",2014-11-14,0,18,25.4,10.6,2014
"Gweru",2014-11-15,0,19.15,26.7,11.6,2014
"Gweru",2014-11-16,0,18.15,26.3,10,2014
"Gweru",2014-11-17,0,18.3,26.5,10.1,2014
"Gweru",2014-11-18,0,20.25,28.8,11.7,2014
"Gweru",2014-11-19,0,21,28.2,13.8,2014
"Gweru",2014-11-20,0,22.75,30.9,14.6,2014
"Gweru",2014-11-21,0,22.8,30.7,14.9,2014
"Gweru",2014-11-22,0,23.1,31,15.2,2014
"Gweru",2014-11-23,0,22.3,29.8,14.8,2014
"Gweru",2014-11-24,0,22.1,29.9,14.3,2014
"Gweru",2014-11-25,0,24.35,31,17.7,2014
"Gweru",2014-11-26,0,25.05,31.7,18.4,2014
"Gweru",2014-11-27,0.5,25.6,33.2,18,2014
"Gweru",2014-11-28,2.8,23.5,29.1,17.9,2014
"Gweru",2014-11-29,5.6,23,28.9,17.1,2014
"Gweru",2014-11-30,0,21.75,27.9,15.6,2014
"Gweru",2014-12-01,0,22.7,29.6,15.8,2014
"Gweru",2014-12-02,34.3,22.85,27.9,17.8,2014
"Gweru",2014-12-03,0,17.6,21,14.2,2014
"Gweru",2014-12-04,0,16.95,19.7,14.2,2014
"Gweru",2014-12-05,0,19.7,26,13.4,2014
"Gweru",2014-12-06,0,19.85,27.6,12.1,2014
"Gweru",2014-12-07,0,20.95,27.1,14.8,2014
"Gweru",2014-12-08,0,22.25,28,16.5,2014
"Gweru",2014-12-09,17.5,20,22.8,17.2,2014
"Gweru",2014-12-10,4.1,19.1,21.3,16.9,2014
"Gweru",2014-12-11,2.5,20.45,23.9,17,2014
"Gweru",2014-12-12,0,22.7,28.5,16.9,2014
"Gweru",2014-12-13,0,21.85,27.4,16.3,2014
"Gweru",2014-12-14,0,21.1,26.9,15.3,2014
"Gweru",2014-12-15,0,19.85,23.3,16.4,2014
"Gweru",2014-12-16,0,18.65,24.4,12.9,2014
"Gweru",2014-12-17,0,19.85,27.1,12.6,2014
"Gweru",2014-12-18,0,21.4,27.5,15.3,2014
"Gweru",2014-12-19,0,21.45,28.7,14.2,2014
"Gweru",2014-12-20,0,22.2,28.1,16.3,2014
"Gweru",2014-12-21,0,22.45,27.5,17.4,2014
"Gweru",2014-12-22,9.4,22.1,27.5,16.7,2014
"Gweru",2014-12-23,1.3,19.7,23.2,16.2,2014
"Gweru",2014-12-24,3.6,19.95,23.3,16.6,2014
"Gweru",2014-12-25,10.9,20.6,23.7,17.5,2014
"Gweru",2014-12-26,19.6,21.8,26.3,17.3,2014
"Gweru",2014-12-27,0.5,20.3,24.3,16.3,2014
"Gweru",2014-12-28,0,18.25,22.7,13.8,2014
"Gweru",2014-12-29,0,18.95,26.1,11.8,2014
"Gweru",2014-12-30,0,19.25,26.4,12.1,2014
"Gweru",2014-12-31,0,21.65,27,16.3,2014
"Gweru",2015-01-01,2.3,21.9,25.1,18.7,2015
"Gweru",2015-01-02,2.5,20,22.9,17.1,2015
"Gweru",2015-01-03,11.9,21.4,25.1,17.7,2015
"Gweru",2015-01-04,7.1,19.95,21.8,18.1,2015
"Gweru",2015-01-05,12.4,20.1,22.6,17.6,2015
"Gweru",2015-01-06,5.1,21.2,24.8,17.6,2015
"Gweru",2015-01-07,93,19.6,21.4,17.8,2015
"Gweru",2015-01-08,5.3,19.5,22.3,16.7,2015
"Gweru",2015-01-09,0,16,18.6,13.4,2015
"Gweru",2015-01-10,0.5,17.25,19.7,14.8,2015
"Gweru",2015-01-11,0,17.9,21.8,14,2015
"Gweru",2015-01-12,0,18.6,26.4,10.8,2015
"Gweru",2015-01-13,0,19.3,26.6,12,2015
"Gweru",2015-01-14,0,19.75,25.7,13.8,2015
"Gweru",2015-01-15,0,21.3,27.8,14.8,2015
"Gweru",2015-01-16,0,22.7,27.5,17.9,2015
"Gweru",2015-01-17,8.4,21.6,26.8,16.4,2015
"Gweru",2015-01-18,0,21.95,28.1,15.8,2015
"Gweru",2015-01-19,36.6,22.1,26.7,17.5,2015
"Gweru",2015-01-20,6.1,21.8,26.2,17.4,2015
"Gweru",2015-01-21,1,21.3,25.7,16.9,2015
"Gweru",2015-01-22,12.4,20.15,22.9,17.4,2015
"Gweru",2015-01-23,14.7,21.7,25.8,17.6,2015
"Gweru",2015-01-24,25.7,21.4,25.2,17.6,2015
"Gweru",2015-01-25,8.4,20.7,23.9,17.5,2015
"Gweru",2015-01-26,0,21,24.7,17.3,2015
"Gweru",2015-01-27,0,22,26.8,17.2,2015
"Gweru",2015-01-28,5.3,20.9,26.5,15.3,2015
"Gweru",2015-01-29,0.8,20.1,23.2,17,2015
"Gweru",2015-01-30,9.7,20.95,24.3,17.6,2015
"Gweru",2015-01-31,1.5,21.6,24.9,18.3,2015
"Gweru",2015-02-01,65,20.9,25.2,16.6,2015
"Gweru",2015-02-02,19.8,18.6,21,16.2,2015
"Gweru",2015-02-03,0,17.65,19.5,15.8,2015
"Gweru",2015-02-04,0,17.15,19.1,15.2,2015
"Gweru",2015-02-05,0,18.1,22,14.2,2015
"Gweru",2015-02-06,0,17.3,22.6,12,2015
"Gweru",2015-02-07,0,20.45,25.8,15.1,2015
"Gweru",2015-02-08,10.4,20.7,24.8,16.6,2015
"Gweru",2015-02-09,36.1,21.1,24.9,17.3,2015
"Gweru",2015-02-10,4.6,20.25,23.4,17.1,2015
"Gweru",2015-02-11,0,21.35,26.3,16.4,2015
"Gweru",2015-02-12,6.6,22.45,27.9,17,2015
"Gweru",2015-02-13,13.2,21.35,26,16.7,2015
"Gweru",2015-02-14,0,20.9,24.6,17.2,2015
"Gweru",2015-02-15,0,19.95,23.7,16.2,2015
"Gweru",2015-02-16,0,18.6,23.3,13.9,2015
"Gweru",2015-02-17,0,19.25,25.8,12.7,2015
"Gweru",2015-02-18,0,19.85,25.6,14.1,2015
"Gweru",2015-02-19,0,20.55,25.7,15.4,2015
"Gweru",2015-02-20,0,20.6,27.1,14.1,2015
"Gweru",2015-02-21,0,20.35,27.6,13.1,2015
"Gweru",2015-02-22,0,21.05,28.1,14,2015
"Gweru",2015-02-23,0,21.85,28.2,15.5,2015
"Gweru",2015-02-24,30.2,21.8,26.3,17.3,2015
"Gweru",2015-02-25,0.3,20.55,24.5,16.6,2015
"Gweru",2015-02-26,0.5,18.4,20.9,15.9,2015
"Gweru",2015-02-27,6.6,20.2,24.4,16,2015
"Gweru",2015-02-28,1.5,21.05,25.6,16.5,2015
"Gweru",NA,6.6,20.2,24.3,16.1,NA
"Gweru",2015-03-01,9.1,20.6,24.3,16.9,2015
"Gweru",2015-03-02,0,21.5,26.4,16.6,2015
"Gweru",2015-03-03,0,20.05,26.7,13.4,2015
"Gweru",2015-03-04,0,19.75,24.6,14.9,2015
"Gweru",2015-03-05,0,19.5,25.9,13.1,2015
"Gweru",2015-03-06,0,19.65,27,12.3,2015
"Gweru",2015-03-07,0,18.75,26.1,11.4,2015
"Gweru",2015-03-08,0,20.05,25.9,14.2,2015
"Gweru",2015-03-09,0,18.45,26.3,10.6,2015
"Gweru",2015-03-10,0,18.8,25.8,11.8,2015
"Gweru",2015-03-11,0,16.8,25.3,8.3,2015
"Gweru",2015-03-12,0,16.8,25.9,7.7,2015
"Gweru",2015-03-13,0,17,24.3,9.7,2015
"Gweru",2015-03-14,0.5,17.85,23.9,11.8,2015
"Gweru",2015-03-15,0,19.95,25.9,14,2015
"Gweru",2015-03-16,0,17.95,23.9,12,2015
"Gweru",2015-03-17,0,18.35,25.1,11.6,2015
"Gweru",2015-03-18,0,16.5,23.3,9.7,2015
"Gweru",2015-03-19,0,18.1,23.9,12.3,2015
"Gweru",2015-03-20,0,18.5,26.9,10.1,2015
"Gweru",2015-03-21,0,18.35,28,8.7,2015
"Gweru",2015-03-22,0,18.6,28,9.2,2015
"Gweru",2015-03-23,0,18.65,28.5,8.8,2015
"Gweru",2015-03-24,0,19.2,28.5,9.9,2015
"Gweru",2015-03-25,0,19.4,29.4,9.4,2015
"Gweru",2015-03-26,0,21.7,30.1,13.3,2015
"Gweru",2015-03-27,0,20.85,28.3,13.4,2015
"Gweru",2015-03-28,0,20.25,27.9,12.6,2015
"Gweru",2015-03-29,0,20.4,26.4,14.4,2015
"Gweru",2015-03-30,0,19.25,25.4,13.1,2015
"Gweru",2015-03-31,0,18.95,25.1,12.8,2015
"Gweru",2015-04-01,0,17.95,23.9,12,2015
"Gweru",2015-04-02,0,18.5,27.3,9.7,2015
"Gweru",2015-04-03,0,19.8,28.3,11.3,2015
"Gweru",2015-04-04,0,21.2,30.1,12.3,2015
"Gweru",2015-04-05,0,22.65,29.7,15.6,2015
"Gweru",2015-04-06,0,21.6,28.2,15,2015
"Gweru",2015-04-07,0,20.35,28,12.7,2015
"Gweru",2015-04-08,0,21.05,28,14.1,2015
"Gweru",2015-04-09,12.4,19.45,27.1,11.8,2015
"Gweru",2015-04-10,0,20.25,26.9,13.6,2015
"Gweru",2015-04-11,0,19.5,25.7,13.3,2015
"Gweru",2015-04-12,0,17.9,22.1,13.7,2015
"Gweru",2015-04-13,0,17.65,23.7,11.6,2015
"Gweru",2015-04-14,0,16.95,24.3,9.6,2015
"Gweru",2015-04-15,0,17.45,24.7,10.2,2015
"Gweru",2015-04-16,0,19.2,27.9,10.5,2015
"Gweru",2015-04-17,0,20.9,28.4,13.4,2015
"Gweru",2015-04-18,0,19.95,27.9,12,2015
"Gweru",2015-04-19,0.8,18.25,20.8,15.7,2015
"Gweru",2015-04-20,0.5,15.8,18.4,13.2,2015
"Gweru",2015-04-21,0,15.4,18.2,12.6,2015
"Gweru",2015-04-22,0,14.7,23.6,5.8,2015
"Gweru",2015-04-23,0,15.8,21.8,9.8,2015
"Gweru",2015-04-24,0,15.55,22.4,8.7,2015
"Gweru",2015-04-25,0,14,20.9,7.1,2015
"Gweru",2015-04-26,0,14.4,21.4,7.4,2015
"Gweru",2015-04-27,0,15.85,23.6,8.1,2015
"Gweru",2015-04-28,0,16.05,23.6,8.5,2015
"Gweru",2015-04-29,0,14.45,23.5,5.4,2015
"Gweru",2015-04-30,0,14.9,24.1,5.7,2015
"Gweru",2015-05-01,0,16.3,25.4,7.2,2015
"Gweru",2015-05-02,0,18.4,27.2,9.6,2015
"Gweru",2015-05-03,0,17.75,26.4,9.1,2015
"Gweru",2015-05-04,0,15.4,26.2,4.6,2015
"Gweru",2015-05-05,0,17,26.9,7.1,2015
"Gweru",2015-05-06,0,17,27.7,6.3,2015
"Gweru",2015-05-07,0,15.5,20.7,10.3,2015
"Gweru",2015-05-08,4.1,12,14.4,9.6,2015
"Gweru",2015-05-09,0.5,13.7,17.5,9.9,2015
"Gweru",2015-05-10,0,15.75,21.9,9.6,2015
"Gweru",2015-05-11,0,14.95,23.6,6.3,2015
"Gweru",2015-05-12,0,15.5,23.6,7.4,2015
"Gweru",2015-05-13,0,15.55,22.7,8.4,2015
"Gweru",2015-05-14,0,11.95,21.8,2.1,2015
"Gweru",2015-05-15,0,13.6,21,6.2,2015
"Gweru",2015-05-16,0,14.25,22.4,6.1,2015
"Gweru",2015-05-17,0,14.2,22.7,5.7,2015
"Gweru",2015-05-18,0,13.4,21.1,5.7,2015
"Gweru",2015-05-19,0,11.45,19.7,3.2,2015
"Gweru",2015-05-20,0,12.55,20.5,4.6,2015
"Gweru",2015-05-21,0,12.15,20.7,3.6,2015
"Gweru",2015-05-22,0,11.45,18.4,4.5,2015
"Gweru",2015-05-23,0,12.2,20.4,4,2015
"Gweru",2015-05-24,0,13.95,17.3,10.6,2015
"Gweru",2015-05-25,0,13.15,17.9,8.4,2015
"Gweru",2015-05-26,0,11.1,14.1,8.1,2015
"Gweru",2015-05-27,0,13.6,20.2,7,2015
"Gweru",2015-05-28,0,11.8,18.5,5.1,2015
"Gweru",2015-05-29,0,13.65,19,8.3,2015
"Gweru",2015-05-30,0,13.25,19.4,7.1,2015
"Gweru",2015-05-31,0,12.55,17.1,8,2015
"Gweru",2015-06-01,0,12.8,19.9,5.7,2015
"Gweru",2015-06-02,0,13.3,19,7.6,2015
"Gweru",2015-06-03,0,14.25,17.7,10.8,2015
"Gweru",2015-06-04,0,13.25,16.2,10.3,2015
"Gweru",2015-06-05,1,12.35,15.8,8.9,2015
"Gweru",2015-06-06,0,12.35,16.8,7.9,2015
"Gweru",2015-06-07,0,12.2,19.2,5.2,2015
"Gweru",2015-06-08,0,11.6,19.1,4.1,2015
"Gweru",2015-06-09,0,14.1,18.6,9.6,2015
"Gweru",2015-06-10,0,11.2,18.7,3.7,2015
"Gweru",2015-06-11,0,14.45,19,9.9,2015
"Gweru",2015-06-12,0,12.85,19.9,5.8,2015
"Gweru",2015-06-13,0,12.5,20.4,4.6,2015
"Gweru",2015-06-14,0,11.05,19.8,2.3,2015
"Gweru",2015-06-15,0,11.2,19.3,3.1,2015
"Gweru",2015-06-16,0,11.9,18.6,5.2,2015
"Gweru",2015-06-17,0,13.6,19.8,7.4,2015
"Gweru",2015-06-18,0,13.5,20.2,6.8,2015
"Gweru",2015-06-19,2,14.25,21.6,6.9,2015
"Gweru",2015-06-20,5.8,13.1,18.4,7.8,2015
"Gweru",2015-06-21,0,13.75,20.1,7.4,2015
"Gweru",2015-06-22,0,15.25,20.2,10.3,2015
"Gweru",2015-06-23,0,14.05,20.6,7.5,2015
"Gweru",2015-06-24,0,14.35,20.1,8.6,2015
"Gweru",2015-06-25,0,14.15,20.2,8.1,2015
"Gweru",2015-06-26,0,12.35,20.7,4,2015
"Gweru",2015-06-27,0,13.45,21.8,5.1,2015
"Gweru",2015-06-28,0,13.85,22.3,5.4,2015
"Gweru",2015-06-29,0,10.3,18.7,1.9,2015
"Gweru",2015-06-30,0,11.65,19,4.3,2015
"Gweru",2015-07-01,0,11.3,19.2,3.4,2015
"Gweru",2015-07-02,0,10.45,18.1,2.8,2015
"Gweru",2015-07-03,0,11.15,19.7,2.6,2015
"Gweru",2015-07-04,0,11.35,20.1,2.6,2015
"Gweru",2015-07-05,0,13.1,21.1,5.1,2015
"Gweru",2015-07-06,0,12.7,21.3,4.1,2015
"Gweru",2015-07-07,0,12.75,20.7,4.8,2015
"Gweru",2015-07-08,0,14.2,21,7.4,2015
"Gweru",2015-07-09,0,14.15,21.7,6.6,2015
"Gweru",2015-07-10,0,14.35,21.6,7.1,2015
"Gweru",2015-07-11,0,13.25,20.9,5.6,2015
"Gweru",2015-07-12,0,12.65,20,5.3,2015
"Gweru",2015-07-13,0,12.75,19.3,6.2,2015
"Gweru",2015-07-14,0,12.45,19.9,5,2015
"Gweru",2015-07-15,0,13.5,21.7,5.3,2015
"Gweru",2015-07-16,0,13.3,22.4,4.2,2015
"Gweru",2015-07-17,0,13.5,22.2,4.8,2015
"Gweru",2015-07-18,0,12.45,21.6,3.3,2015
"Gweru",2015-07-19,0,13.5,23.8,3.2,2015
"Gweru",2015-07-20,0,13.2,24.1,2.3,2015
"Gweru",2015-07-21,0,13.35,19.9,6.8,2015
"Gweru",2015-07-22,0,11.95,18.7,5.2,2015
"Gweru",2015-07-23,0,14.85,20.1,9.6,2015
"Gweru",2015-07-24,0,12.65,21.3,4,2015
"Gweru",2015-07-25,0,15.05,22.4,7.7,2015
"Gweru",2015-07-26,0,14.7,24.2,5.2,2015
"Gweru",2015-07-27,0,14.15,21.7,6.6,2015
"Gweru",2015-07-28,0,14.1,20,8.2,2015
"Gweru",2015-07-29,0,11.5,14.6,8.4,2015
"Gweru",2015-07-30,0,10.15,17.1,3.2,2015
"Gweru",2015-07-31,0,11.5,17.9,5.1,2015
"Gweru",2015-08-01,0,10.05,17.9,2.2,2015
"Gweru",2015-08-02,0,9.6,18.4,0.8,2015
"Gweru",2015-08-03,0,11.2,19.3,3.1,2015
"Gweru",2015-08-04,0,12.2,20.7,3.7,2015
"Gweru",2015-08-05,0,14.1,22.9,5.3,2015
"Gweru",2015-08-06,0,17.35,26.3,8.4,2015
"Gweru",2015-08-07,0,16.95,26.4,7.5,2015
"Gweru",2015-08-08,0,13.2,20.3,6.1,2015
"Gweru",2015-08-09,0,15.7,21.2,10.2,2015
"Gweru",2015-08-10,0,16.8,24.5,9.1,2015
"Gweru",2015-08-11,0,15.25,24.2,6.3,2015
"Gweru",2015-08-12,0,13.5,23.8,3.2,2015
"Gweru",2015-08-13,0,14.05,23,5.1,2015
"Gweru",2015-08-14,0,14,22.4,5.6,2015
"Gweru",2015-08-15,0,13.25,20.9,5.6,2015
"Gweru",2015-08-16,0,13.55,21.2,5.9,2015
"Gweru",2015-08-17,0,14.85,22.7,7,2015
"Gweru",2015-08-18,0,15.3,24.6,6,2015
"Gweru",2015-08-19,0,18.8,26.3,11.3,2015
"Gweru",2015-08-20,0,19.5,27.2,11.8,2015
"Gweru",2015-08-21,0,16.4,23.8,9,2015
"Gweru",2015-08-22,0,17.25,24.7,9.8,2015
"Gweru",2015-08-23,0,18.5,26.2,10.8,2015
"Gweru",2015-08-24,0,20.1,28.6,11.6,2015
"Gweru",2015-08-25,0,20.6,29.2,12,2015
"Gweru",2015-08-26,0,21.1,29.8,12.4,2015
"Gweru",2015-08-27,0,21.85,29.3,14.4,2015
"Gweru",2015-08-28,0,19.9,30.4,9.4,2015
"Gweru",2015-08-29,0,17.55,26.7,8.4,2015
"Gweru",2015-08-30,0,18.2,27.3,9.1,2015
"Gweru",2015-08-31,0,18.55,27.7,9.4,2015
"Gweru",2015-09-01,0,20.7,29.6,11.8,2015
"Gweru",2015-09-02,0,18.9,27.9,9.9,2015
"Gweru",2015-09-03,0.5,20.8,27,14.6,2015
"Gweru",2015-09-04,4.8,17.55,21.4,13.7,2015
"Gweru",2015-09-05,0,16.55,23.2,9.9,2015
"Gweru",2015-09-06,0,16,23.9,8.1,2015
"Gweru",2015-09-07,0,17.15,25.9,8.4,2015
"Gweru",2015-09-08,0,18.35,26.9,9.8,2015
"Gweru",2015-09-09,0,20.8,29.3,12.3,2015
"Gweru",2015-09-10,0,22.65,30.9,14.4,2015
"Gweru",2015-09-11,0,24,31.8,16.2,2015
"Gweru",2015-09-12,0,24.2,32.1,16.3,2015
"Gweru",2015-09-13,0,20.75,29.2,12.3,2015
"Gweru",2015-09-14,0,21.25,29.3,13.2,2015
"Gweru",2015-09-15,2.3,23.4,30.7,16.1,2015
"Gweru",2015-09-16,0,17.35,21.8,12.9,2015
"Gweru",2015-09-17,0,10.5,13.1,7.9,2015
"Gweru",2015-09-18,0,10.6,14.7,6.5,2015
"Gweru",2015-09-19,0,10.25,17.5,3,2015
"Gweru",2015-09-20,0,11.5,19.8,3.2,2015
"Gweru",2015-09-21,0,12.6,20.8,4.4,2015
"Gweru",2015-09-22,0,14.3,22.6,6,2015
"Gweru",2015-09-23,0,16.7,26,7.4,2015
"Gweru",2015-09-24,0,19.15,28.6,9.7,2015
"Gweru",2015-09-25,0,22.9,31.2,14.6,2015
"Gweru",2015-09-26,0,23.15,30.1,16.2,2015
"Gweru",2015-09-27,0,22.5,31.4,13.6,2015
"Gweru",2015-09-28,0,22.55,31.4,13.7,2015
"Gweru",2015-09-29,0,25.1,32.1,18.1,2015
"Gweru",2015-09-30,0,25.8,33.6,18,2015
"Gweru",2015-10-01,0,24.45,32.7,16.2,2015
"Gweru",2015-10-02,0,23.9,32.1,15.7,2015
"Gweru",2015-10-03,0,22.5,29.1,15.9,2015
"Gweru",2015-10-04,0,21.2,26.9,15.5,2015
"Gweru",2015-10-05,0.5,20.6,26.9,14.3,2015
"Gweru",2015-10-06,0,19.4,26.1,12.7,2015
"Gweru",2015-10-07,0,17.6,23.4,11.8,2015
"Gweru",2015-10-08,0,17.4,25.2,9.6,2015
"Gweru",2015-10-09,0,20.3,28.9,11.7,2015
"Gweru",2015-10-10,0,23.15,31.4,14.9,2015
"Gweru",2015-10-11,0,25.55,33.5,17.6,2015
"Gweru",2015-10-12,0,23.35,29.8,16.9,2015
"Gweru",2015-10-13,0,21.2,26.8,15.6,2015
"Gweru",2015-10-14,0,21.1,28.2,14,2015
"Gweru",2015-10-15,0,20.55,27.9,13.2,2015
"Gweru",2015-10-16,0,22.4,29,15.8,2015
"Gweru",2015-10-17,0,18.95,24.8,13.1,2015
"Gweru",2015-10-18,3.3,18.7,23.1,14.3,2015
"Gweru",2015-10-19,0,18.55,24.8,12.3,2015
"Gweru",2015-10-20,0,19.6,26.6,12.6,2015
"Gweru",2015-10-21,0,20.35,28.7,12,2015
"Gweru",2015-10-22,0,20.75,30.3,11.2,2015
"Gweru",2015-10-23,0,20.9,31.1,10.7,2015
"Gweru",2015-10-24,0,22.55,32.4,12.7,2015
"Gweru",2015-10-25,0,24.1,32.6,15.6,2015
"Gweru",2015-10-26,0,22.25,27.7,16.8,2015
"Gweru",2015-10-27,0,21.8,29.6,14,2015
"Gweru",2015-10-28,0.5,22.85,28.9,16.8,2015
"Gweru",2015-10-29,0,22.15,27.9,16.4,2015
"Gweru",2015-10-30,0,21,27.6,14.4,2015
"Gweru",2015-10-31,0,22.1,29.8,14.4,2015
"Gweru",2015-11-01,0,23.2,30.4,16,2015
"Gweru",2015-11-02,15.2,22.05,28.2,15.9,2015
"Gweru",2015-11-03,0,20,24.1,15.9,2015
"Gweru",2015-11-04,2,21.5,25.7,17.3,2015
"Gweru",2015-11-05,26.9,18.8,20.5,17.1,2015
"Gweru",2015-11-06,5.8,20.35,24.9,15.8,2015
"Gweru",2015-11-07,63,20.85,24.9,16.8,2015
"Gweru",2015-11-08,19.1,18.4,21.1,15.7,2015
"Gweru",2015-11-09,2,18.5,23.2,13.8,2015
"Gweru",2015-11-10,0,19.05,22.9,15.2,2015
"Gweru",2015-11-11,0,15.65,17.9,13.4,2015
"Gweru",2015-11-12,0,14.95,17.7,12.2,2015
"Gweru",2015-11-13,0,16.4,21.5,11.3,2015
"Gweru",2015-11-14,0,16.95,22.9,11,2015
"Gweru",2015-11-15,0,16.6,24.3,8.9,2015
"Gweru",2015-11-16,0,17,24.9,9.1,2015
"Gweru",2015-11-17,0,18.9,27.9,9.9,2015
"Gweru",2015-11-18,0,21.75,30.1,13.4,2015
"Gweru",2015-11-19,0,24.35,31.8,16.9,2015
"Gweru",2015-11-20,0,25.15,32.3,18,2015
"Gweru",2015-11-21,2,25.35,32.3,18.4,2015
"Gweru",2015-11-22,0,22.85,28.6,17.1,2015
"Gweru",2015-11-23,0,22.25,27.2,17.3,2015
"Gweru",2015-11-24,16.3,21.45,26.3,16.6,2015
"Gweru",2015-11-25,0.8,20.5,24.8,16.2,2015
"Gweru",2015-11-26,0.8,20.25,24.1,16.4,2015
"Gweru",2015-11-27,0,22.3,28.4,16.2,2015
"Gweru",2015-11-28,0,21.55,29,14.1,2015
"Gweru",2015-11-29,0,20.65,26.6,14.7,2015
"Gweru",2015-11-30,0,21.25,28.4,14.1,2015
"Gweru",2015-12-01,0,23.5,31.2,15.8,2015
"Gweru",2015-12-02,1.5,23.5,29.9,17.1,2015
"Gweru",2015-12-03,0,19.75,22.4,17.1,2015
"Gweru",2015-12-04,0,19.1,23.8,14.4,2015
"Gweru",2015-12-05,0,20.2,26,14.4,2015
"Gweru",2015-12-06,2.5,20.9,25.7,16.1,2015
"Gweru",2015-12-07,4.3,20.45,26.6,14.3,2015
"Gweru",2015-12-08,0.5,21.55,27.2,15.9,2015
"Gweru",2015-12-09,0,22.7,29.5,15.9,2015
"Gweru",2015-12-10,0.3,23.6,28.7,18.5,2015
"Gweru",2015-12-11,0,18.55,21.9,15.2,2015
"Gweru",2015-12-12,10.7,19.55,25.1,14,2015
"Gweru",2015-12-13,23.9,21.55,26.9,16.2,2015
"Gweru",2015-12-14,5.3,19.05,20.9,17.2,2015
"Gweru",2015-12-15,74.7,19.1,21.6,16.6,2015
"Gweru",2015-12-16,6.6,20,24.7,15.3,2015
"Gweru",2015-12-17,19.8,21,26.2,15.8,2015
"Gweru",2015-12-18,16,22.05,27.4,16.7,2015
"Gweru",2015-12-19,14.2,20.9,26.9,14.9,2015
"Gweru",2015-12-20,0,17.45,20.3,14.6,2015
"Gweru",2015-12-21,0.3,17.25,22.4,12.1,2015
"Gweru",2015-12-22,0,16.7,25.4,8,2015
"Gweru",2015-12-23,0,19.35,27.2,11.5,2015
"Gweru",2015-12-24,0,20.55,28.4,12.7,2015
"Gweru",2015-12-25,0,21.65,28.4,14.9,2015
"Gweru",2015-12-26,0,22.35,30.1,14.6,2015
"Gweru",2015-12-27,18.5,22.15,27.7,16.6,2015
"Gweru",2015-12-28,0,22.95,30.1,15.8,2015
"Gweru",2015-12-29,0,23.95,30.9,17,2015
"Gweru",2015-12-30,1.5,21.05,25.8,16.3,2015
"Gweru",2015-12-31,16,21.4,26.1,16.7,2015
"Gweru",2016-01-01,0.5,20.75,23.9,17.6,2016
"Gweru",2016-01-02,12.7,20.75,24.6,16.9,2016
"Gweru",2016-01-03,13.2,21.7,26.6,16.8,2016
"Gweru",2016-01-04,65.3,21.95,26.1,17.8,2016
"Gweru",2016-01-05,0,19.7,23.7,15.7,2016
"Gweru",2016-01-06,4.3,21.3,25.4,17.2,2016
"Gweru",2016-01-07,0.5,20.95,25.1,16.8,2016
"Gweru",2016-01-08,50.8,21.45,25.7,17.2,2016
"Gweru",2016-01-09,8.1,19.95,23.6,16.3,2016
"Gweru",2016-01-10,14.7,19.45,21,17.9,2016
"Gweru",2016-01-11,17,18.5,20.6,16.4,2016
"Gweru",2016-01-12,14.2,17.75,18.8,16.7,2016
"Gweru",2016-01-13,4.8,18.95,21.6,16.3,2016
"Gweru",2016-01-14,0.8,19,21.6,16.4,2016
"Gweru",2016-01-15,0,20.25,24.7,15.8,2016
"Gweru",2016-01-16,1,19.5,25.2,13.8,2016
"Gweru",2016-01-17,0,20.45,24.2,16.7,2016
"Gweru",2016-01-18,0,20.85,26.3,15.4,2016
"Gweru",2016-01-19,13.2,22.05,29.9,14.2,2016
"Gweru",2016-01-20,4.8,23.15,29.9,16.4,2016
"Gweru",2016-01-21,0,20.65,26,15.3,2016
"Gweru",2016-01-22,2.8,22.6,28.3,16.9,2016
"Gweru",2016-01-23,7.9,22.35,28,16.7,2016
"Gweru",2016-01-24,0.5,20.55,24,17.1,2016
"Gweru",2016-01-25,12.7,19.5,22.6,16.4,2016
"Gweru",2016-01-26,9.7,20.5,24.4,16.6,2016
"Gweru",2016-01-27,2.5,20.8,25.4,16.2,2016
"Gweru",2016-01-28,5.1,20.75,24.8,16.7,2016
"Gweru",2016-01-29,9.7,20.4,24.7,16.1,2016
"Gweru",2016-01-30,0.3,21.1,25.9,16.3,2016
"Gweru",2016-01-31,0.3,21.25,25.9,16.6,2016
"Gweru",2016-02-01,0.3,20.75,25.1,16.4,2016
"Gweru",2016-02-02,1.5,21.3,25,17.6,2016
"Gweru",2016-02-03,1.5,21.7,26.1,17.3,2016
"Gweru",2016-02-04,30.5,19.7,22.4,17,2016
"Gweru",2016-02-05,0,17.15,19.1,15.2,2016
"Gweru",2016-02-06,0,18.7,23.2,14.2,2016
"Gweru",2016-02-07,0,21.05,26.9,15.2,2016
"Gweru",2016-02-08,0.8,22.95,27.4,18.5,2016
"Gweru",2016-02-09,1.8,20.9,24.4,17.4,2016
"Gweru",2016-02-10,4.3,20.75,24.3,17.2,2016
"Gweru",2016-02-11,0.8,21.65,26.4,16.9,2016
"Gweru",2016-02-12,21.1,21.15,25.7,16.6,2016
"Gweru",2016-02-13,0.8,20.75,24.7,16.8,2016
"Gweru",2016-02-14,0,20.65,25.5,15.8,2016
"Gweru",2016-02-15,15,21.95,26.8,17.1,2016
"Gweru",2016-02-16,3.6,19.8,22.8,16.8,2016
"Gweru",2016-02-17,0.8,19.85,24,15.7,2016
"Gweru",2016-02-18,0,20.5,24.5,16.5,2016
"Gweru",2016-02-19,0,21.05,25.6,16.5,2016
"Gweru",2016-02-20,14,21.45,26.7,16.2,2016
"Gweru",2016-02-21,0,20.65,26.9,14.4,2016
"Gweru",2016-02-22,0,19.5,23.8,15.2,2016
"Gweru",2016-02-23,0,18.35,24.3,12.4,2016
"Gweru",2016-02-24,0,19.65,26.2,13.1,2016
"Gweru",2016-02-25,0,21.5,27.3,15.7,2016
"Gweru",2016-02-26,0,21.5,26.4,16.6,2016
"Gweru",2016-02-27,0,22.15,26.9,17.4,2016
"Gweru",2016-02-28,35.1,21.25,26.3,16.2,2016
"Gweru",2016-03-01,4.6,20.3,24.3,16.3,2016
"Gweru",2016-03-02,1.3,19.4,23.1,15.7,2016
"Gweru",2016-03-03,2.8,17.9,20.4,15.4,2016
"Gweru",2016-03-04,10.7,16,17.4,14.6,2016
"Gweru",2016-03-05,5.8,12.7,14.8,10.6,2016
"Gweru",2016-03-06,1.8,14.45,17.1,11.8,2016
"Gweru",2016-03-07,0,15.35,19.6,11.1,2016
"Gweru",2016-03-08,0,16.1,19.4,12.8,2016
"Gweru",2016-03-09,0,17.8,22.4,13.2,2016
"Gweru",2016-03-10,0,19.1,23.6,14.6,2016
"Gweru",2016-03-11,0,18.4,24.1,12.7,2016
"Gweru",2016-03-12,0,19,24.4,13.6,2016
"Gweru",2016-03-13,0,18.2,24.8,11.6,2016
"Gweru",2016-03-14,0,18,25.1,10.9,2016
"Gweru",2016-03-15,0,18.95,24.3,13.6,2016
"Gweru",2016-03-16,0,18.7,22.8,14.6,2016
"Gweru",2016-03-17,0,19.85,24.9,14.8,2016
"Gweru",2016-03-18,1.3,20.65,26.8,14.5,2016
"Gweru",2016-03-19,15.7,20.1,24.6,15.6,2016
"Gweru",2016-03-20,85.6,20,24.7,15.3,2016
"Gweru",2016-03-21,2.5,19.05,21.8,16.3,2016
"Gweru",2016-03-22,1.8,20.1,23.6,16.6,2016
"Gweru",2016-03-23,0,22.05,26.9,17.2,2016
"Gweru",2016-03-24,0,21,27.2,14.8,2016
"Gweru",2016-03-25,0,20.15,24.1,16.2,2016
"Gweru",2016-03-26,0,18.6,26.3,10.9,2016
"Gweru",2016-03-27,0,18.5,24.6,12.4,2016
"Gweru",2016-03-28,0,19.85,26.8,12.9,2016
"Gweru",2016-03-29,0,20.2,26.9,13.5,2016
"Gweru",2016-03-30,0,19.55,24.8,14.3,2016
"Gweru",2016-03-31,0,19.75,24.3,15.2,2016
"Gweru",2016-04-01,0,19.2,23.8,14.6,2016
"Gweru",2016-04-02,0,20,25.1,14.9,2016
"Gweru",2016-04-03,7.9,20.3,25.3,15.3,2016
"Gweru",2016-04-04,0,20.2,24.4,16,2016
"Gweru",2016-04-05,0,18.25,22.6,13.9,2016
"Gweru",2016-04-06,0,19,24.3,13.7,2016
"Gweru",2016-04-07,0,19.15,25.7,12.6,2016
"Gweru",2016-04-08,0,18.95,26.8,11.1,2016
"Gweru",2016-04-09,0,20.25,27,13.5,2016
"Gweru",2016-04-10,7.4,20.45,26.9,14,2016
"Gweru",2016-04-11,4.8,17.1,19.3,14.9,2016
"Gweru",2016-04-12,0,21.15,26.8,15.5,2016
"Gweru",2016-04-13,0,21.75,28.1,15.4,2016
"Gweru",2016-04-14,0,20.5,26.2,14.8,2016
"Gweru",2016-04-15,0,20.5,24.9,16.1,2016
"Gweru",2016-04-16,0,19,26.2,11.8,2016
"Gweru",2016-04-17,0,20,27.1,12.9,2016
"Gweru",2016-04-18,0,20.5,27.2,13.8,2016
"Gweru",2016-04-19,0,20.7,28,13.4,2016
"Gweru",2016-04-20,0.5,16.25,18.6,13.9,2016
"Gweru",2016-04-21,0,15.3,18.6,12,2016
"Gweru",2016-04-22,0,15.35,21.8,8.9,2016
"Gweru",2016-04-23,0,15.8,22.4,9.2,2016
"Gweru",2016-04-24,0,15.3,23.8,6.8,2016
"Gweru",2016-04-25,0,15.55,22.1,9,2016
"Gweru",2016-04-26,0,15.25,22.7,7.8,2016
"Gweru",2016-04-27,0,15.15,23.4,6.9,2016
"Gweru",2016-04-28,0,16.25,21.4,11.1,2016
"Gweru",2016-04-29,0,15.35,20.9,9.8,2016
"Gweru",2016-04-30,0,16.65,22.6,10.7,2016
"Gweru",2016-05-01,0,15.05,24.2,5.9,2016
"Gweru",2016-05-02,0,15.55,24.1,7,2016
"Gweru",2016-05-03,0,15.1,23.4,6.8,2016
"Gweru",2016-05-04,0,13.85,21.2,6.5,2016
"Gweru",2016-05-05,0,15.75,21.9,9.6,2016
"Gweru",2016-05-06,0,14.5,20.8,8.2,2016
"Gweru",2016-05-07,0,15,18.4,11.6,2016
"Gweru",2016-05-08,0,14.35,19.3,9.4,2016
"Gweru",2016-05-09,0,13.85,19.7,8,2016
"Gweru",2016-05-10,0,13.7,19.1,8.3,2016
"Gweru",2016-05-11,0,13.8,19.8,7.8,2016
"Gweru",2016-05-12,0,15.15,20,10.3,2016
"Gweru",2016-05-13,0,16.35,21.3,11.4,2016
"Gweru",2016-05-14,0,16.95,23.5,10.4,2016
"Gweru",2016-05-15,3.8,15.55,22.4,8.7,2016
"Gweru",2016-05-16,0,17.05,21.9,12.2,2016
"Gweru",2016-05-17,0,16.9,24,9.8,2016
"Gweru",2016-05-18,0,16.8,23.9,9.7,2016
"Gweru",2016-05-19,0,17.2,24.2,10.2,2016
"Gweru",2016-05-20,0,16.2,23.4,9,2016
"Gweru",2016-05-21,0.3,16.6,24.1,9.1,2016
"Gweru",2016-05-22,0,15.6,21.2,10,2016
"Gweru",2016-05-23,0,14,18.2,9.8,2016
"Gweru",2016-05-24,0,10.7,17.5,3.9,2016
"Gweru",2016-05-25,0,12.4,20.1,4.7,2016
"Gweru",2016-05-26,0,11.85,21.8,1.9,2016
"Gweru",2016-05-27,0,12.4,22.1,2.7,2016
"Gweru",2016-05-28,0,12.05,22.4,1.7,2016
"Gweru",2016-05-29,0,13.2,23.3,3.1,2016
"Gweru",2016-05-30,0,11.4,21.2,1.6,2016
"Gweru",2016-05-31,0,11.35,20.1,2.6,2016
"Gweru",2016-06-01,0,10.75,20.2,1.3,2016
"Gweru",2016-06-02,0,12.2,18.8,5.6,2016
"Gweru",2016-06-03,0,11,20.1,1.9,2016
"Gweru",2016-06-04,0,11.6,20.4,2.8,2016
"Gweru",2016-06-05,0,11,20,2,2016
"Gweru",2016-06-06,0,11.4,21.3,1.5,2016
"Gweru",2016-06-07,0,11.95,15.1,8.8,2016
"Gweru",2016-06-08,0,8.75,15.4,2.1,2016
"Gweru",2016-06-09,0,10.25,16.7,3.8,2016
"Gweru",2016-06-10,0,9.05,16.4,1.7,2016
"Gweru",2016-06-11,0,8.25,16.2,0.3,2016
"Gweru",2016-06-12,0,9.2,17.6,0.8,2016
"Gweru",2016-06-13,0,9.9,18,1.8,2016
"Gweru",2016-06-14,0,11.45,20.7,2.2,2016
"Gweru",2016-06-15,0,11.15,20.5,1.8,2016
"Gweru",2016-06-16,0,11.2,16.8,5.6,2016
"Gweru",2016-06-17,0,10.3,16.6,4,2016
"Gweru",2016-06-18,0,9.65,17.1,2.2,2016
"Gweru",2016-06-19,0,10,17.3,2.7,2016
"Gweru",2016-06-20,0,12.6,20.1,5.1,2016
"Gweru",2016-06-21,0,12.2,20.1,4.3,2016
"Gweru",2016-06-22,0,14.75,20.7,8.8,2016
"Gweru",2016-06-23,0,13.05,21.4,4.7,2016
"Gweru",2016-06-24,0,12.3,21.3,3.3,2016
"Gweru",2016-06-25,0,12.55,21.6,3.5,2016
"Gweru",2016-06-26,0,11.75,21.8,1.7,2016
"Gweru",2016-06-27,0,13.25,22.9,3.6,2016
"Gweru",2016-06-28,0,12.6,19.5,5.7,2016
"Gweru",2016-06-29,0,11.75,20.8,2.7,2016
"Gweru",2016-06-30,0,11.25,19.3,3.2,2016
"Gweru",2016-07-01,0,11.2,22.3,0.1,2016
"Gweru",2016-07-02,0,11.85,21.8,1.9,2016
"Gweru",2016-07-03,0,10.1,17.8,2.4,2016
"Gweru",2016-07-04,0,9.75,17.3,2.2,2016
"Gweru",2016-07-05,0,8.35,16.1,0.6,2016
"Gweru",2016-07-06,0,9.2,17.2,1.2,2016
"Gweru",2016-07-07,0,9.65,16.7,2.6,2016
"Gweru",2016-07-08,0,10.9,17.3,4.5,2016
"Gweru",2016-07-09,0,10.6,17.9,3.3,2016
"Gweru",2016-07-10,0,10.9,20.4,1.4,2016
"Gweru",2016-07-11,0,11.65,19.9,3.4,2016
"Gweru",2016-07-12,0,11.1,19.8,2.4,2016
"Gweru",2016-07-13,0,8.8,13.4,4.2,2016
"Gweru",2016-07-14,0,11.9,18.2,5.6,2016
"Gweru",2016-07-15,0,10.1,18.6,1.6,2016
"Gweru",2016-07-16,0,11.8,21.2,2.4,2016
"Gweru",2016-07-17,0,12.25,22.8,1.7,2016
"Gweru",2016-07-18,0.3,10.8,17.1,4.5,2016
"Gweru",2016-07-19,0,11.1,14.3,7.9,2016
"Gweru",2016-07-20,0,9.1,15.1,3.1,2016
"Gweru",2016-07-21,0,8.45,12.3,4.6,2016
"Gweru",2016-07-22,0,8.85,15.5,2.2,2016
"Gweru",2016-07-23,0,8.9,16.4,1.4,2016
"Gweru",2016-07-24,0,9,16.8,1.2,2016
"Gweru",2016-07-25,0,9.35,17.7,1,2016
"Gweru",2016-07-26,0,10.1,19,1.2,2016
"Gweru",2016-07-27,0,11.6,21.4,1.8,2016
"Gweru",2016-07-28,0,13.1,23,3.2,2016
"Gweru",2016-07-29,0,14,23.2,4.8,2016
"Gweru",2016-07-30,0,9.75,17.3,2.2,2016
"Gweru",2016-07-31,0,9.65,16.8,2.5,2016
"Gweru",2016-08-01,0,10.55,20.1,1,2016
"Gweru",2016-08-02,0,13.75,22.8,4.7,2016
"Gweru",2016-08-03,0,14.2,22.9,5.5,2016
"Gweru",2016-08-04,0,14,22.1,5.9,2016
"Gweru",2016-08-05,0,10.95,20.2,1.7,2016
"Gweru",2016-08-06,0,12.25,22.6,1.9,2016
"Gweru",2016-08-07,0,14.85,23.6,6.1,2016
"Gweru",2016-08-08,0,15.85,26,5.7,2016
"Gweru",2016-08-09,0,13.45,18.7,8.2,2016
"Gweru",2016-08-10,0,12,14.2,9.8,2016
"Gweru",2016-08-11,0,13.25,18.4,8.1,2016
"Gweru",2016-08-12,0,11.9,21.4,2.4,2016
"Gweru",2016-08-13,0,12.6,23.1,2.1,2016
"Gweru",2016-08-14,0,14.35,24.6,4.1,2016
"Gweru",2016-08-15,0,14.65,23.3,6,2016
"Gweru",2016-08-16,0,14.55,23.4,5.7,2016
"Gweru",2016-08-17,0,17.35,25.1,9.6,2016
"Gweru",2016-08-18,0,17.95,26.9,9,2016
"Gweru",2016-08-19,0,16.55,21.7,11.4,2016
"Gweru",2016-08-20,0,16.9,22.6,11.2,2016
"Gweru",2016-08-21,0,15.05,23.2,6.9,2016
"Gweru",2016-08-22,0,14.35,25.2,3.5,2016
"Gweru",2016-08-23,0,17.25,25.6,8.9,2016
"Gweru",2016-08-24,0,17.9,27.1,8.7,2016
"Gweru",2016-08-25,0,18.75,27.8,9.7,2016
"Gweru",2016-08-26,0,20.2,28.6,11.8,2016
"Gweru",2016-08-27,0,20.5,27.4,13.6,2016
"Gweru",2016-08-28,0,17.85,27.3,8.4,2016
"Gweru",2016-08-29,0.3,16.95,25.7,8.2,2016
"Gweru",2016-08-30,0,10.35,11,9.7,2016
"Gweru",2016-08-31,0,11.9,15.7,8.1,2016
"Gweru",2016-09-01,0,11.9,17.3,6.5,2016
"Gweru",2016-09-02,0,10.65,16.5,4.8,2016
"Gweru",2016-09-03,0,10.9,18.3,3.5,2016
"Gweru",2016-09-04,0,12.25,21.8,2.7,2016
"Gweru",2016-09-05,0,14.6,24.3,4.9,2016
"Gweru",2016-09-06,0,17.25,27.3,7.2,2016
"Gweru",2016-09-07,0,18.15,25.6,10.7,2016
"Gweru",2016-09-08,0,17.85,25.6,10.1,2016
"Gweru",2016-09-09,0,16.55,25.4,7.7,2016
"Gweru",2016-09-10,0,18.4,28.2,8.6,2016
"Gweru",2016-09-11,0,16.6,23.6,9.6,2016
"Gweru",2016-09-12,0,15.75,21.9,9.6,2016
"Gweru",2016-09-13,0,13.9,24.8,3,2016
"Gweru",2016-09-14,0,17.85,28.5,7.2,2016
"Gweru",2016-09-15,0,18.45,25.1,11.8,2016
"Gweru",2016-09-16,0,7.85,10.4,5.3,2016
"Gweru",2016-09-17,0,10.9,16.8,5,2016
"Gweru",2016-09-18,0,7.5,11.3,3.7,2016
"Gweru",2016-09-19,0,10.6,19.5,1.7,2016
"Gweru",2016-09-20,0,11.3,22.2,0.4,2016
"Gweru",2016-09-21,0,12.85,23,2.7,2016
"Gweru",2016-09-22,0,13.2,22.7,3.7,2016
"Gweru",2016-09-23,0,15.45,23.6,7.3,2016
"Gweru",2016-09-24,0,14.6,24.3,4.9,2016
"Gweru",2016-09-25,0,15.5,24.8,6.2,2016
"Gweru",2016-09-26,0,17.95,24.3,11.6,2016
"Gweru",2016-09-27,0,17.65,25.7,9.6,2016
"Gweru",2016-09-28,0,18.05,27.2,8.9,2016
"Gweru",2016-09-29,0,19.05,28,10.1,2016
"Gweru",2016-09-30,0,18.45,23.3,13.6,2016
"Gweru",2016-10-01,0,18.75,25.7,11.8,2016
"Gweru",2016-10-02,0,17.45,26.2,8.7,2016
"Gweru",2016-10-03,0,18.7,28,9.4,2016
"Gweru",2016-10-04,0,21.35,29.1,13.6,2016
"Gweru",2016-10-05,0,21.95,29.5,14.4,2016
"Gweru",2016-10-06,0,20.1,28,12.2,2016
"Gweru",2016-10-07,0,20.1,28.2,12,2016
"Gweru",2016-10-08,0,20.25,29.3,11.2,2016
"Gweru",2016-10-09,0,21.6,30.1,13.1,2016
"Gweru",2016-10-10,0,23.35,31,15.7,2016
"Gweru",2016-10-11,0,19.8,25.2,14.4,2016
"Gweru",2016-10-12,0,20,25.1,14.9,2016
"Gweru",2016-10-13,0,18.95,26,11.9,2016
"Gweru",2016-10-14,0,19.05,26.9,11.2,2016
"Gweru",2016-10-15,0,19.1,28.6,9.6,2016
"Gweru",2016-10-16,0,20.95,31,10.9,2016
"Gweru",2016-10-17,0,21.7,30.5,12.9,2016
"Gweru",2016-10-18,0,22.35,30.7,14,2016
"Gweru",2016-10-19,0,22.1,29.7,14.5,2016
"Gweru",2016-10-20,2.5,22.55,29.1,16,2016
"Gweru",2016-10-21,0.3,19.85,23.4,16.3,2016
"Gweru",2016-10-22,0,21.85,27.2,16.5,2016
"Gweru",2016-10-23,0,21.1,27.9,14.3,2016
"Gweru",2016-10-24,0,22.1,28.8,15.4,2016
"Gweru",2016-10-25,0,20.15,28.7,11.6,2016
"Gweru",2016-10-26,0,20.85,28.3,13.4,2016
"Gweru",2016-10-27,0,19.9,29.1,10.7,2016
"Gweru",2016-10-28,0,21.2,31.6,10.8,2016
"Gweru",2016-10-29,0,22.55,31.4,13.7,2016
"Gweru",2016-10-30,0,23.15,33.5,12.8,2016
"Gweru",2016-10-31,0,25.95,33.6,18.3,2016
"Gweru",2016-11-01,0,22.95,31.3,14.6,2016
"Gweru",2016-11-02,0,23.5,30.1,16.9,2016
"Gweru",2016-11-03,0.5,23.4,30.1,16.7,2016
"Gweru",2016-11-04,0,23.65,30.7,16.6,2016
"Gweru",2016-11-05,19.6,24.9,30.2,19.6,2016
"Gweru",2016-11-06,5.1,22.85,29.6,16.1,2016
"Gweru",2016-11-07,0,22.45,28.1,16.8,2016
"Gweru",2016-11-08,11.9,21.9,27.7,16.1,2016
"Gweru",2016-11-09,0,20.6,25.7,15.5,2016
"Gweru",2016-11-10,5.8,22.65,29.2,16.1,2016
"Gweru",2016-11-11,26.7,18.65,21.3,16,2016
"Gweru",2016-11-12,4.1,21.55,28.5,14.6,2016
"Gweru",2016-11-13,0,22.6,28.4,16.8,2016
"Gweru",2016-11-14,0,22.45,27.8,17.1,2016
"Gweru",2016-11-15,0,15.8,17.1,14.5,2016
"Gweru",2016-11-16,0,18.45,23.2,13.7,2016
"Gweru",2016-11-17,0,21.55,28.1,15,2016
"Gweru",2016-11-18,0,22.25,28.9,15.6,2016
"Gweru",2016-11-19,0,22.05,29.7,14.4,2016
"Gweru",2016-11-20,2.5,22.3,30,14.6,2016
"Gweru",2016-11-21,0,21.95,26.7,17.2,2016
"Gweru",2016-11-22,6.9,22.2,28.1,16.3,2016
"Gweru",2016-11-23,0.5,18.85,22.3,15.4,2016
"Gweru",2016-11-24,20.1,20,25.4,14.6,2016
"Gweru",2016-11-25,6.1,19.95,24.2,15.7,2016
"Gweru",2016-11-26,0.3,20.9,25.6,16.2,2016
"Gweru",2016-11-27,17.8,21.3,26.3,16.3,2016
"Gweru",2016-11-28,2,21.45,26.9,16,2016
"Gweru",2016-11-29,0,21.7,26.7,16.7,2016
"Gweru",2016-11-30,7.1,20.55,26,15.1,2016
"Gweru",2016-12-01,25.4,20.1,25.1,15.1,2016
"Gweru",2016-12-02,29.5,21.45,27.2,15.7,2016
"Gweru",2016-12-03,0,21.8,28.5,15.1,2016
"Gweru",2016-12-04,0,21.95,26.7,17.2,2016
"Gweru",2016-12-05,0,21.45,27.4,15.5,2016
"Gweru",2016-12-06,2.5,19.65,23.2,16.1,2016
"Gweru",2016-12-07,0,19.15,24.9,13.4,2016
"Gweru",2016-12-08,0,21.15,28.4,13.9,2016
"Gweru",2016-12-09,0.5,22.45,29,15.9,2016
"Gweru",2016-12-10,3.3,20.75,24.2,17.3,2016
"Gweru",2016-12-11,0,18.45,22.1,14.8,2016
"Gweru",2016-12-12,0,20.2,25.3,15.1,2016
"Gweru",2016-12-13,4.1,20.8,26.9,14.7,2016
"Gweru",2016-12-14,13,19.9,22.4,17.4,2016
"Gweru",2016-12-15,8.9,19.65,25.2,14.1,2016
"Gweru",2016-12-16,8.6,20.75,24.7,16.8,2016
"Gweru",2016-12-17,27.9,19.9,22.4,17.4,2016
"Gweru",2016-12-18,7.9,18.9,21.7,16.1,2016
"Gweru",2016-12-19,0,17.65,19.9,15.4,2016
"Gweru",2016-12-20,0,19.5,23.8,15.2,2016
"Gweru",2016-12-21,0,22.15,27.6,16.7,2016
"Gweru",2016-12-22,0,21.8,26.2,17.4,2016
"Gweru",2016-12-23,0,21.45,28.1,14.8,2016
"Gweru",2016-12-24,10.4,20.95,24.2,17.7,2016
"Gweru",2016-12-25,0,21.35,26.8,15.9,2016
"Gweru",2016-12-26,0,21.85,28,15.7,2016
"Gweru",2016-12-27,0,21.3,27.7,14.9,2016
"Gweru",2016-12-28,0,20.6,28.4,12.8,2016
"Gweru",2016-12-29,0,20.65,28.4,12.9,2016
"Gweru",2016-12-30,0,20.8,28.9,12.7,2016
"Gweru",2016-12-31,0,21.1,29.6,12.6,2016
"Gweru",2017-01-01,1.8,22.45,27.6,17.3,2017
"Gweru",2017-01-02,0,21.75,26.5,17,2017
"Gweru",2017-01-03,1,19.85,24.5,15.2,2017
"Gweru",2017-01-04,4.1,21.45,27.2,15.7,2017
"Gweru",2017-01-05,10.7,21.75,26.6,16.9,2017
"Gweru",2017-01-06,0,21.25,26.2,16.3,2017
"Gweru",2017-01-07,0.5,21.6,28.1,15.1,2017
"Gweru",2017-01-08,0,21.65,28.1,15.2,2017
"Gweru",2017-01-09,2.8,22.6,28.8,16.4,2017
"Gweru",2017-01-10,8.9,23.45,28.6,18.3,2017
"Gweru",2017-01-11,3.6,21,24.7,17.3,2017
"Gweru",2017-01-12,2.5,19.95,22.9,17,2017
"Gweru",2017-01-13,4.1,21.45,25.8,17.1,2017
"Gweru",2017-01-14,33.8,21.6,26,17.2,2017
"Gweru",2017-01-15,9.1,20.5,23.8,17.2,2017
"Gweru",2017-01-16,7.1,19.55,22.8,16.3,2017
"Gweru",2017-01-17,0,15.3,17.3,13.3,2017
"Gweru",2017-01-18,0,16.8,20.7,12.9,2017
"Gweru",2017-01-19,0,16.65,20.6,12.7,2017
"Gweru",2017-01-20,0,17.15,24,10.3,2017
"Gweru",2017-01-21,0,18.35,26.6,10.1,2017
"Gweru",2017-01-22,0,19.4,27.9,10.9,2017
"Gweru",2017-01-23,0,20.55,24.8,16.3,2017
"Gweru",2017-01-24,0,20.45,27.1,13.8,2017
"Gweru",2017-01-25,0,22.1,30,14.2,2017
"Gweru",2017-01-26,0,20.75,27.3,14.2,2017
"Gweru",2017-01-27,3.6,21.6,26.8,16.4,2017
"Gweru",2017-01-28,3.3,21.2,25.8,16.6,2017
"Gweru",2017-01-29,0,19.95,26.7,13.2,2017
"Gweru",2017-01-30,0,20.3,27.7,12.9,2017
"Gweru",2017-01-31,0,21.35,28.9,13.8,2017
"Gweru",2017-02-01,17.5,21.45,28.1,14.8,2017
"Gweru",2017-02-02,1.5,21.7,28.7,14.7,2017
"Gweru",2017-02-03,0,20.75,25.1,16.4,2017
"Gweru",2017-02-04,0.8,21.8,27,16.6,2017
"Gweru",2017-02-05,6.9,22.5,29.4,15.6,2017
"Gweru",2017-02-06,0.5,21.5,25.7,17.3,2017
"Gweru",2017-02-07,0.3,19.25,22.8,15.7,2017
"Gweru",2017-02-08,14.5,21.45,26.3,16.6,2017
"Gweru",2017-02-09,45,20.75,24.9,16.6,2017
"Gweru",2017-02-10,0,20.1,24.6,15.6,2017
"Gweru",2017-02-11,0,20.75,25.7,15.8,2017
"Gweru",2017-02-12,26.4,21.5,26.4,16.6,2017
"Gweru",2017-02-13,28.7,19.45,22.7,16.2,2017
"Gweru",2017-02-14,10.2,20.25,24.2,16.3,2017
"Gweru",2017-02-15,0,21.15,25.1,17.2,2017
"Gweru",2017-02-16,0,20.7,25.8,15.6,2017
"Gweru",2017-02-17,11.7,22.55,28.9,16.2,2017
"Gweru",2017-02-18,0,22.7,29.5,15.9,2017
"Gweru",2017-02-19,0,23.9,30.4,17.4,2017
"Gweru",2017-02-20,0,22.75,30,15.5,2017
"Gweru",2017-02-21,3.8,22.6,28.8,16.4,2017
"Gweru",2017-02-22,0,21.9,26.3,17.5,2017
"Gweru",2017-02-23,0,20.85,26.1,15.6,2017
"Gweru",2017-02-24,0,20.15,26.4,13.9,2017
"Gweru",2017-02-25,0.3,20.15,26.1,14.2,2017
"Gweru",2017-02-26,1,19.35,23.3,15.4,2017
"Gweru",2017-02-27,0,18.6,25.1,12.1,2017
"Gweru",2017-02-28,0,17.2,25.6,8.8,2017
"Gweru",2017-03-01,0,18.45,27.7,9.2,2017
"Gweru",2017-03-02,0,20.25,29.7,10.8,2017
"Gweru",2017-03-03,0,20.35,27,13.7,2017
"Gweru",2017-03-04,0,20.85,27.6,14.1,2017
"Gweru",2017-03-05,0,21.3,26.8,15.8,2017
"Gweru",2017-03-06,0,21,27.8,14.2,2017
"Gweru",2017-03-07,20.3,21.35,27.4,15.3,2017
"Gweru",2017-03-08,1,20.95,24.8,17.1,2017
"Gweru",2017-03-09,0.3,17.1,19.2,15,2017
"Gweru",2017-03-10,0,15.95,18.5,13.4,2017
"Gweru",2017-03-11,0,17.6,22.7,12.5,2017
"Gweru",2017-03-12,0,18.5,25.1,11.9,2017
"Gweru",2017-03-13,0,19.9,25.5,14.3,2017
"Gweru",2017-03-14,0,21.15,28.4,13.9,2017
"Gweru",2017-03-15,0,20.6,27.7,13.5,2017
"Gweru",2017-03-16,0,19.2,27.3,11.1,2017
"Gweru",2017-03-17,0,19.4,27.7,11.1,2017
"Gweru",2017-03-18,0,20.55,28.4,12.7,2017
"Gweru",2017-03-19,0.5,19.35,25.6,13.1,2017
"Gweru",2017-03-20,0,17.75,21.6,13.9,2017
"Gweru",2017-03-21,0,17.5,22.7,12.3,2017
"Gweru",2017-03-22,0,16.9,25.2,8.6,2017
"Gweru",2017-03-23,0,17.7,26.2,9.2,2017
"Gweru",2017-03-24,0,16.8,26.2,7.4,2017
"Gweru",2017-03-25,0,18.1,25.5,10.7,2017
"Gweru",2017-03-26,0,18.7,26,11.4,2017
"Gweru",2017-03-27,0,19.75,26.3,13.2,2017
"Gweru",2017-03-28,0,18.75,27.1,10.4,2017
"Gweru",2017-03-29,0,19.4,28.1,10.7,2017
"Gweru",2017-03-30,0.3,13.55,15.5,11.6,2017
"Gweru",2017-03-31,0,15.3,21.2,9.4,2017
"Gweru",2017-04-01,0,15.65,24.5,6.8,2017
"Gweru",2017-04-02,0,13.5,22.3,4.7,2017
"Gweru",2017-04-03,0,14.15,21.2,7.1,2017
"Gweru",2017-04-04,0,16.1,21.8,10.4,2017
"Gweru",2017-04-05,0,16.05,24.6,7.5,2017
"Gweru",2017-04-06,0,15.8,24.3,7.3,2017
"Gweru",2017-04-07,0,15.7,25.1,6.3,2017
"Gweru",2017-04-08,0,16.65,26.4,6.9,2017
"Gweru",2017-04-09,0,20.4,28.1,12.7,2017
"Gweru",2017-04-10,0,21.95,28.7,15.2,2017
"Gweru",2017-04-11,0,19.15,23.6,14.7,2017
"Gweru",2017-04-12,0,16.9,20.4,13.4,2017
"Gweru",2017-04-13,0,17.3,21.5,13.1,2017
"Gweru",2017-04-14,0.8,17.6,23.8,11.4,2017
"Gweru",2017-04-15,0,16.35,20.9,11.8,2017
"Gweru",2017-04-16,0,15.7,20.7,10.7,2017
"Gweru",2017-04-17,0,16.2,24.1,8.3,2017
"Gweru",2017-04-18,0,17.7,25.3,10.1,2017
"Gweru",2017-04-19,0,20.25,27.3,13.2,2017
"Gweru",2017-04-20,0,20.8,28.7,12.9,2017
"Gweru",2017-04-21,0,17.1,20.8,13.4,2017
"Gweru",2017-04-22,0.8,19.45,25.7,13.2,2017
"Gweru",2017-04-23,0,19.1,27.6,10.6,2017
"Gweru",2017-04-24,0,19.5,28.1,10.9,2017
"Gweru",2017-04-25,0,19.75,28.8,10.7,2017
"Gweru",2017-04-26,0,18.45,28.2,8.7,2017
"Gweru",2017-04-27,0,19.7,25.8,13.6,2017
"Gweru",2017-04-28,0,18.15,24.2,12.1,2017
"Gweru",2017-04-29,0,16.75,23.7,9.8,2017
"Gweru",2017-04-30,0,17.4,25.3,9.5,2017
"Gweru",2017-05-01,0,18.95,25.4,12.5,2017
"Gweru",2017-05-02,0,17.9,25.9,9.9,2017
"Gweru",2017-05-03,0,17.15,26.1,8.2,2017
"Gweru",2017-05-04,0,17.95,26.2,9.7,2017
"Gweru",2017-05-05,0,15.95,24.6,7.3,2017
"Gweru",2017-05-06,0,15.2,24.1,6.3,2017
"Gweru",2017-05-07,0,14.5,22.7,6.3,2017
"Gweru",2017-05-08,0,14.35,21.9,6.8,2017
"Gweru",2017-05-09,0,15.35,21.1,9.6,2017
"Gweru",2017-05-10,0,14.1,22.1,6.1,2017
"Gweru",2017-05-11,0,13.35,22.1,4.6,2017
"Gweru",2017-05-12,0,12.45,21.3,3.6,2017
"Gweru",2017-05-13,0,13.05,23.2,2.9,2017
"Gweru",2017-05-14,0,14.5,24.3,4.7,2017
"Gweru",2017-05-15,0,15.9,25.6,6.2,2017
"Gweru",2017-05-16,0,17.1,25.4,8.8,2017
"Gweru",2017-05-17,0,19.45,27.6,11.3,2017
"Gweru",2017-05-18,0,19.9,26.7,13.1,2017
"Gweru",2017-05-19,0,19.95,27.3,12.6,2017
"Gweru",2017-05-20,0,21.25,27.6,14.9,2017
"Gweru",2017-05-21,0,20.5,27.1,13.9,2017
"Gweru",2017-05-22,0,14.5,22.1,6.9,2017
"Gweru",2017-05-23,0,12.7,23.6,1.8,2017
"Gweru",2017-05-24,0,14.3,22.3,6.3,2017
"Gweru",2017-05-25,0,15.9,22.7,9.1,2017
"Gweru",2017-05-26,0,15.6,23.8,7.4,2017
"Gweru",2017-05-27,0,14.25,22.9,5.6,2017
"Gweru",2017-05-28,0,14.45,22.5,6.4,2017
"Gweru",2017-05-29,0,13.65,22.9,4.4,2017
"Gweru",2017-05-30,0,14.05,24.1,4,2017
"Gweru",2017-05-31,0,13,24.2,1.8,2017
"Gweru",2017-06-01,0,15.2,23.4,7,2017
"Gweru",2017-06-02,0,15.95,22.3,9.6,2017
"Gweru",2017-06-03,0,14.1,20.8,7.4,2017
"Gweru",2017-06-04,0,13.85,20.8,6.9,2017
"Gweru",2017-06-05,0,10.25,18.1,2.4,2017
"Gweru",2017-06-06,0,9.35,17.3,1.4,2017
"Gweru",2017-06-07,0,8.95,17.8,0.1,2017
"Gweru",2017-06-08,0,10.55,19.3,1.8,2017
"Gweru",2017-06-09,0,9.35,16.4,2.3,2017
"Gweru",2017-06-10,0,8.75,15.3,2.2,2017
"Gweru",2017-06-11,0,10.45,17.9,3,2017
"Gweru",2017-06-12,0,11.4,20.7,2.1,2017
"Gweru",2017-06-13,0,12.7,19.1,6.3,2017
"Gweru",2017-06-14,0,11.15,19.2,3.1,2017
"Gweru",2017-06-15,0,9.55,18.2,0.9,2017
"Gweru",2017-06-16,0,9.75,18.8,0.7,2017
"Gweru",2017-06-17,0,11.2,20.2,2.2,2017
"Gweru",2017-06-18,0,11,14.4,7.6,2017
"Gweru",2017-06-19,0,7.2,8.4,6,2017
"Gweru",2017-06-20,1.3,7.65,11.6,3.7,2017
"Gweru",2017-06-21,0.8,8.3,11.9,4.7,2017
"Gweru",2017-06-22,0,9.6,14,5.2,2017
"Gweru",2017-06-23,0,8.2,15.6,0.8,2017
"Gweru",2017-06-24,0,10.3,19.4,1.2,2017
"Gweru",2017-06-25,0,10.8,21.3,0.3,2017
"Gweru",2017-06-26,0,13.35,24.3,2.4,2017
"Gweru",2017-06-27,0,12,23.5,0.5,2017
"Gweru",2017-06-28,0,10.85,21.6,0.1,2017
"Gweru",2017-06-29,0,12.5,22.3,2.7,2017
"Gweru",2017-06-30,0,11.85,21.9,1.8,2017
"Gweru",2017-07-01,0,12.6,20.6,4.6,2017
"Gweru",2017-07-02,0,10.65,20.6,0.7,2017
"Gweru",2017-07-03,0,10.95,21.8,0.1,2017
"Gweru",2017-07-04,0,11.3,20.3,2.3,2017
"Gweru",2017-07-05,0,10,19.6,0.4,2017
"Gweru",2017-07-06,0,10.5,19.3,1.7,2017
"Gweru",2017-07-07,0,12.05,16.7,7.4,2017
"Gweru",2017-07-08,0,12.7,21.8,3.6,2017
"Gweru",2017-07-09,0,13.45,22.9,4,2017
"Gweru",2017-07-10,0,14.65,23.1,6.2,2017
"Gweru",2017-07-11,0,13.05,21.4,4.7,2017
"Gweru",2017-07-12,0,12.1,20.2,4,2017
"Gweru",2017-07-13,0,10.65,19.2,2.1,2017
"Gweru",2017-07-14,0,9.7,18.6,0.8,2017
"Gweru",2017-07-15,0,10.95,20.1,1.8,2017
"Gweru",2017-07-16,0,11.7,21,2.4,2017
"Gweru",2017-07-17,0,12.5,21.3,3.7,2017
"Gweru",2017-07-18,0,11.6,22.8,0.4,2017
"Gweru",2017-07-19,0,13.15,22.3,4,2017
"Gweru",2017-07-20,0,14.25,22.2,6.3,2017
"Gweru",2017-07-21,0,14.1,23.8,4.4,2017
"Gweru",2017-07-22,0,9,14,4,2017
"Gweru",2017-07-23,0,8.9,15.3,2.5,2017
"Gweru",2017-07-24,0,11.65,19.4,3.9,2017
"Gweru",2017-07-25,0,11.75,20.1,3.4,2017
"Gweru",2017-07-26,0,10.5,20.8,0.2,2017
"Gweru",2017-07-27,0,12.4,22.1,2.7,2017
"Gweru",2017-07-28,0,12.2,21.7,2.7,2017
"Gweru",2017-07-29,0,14.2,22.8,5.6,2017
"Gweru",2017-07-30,0,11.8,21.7,1.9,2017
"Gweru",2017-07-31,0,12.55,21.7,3.4,2017
"Gweru",2017-08-01,0,14.25,23.6,4.9,2017
"Gweru",2017-08-02,0,14.25,25.4,3.1,2017
"Gweru",2017-08-03,0,16.25,26.4,6.1,2017
"Gweru",2017-08-04,0,15.8,26.6,5,2017
"Gweru",2017-08-05,0,15.9,23.4,8.4,2017
"Gweru",2017-08-06,0,13.55,25.1,2,2017
"Gweru",2017-08-07,0,14,23.6,4.4,2017
"Gweru",2017-08-08,0,15.7,24.8,6.6,2017
"Gweru",2017-08-09,0,14,25.6,2.4,2017
"Gweru",2017-08-10,0,13.6,25.5,1.7,2017
"Gweru",2017-08-11,0,11.55,19.4,3.7,2017
"Gweru",2017-08-12,0,12.25,17.2,7.3,2017
"Gweru",2017-08-13,0,11.9,16.7,7.1,2017
"Gweru",2017-08-14,0,11.55,17.3,5.8,2017
"Gweru",2017-08-15,0,10.75,18.3,3.2,2017
"Gweru",2017-08-16,0,11.75,18.9,4.6,2017
"Gweru",2017-08-17,0,11.75,19.1,4.4,2017
"Gweru",2017-08-18,0,11.3,19.9,2.7,2017
"Gweru",2017-08-19,0,11.25,19.2,3.3,2017
"Gweru",2017-08-20,0,12.45,20.5,4.4,2017
"Gweru",2017-08-21,0,11.65,21.4,1.9,2017
"Gweru",2017-08-22,0,13.4,23.2,3.6,2017
"Gweru",2017-08-23,0,13.1,22.3,3.9,2017
"Gweru",2017-08-24,0,15,20.1,9.9,2017
"Gweru",2017-08-25,0,14.75,23.3,6.2,2017
"Gweru",2017-08-26,0,16.2,25.5,6.9,2017
"Gweru",2017-08-27,0,17,24.7,9.3,2017
"Gweru",2017-08-28,0,17.25,26.2,8.3,2017
"Gweru",2017-08-29,0,20.65,28.1,13.2,2017
"Gweru",2017-08-30,0,21.05,28.2,13.9,2017
"Gweru",2017-08-31,0,17.85,27.7,8,2017
"Gweru",2017-09-01,0,21.05,29.8,12.3,2017
"Gweru",2017-09-02,0,20.4,29.4,11.4,2017
"Gweru",2017-09-03,0,19.55,27.7,11.4,2017
"Gweru",2017-09-04,0,16.6,26.9,6.3,2017
"Gweru",2017-09-05,0,16.2,26.7,5.7,2017
"Gweru",2017-09-06,0,15.4,25.6,5.2,2017
"Gweru",2017-09-07,0,18.55,26.2,10.9,2017
"Gweru",2017-09-08,0,18.65,28.8,8.5,2017
"Gweru",2017-09-09,0,20.15,27.9,12.4,2017
"Gweru",2017-09-10,0,18.4,27.4,9.4,2017
"Gweru",2017-09-11,0,16.05,27.9,4.2,2017
"Gweru",2017-09-12,0,19.85,28.5,11.2,2017
"Gweru",2017-09-13,0,21.1,29.9,12.3,2017
"Gweru",2017-09-14,0,18.75,28.3,9.2,2017
"Gweru",2017-09-15,0,18.5,26.6,10.4,2017
"Gweru",2017-09-16,0,18.5,24.1,12.9,2017
"Gweru",2017-09-17,0,16.5,22.3,10.7,2017
"Gweru",2017-09-18,1.5,13.35,20.9,5.8,2017
"Gweru",2017-09-19,0,16.5,24.2,8.8,2017
"Gweru",2017-09-20,0,18.7,27.3,10.1,2017
"Gweru",2017-09-21,0,19.25,27.8,10.7,2017
"Gweru",2017-09-22,0,19.75,29.1,10.4,2017
"Gweru",2017-09-23,0,20.2,30.7,9.7,2017
"Gweru",2017-09-24,0,21.65,29.4,13.9,2017
"Gweru",2017-09-25,0,22.3,29.8,14.8,2017
"Gweru",2017-09-26,0,23.1,31.4,14.8,2017
"Gweru",2017-09-27,0,20.7,28.2,13.2,2017
"Gweru",2017-09-28,0,17.75,23.4,12.1,2017
"Gweru",2017-09-29,0,14.95,18.6,11.3,2017
"Gweru",2017-09-30,0,15.45,22.9,8,2017
"Gweru",2017-10-01,0,15.95,25.4,6.5,2017
"Gweru",2017-10-02,0,18,28.3,7.7,2017
"Gweru",2017-10-03,0,19.5,30,9,2017
"Gweru",2017-10-04,0,20.3,31.3,9.3,2017
"Gweru",2017-10-05,0,22.2,31.9,12.5,2017
"Gweru",2017-10-06,0,21.9,30.9,12.9,2017
"Gweru",2017-10-07,0,21.45,31.1,11.8,2017
"Gweru",2017-10-08,0,22.35,29.9,14.8,2017
"Gweru",2017-10-09,0,22.4,31.2,13.6,2017
"Gweru",2017-10-10,0,21.2,28.4,14,2017
"Gweru",2017-10-11,0,19.9,25.9,13.9,2017
"Gweru",2017-10-12,0,18.35,27.1,9.6,2017
"Gweru",2017-10-13,0,21.05,28.3,13.8,2017
"Gweru",2017-10-14,4.8,22.45,30.1,14.8,2017
"Gweru",2017-10-15,0,22.9,30.2,15.6,2017
"Gweru",2017-10-16,1.3,20.65,25.7,15.6,2017
"Gweru",2017-10-17,0,21.25,29.4,13.1,2017
"Gweru",2017-10-18,0,21.5,28.4,14.6,2017
"Gweru",2017-10-19,0,21.95,28.9,15,2017
"Gweru",2017-10-20,0,21.6,30.1,13.1,2017
"Gweru",2017-10-21,0,20.5,31.8,9.2,2017
"Gweru",2017-10-22,0,22.25,32.6,11.9,2017
"Gweru",2017-10-23,0,25.3,34.2,16.4,2017
"Gweru",2017-10-24,0,26.2,34.3,18.1,2017
"Gweru",2017-10-25,0,27.5,34.7,20.3,2017
"Gweru",2017-10-26,0,27.35,34.8,19.9,2017
"Gweru",2017-10-27,0,27,34.9,19.1,2017
"Gweru",2017-10-28,0,24.15,33.2,15.1,2017
"Gweru",2017-10-29,0,24.8,33.3,16.3,2017
"Gweru",2017-10-30,0,24.5,31.2,17.8,2017
"Gweru",2017-10-31,0,22.45,28.6,16.3,2017
"Gweru",2017-11-01,13.2,22.35,29.5,15.2,2017
"Gweru",2017-11-02,0,22.35,29,15.7,2017
"Gweru",2017-11-03,0,21.4,27.3,15.5,2017
"Gweru",2017-11-04,11.2,21.5,28.9,14.1,2017
"Gweru",2017-11-05,6.1,22.25,26.7,17.8,2017
"Gweru",2017-11-06,27.4,17.65,19.3,16,2017
"Gweru",2017-11-07,39.4,19.9,24.9,14.9,2017
"Gweru",2017-11-08,18,17.4,19.6,15.2,2017
"Gweru",2017-11-09,3,16.95,19,14.9,2017
"Gweru",2017-11-10,7.4,15.3,15.5,15.1,2017
"Gweru",2017-11-11,0,16.85,20.8,12.9,2017
"Gweru",2017-11-12,0,18.25,22.9,13.6,2017
"Gweru",2017-11-13,0,19.95,27.8,12.1,2017
"Gweru",2017-11-14,6.4,20.65,26.2,15.1,2017
"Gweru",2017-11-15,0,19,23,15,2017
"Gweru",2017-11-16,0,16.7,23.9,9.5,2017
"Gweru",2017-11-17,0,19.8,27.7,11.9,2017
"Gweru",2017-11-18,1.3,20.9,28.8,13,2017
"Gweru",2017-11-19,0,20.85,26.3,15.4,2017
"Gweru",2017-11-20,32.8,22.6,28,17.2,2017
"Gweru",2017-11-21,1.5,21.25,26.4,16.1,2017
"Gweru",2017-11-22,37.3,20.35,24.1,16.6,2017
"Gweru",2017-11-23,0.3,20.15,24.2,16.1,2017
"Gweru",2017-11-24,0,19.05,23.6,14.5,2017
"Gweru",2017-11-25,0,18.75,24.1,13.4,2017
"Gweru",2017-11-26,0,19.15,27.4,10.9,2017
"Gweru",2017-11-27,0,21.5,28.8,14.2,2017
"Gweru",2017-11-28,0.8,22.5,29,16,2017
"Gweru",2017-11-29,0,20.55,26.3,14.8,2017
"Gweru",2017-11-30,0,20.95,27.7,14.2,2017
"Gweru",2017-12-01,30.7,19.55,24.1,15,2017
"Gweru",2017-12-02,0,19.65,26.1,13.2,2017
"Gweru",2017-12-03,0,21.35,27.7,15,2017
"Gweru",2017-12-04,0,21.35,27.8,14.9,2017
"Gweru",2017-12-05,0,21.8,27.7,15.9,2017
"Gweru",2017-12-06,4.6,20.8,25,16.6,2017
"Gweru",2017-12-07,18.3,19.75,23.4,16.1,2017
"Gweru",2017-12-08,4.6,19.45,23.7,15.2,2017
"Gweru",2017-12-09,12.2,20.6,24.7,16.5,2017
"Gweru",2017-12-10,21.3,20.25,24.4,16.1,2017
"Gweru",2017-12-11,0,17,19,15,2017
"Gweru",2017-12-12,4.8,18.85,23.2,14.5,2017
"Gweru",2017-12-13,0.3,20.45,25.1,15.8,2017
"Gweru",2017-12-14,0,21.5,27.3,15.7,2017
"Gweru",2017-12-15,0,20.85,24.8,16.9,2017
"Gweru",2017-12-16,0.5,21.9,26.9,16.9,2017
"Gweru",2017-12-17,9.7,20.4,23.9,16.9,2017
"Gweru",2017-12-18,1.3,17.45,19.6,15.3,2017
"Gweru",2017-12-19,0.8,19.05,22.9,15.2,2017
"Gweru",2017-12-20,8.4,19.95,24.2,15.7,2017
"Gweru",2017-12-21,0,20.7,25.8,15.6,2017
"Gweru",2017-12-22,45.2,22.25,27.2,17.3,2017
"Gweru",2017-12-23,42.9,20.5,24.3,16.7,2017
"Gweru",2017-12-24,11.4,20.5,24.4,16.6,2017
"Gweru",2017-12-25,2,20.4,25.6,15.2,2017
"Gweru",2017-12-26,1,21.85,27.2,16.5,2017
"Gweru",2017-12-27,5.6,21.85,26.8,16.9,2017
"Gweru",2017-12-28,60.5,21.6,26.9,16.3,2017
"Gweru",2017-12-29,0.3,20.8,25.5,16.1,2017
"Gweru",2017-12-30,1.8,20.6,24.1,17.1,2017
"Gweru",2017-12-31,8.4,15.5,16.6,14.4,2017
"Wyanga",2014-07-01,0,NA,NA,NA,2014
"Wyanga",2014-07-02,0,NA,NA,NA,2014
"Wyanga",2014-07-03,0,NA,NA,NA,2014
"Wyanga",2014-07-04,0,NA,NA,NA,2014
"Wyanga",2014-07-05,0,NA,19.2,NA,2014
"Wyanga",2014-07-06,2.8,11.05,15.3,6.8,2014
"Wyanga",2014-07-07,0,10.4,13.7,7.1,2014
"Wyanga",2014-07-08,2.8,10.45,16.8,4.1,2014
"Wyanga",2014-07-09,0,8.85,13,4.7,2014
"Wyanga",2014-07-10,0,9.35,16.8,1.9,2014
"Wyanga",2014-07-11,0,9.05,17,1.1,2014
"Wyanga",2014-07-12,0,8.1,13.2,3,2014
"Wyanga",2014-07-13,0,9.6,18.5,0.7,2014
"Wyanga",2014-07-14,0,10.25,20.2,0.3,2014
"Wyanga",2014-07-15,0,11.65,22.5,0.8,2014
"Wyanga",2014-07-16,0,11.9,21.4,2.4,2014
"Wyanga",2014-07-17,2.8,9.45,16,2.9,2014
"Wyanga",2014-07-18,14.5,7.55,8.2,6.9,2014
"Wyanga",2014-07-19,0.3,7.25,10.9,3.6,2014
"Wyanga",2014-07-20,0,10.9,19.3,2.5,2014
"Wyanga",2014-07-21,0,10.5,18.7,2.3,2014
"Wyanga",2014-07-22,0,9.35,14.8,3.9,2014
"Wyanga",2014-07-23,0,10.85,17.8,3.9,2014
"Wyanga",2014-07-24,0,9.9,19.7,0.1,2014
"Wyanga",2014-07-25,0,13,24.2,1.8,2014
"Wyanga",2014-07-26,0,12,20.9,3.1,2014
"Wyanga",2014-07-27,0,9.4,15.2,3.6,2014
"Wyanga",2014-07-28,0,10.25,19.7,0.8,2014
"Wyanga",2014-07-29,0,11.25,20.8,1.7,2014
"Wyanga",2014-07-30,0,7.9,15.7,0.1,2014
"Wyanga",2014-07-31,0,11,17.8,4.2,2014
"Wyanga",2014-08-01,0,12.3,21.5,3.1,2014
"Wyanga",2014-08-02,0,11.9,21.9,1.9,2014
"Wyanga",2014-08-03,2.5,9.9,12.3,7.5,2014
"Wyanga",2014-08-04,0,12.05,18.3,5.8,2014
"Wyanga",2014-08-05,0,7.5,12.2,2.8,2014
"Wyanga",2014-08-06,3.3,5.75,7.1,4.4,2014
"Wyanga",2014-08-07,1,6.65,10.2,3.1,2014
"Wyanga",2014-08-08,0,9.8,15,4.6,2014
"Wyanga",2014-08-09,0,11,19.8,2.2,2014
"Wyanga",2014-08-10,0,13.35,22.5,4.2,2014
"Wyanga",2014-08-11,0,13.6,23.6,3.6,2014
"Wyanga",2014-08-12,0,13.95,21.2,6.7,2014
"Wyanga",2014-08-13,0,12.3,17.4,7.2,2014
"Wyanga",2014-08-14,0,11.65,18.1,5.2,2014
"Wyanga",2014-08-15,0,11.8,21.3,2.3,2014
"Wyanga",2014-08-16,0,13.2,22,4.4,2014
"Wyanga",2014-08-17,0,14.15,24,4.3,2014
"Wyanga",2014-08-18,0,15.95,24.7,7.2,2014
"Wyanga",2014-08-19,0,15.95,25.2,6.7,2014
"Wyanga",2014-08-20,0,16.3,23.4,9.2,2014
"Wyanga",2014-08-21,0,17.05,23.4,10.7,2014
"Wyanga",2014-08-22,0,16.45,21.6,11.3,2014
"Wyanga",2014-08-23,0,14.95,21.6,8.3,2014
"Wyanga",2014-08-24,0,14.6,23.6,5.6,2014
"Wyanga",2014-08-25,0,13.7,18.6,8.8,2014
"Wyanga",2014-08-26,4.3,11.85,15.3,8.4,2014
"Wyanga",2014-08-27,0,9.5,13.2,5.8,2014
"Wyanga",2014-08-28,0,12.85,18.8,6.9,2014
"Wyanga",2014-08-29,0,14.15,20.7,7.6,2014
"Wyanga",2014-08-30,1.8,14.95,21.2,8.7,2014
"Wyanga",2014-08-31,4.1,16.4,23.4,9.4,2014
"Wyanga",2014-09-01,22.9,15.6,21.8,9.4,2014
"Wyanga",2014-09-02,0,14.3,19.3,9.3,2014
"Wyanga",2014-09-03,1,13.45,21.8,5.1,2014
"Wyanga",2014-09-04,0,15.6,23.4,7.8,2014
"Wyanga",2014-09-05,0,17.45,26.4,8.5,2014
"Wyanga",2014-09-06,0,15.4,23.9,6.9,2014
"Wyanga",2014-09-07,0,12.05,19.5,4.6,2014
"Wyanga",2014-09-08,0,12.55,18.2,6.9,2014
"Wyanga",2014-09-09,0,13.45,21.3,5.6,2014
"Wyanga",2014-09-10,0,14.85,23.4,6.3,2014
"Wyanga",2014-09-11,0,12.65,24.6,0.7,2014
"Wyanga",2014-09-12,0,15.9,25.4,6.4,2014
"Wyanga",2014-09-13,0,17.75,24.2,11.3,2014
"Wyanga",2014-09-14,0,14.4,24.2,4.6,2014
"Wyanga",2014-09-15,0,15.2,26.1,4.3,2014
"Wyanga",2014-09-16,0,15.7,23.7,7.7,2014
"Wyanga",2014-09-17,0,14.05,25.2,2.9,2014
"Wyanga",2014-09-18,0,17.15,24.6,9.7,2014
"Wyanga",2014-09-19,0,13.95,19.8,8.1,2014
"Wyanga",2014-09-20,0,14.55,22.7,6.4,2014
"Wyanga",2014-09-21,0,16.05,21.9,10.2,2014
"Wyanga",2014-09-22,0,15.2,24.1,6.3,2014
"Wyanga",2014-09-23,0,16.95,27.7,6.2,2014
"Wyanga",2014-09-24,0,14.85,18.8,10.9,2014
"Wyanga",2014-09-25,0,15.1,20.3,9.9,2014
"Wyanga",2014-09-26,0,14.8,24.4,5.2,2014
"Wyanga",2014-09-27,0,16.8,26.4,7.2,2014
"Wyanga",2014-09-28,0,17.1,24.1,10.1,2014
"Wyanga",2014-09-29,0,16.05,25.8,6.3,2014
"Wyanga",2014-09-30,0,16,25.3,6.7,2014
"Wyanga",2014-10-01,0,16.35,25.1,7.6,2014
"Wyanga",2014-10-02,0,17.2,27.2,7.2,2014
"Wyanga",2014-10-03,0,16.2,24.8,7.6,2014
"Wyanga",2014-10-04,0,17.9,27.1,8.7,2014
"Wyanga",2014-10-05,0,17.7,25.7,9.7,2014
"Wyanga",2014-10-06,0,18.75,24.7,12.8,2014
"Wyanga",2014-10-07,0,15.65,27.2,4.1,2014
"Wyanga",2014-10-08,0,16.9,27,6.8,2014
"Wyanga",2014-10-09,0,18.55,27.9,9.2,2014
"Wyanga",2014-10-10,0,21.35,29.1,13.6,2014
"Wyanga",2014-10-11,0,15.95,21.6,10.3,2014
"Wyanga",2014-10-12,0.5,17.3,23.7,10.9,2014
"Wyanga",2014-10-13,27.7,17.25,24.6,9.9,2014
"Wyanga",2014-10-14,0,16.4,22.8,10,2014
"Wyanga",2014-10-15,0,18.55,23.6,13.5,2014
"Wyanga",2014-10-16,44.2,18.6,23.5,13.7,2014
"Wyanga",2014-10-17,0,17.2,22.6,11.8,2014
"Wyanga",2014-10-18,12.2,17.85,22.4,13.3,2014
"Wyanga",2014-10-19,0,16.35,21.1,11.6,2014
"Wyanga",2014-10-20,0,17.4,21.8,13,2014
"Wyanga",2014-10-21,0,17.1,22.6,11.6,2014
"Wyanga",2014-10-22,0,16.6,21.5,11.7,2014
"Wyanga",2014-10-23,0,16,20.9,11.1,2014
"Wyanga",2014-10-24,0,18.25,24.3,12.2,2014
"Wyanga",2014-10-25,0,17.2,22.5,11.9,2014
"Wyanga",2014-10-26,0,18.3,24.7,11.9,2014
"Wyanga",2014-10-27,0,16.55,23.7,9.4,2014
"Wyanga",2014-10-28,1.3,18,23.4,12.6,2014
"Wyanga",2014-10-29,9.4,19.15,23.1,15.2,2014
"Wyanga",2014-10-30,0,16.2,20.4,12,2014
"Wyanga",2014-10-31,0,17.95,21.7,14.2,2014
"Wyanga",2014-11-01,34,17.05,19.9,14.2,2014
"Wyanga",2014-11-02,0,14.5,18.1,10.9,2014
"Wyanga",2014-11-03,0,15.5,19.7,11.3,2014
"Wyanga",2014-11-04,23.1,13.4,16.1,10.7,2014
"Wyanga",2014-11-05,0,15.1,18.1,12.1,2014
"Wyanga",2014-11-06,21.3,15.4,20.2,10.6,2014
"Wyanga",2014-11-07,1,16.9,20.1,13.7,2014
"Wyanga",2014-11-08,1.8,12.4,14.3,10.5,2014
"Wyanga",2014-11-09,5.3,14.1,18.2,10,2014
"Wyanga",2014-11-10,15,16.75,21,12.5,2014
"Wyanga",2014-11-11,2.3,19.7,24.9,14.5,2014
"Wyanga",2014-11-12,0,13.85,17.7,10,2014
"Wyanga",2014-11-13,0,14.35,20.6,8.1,2014
"Wyanga",2014-11-14,0,13.25,18.1,8.4,2014
"Wyanga",2014-11-15,0,14.45,20.8,8.1,2014
"Wyanga",2014-11-16,0,14.85,21.4,8.3,2014
"Wyanga",2014-11-17,0,14.3,20.7,7.9,2014
"Wyanga",2014-11-18,0,16.5,24.2,8.8,2014
"Wyanga",2014-11-19,0,17,23.7,10.3,2014
"Wyanga",2014-11-20,0,19.4,26.6,12.2,2014
"Wyanga",2014-11-21,0,19.1,26,12.2,2014
"Wyanga",2014-11-22,0,16.25,26.2,6.3,2014
"Wyanga",2014-11-23,0,18.25,23.2,13.3,2014
"Wyanga",2014-11-24,0,17.4,23.7,11.1,2014
"Wyanga",2014-11-25,0,18.8,26.8,10.8,2014
"Wyanga",2014-11-26,1.3,20.6,26.8,14.4,2014
"Wyanga",2014-11-27,1.5,19.6,26.4,12.8,2014
"Wyanga",2014-11-28,0,18.6,23.3,13.9,2014
"Wyanga",2014-11-29,4.3,19.4,24.2,14.6,2014
"Wyanga",2014-11-30,19.1,18.2,22.7,13.7,2014
"Wyanga",2014-12-01,8.4,17.05,20.9,13.2,2014
"Wyanga",2014-12-02,16.5,17.65,21.1,14.2,2014
"Wyanga",2014-12-03,7.1,15.15,17.2,13.1,2014
"Wyanga",2014-12-04,0.8,13.75,16.7,10.8,2014
"Wyanga",2014-12-05,0,16.65,22.9,10.4,2014
"Wyanga",2014-12-06,0,15.05,25,5.1,2014
"Wyanga",2014-12-07,0,13.45,23.6,3.3,2014
"Wyanga",2014-12-08,5.3,16.35,22.8,9.9,2014
"Wyanga",2014-12-09,9.9,17.25,20.6,13.9,2014
"Wyanga",2014-12-10,6.9,17.85,21.3,14.4,2014
"Wyanga",2014-12-11,18,17.2,20.4,14,2014
"Wyanga",2014-12-12,23.4,17.75,22.1,13.4,2014
"Wyanga",2014-12-13,11.7,17.55,23.4,11.7,2014
"Wyanga",2014-12-14,21.3,17.6,22.8,12.4,2014
"Wyanga",2014-12-15,1.5,15.5,18.8,12.2,2014
"Wyanga",2014-12-16,0,14.9,20.4,9.4,2014
"Wyanga",2014-12-17,0.3,15.55,20.9,10.2,2014
"Wyanga",2014-12-18,0,16.9,21.6,12.2,2014
"Wyanga",2014-12-19,0,16.05,21.9,10.2,2014
"Wyanga",2014-12-20,0.8,16.75,23.3,10.2,2014
"Wyanga",2014-12-21,6.4,17.85,21.8,13.9,2014
"Wyanga",2014-12-22,21.8,17,21.2,12.8,2014
"Wyanga",2014-12-23,0,18,22.7,13.3,2014
"Wyanga",2014-12-24,1,18.6,22.1,15.1,2014
"Wyanga",2014-12-25,17.5,17.25,19.3,15.2,2014
"Wyanga",2014-12-26,8.4,17.35,20.7,14,2014
"Wyanga",2014-12-27,1,18.5,22.7,14.3,2014
"Wyanga",2014-12-28,0.8,16.85,20.9,12.8,2014
"Wyanga",2014-12-29,0,17.7,22.5,12.9,2014
"Wyanga",2014-12-30,1.5,17.45,23.7,11.2,2014
"Wyanga",2014-12-31,16.3,17.65,20.8,14.5,2014
"Wyanga",2015-01-01,42.2,16,17.6,14.4,2015
"Wyanga",2015-01-02,12.2,16.8,18.7,14.9,2015
"Wyanga",2015-01-03,8.4,17.5,20.6,14.4,2015
"Wyanga",2015-01-04,20.6,17.7,21.1,14.3,2015
"Wyanga",2015-01-05,8.9,18.1,21.1,15.1,2015
"Wyanga",2015-01-06,10.2,17.7,21,14.4,2015
"Wyanga",2015-01-07,15.2,16.9,19.4,14.4,2015
"Wyanga",2015-01-08,7.4,17.25,20.1,14.4,2015
"Wyanga",2015-01-09,1.3,14.8,16.7,12.9,2015
"Wyanga",2015-01-10,0.5,14.7,17.2,12.2,2015
"Wyanga",2015-01-11,0,14.7,18.8,10.6,2015
"Wyanga",2015-01-12,0,15.95,21.8,10.1,2015
"Wyanga",2015-01-13,0,15.5,24.4,6.6,2015
"Wyanga",2015-01-14,0,16.35,22.1,10.6,2015
"Wyanga",2015-01-15,3.6,15.9,22.2,9.6,2015
"Wyanga",2015-01-16,0,17.3,23.8,10.8,2015
"Wyanga",2015-01-17,7.4,16.85,21.5,12.2,2015
"Wyanga",2015-01-18,8.9,17.35,21.3,13.4,2015
"Wyanga",2015-01-19,24.1,17.85,21.3,14.4,2015
"Wyanga",2015-01-20,3.6,18.45,21.8,15.1,2015
"Wyanga",2015-01-21,15,19.05,22.8,15.3,2015
"Wyanga",2015-01-22,14.2,18.4,22.2,14.6,2015
"Wyanga",2015-01-23,35.3,17.6,21.3,13.9,2015
"Wyanga",2015-01-24,43.9,18.65,22.3,15,2015
"Wyanga",2015-01-25,24.1,16.65,18.6,14.7,2015
"Wyanga",2015-01-26,35.3,19.3,23.3,15.3,2015
"Wyanga",2015-01-27,3.8,17.6,20.6,14.6,2015
"Wyanga",2015-01-28,62.7,18.25,22.1,14.4,2015
"Wyanga",2015-01-29,1,16.1,18.3,13.9,2015
"Wyanga",2015-01-30,68.8,17.8,21.2,14.4,2015
"Wyanga",2015-01-31,6.9,17.65,21.3,14,2015
"Wyanga",2015-02-01,14.5,18.6,22.9,14.3,2015
"Wyanga",2015-02-02,23.6,18.05,21,15.1,2015
"Wyanga",2015-02-03,23.4,18.15,21.7,14.6,2015
"Wyanga",2015-02-04,1.3,16.8,19.8,13.8,2015
"Wyanga",2015-02-05,0,16.45,21,11.9,2015
"Wyanga",2015-02-06,0,15.75,20.8,10.7,2015
"Wyanga",2015-02-07,0,16,20.6,11.4,2015
"Wyanga",2015-02-08,41.9,18.3,23.9,12.7,2015
"Wyanga",2015-02-09,1.3,17.6,21.4,13.8,2015
"Wyanga",2015-02-10,0.8,17.8,21.2,14.4,2015
"Wyanga",2015-02-11,4.6,19,24.2,13.8,2015
"Wyanga",2015-02-12,1,19.25,24.1,14.4,2015
"Wyanga",2015-02-13,6.6,16.55,19.4,13.7,2015
"Wyanga",2015-02-14,5.8,15.45,17.6,13.3,2015
"Wyanga",2015-02-15,4.8,15.6,18.4,12.8,2015
"Wyanga",2015-02-16,0.3,16.55,19.8,13.3,2015
"Wyanga",2015-02-17,0,16.6,21.1,12.1,2015
"Wyanga",2015-02-18,0.5,16.6,21.6,11.6,2015
"Wyanga",2015-02-19,0,17.25,22.1,12.4,2015
"Wyanga",2015-02-20,23.4,18.05,24,12.1,2015
"Wyanga",2015-02-21,39.4,18.15,23.1,13.2,2015
"Wyanga",2015-02-22,1.3,18.1,22,14.2,2015
"Wyanga",2015-02-23,20.1,18.45,22.2,14.7,2015
"Wyanga",2015-02-24,0.8,16.65,20.7,12.6,2015
"Wyanga",2015-02-25,0.5,17.25,21.1,13.4,2015
"Wyanga",2015-02-26,0.8,17.85,22.4,13.3,2015
"Wyanga",2015-02-27,0.3,17.75,22.2,13.3,2015
"Wyanga",2015-02-28,23.1,17.8,22.2,13.4,2015
"Wyanga",NA,1.5,15.25,18.5,12,NA
"Wyanga",2015-03-01,1.5,17,20.3,13.7,2015
"Wyanga",2015-03-02,0,18.95,22.1,15.8,2015
"Wyanga",2015-03-03,0,19.15,23.9,14.4,2015
"Wyanga",2015-03-04,0,17.2,21.1,13.3,2015
"Wyanga",2015-03-05,0,17.3,22.2,12.4,2015
"Wyanga",2015-03-06,0,17,23,11,2015
"Wyanga",2015-03-07,0,16.25,20.6,11.9,2015
"Wyanga",2015-03-08,0,17.15,22.5,11.8,2015
"Wyanga",2015-03-09,0,16,21.1,10.9,2015
"Wyanga",2015-03-10,0,16.6,21.7,11.5,2015
"Wyanga",2015-03-11,0,14.95,21,8.9,2015
"Wyanga",2015-03-12,0,15.65,22.2,9.1,2015
"Wyanga",2015-03-13,0.3,14.8,22.8,6.8,2015
"Wyanga",2015-03-14,0,17.75,22.3,13.2,2015
"Wyanga",2015-03-15,0,17.2,23.2,11.2,2015
"Wyanga",2015-03-16,0,15.4,22.1,8.7,2015
"Wyanga",2015-03-17,0,15.8,21,10.6,2015
"Wyanga",2015-03-18,0,15.4,19.9,10.9,2015
"Wyanga",2015-03-19,0,17.8,23.7,11.9,2015
"Wyanga",2015-03-20,0,17,23.6,10.4,2015
"Wyanga",2015-03-21,0,15.35,23.5,7.2,2015
"Wyanga",2015-03-22,4.1,15.95,24.2,7.7,2015
"Wyanga",2015-03-23,0,18.75,24.4,13.1,2015
"Wyanga",2015-03-24,0,17,21.7,12.3,2015
"Wyanga",2015-03-25,0,18.3,25,11.6,2015
"Wyanga",2015-03-26,0,19.25,25.2,13.3,2015
"Wyanga",2015-03-27,0,16.85,22,11.7,2015
"Wyanga",2015-03-28,0,17.65,22.9,12.4,2015
"Wyanga",2015-03-29,0,17.5,22.8,12.2,2015
"Wyanga",2015-03-30,0,17.45,23.8,11.1,2015
"Wyanga",2015-03-31,1.5,15.75,19.3,12.2,2015
"Wyanga",2015-04-01,0,14.55,19.8,9.3,2015
"Wyanga",2015-04-02,0,15.15,22,8.3,2015
"Wyanga",2015-04-03,0,15.75,24.9,6.6,2015
"Wyanga",2015-04-04,0,16.3,25.2,7.4,2015
"Wyanga",2015-04-05,0,18.05,26.1,10,2015
"Wyanga",2015-04-06,0,17.15,24.8,9.5,2015
"Wyanga",2015-04-07,0,17.25,22.3,12.2,2015
"Wyanga",2015-04-08,0,16.25,23.8,8.7,2015
"Wyanga",2015-04-09,0,17.35,22.9,11.8,2015
"Wyanga",2015-04-10,0.5,17.4,23.8,11,2015
"Wyanga",2015-04-11,0.8,16.95,21.7,12.2,2015
"Wyanga",2015-04-12,0,14.8,18.9,10.7,2015
"Wyanga",2015-04-13,0,16.75,22.4,11.1,2015
"Wyanga",2015-04-14,0,16.65,22.7,10.6,2015
"Wyanga",2015-04-15,0,16.9,22.3,11.5,2015
"Wyanga",2015-04-16,0.5,15.8,22.7,8.9,2015
"Wyanga",2015-04-17,0,16.15,22.3,10,2015
"Wyanga",2015-04-18,12.7,15.85,20,11.7,2015
"Wyanga",2015-04-19,7.4,15.1,18.6,11.6,2015
"Wyanga",2015-04-20,3.8,13.75,16.4,11.1,2015
"Wyanga",2015-04-21,0,14.35,18.9,9.8,2015
"Wyanga",2015-04-22,0,14.35,20.9,7.8,2015
"Wyanga",2015-04-23,0,15.35,19.6,11.1,2015
"Wyanga",2015-04-24,0,13.9,18.4,9.4,2015
"Wyanga",2015-04-25,0,12.95,16.4,9.5,2015
"Wyanga",2015-04-26,0.5,13.3,17.2,9.4,2015
"Wyanga",2015-04-27,0,13.75,18.7,8.8,2015
"Wyanga",2015-04-28,0,12.95,20.3,5.6,2015
"Wyanga",2015-04-29,0,11.95,20.6,3.3,2015
"Wyanga",2015-04-30,0,11.8,20.5,3.1,2015
"Wyanga",2015-05-01,0,12.1,20.4,3.8,2015
"Wyanga",2015-05-02,0,14.25,22.3,6.2,2015
"Wyanga",2015-05-03,0,15.25,23.2,7.3,2015
"Wyanga",2015-05-04,0,15.55,21.7,9.4,2015
"Wyanga",2015-05-05,0,12.6,21.7,3.5,2015
"Wyanga",2015-05-06,0,13.25,23.8,2.7,2015
"Wyanga",2015-05-07,3,13.1,15.6,10.6,2015
"Wyanga",2015-05-08,4.1,11.6,13.8,9.4,2015
"Wyanga",2015-05-09,0,11.9,14.4,9.4,2015
"Wyanga",2015-05-10,0,10.6,16.5,4.7,2015
"Wyanga",2015-05-11,0,12.4,17.7,7.1,2015
"Wyanga",2015-05-12,0,13.4,19.4,7.4,2015
"Wyanga",2015-05-13,0,13.65,17.9,9.4,2015
"Wyanga",2015-05-14,0.8,10.95,16.1,5.8,2015
"Wyanga",2015-05-15,0,13,17.7,8.3,2015
"Wyanga",2015-05-16,0,11.4,19.4,3.4,2015
"Wyanga",2015-05-17,0,9.9,19.2,0.6,2015
"Wyanga",2015-05-18,0,10.8,18.8,2.8,2015
"Wyanga",2015-05-19,0,11.95,16.7,7.2,2015
"Wyanga",2015-05-20,0,11.95,16.7,7.2,2015
"Wyanga",2015-05-21,0,10.5,15.8,5.2,2015
"Wyanga",2015-05-22,0,10.65,16.6,4.7,2015
"Wyanga",2015-05-23,0,12.25,18.4,6.1,2015
"Wyanga",2015-05-24,0.5,11.45,14.8,8.1,2015
"Wyanga",2015-05-25,1.3,8.85,10.6,7.1,2015
"Wyanga",2015-05-26,2.8,10.15,12.7,7.6,2015
"Wyanga",2015-05-27,0,12.3,16.8,7.8,2015
"Wyanga",2015-05-28,0,12.05,17.8,6.3,2015
"Wyanga",2015-05-29,0,10.95,14.7,7.2,2015
"Wyanga",2015-05-30,0,10.65,14.9,6.4,2015
"Wyanga",2015-05-31,0,10.15,14.2,6.1,2015
"Wyanga",2015-06-01,0,10.75,16.2,5.3,2015
"Wyanga",2015-06-02,3.8,11.9,17.1,6.7,2015
"Wyanga",2015-06-03,6.4,10.05,11.9,8.2,2015
"Wyanga",2015-06-04,0,9.55,11.9,7.2,2015
"Wyanga",2015-06-05,1.5,10.05,13.8,6.3,2015
"Wyanga",2015-06-06,1.8,8.85,13.9,3.8,2015
"Wyanga",2015-06-07,0.8,9.7,15.5,3.9,2015
"Wyanga",2015-06-08,2.8,11.05,14.7,7.4,2015
"Wyanga",2015-06-09,0,11.05,15.5,6.6,2015
"Wyanga",2015-06-10,0,10.05,15.7,4.4,2015
"Wyanga",2015-06-11,0,10.2,15.5,4.9,2015
"Wyanga",2015-06-12,0,9.55,15.7,3.4,2015
"Wyanga",2015-06-13,0,11.05,16.1,6,2015
"Wyanga",2015-06-14,0,10.15,15.6,4.7,2015
"Wyanga",2015-06-15,0,10.25,15.4,5.1,2015
"Wyanga",2015-06-16,0,9.25,13.3,5.2,2015
"Wyanga",2015-06-17,0.8,11.6,15.6,7.6,2015
"Wyanga",2015-06-18,0,11.4,15.5,7.3,2015
"Wyanga",2015-06-19,1,11.45,16.1,6.8,2015
"Wyanga",2015-06-20,0,11.95,15.7,8.2,2015
"Wyanga",2015-06-21,0,9.5,15.6,3.4,2015
"Wyanga",2015-06-22,0,9.4,16.1,2.7,2015
"Wyanga",2015-06-23,0,9.55,16.1,3,2015
"Wyanga",2015-06-24,0,12.6,17.9,7.3,2015
"Wyanga",2015-06-25,0,11.6,15.5,7.7,2015
"Wyanga",2015-06-26,0,11.85,17.6,6.1,2015
"Wyanga",2015-06-27,0,11.1,18.1,4.1,2015
"Wyanga",2015-06-28,0,10.75,18.2,3.3,2015
"Wyanga",2015-06-29,0.3,10.3,13.9,6.7,2015
"Wyanga",2015-06-30,0,10.2,12.7,7.7,2015
"Wyanga",2015-07-01,0,9.25,13.4,5.1,2015
"Wyanga",2015-07-02,0,9.1,13.7,4.5,2015
"Wyanga",2015-07-03,0,10.35,14,6.7,2015
"Wyanga",2015-07-04,0.3,7.9,12.4,3.4,2015
"Wyanga",2015-07-05,0,9.35,17.1,1.6,2015
"Wyanga",2015-07-06,0,9.55,17.4,1.7,2015
"Wyanga",2015-07-07,0,10.1,16.9,3.3,2015
"Wyanga",2015-07-08,0,10.35,17.7,3,2015
"Wyanga",2015-07-09,0,9.15,17.2,1.1,2015
"Wyanga",2015-07-10,0,10.25,16.2,4.3,2015
"Wyanga",2015-07-11,0,9.45,16.6,2.3,2015
"Wyanga",2015-07-12,0.3,9.9,13.2,6.6,2015
"Wyanga",2015-07-13,0,11.5,16.3,6.7,2015
"Wyanga",2015-07-14,0,10.9,16.9,4.9,2015
"Wyanga",2015-07-15,0,12,17.7,6.3,2015
"Wyanga",2015-07-16,0,10.9,17.2,4.6,2015
"Wyanga",2015-07-17,0,10.5,18.2,2.8,2015
"Wyanga",2015-07-18,0,10.3,17.9,2.7,2015
"Wyanga",2015-07-19,0,9.95,18.8,1.1,2015
"Wyanga",2015-07-20,0,9.95,19.3,0.6,2015
"Wyanga",2015-07-21,0,10.25,16.6,3.9,2015
"Wyanga",2015-07-22,1.8,10.55,14.9,6.2,2015
"Wyanga",2015-07-23,0,10.6,13.8,7.4,2015
"Wyanga",2015-07-24,0,9.75,16.5,3,2015
"Wyanga",2015-07-25,0,8.8,16.2,1.4,2015
"Wyanga",2015-07-26,0,11.15,20.6,1.7,2015
"Wyanga",2015-07-27,0,10,16.6,3.4,2015
"Wyanga",2015-07-28,8.1,8.7,12.9,4.5,2015
"Wyanga",2015-07-29,1,8.75,10.9,6.6,2015
"Wyanga",2015-07-30,0,8.65,12.2,5.1,2015
"Wyanga",2015-07-31,0,8.95,12.7,5.2,2015
"Wyanga",2015-08-01,0,8.75,13.9,3.6,2015
"Wyanga",2015-08-02,0,9,13.8,4.2,2015
"Wyanga",2015-08-03,0,9.4,16,2.8,2015
"Wyanga",2015-08-04,0,9.5,16.8,2.2,2015
"Wyanga",2015-08-05,0,10.15,18.3,2,2015
"Wyanga",2015-08-06,0,11.95,21.1,2.8,2015
"Wyanga",2015-08-07,0,12.9,21.9,3.9,2015
"Wyanga",2015-08-08,10.7,13.35,18.3,8.4,2015
"Wyanga",2015-08-09,1.5,10.35,12.9,7.8,2015
"Wyanga",2015-08-10,0,11.6,19.6,3.6,2015
"Wyanga",2015-08-11,0,11.8,20.5,3.1,2015
"Wyanga",2015-08-12,0,13.4,18.6,8.2,2015
"Wyanga",2015-08-13,0.8,11.55,16.7,6.4,2015
"Wyanga",2015-08-14,0,12.1,17.3,6.9,2015
"Wyanga",2015-08-15,0,10.95,16.8,5.1,2015
"Wyanga",2015-08-16,0,9.75,17,2.5,2015
"Wyanga",2015-08-17,0.3,11.3,16.5,6.1,2015
"Wyanga",2015-08-18,0,11.35,18.8,3.9,2015
"Wyanga",2015-08-19,0,12.35,20.8,3.9,2015
"Wyanga",2015-08-20,0,13.5,22.6,4.4,2015
"Wyanga",2015-08-21,0,10.9,17.7,4.1,2015
"Wyanga",2015-08-22,0,13.45,19.8,7.1,2015
"Wyanga",2015-08-23,0,12,20.7,3.3,2015
"Wyanga",2015-08-24,0,13.1,23.4,2.8,2015
"Wyanga",2015-08-25,0,15,26.7,3.3,2015
"Wyanga",2015-08-26,0,18.2,25.2,11.2,2015
"Wyanga",2015-08-27,0,15.9,26,5.8,2015
"Wyanga",2015-08-28,0,16.6,25,8.2,2015
"Wyanga",2015-08-29,0,15.8,25,6.6,2015
"Wyanga",2015-08-30,0,14.75,22.9,6.6,2015
"Wyanga",2015-08-31,0,13.5,23.4,3.6,2015
"Wyanga",2015-09-01,0,13,22.2,3.8,2015
"Wyanga",2015-09-02,0,16.35,23.8,8.9,2015
"Wyanga",2015-09-03,0,16.45,21.8,11.1,2015
"Wyanga",2015-09-04,1.3,15.15,19.4,10.9,2015
"Wyanga",2015-09-05,0,15.15,20.3,10,2015
"Wyanga",2015-09-06,0,13.3,18.8,7.8,2015
"Wyanga",2015-09-07,0,13.15,21.6,4.7,2015
"Wyanga",2015-09-08,0,13.8,22.5,5.1,2015
"Wyanga",2015-09-09,0,14.15,23,5.3,2015
"Wyanga",2015-09-10,0,16.1,26.1,6.1,2015
"Wyanga",2015-09-11,0,16.65,26.2,7.1,2015
"Wyanga",2015-09-12,0,17.4,26.4,8.4,2015
"Wyanga",2015-09-13,0,18.5,27.8,9.2,2015
"Wyanga",2015-09-14,0,18.25,24.4,12.1,2015
"Wyanga",2015-09-15,0,16.6,24.9,8.3,2015
"Wyanga",2015-09-16,0,18.05,23.6,12.5,2015
"Wyanga",2015-09-17,0,8.8,11.1,6.5,2015
"Wyanga",2015-09-18,0,7.75,11.1,4.4,2015
"Wyanga",2015-09-19,0,8.85,13.6,4.1,2015
"Wyanga",2015-09-20,0,9.75,17.2,2.3,2015
"Wyanga",2015-09-21,0,11.55,18.9,4.2,2015
"Wyanga",2015-09-22,0,12,19.3,4.7,2015
"Wyanga",2015-09-23,0,12.25,21.2,3.3,2015
"Wyanga",2015-09-24,0,14.7,23,6.4,2015
"Wyanga",2015-09-25,0,18.4,25.6,11.2,2015
"Wyanga",2015-09-26,0,19.05,26.2,11.9,2015
"Wyanga",2015-09-27,0,21.2,27.8,14.6,2015
"Wyanga",2015-09-28,0,20.6,26.8,14.4,2015
"Wyanga",2015-09-29,0,17.85,29.6,6.1,2015
"Wyanga",2015-09-30,0,18.45,27.8,9.1,2015
"Wyanga",2015-10-01,0,19.4,28.2,10.6,2015
"Wyanga",2015-10-02,0,20.95,28.1,13.8,2015
"Wyanga",2015-10-03,0,20.25,25.8,14.7,2015
"Wyanga",2015-10-04,0,17.3,22.7,11.9,2015
"Wyanga",2015-10-05,0,17.2,25.6,8.8,2015
"Wyanga",2015-10-06,0,15.1,19.6,10.6,2015
"Wyanga",2015-10-07,0,13.95,20.1,7.8,2015
"Wyanga",2015-10-08,0,15.95,22.7,9.2,2015
"Wyanga",2015-10-09,0.5,16.2,22.9,9.5,2015
"Wyanga",2015-10-10,0,17.4,24.9,9.9,2015
"Wyanga",2015-10-11,0,19.4,28.4,10.4,2015
"Wyanga",2015-10-12,0,20.8,27.2,14.4,2015
"Wyanga",2015-10-13,0,16.35,20.5,12.2,2015
"Wyanga",2015-10-14,0,15.8,22.2,9.4,2015
"Wyanga",2015-10-15,0,17.5,24,11,2015
"Wyanga",2015-10-16,0,18.3,26.1,10.5,2015
"Wyanga",2015-10-17,0.5,18.55,25.5,11.6,2015
"Wyanga",2015-10-18,14.7,16.35,19.9,12.8,2015
"Wyanga",2015-10-19,0.8,16.15,20.6,11.7,2015
"Wyanga",2015-10-20,0,16.4,21.2,11.6,2015
"Wyanga",2015-10-21,0,17.4,24.6,10.2,2015
"Wyanga",2015-10-22,0,16.9,25.7,8.1,2015
"Wyanga",2015-10-23,0,18.6,26.1,11.1,2015
"Wyanga",2015-10-24,0,16.05,26.7,5.4,2015
"Wyanga",2015-10-25,0,19.4,28.1,10.7,2015
"Wyanga",2015-10-26,6.9,17.4,22.6,12.2,2015
"Wyanga",2015-10-27,0,16.35,21.3,11.4,2015
"Wyanga",2015-10-28,0,18.2,24.2,12.2,2015
"Wyanga",2015-10-29,16,16.8,20.2,13.4,2015
"Wyanga",2015-10-30,0,17.15,22.7,11.6,2015
"Wyanga",2015-10-31,0,17.25,22.7,11.8,2015
"Wyanga",2015-11-01,0,18.75,24.8,12.7,2015
"Wyanga",2015-11-02,0,19.15,24.9,13.4,2015
"Wyanga",2015-11-03,1.3,19.05,24.2,13.9,2015
"Wyanga",2015-11-04,25.7,18.25,21.8,14.7,2015
"Wyanga",2015-11-05,12.7,15.7,18.6,12.8,2015
"Wyanga",2015-11-06,5.1,16.35,20.7,12,2015
"Wyanga",2015-11-07,17.8,16.65,21.1,12.2,2015
"Wyanga",2015-11-08,5.3,15.75,18.8,12.7,2015
"Wyanga",2015-11-09,8.6,14.5,16.2,12.8,2015
"Wyanga",2015-11-10,6.6,14.75,17.7,11.8,2015
"Wyanga",2015-11-11,1.8,13.4,16.2,10.6,2015
"Wyanga",2015-11-12,0.8,12.8,16.2,9.4,2015
"Wyanga",2015-11-13,1.3,12.5,16.1,8.9,2015
"Wyanga",2015-11-14,0,11.65,15.5,7.8,2015
"Wyanga",2015-11-15,0,12.1,17.6,6.6,2015
"Wyanga",2015-11-16,0,12.95,19,6.9,2015
"Wyanga",2015-11-17,0,12.3,22.7,1.9,2015
"Wyanga",2015-11-18,0,15.25,24.8,5.7,2015
"Wyanga",2015-11-19,0,17.15,25.9,8.4,2015
"Wyanga",2015-11-20,0,18.2,25.7,10.7,2015
"Wyanga",2015-11-21,0.5,18.85,26.3,11.4,2015
"Wyanga",2015-11-22,1.5,19.2,24.1,14.3,2015
"Wyanga",2015-11-23,0,16.95,22.6,11.3,2015
"Wyanga",2015-11-24,0,16.45,22.2,10.7,2015
"Wyanga",2015-11-25,0.8,17.5,23.3,11.7,2015
"Wyanga",2015-11-26,28.2,17.05,20.5,13.6,2015
"Wyanga",2015-11-27,0,17.25,22.9,11.6,2015
"Wyanga",2015-11-28,0,15.8,22.2,9.4,2015
"Wyanga",2015-11-29,0,17.3,22.7,11.9,2015
"Wyanga",2015-11-30,0,17.35,23.8,10.9,2015
"Wyanga",2015-12-01,0,17.75,26.3,9.2,2015
"Wyanga",2015-12-02,2.5,18,26.3,9.7,2015
"Wyanga",2015-12-03,1,15.75,20.2,11.3,2015
"Wyanga",2015-12-04,16.8,16.45,20.3,12.6,2015
"Wyanga",2015-12-05,5.1,15.7,19.2,12.2,2015
"Wyanga",2015-12-06,12.7,17.25,22.6,11.9,2015
"Wyanga",2015-12-07,0,18.25,24.4,12.1,2015
"Wyanga",2015-12-08,1.3,16.35,19.8,12.9,2015
"Wyanga",2015-12-09,25.1,17.45,23.1,11.8,2015
"Wyanga",2015-12-10,22.4,17.7,23.8,11.6,2015
"Wyanga",2015-12-11,0,15.7,20.7,10.7,2015
"Wyanga",2015-12-12,0,16.65,21.6,11.7,2015
"Wyanga",2015-12-13,1,17.1,23.4,10.8,2015
"Wyanga",2015-12-14,15.2,18.3,21.6,15,2015
"Wyanga",2015-12-15,59.4,17.35,20.9,13.8,2015
"Wyanga",2015-12-16,15.5,17.75,22.4,13.1,2015
"Wyanga",2015-12-17,46.7,16.95,21.1,12.8,2015
"Wyanga",2015-12-18,14.2,17.65,21.5,13.8,2015
"Wyanga",2015-12-19,22.1,17.7,23.8,11.6,2015
"Wyanga",2015-12-20,0.5,16.9,21.1,12.7,2015
"Wyanga",2015-12-21,0,15.8,20.6,11,2015
"Wyanga",2015-12-22,0,13.6,21.7,5.5,2015
"Wyanga",2015-12-23,0,15.5,23.3,7.7,2015
"Wyanga",2015-12-24,2.5,16.05,22.2,9.9,2015
"Wyanga",2015-12-25,17.3,17.1,21.1,13.1,2015
"Wyanga",2015-12-26,0,15.65,23,8.3,2015
"Wyanga",2015-12-27,0,17.15,25.5,8.8,2015
"Wyanga",2015-12-28,3.6,17.05,22.8,11.3,2015
"Wyanga",2015-12-29,4.8,17.75,23.3,12.2,2015
"Wyanga",2015-12-30,16.3,18.55,23.8,13.3,2015
"Wyanga",2015-12-31,1.8,18.75,23.1,14.4,2015
"Wyanga",2016-01-01,18.8,18.8,23.3,14.3,2016
"Wyanga",2016-01-02,56.6,18.4,22.9,13.9,2016
"Wyanga",2016-01-03,29.2,17.1,20.9,13.3,2016
"Wyanga",2016-01-04,17,16.95,21.7,12.2,2016
"Wyanga",2016-01-05,0.5,17.5,21.6,13.4,2016
"Wyanga",2016-01-06,5.1,16.95,20.6,13.3,2016
"Wyanga",2016-01-07,16.8,17.7,21.1,14.3,2016
"Wyanga",2016-01-08,8.1,17.1,19.8,14.4,2016
"Wyanga",2016-01-09,5.1,17.75,21.1,14.4,2016
"Wyanga",2016-01-10,5.3,16.55,19.5,13.6,2016
"Wyanga",2016-01-11,25.1,17.2,19.4,15,2016
"Wyanga",2016-01-12,30.2,15.95,18.3,13.6,2016
"Wyanga",2016-01-13,53.1,15.65,16.9,14.4,2016
"Wyanga",2016-01-14,60.2,17.2,19.4,15,2016
"Wyanga",2016-01-15,2.3,17.9,21.4,14.4,2016
"Wyanga",2016-01-16,0,18.3,23.3,13.3,2016
"Wyanga",2016-01-17,2.3,17.7,21.1,14.3,2016
"Wyanga",2016-01-18,0,18.15,22.7,13.6,2016
"Wyanga",2016-01-19,0,17.3,25.2,9.4,2016
"Wyanga",2016-01-20,0.8,19.4,24.4,14.4,2016
"Wyanga",2016-01-21,20.8,17.05,22.2,11.9,2016
"Wyanga",2016-01-22,0,18.15,21.9,14.4,2016
"Wyanga",2016-01-23,1.5,18.95,22.5,15.4,2016
"Wyanga",2016-01-24,21.6,18.35,21.8,14.9,2016
"Wyanga",2016-01-25,16.8,17.2,20.3,14.1,2016
"Wyanga",2016-01-26,3.3,18.3,22.7,13.9,2016
"Wyanga",2016-01-27,4.1,16.5,20.7,12.3,2016
"Wyanga",2016-01-28,0.5,18.45,22.7,14.2,2016
"Wyanga",2016-01-29,2.3,17.6,21.6,13.6,2016
"Wyanga",2016-01-30,8.9,18.7,23.3,14.1,2016
"Wyanga",2016-01-31,3.6,17.3,20.2,14.4,2016
"Wyanga",2016-02-01,20.1,15.85,20,11.7,2016
"Wyanga",2016-02-02,1.3,17.05,20.7,13.4,2016
"Wyanga",2016-02-03,1.5,18.45,23.3,13.6,2016
"Wyanga",2016-02-04,46.7,16.35,18.3,14.4,2016
"Wyanga",2016-02-05,3.8,17.5,20.6,14.4,2016
"Wyanga",2016-02-06,0,17,20.7,13.3,2016
"Wyanga",2016-02-07,0,18.6,23.3,13.9,2016
"Wyanga",2016-02-08,0,19.95,24.3,15.6,2016
"Wyanga",2016-02-09,30.2,18.75,24.7,12.8,2016
"Wyanga",2016-02-10,0.5,17.15,22.2,12.1,2016
"Wyanga",2016-02-11,67.8,18,22.5,13.5,2016
"Wyanga",2016-02-12,28.2,15.65,18.1,13.2,2016
"Wyanga",2016-02-13,38.6,17.45,22.2,12.7,2016
"Wyanga",2016-02-14,0.8,18.55,23,14.1,2016
"Wyanga",2016-02-15,7.4,19.05,24,14.1,2016
"Wyanga",2016-02-16,1.3,16.95,20.7,13.2,2016
"Wyanga",2016-02-17,0,17.75,21.7,13.8,2016
"Wyanga",2016-02-18,4.1,18.2,22.2,14.2,2016
"Wyanga",2016-02-19,15.5,17.35,21.9,12.8,2016
"Wyanga",2016-02-20,47.8,19.05,23.8,14.3,2016
"Wyanga",2016-02-21,2.3,17.95,22.3,13.6,2016
"Wyanga",2016-02-22,0,17.3,20.8,13.8,2016
"Wyanga",2016-02-23,0,16.35,22.1,10.6,2016
"Wyanga",2016-02-24,0,15.25,21.3,9.2,2016
"Wyanga",2016-02-25,9.4,17,23.3,10.7,2016
"Wyanga",2016-02-26,0.5,16.95,21.9,12,2016
"Wyanga",2016-02-27,0.3,17.45,22.5,12.4,2016
"Wyanga",2016-02-28,28.2,18.15,22.7,13.6,2016
"Wyanga",2016-03-01,33.5,18.1,22.4,13.8,2016
"Wyanga",2016-03-02,5.1,17.15,20.4,13.9,2016
"Wyanga",2016-03-03,12.4,16.6,19.4,13.8,2016
"Wyanga",2016-03-04,0.3,14.55,18.4,10.7,2016
"Wyanga",2016-03-05,5.1,13.45,15.9,11,2016
"Wyanga",2016-03-06,0,13.45,16.6,10.3,2016
"Wyanga",2016-03-07,1.3,13.15,15.3,11,2016
"Wyanga",2016-03-08,0,14.15,18.3,10,2016
"Wyanga",2016-03-09,0.3,15.45,19.8,11.1,2016
"Wyanga",2016-03-10,0,15.2,20,10.4,2016
"Wyanga",2016-03-11,0,16.5,21.4,11.6,2016
"Wyanga",2016-03-12,0,16,20.9,11.1,2016
"Wyanga",2016-03-13,0,15.85,20,11.7,2016
"Wyanga",2016-03-14,0.5,15.85,20.3,11.4,2016
"Wyanga",2016-03-15,0.5,15.45,20.6,10.3,2016
"Wyanga",2016-03-16,0,17.35,21.9,12.8,2016
"Wyanga",2016-03-17,0,16.1,21.9,10.3,2016
"Wyanga",2016-03-18,18.5,16.95,22.9,11,2016
"Wyanga",2016-03-19,40.1,18.35,22.8,13.9,2016
"Wyanga",2016-03-20,0,17.4,21.4,13.4,2016
"Wyanga",2016-03-21,10.9,17.95,21.7,14.2,2016
"Wyanga",2016-03-22,19.3,16.4,20.6,12.2,2016
"Wyanga",2016-03-23,24.6,18.7,22.6,14.8,2016
"Wyanga",2016-03-24,6.4,17.2,21.1,13.3,2016
"Wyanga",2016-03-25,0,16.95,21.1,12.8,2016
"Wyanga",2016-03-26,0,16.1,21.1,11.1,2016
"Wyanga",2016-03-27,2.3,15.5,20.4,10.6,2016
"Wyanga",2016-03-28,0,17,21.6,12.4,2016
"Wyanga",2016-03-29,1,16.95,24,9.9,2016
"Wyanga",2016-03-30,1.5,17.8,22,13.6,2016
"Wyanga",2016-03-31,5.8,16.2,19.7,12.7,2016
"Wyanga",2016-04-01,0.8,13.35,16.7,10,2016
"Wyanga",2016-04-02,0,16.45,21.2,11.7,2016
"Wyanga",2016-04-03,10.9,15.55,20.5,10.6,2016
"Wyanga",2016-04-04,0,16.65,19.4,13.9,2016
"Wyanga",2016-04-05,0,15.55,18.9,12.2,2016
"Wyanga",2016-04-06,20.6,15.95,19.4,12.5,2016
"Wyanga",2016-04-07,1.5,15.1,18,12.2,2016
"Wyanga",2016-04-08,0,16.15,21.7,10.6,2016
"Wyanga",2016-04-09,0,15.35,22.3,8.4,2016
"Wyanga",2016-04-10,0,17.6,24.5,10.7,2016
"Wyanga",2016-04-11,0,16.1,23.3,8.9,2016
"Wyanga",2016-04-12,8.9,17.55,23.2,11.9,2016
"Wyanga",2016-04-13,0.3,19.2,25.1,13.3,2016
"Wyanga",2016-04-14,0,17.6,22.3,12.9,2016
"Wyanga",2016-04-15,0,17.25,20.8,13.7,2016
"Wyanga",2016-04-16,0,16.75,21.3,12.2,2016
"Wyanga",2016-04-17,0,14.05,21.1,7,2016
"Wyanga",2016-04-18,0,15,22.8,7.2,2016
"Wyanga",2016-04-19,5.1,16.1,23.3,8.9,2016
"Wyanga",2016-04-20,48.5,15.25,16.7,13.8,2016
"Wyanga",2016-04-21,0.8,12,14.2,9.8,2016
"Wyanga",2016-04-22,0,13.7,18.7,8.7,2016
"Wyanga",2016-04-23,0,13.85,19.7,8,2016
"Wyanga",2016-04-24,0,12.45,20.6,4.3,2016
"Wyanga",2016-04-25,0,12.7,17.3,8.1,2016
"Wyanga",2016-04-26,0,12.75,19.5,6,2016
"Wyanga",2016-04-27,0,14,20.2,7.8,2016
"Wyanga",2016-04-28,0,13.7,17.1,10.3,2016
"Wyanga",2016-04-29,0,12.45,16.9,8,2016
"Wyanga",2016-04-30,0,14,18.6,9.4,2016
"Wyanga",2016-05-01,0,13.35,20.3,6.4,2016
"Wyanga",2016-05-02,0,12.75,19.9,5.6,2016
"Wyanga",2016-05-03,0,12.3,19.4,5.2,2016
"Wyanga",2016-05-04,0,13.6,18.3,8.9,2016
"Wyanga",2016-05-05,0,13.8,18.9,8.7,2016
"Wyanga",2016-05-06,3.3,12.15,14.9,9.4,2016
"Wyanga",2016-05-07,0,11.85,14.4,9.3,2016
"Wyanga",2016-05-08,0,12.2,16.6,7.8,2016
"Wyanga",2016-05-09,1.5,11.8,15.3,8.3,2016
"Wyanga",2016-05-10,0,10.95,14.7,7.2,2016
"Wyanga",2016-05-11,0,12.6,18.1,7.1,2016
"Wyanga",2016-05-12,0,13.95,19,8.9,2016
"Wyanga",2016-05-13,0,13.55,18.7,8.4,2016
"Wyanga",2016-05-14,0,13.3,18.9,7.7,2016
"Wyanga",2016-05-15,0,14.15,20.6,7.7,2016
"Wyanga",2016-05-16,0,15,19.4,10.6,2016
"Wyanga",2016-05-17,0,13.45,20.9,6,2016
"Wyanga",2016-05-18,0,14.15,21.1,7.2,2016
"Wyanga",2016-05-19,0,13.7,21.2,6.2,2016
"Wyanga",2016-05-20,0,12.95,19.3,6.6,2016
"Wyanga",2016-05-21,0,14.85,22,7.7,2016
"Wyanga",2016-05-22,0,13.4,17.9,8.9,2016
"Wyanga",2016-05-23,0,11.25,14.7,7.8,2016
"Wyanga",2016-05-24,0,10,14.9,5.1,2016
"Wyanga",2016-05-25,0,9.95,16.5,3.4,2016
"Wyanga",2016-05-26,0,9.4,17.2,1.6,2016
"Wyanga",2016-05-27,0,10.6,17.4,3.8,2016
"Wyanga",2016-05-28,0,12,18.4,5.6,2016
"Wyanga",2016-05-29,0,9.2,18.3,0.1,2016
"Wyanga",2016-05-30,0,8.65,15.2,2.1,2016
"Wyanga",2016-05-31,0,9,15.4,2.6,2016
"Wyanga",2016-06-01,0,9.7,14.9,4.5,2016
"Wyanga",2016-06-02,0,9.55,15.8,3.3,2016
"Wyanga",2016-06-03,0,8.65,16.2,1.1,2016
"Wyanga",2016-06-04,0,8.95,15.7,2.2,2016
"Wyanga",2016-06-05,0,9.2,16.2,2.2,2016
"Wyanga",2016-06-06,2.3,9.95,17.6,2.3,2016
"Wyanga",2016-06-07,1.5,7.65,9.5,5.8,2016
"Wyanga",2016-06-08,0,7.85,11.8,3.9,2016
"Wyanga",2016-06-09,0,9.15,13.9,4.4,2016
"Wyanga",2016-06-10,0,7.8,11.7,3.9,2016
"Wyanga",2016-06-11,0,8.5,14.8,2.2,2016
"Wyanga",2016-06-12,0,9.4,13.2,5.6,2016
"Wyanga",2016-06-13,0,9.4,13.4,5.4,2016
"Wyanga",2016-06-14,0,8.75,15.2,2.3,2016
"Wyanga",2016-06-15,0,9.15,17.2,1.1,2016
"Wyanga",2016-06-16,0,9.4,13.8,5,2016
"Wyanga",2016-06-17,0,9.95,14.6,5.3,2016
"Wyanga",2016-06-18,0,11.05,16.5,5.6,2016
"Wyanga",2016-06-19,0,9.75,12.7,6.8,2016
"Wyanga",2016-06-20,0,11.95,17.2,6.7,2016
"Wyanga",2016-06-21,0,11.2,16.2,6.2,2016
"Wyanga",2016-06-22,0,10.9,16.2,5.6,2016
"Wyanga",2016-06-23,0,9.85,17.3,2.4,2016
"Wyanga",2016-06-24,0,11.5,18.7,4.3,2016
"Wyanga",2016-06-25,0,10.65,17.7,3.6,2016
"Wyanga",2016-06-26,0,10.2,18.2,2.2,2016
"Wyanga",2016-06-27,0,9.2,17.3,1.1,2016
"Wyanga",2016-06-28,0,10.85,18.9,2.8,2016
"Wyanga",2016-06-29,0,10.1,18.4,1.8,2016
"Wyanga",2016-06-30,0,9.2,17.4,1,2016
"Wyanga",2016-07-01,0,9.4,17.6,1.2,2016
"Wyanga",2016-07-02,0,9.15,18.2,0.1,2016
"Wyanga",2016-07-03,0.5,9.95,13.8,6.1,2016
"Wyanga",2016-07-04,0,8.4,12.2,4.6,2016
"Wyanga",2016-07-05,0,7.95,12.6,3.3,2016
"Wyanga",2016-07-06,0,8.2,11.6,4.8,2016
"Wyanga",2016-07-07,0,8.7,15.7,1.7,2016
"Wyanga",2016-07-08,0,8.65,13.4,3.9,2016
"Wyanga",2016-07-09,0,9.2,13.4,5,2016
"Wyanga",2016-07-10,0,8.1,16.1,0.1,2016
"Wyanga",2016-07-11,0,9.1,17.7,0.5,2016
"Wyanga",2016-07-12,0,9.1,16.5,1.7,2016
"Wyanga",2016-07-13,4.6,9.15,12.4,5.9,2016
"Wyanga",2016-07-14,0,8.4,11.4,5.4,2016
"Wyanga",2016-07-15,0,10.1,15.3,4.9,2016
"Wyanga",2016-07-16,0,8.9,16.6,1.2,2016
"Wyanga",2016-07-17,0,11.2,19.5,2.9,2016
"Wyanga",2016-07-18,6.6,10.85,13.9,7.8,2016
"Wyanga",2016-07-19,7.4,7.5,8.2,6.8,2016
"Wyanga",2016-07-20,1.3,6.4,8.9,3.9,2016
"Wyanga",2016-07-21,0,6.25,8.7,3.8,2016
"Wyanga",2016-07-22,3.3,6.95,9.8,4.1,2016
"Wyanga",2016-07-23,0,7.1,10.1,4.1,2016
"Wyanga",2016-07-24,0,5.9,11.6,0.2,2016
"Wyanga",2016-07-25,0,6.85,10.9,2.8,2016
"Wyanga",2016-07-26,0,7.7,14.6,0.8,2016
"Wyanga",2016-07-27,0,8.3,16.2,0.4,2016
"Wyanga",2016-07-28,0,10.15,18.6,1.7,2016
"Wyanga",2016-07-29,0,11.65,20.1,3.2,2016
"Wyanga",2016-07-30,0,9.5,14.4,4.6,2016
"Wyanga",2016-07-31,0,8.1,13.4,2.8,2016
"Wyanga",2016-08-01,0,7.85,15.1,0.6,2016
"Wyanga",2016-08-02,0,9.15,18.2,0.1,2016
"Wyanga",2016-08-03,0,9.35,18.3,0.4,2016
"Wyanga",2016-08-04,0,10.8,17.4,4.2,2016
"Wyanga",2016-08-05,0,9.5,15.6,3.4,2016
"Wyanga",2016-08-06,0,9.45,17.9,1,2016
"Wyanga",2016-08-07,0,10.5,18.8,2.2,2016
"Wyanga",2016-08-08,0,12.25,21.6,2.9,2016
"Wyanga",2016-08-09,1.8,11.35,14.4,8.3,2016
"Wyanga",2016-08-10,1.3,9.85,12,7.7,2016
"Wyanga",2016-08-11,0,10.9,15.2,6.6,2016
"Wyanga",2016-08-12,0,10.65,16.7,4.6,2016
"Wyanga",2016-08-13,0,10.45,19.1,1.8,2016
"Wyanga",2016-08-14,0,10.95,19.2,2.7,2016
"Wyanga",2016-08-15,0,12.85,18.3,7.4,2016
"Wyanga",2016-08-16,0,13.65,17.7,9.6,2016
"Wyanga",2016-08-17,0,12.1,20.1,4.1,2016
"Wyanga",2016-08-18,0,14,22.9,5.1,2016
"Wyanga",2016-08-19,0,12.95,17.6,8.3,2016
"Wyanga",2016-08-20,0,11.8,15.3,8.3,2016
"Wyanga",2016-08-21,0,11.75,17.2,6.3,2016
"Wyanga",2016-08-22,0,10.4,18.6,2.2,2016
"Wyanga",2016-08-23,0,11.4,20.2,2.6,2016
"Wyanga",2016-08-24,0,13.1,21.8,4.4,2016
"Wyanga",2016-08-25,0,13.2,22,4.4,2016
"Wyanga",2016-08-26,0,15.3,21.7,8.9,2016
"Wyanga",2016-08-27,0,15.75,22.8,8.7,2016
"Wyanga",2016-08-28,0,15.6,22.7,8.5,2016
"Wyanga",2016-08-29,28.2,14.85,21.4,8.3,2016
"Wyanga",2016-08-30,42.7,9.6,10.4,8.8,2016
"Wyanga",2016-08-31,1,7.85,10.5,5.2,2016
"Wyanga",2016-09-01,2.5,8.3,11.6,5,2016
"Wyanga",2016-09-02,1.3,7.5,9.9,5.1,2016
"Wyanga",2016-09-03,0,10,15.1,4.9,2016
"Wyanga",2016-09-04,0,9.45,16.2,2.7,2016
"Wyanga",2016-09-05,0,11.05,18.8,3.3,2016
"Wyanga",2016-09-06,0,13.4,21.7,5.1,2016
"Wyanga",2016-09-07,0,15.85,20.7,11,2016
"Wyanga",2016-09-08,0,14.65,19.3,10,2016
"Wyanga",2016-09-09,0,12.95,20.2,5.7,2016
"Wyanga",2016-09-10,0,13.15,22,4.3,2016
"Wyanga",2016-09-11,0,15,21.7,8.3,2016
"Wyanga",2016-09-12,0,13.5,18.9,8.1,2016
"Wyanga",2016-09-13,0,12,20.6,3.4,2016
"Wyanga",2016-09-14,0,12.15,21.5,2.8,2016
"Wyanga",2016-09-15,0,14.6,23.6,5.6,2016
"Wyanga",2016-09-16,0,8.05,8.5,7.6,2016
"Wyanga",2016-09-17,0,9.65,15.4,3.9,2016
"Wyanga",2016-09-18,0,7.35,13.8,0.9,2016
"Wyanga",2016-09-19,0,9.5,15.7,3.3,2016
"Wyanga",2016-09-20,0,10.85,19.5,2.2,2016
"Wyanga",2016-09-21,0,11.5,18.9,4.1,2016
"Wyanga",2016-09-22,0,12.25,18.3,6.2,2016
"Wyanga",2016-09-23,0,11.6,15.1,8.1,2016
"Wyanga",2016-09-24,0,13.35,19.5,7.2,2016
"Wyanga",2016-09-25,2.5,13.7,18.4,9,2016
"Wyanga",2016-09-26,0,14.85,20.8,8.9,2016
"Wyanga",2016-09-27,0,15.05,20.5,9.6,2016
"Wyanga",2016-09-28,0,16.25,23.4,9.1,2016
"Wyanga",2016-09-29,0,14.3,20.9,7.7,2016
"Wyanga",2016-09-30,1,12.05,16.3,7.8,2016
"Wyanga",2016-10-01,0,13.5,17.7,9.3,2016
"Wyanga",2016-10-02,0,13.35,20.1,6.6,2016
"Wyanga",2016-10-03,0,13.95,20.7,7.2,2016
"Wyanga",2016-10-04,0,15.45,21.9,9,2016
"Wyanga",2016-10-05,0,16.95,23.4,10.5,2016
"Wyanga",2016-10-06,0,16.45,22.2,10.7,2016
"Wyanga",2016-10-07,0,16.05,22.2,9.9,2016
"Wyanga",2016-10-08,0,16.8,23.6,10,2016
"Wyanga",2016-10-09,0,17.2,23.8,10.6,2016
"Wyanga",2016-10-10,0,16.75,26.2,7.3,2016
"Wyanga",2016-10-11,0,18.15,24.5,11.8,2016
"Wyanga",2016-10-12,3.3,14.1,18.7,9.5,2016
"Wyanga",2016-10-13,0,14.1,19.9,8.3,2016
"Wyanga",2016-10-14,0,15.05,23.4,6.7,2016
"Wyanga",2016-10-15,0,15.6,22.3,8.9,2016
"Wyanga",2016-10-16,0,16.3,25.4,7.2,2016
"Wyanga",2016-10-17,0,17.05,25.1,9,2016
"Wyanga",2016-10-18,0,16.9,22.6,11.2,2016
"Wyanga",2016-10-19,0,18.05,24.9,11.2,2016
"Wyanga",2016-10-20,0,18.95,25.7,12.2,2016
"Wyanga",2016-10-21,0,19.75,25.1,14.4,2016
"Wyanga",2016-10-22,0,19.3,23.7,14.9,2016
"Wyanga",2016-10-23,0,20,25.1,14.9,2016
"Wyanga",2016-10-24,0,17.65,23.7,11.6,2016
"Wyanga",2016-10-25,0,16.7,22.1,11.3,2016
"Wyanga",2016-10-26,0,16.75,22.8,10.7,2016
"Wyanga",2016-10-27,0,17.8,25.5,10.1,2016
"Wyanga",2016-10-28,0,17.9,25.7,10.1,2016
"Wyanga",2016-10-29,0,19.1,25.9,12.3,2016
"Wyanga",2016-10-30,0,17.95,27.6,8.3,2016
"Wyanga",2016-10-31,0,18.9,28.9,8.9,2016
"Wyanga",2016-11-01,0,20.1,25.6,14.6,2016
"Wyanga",2016-11-02,0,18.4,25,11.8,2016
"Wyanga",2016-11-03,0,17.6,24.6,10.6,2016
"Wyanga",2016-11-04,0,18.1,26.2,10,2016
"Wyanga",2016-11-05,6.1,20.1,26.2,14,2016
"Wyanga",2016-11-06,0,20.3,25.5,15.1,2016
"Wyanga",2016-11-07,0,20.8,27.3,14.3,2016
"Wyanga",2016-11-08,4.1,19.2,25.7,12.7,2016
"Wyanga",2016-11-09,0,18.9,23.4,14.4,2016
"Wyanga",2016-11-10,0,19.15,23.9,14.4,2016
"Wyanga",2016-11-11,0,19.85,25.5,14.2,2016
"Wyanga",2016-11-12,0,18.4,24,12.8,2016
"Wyanga",2016-11-13,0,19.75,26.2,13.3,2016
"Wyanga",2016-11-14,2.8,20.75,27.6,13.9,2016
"Wyanga",2016-11-15,4.8,16.75,21,12.5,2016
"Wyanga",2016-11-16,0,17.45,22.7,12.2,2016
"Wyanga",2016-11-17,0,18.4,24.6,12.2,2016
"Wyanga",2016-11-18,0,17.1,23.5,10.7,2016
"Wyanga",2016-11-19,0,18.7,25.7,11.7,2016
"Wyanga",2016-11-20,0,18.45,25.8,11.1,2016
"Wyanga",2016-11-21,0,19.8,26.2,13.4,2016
"Wyanga",2016-11-22,22.4,17.5,19.3,15.7,2016
"Wyanga",2016-11-23,7.1,13.75,15.1,12.4,2016
"Wyanga",2016-11-24,0,15.75,18.8,12.7,2016
"Wyanga",2016-11-25,1.8,17.35,20.8,13.9,2016
"Wyanga",2016-11-26,1.8,17.25,22.2,12.3,2016
"Wyanga",2016-11-27,35.3,17.55,23.9,11.2,2016
"Wyanga",2016-11-28,7.1,16.45,21.1,11.8,2016
"Wyanga",2016-11-29,11.9,17.2,21.1,13.3,2016
"Wyanga",2016-11-30,5.1,17.45,22.7,12.2,2016
"Wyanga",2016-12-01,59.4,16.9,20.4,13.4,2016
"Wyanga",2016-12-02,3,17.4,21.4,13.4,2016
"Wyanga",2016-12-03,11.7,17.3,21.2,13.4,2016
"Wyanga",2016-12-04,0,17.05,21.8,12.3,2016
"Wyanga",2016-12-05,1,17.6,21.6,13.6,2016
"Wyanga",2016-12-06,3.6,15.4,18.6,12.2,2016
"Wyanga",2016-12-07,0,15.7,19.6,11.8,2016
"Wyanga",2016-12-08,0,17,23.4,10.6,2016
"Wyanga",2016-12-09,1.3,16.15,20.6,11.7,2016
"Wyanga",2016-12-10,2.8,17.3,20.9,13.7,2016
"Wyanga",2016-12-11,1,16,20.4,11.6,2016
"Wyanga",2016-12-12,0,16.5,21.2,11.8,2016
"Wyanga",2016-12-13,0,18.15,25.7,10.6,2016
"Wyanga",2016-12-14,2,16.6,21,12.2,2016
"Wyanga",2016-12-15,10.4,17.45,20.9,14,2016
"Wyanga",2016-12-16,9.9,16.85,19.8,13.9,2016
"Wyanga",2016-12-17,3.8,17.8,21.2,14.4,2016
"Wyanga",2016-12-18,14,16.15,19.6,12.7,2016
"Wyanga",2016-12-19,0,15.8,18.8,12.8,2016
"Wyanga",2016-12-20,3.8,15.7,20.3,11.1,2016
"Wyanga",2016-12-21,1.5,17.85,20.9,14.8,2016
"Wyanga",2016-12-22,1.5,19.25,23.4,15.1,2016
"Wyanga",2016-12-23,59.7,16.9,19.9,13.9,2016
"Wyanga",2016-12-24,17.3,16.55,19.3,13.8,2016
"Wyanga",2016-12-25,0,17.35,22.4,12.3,2016
"Wyanga",2016-12-26,0,17.15,23.1,11.2,2016
"Wyanga",2016-12-27,0,18.55,24.2,12.9,2016
"Wyanga",2016-12-28,0,17.15,22.6,11.7,2016
"Wyanga",2016-12-29,0,17.7,24.8,10.6,2016
"Wyanga",2016-12-30,0,17.6,25.8,9.4,2016
"Wyanga",2016-12-31,0,17.6,24.6,10.6,2016
"Wyanga",2017-01-01,4.6,18.65,25.1,12.2,2017
"Wyanga",2017-01-02,1.3,17.35,21.3,13.4,2017
"Wyanga",2017-01-03,0,15.9,22.6,9.2,2017
"Wyanga",2017-01-04,5.1,16.7,22.9,10.5,2017
"Wyanga",2017-01-05,4.3,17.75,22.8,12.7,2017
"Wyanga",2017-01-06,0,18.4,24.3,12.5,2017
"Wyanga",2017-01-07,0,19.1,24.9,13.3,2017
"Wyanga",2017-01-08,1.8,18.1,24.6,11.6,2017
"Wyanga",2017-01-09,12.7,18.95,24.3,13.6,2017
"Wyanga",2017-01-10,18,18.1,24,12.2,2017
"Wyanga",2017-01-11,19.6,18,21.4,14.6,2017
"Wyanga",2017-01-12,1,18.5,23.7,13.3,2017
"Wyanga",2017-01-13,10.7,16.05,18.8,13.3,2017
"Wyanga",2017-01-14,9.4,16.45,21.8,11.1,2017
"Wyanga",2017-01-15,24.1,16.55,19.4,13.7,2017
"Wyanga",2017-01-16,70.6,17.35,22.3,12.4,2017
"Wyanga",2017-01-17,6.9,17.65,21.7,13.6,2017
"Wyanga",2017-01-18,0,15.15,19.1,11.2,2017
"Wyanga",2017-01-19,0,14.1,17.6,10.6,2017
"Wyanga",2017-01-20,0,15.3,22.3,8.3,2017
"Wyanga",2017-01-21,0,15.3,23.4,7.2,2017
"Wyanga",2017-01-22,3.3,16.9,23.9,9.9,2017
"Wyanga",2017-01-23,1.5,17.65,21.4,13.9,2017
"Wyanga",2017-01-24,8.6,17.55,22.3,12.8,2017
"Wyanga",2017-01-25,0,17.55,25.1,10,2017
"Wyanga",2017-01-26,0,16.6,20.8,12.4,2017
"Wyanga",2017-01-27,1.3,17.8,22.4,13.2,2017
"Wyanga",2017-01-28,0,17.8,23.4,12.2,2017
"Wyanga",2017-01-29,0,16.8,21.8,11.8,2017
"Wyanga",2017-01-30,0,18.05,23.4,12.7,2017
"Wyanga",2017-01-31,0,17.4,24.9,9.9,2017
"Wyanga",2017-02-01,0,17.1,23.8,10.4,2017
"Wyanga",2017-02-02,5.1,16.3,19.3,13.3,2017
"Wyanga",2017-02-03,74.9,16.75,20.6,12.9,2017
"Wyanga",2017-02-04,23.4,17.2,22.2,12.2,2017
"Wyanga",2017-02-05,0,18.75,23.4,14.1,2017
"Wyanga",2017-02-06,44.2,17.5,21.9,13.1,2017
"Wyanga",2017-02-07,26.2,17.9,22,13.8,2017
"Wyanga",2017-02-08,36.8,17.7,20.6,14.8,2017
"Wyanga",2017-02-09,2.8,18.75,22.9,14.6,2017
"Wyanga",2017-02-10,0.5,17.5,22.3,12.7,2017
"Wyanga",2017-02-11,1.8,16.6,20.1,13.1,2017
"Wyanga",2017-02-12,0,17.25,21,13.5,2017
"Wyanga",2017-02-13,0,15.6,19.5,11.7,2017
"Wyanga",2017-02-14,18.3,17.8,21.8,13.8,2017
"Wyanga",2017-02-15,0.5,17.5,21.6,13.4,2017
"Wyanga",2017-02-16,0,17.95,24,11.9,2017
"Wyanga",2017-02-17,0,19.45,24.5,14.4,2017
"Wyanga",2017-02-18,0,18.85,24.4,13.3,2017
"Wyanga",2017-02-19,0,17.3,26.1,8.5,2017
"Wyanga",2017-02-20,0,18.35,27.3,9.4,2017
"Wyanga",2017-02-21,1.3,20,25.6,14.4,2017
"Wyanga",2017-02-22,0,18.95,23.7,14.2,2017
"Wyanga",2017-02-23,0,18.65,23.4,13.9,2017
"Wyanga",2017-02-24,1.3,18.55,23.9,13.2,2017
"Wyanga",2017-02-25,3,16.4,20.9,11.9,2017
"Wyanga",2017-02-26,0,16.5,20.6,12.4,2017
"Wyanga",2017-02-27,0,17.2,22.2,12.2,2017
"Wyanga",2017-02-28,0,15.7,21.6,9.8,2017
"Wyanga",2017-03-01,0,16.85,24,9.7,2017
"Wyanga",2017-03-02,0,17.35,25.8,8.9,2017
"Wyanga",2017-03-03,0,17.55,24.5,10.6,2017
"Wyanga",2017-03-04,0,18.3,24.4,12.2,2017
"Wyanga",2017-03-05,1,17.85,22.9,12.8,2017
"Wyanga",2017-03-06,0,17.95,24.5,11.4,2017
"Wyanga",2017-03-07,0,17.5,25.6,9.4,2017
"Wyanga",2017-03-08,33,19.2,25.1,13.3,2017
"Wyanga",2017-03-09,5.6,16.4,19.9,12.9,2017
"Wyanga",2017-03-10,0.3,14.45,16.7,12.2,2017
"Wyanga",2017-03-11,0,16.1,21.1,11.1,2017
"Wyanga",2017-03-12,2.5,16.8,21.3,12.3,2017
"Wyanga",2017-03-13,4.8,16.65,20.1,13.2,2017
"Wyanga",2017-03-14,0,17.1,22.3,11.9,2017
"Wyanga",2017-03-15,0,17.25,22.7,11.8,2017
"Wyanga",2017-03-16,0,16.9,22.7,11.1,2017
"Wyanga",2017-03-17,0,17.3,21.8,12.8,2017
"Wyanga",2017-03-18,0,17.95,23.7,12.2,2017
"Wyanga",2017-03-19,9.1,18.3,22.9,13.7,2017
"Wyanga",2017-03-20,1.3,12.55,16.7,8.4,2017
"Wyanga",2017-03-21,0,13.6,19,8.2,2017
"Wyanga",2017-03-22,0,14.75,20.6,8.9,2017
"Wyanga",2017-03-23,0,14.7,21.7,7.7,2017
"Wyanga",2017-03-24,0,15.7,21.5,9.9,2017
"Wyanga",2017-03-25,0.5,15.35,20.1,10.6,2017
"Wyanga",2017-03-26,0,15.9,21,10.8,2017
"Wyanga",2017-03-27,0,15,20.6,9.4,2017
"Wyanga",2017-03-28,0,15.7,21.4,10,2017
"Wyanga",2017-03-29,14,17.6,24.4,10.8,2017
"Wyanga",2017-03-30,3.3,13.65,16.1,11.2,2017
"Wyanga",2017-03-31,1.3,14.15,19.9,8.4,2017
"Wyanga",2017-04-01,0,13.45,17.8,9.1,2017
"Wyanga",2017-04-02,0,12.75,16.5,9,2017
"Wyanga",2017-04-03,0,13.4,18.4,8.4,2017
"Wyanga",2017-04-04,0,14.9,19.6,10.2,2017
"Wyanga",2017-04-05,0,15.5,21.1,9.9,2017
"Wyanga",2017-04-06,0,15.1,19.6,10.6,2017
"Wyanga",2017-04-07,0,15,21.1,8.9,2017
"Wyanga",2017-04-08,0,14.6,22.7,6.5,2017
"Wyanga",2017-04-09,0,15.9,24,7.8,2017
"Wyanga",2017-04-10,0,15.75,24.3,7.2,2017
"Wyanga",2017-04-11,0,15.75,19.8,11.7,2017
"Wyanga",2017-04-12,2.3,15,19.4,10.6,2017
"Wyanga",2017-04-13,0,14.2,17.3,11.1,2017
"Wyanga",2017-04-14,0,14.65,20.3,9,2017
"Wyanga",2017-04-15,0,12.7,15.9,9.5,2017
"Wyanga",2017-04-16,1.3,14.1,18.9,9.3,2017
"Wyanga",2017-04-17,0,14.3,19.3,9.3,2017
"Wyanga",2017-04-18,0,15.6,21.2,10,2017
"Wyanga",2017-04-19,0,14.8,21.8,7.8,2017
"Wyanga",2017-04-20,0,16.85,24.8,8.9,2017
"Wyanga",2017-04-21,0,16.25,20.4,12.1,2017
"Wyanga",2017-04-22,7.4,16.2,20.7,11.7,2017
"Wyanga",2017-04-23,4.6,17.15,22.7,11.6,2017
"Wyanga",2017-04-24,0,17.75,23.3,12.2,2017
"Wyanga",2017-04-25,0,16.15,23.5,8.8,2017
"Wyanga",2017-04-26,0,16.35,23.9,8.8,2017
"Wyanga",2017-04-27,0,16.15,20.6,11.7,2017
"Wyanga",2017-04-28,0,14.6,19.1,10.1,2017
"Wyanga",2017-04-29,0,15.25,19.4,11.1,2017
"Wyanga",2017-04-30,0,14.5,19.6,9.4,2017
"Wyanga",2017-05-01,0,13.55,20.1,7,2017
"Wyanga",2017-05-02,0,13.3,20.5,6.1,2017
"Wyanga",2017-05-03,0,15.3,21,9.6,2017
"Wyanga",2017-05-04,0,14.35,21.6,7.1,2017
"Wyanga",2017-05-05,0,14.8,20.2,9.4,2017
"Wyanga",2017-05-06,0,12.9,19.5,6.3,2017
"Wyanga",2017-05-07,0,12.25,19.5,5,2017
"Wyanga",2017-05-08,0,13,17.7,8.3,2017
"Wyanga",2017-05-09,0,12.1,16.3,7.9,2017
"Wyanga",2017-05-10,0,12.5,17.8,7.2,2017
"Wyanga",2017-05-11,0,10.65,16.9,4.4,2017
"Wyanga",2017-05-12,0,11.9,17.7,6.1,2017
"Wyanga",2017-05-13,0,12.25,18.9,5.6,2017
"Wyanga",2017-05-14,0,12.85,20.7,5,2017
"Wyanga",2017-05-15,0,13.35,21.1,5.6,2017
"Wyanga",2017-05-16,0,13.85,21.4,6.3,2017
"Wyanga",2017-05-17,0,14.7,21.6,7.8,2017
"Wyanga",2017-05-18,0,14.55,22.2,6.9,2017
"Wyanga",2017-05-19,0,15.55,23.4,7.7,2017
"Wyanga",2017-05-20,0,15.3,22.8,7.8,2017
"Wyanga",2017-05-21,0,15,22.2,7.8,2017
"Wyanga",2017-05-22,0,14.4,21.6,7.2,2017
"Wyanga",2017-05-23,0,13.5,19.9,7.1,2017
"Wyanga",2017-05-24,0,13.9,20.6,7.2,2017
"Wyanga",2017-05-25,0,14.4,19.7,9.1,2017
"Wyanga",2017-05-26,0,12.4,18.2,6.6,2017
"Wyanga",2017-05-27,0,13.05,20.1,6,2017
"Wyanga",2017-05-28,0,12.2,18.9,5.5,2017
"Wyanga",2017-05-29,0,12.8,19.5,6.1,2017
"Wyanga",2017-05-30,0,11.6,20.3,2.9,2017
"Wyanga",2017-05-31,0,12.15,20.4,3.9,2017
"Wyanga",2017-06-01,0,12.8,19.4,6.2,2017
"Wyanga",2017-06-02,0,11.75,16.3,7.2,2017
"Wyanga",2017-06-03,0,11.55,14.9,8.2,2017
"Wyanga",2017-06-04,0,10.15,17,3.3,2017
"Wyanga",2017-06-05,0,9.3,12.3,6.3,2017
"Wyanga",2017-06-06,0,9.3,12.3,6.3,2017
"Wyanga",2017-06-07,0,9.45,15.6,3.3,2017
"Wyanga",2017-06-08,0,8.3,14.4,2.2,2017
"Wyanga",2017-06-09,0,9.75,13.9,5.6,2017
"Wyanga",2017-06-10,0,7.8,11.7,3.9,2017
"Wyanga",2017-06-11,0,9.05,12.9,5.2,2017
"Wyanga",2017-06-12,1.5,9.35,12.7,6,2017
"Wyanga",2017-06-13,0,9.9,14.3,5.5,2017
"Wyanga",2017-06-14,0,10.3,16.2,4.4,2017
"Wyanga",2017-06-15,0,8.1,13.9,2.3,2017
"Wyanga",2017-06-16,0,10,15.1,4.9,2017
"Wyanga",2017-06-17,0,7.8,15,0.6,2017
"Wyanga",2017-06-18,1.3,8.05,12.8,3.3,2017
"Wyanga",2017-06-19,0.5,6.7,10.1,3.3,2017
"Wyanga",2017-06-20,0,5.25,8.2,2.3,2017
"Wyanga",2017-06-21,0,5.35,9,1.7,2017
"Wyanga",2017-06-22,0,7.55,11.2,3.9,2017
"Wyanga",2017-06-23,0,6.7,13.2,0.2,2017
"Wyanga",2017-06-24,0,8.15,14.4,1.9,2017
"Wyanga",2017-06-25,0,9.65,17.2,2.1,2017
"Wyanga",2017-06-26,0,9.75,18.9,0.6,2017
"Wyanga",2017-06-27,0,10.5,20.7,0.3,2017
"Wyanga",2017-06-28,0,NA,17.8,NA,2017
"Wyanga",2017-06-29,0,10.25,17.3,3.2,2017
"Wyanga",2017-06-30,0,9.7,16.3,3.1,2017
"Wyanga",2017-07-01,0,10.9,17.2,4.6,2017
"Wyanga",2017-07-02,0,9.65,16.4,2.9,2017
"Wyanga",2017-07-03,0,11.05,17.2,4.9,2017
"Wyanga",2017-07-04,0,9.75,13.9,5.6,2017
"Wyanga",2017-07-05,0,8.15,13.6,2.7,2017
"Wyanga",2017-07-06,0,9.6,13.1,6.1,2017
"Wyanga",2017-07-07,0,12.3,15.8,8.8,2017
"Wyanga",2017-07-08,0,9.55,17.3,1.8,2017
"Wyanga",2017-07-09,0,11.35,18.3,4.4,2017
"Wyanga",2017-07-10,0,10.95,17.6,4.3,2017
"Wyanga",2017-07-11,0,9.3,15.8,2.8,2017
"Wyanga",2017-07-12,0,8.85,13.9,3.8,2017
"Wyanga",2017-07-13,0,8.95,12.3,5.6,2017
"Wyanga",2017-07-14,0,7.75,11.6,3.9,2017
"Wyanga",2017-07-15,0,9.05,15.9,2.2,2017
"Wyanga",2017-07-16,0,8.9,16.7,1.1,2017
"Wyanga",2017-07-17,0,9.8,18.5,1.1,2017
"Wyanga",2017-07-18,0,12.6,19.3,5.9,2017
"Wyanga",2017-07-19,0,11.45,18.1,4.8,2017
"Wyanga",2017-07-20,0,10.05,16.9,3.2,2017
"Wyanga",2017-07-21,0,10.75,19.3,2.2,2017
"Wyanga",2017-07-22,0,9.05,14.2,3.9,2017
"Wyanga",2017-07-23,0,7.2,13.3,1.1,2017
"Wyanga",2017-07-24,0,9.2,15.5,2.9,2017
"Wyanga",2017-07-25,0,9.7,16.1,3.3,2017
"Wyanga",2017-07-26,0,8.9,16.1,1.7,2017
"Wyanga",2017-07-27,0,9.4,18.2,0.6,2017
"Wyanga",2017-07-28,0,11.05,17.7,4.4,2017
"Wyanga",2017-07-29,0,10.15,18.2,2.1,2017
"Wyanga",2017-07-30,0,10.65,17.7,3.6,2017
"Wyanga",2017-07-31,0,11.65,17.8,5.5,2017
"Wyanga",2017-08-01,0,10.5,19.3,1.7,2017
"Wyanga",2017-08-02,0,12.4,21.6,3.2,2017
"Wyanga",2017-08-03,0,14.3,21.4,7.2,2017
"Wyanga",2017-08-04,0,14.85,23.6,6.1,2017
"Wyanga",2017-08-05,0,14.25,19.8,8.7,2017
"Wyanga",2017-08-06,0,13.1,22.5,3.7,2017
"Wyanga",2017-08-07,0,13.6,20.6,6.6,2017
"Wyanga",2017-08-08,0,13.5,21.2,5.8,2017
"Wyanga",2017-08-09,0,13.8,20.4,7.2,2017
"Wyanga",2017-08-10,0,11.5,20.7,2.3,2017
"Wyanga",2017-08-11,0,10.75,15.6,5.9,2017
"Wyanga",2017-08-12,1.3,8.9,10.6,7.2,2017
"Wyanga",2017-08-13,11.7,7.65,11.5,3.8,2017
"Wyanga",2017-08-14,0,7.3,9.8,4.8,2017
"Wyanga",2017-08-15,0,10.25,15.6,4.9,2017
"Wyanga",2017-08-16,0,9.9,15.4,4.4,2017
"Wyanga",2017-08-17,0,9.4,14.4,4.4,2017
"Wyanga",2017-08-18,0,8.8,12.3,5.3,2017
"Wyanga",2017-08-19,0,10.25,13.9,6.6,2017
"Wyanga",2017-08-20,0,10,14.4,5.6,2017
"Wyanga",2017-08-21,0,9.3,16.9,1.7,2017
"Wyanga",2017-08-22,0,10.75,18.2,3.3,2017
"Wyanga",2017-08-23,1.5,10.75,18.2,3.3,2017
"Wyanga",2017-08-24,3,9.6,12,7.2,2017
"Wyanga",2017-08-25,0,10.5,18.3,2.7,2017
"Wyanga",2017-08-26,0,12.3,20,4.6,2017
"Wyanga",2017-08-27,0,14.4,20.6,8.2,2017
"Wyanga",2017-08-28,0,13.9,21.7,6.1,2017
"Wyanga",2017-08-29,0,15,23.9,6.1,2017
"Wyanga",2017-08-30,0,15.85,23.9,7.8,2017
"Wyanga",2017-08-31,0,14.9,20.9,8.9,2017
"Wyanga",2017-09-01,0,14.3,24.7,3.9,2017
"Wyanga",2017-09-02,0,15.35,25.3,5.4,2017
"Wyanga",2017-09-03,0,15.8,21.7,9.9,2017
"Wyanga",2017-09-04,0,15.2,21,9.4,2017
"Wyanga",2017-09-05,0,13.9,23.1,4.7,2017
"Wyanga",2017-09-06,0,12.05,20.5,3.6,2017
"Wyanga",2017-09-07,0,13.85,18.7,9,2017
"Wyanga",2017-09-08,0,14,24.4,3.6,2017
"Wyanga",2017-09-09,0,13.75,22.5,5,2017
"Wyanga",2017-09-10,0,14.75,21.7,7.8,2017
"Wyanga",2017-09-11,0,14.3,22.6,6,2017
"Wyanga",2017-09-12,0,14.05,23.9,4.2,2017
"Wyanga",2017-09-13,0,14.85,24.8,4.9,2017
"Wyanga",2017-09-14,0,16.8,21.4,12.2,2017
"Wyanga",2017-09-15,0,16.65,22.3,11,2017
"Wyanga",2017-09-16,0,15.45,20.9,10,2017
"Wyanga",2017-09-17,1.3,14.75,19.6,9.9,2017
"Wyanga",2017-09-18,0,13.9,18.6,9.2,2017
"Wyanga",2017-09-19,0,14.95,21,8.9,2017
"Wyanga",2017-09-20,0,15.3,22.8,7.8,2017
"Wyanga",2017-09-21,0,15.7,24.1,7.3,2017
"Wyanga",2017-09-22,0,16.55,25.4,7.7,2017
"Wyanga",2017-09-23,0,16.35,24.4,8.3,2017
"Wyanga",2017-09-24,0,16.75,23.3,10.2,2017
"Wyanga",2017-09-25,0,16.9,24.5,9.3,2017
"Wyanga",2017-09-26,0,16.35,24.9,7.8,2017
"Wyanga",2017-09-27,0,15.25,21.6,8.9,2017
"Wyanga",2017-09-28,1.8,14.4,19.9,8.9,2017
"Wyanga",2017-09-29,0,12.35,16.1,8.6,2017
"Wyanga",2017-09-30,0,13.05,18.3,7.8,2017
"Wyanga",2017-10-01,0,12,19.6,4.4,2017
"Wyanga",2017-10-02,0,13.7,22.4,5,2017
"Wyanga",2017-10-03,0,15.95,25.2,6.7,2017
"Wyanga",2017-10-04,0,17.4,26.1,8.7,2017
"Wyanga",2017-10-05,0,15.9,27.1,4.7,2017
"Wyanga",2017-10-06,0,16.35,26.1,6.6,2017
"Wyanga",2017-10-07,0,16.85,24.8,8.9,2017
"Wyanga",2017-10-08,0,17.35,24.7,10,2017
"Wyanga",2017-10-09,0,18.9,25.6,12.2,2017
"Wyanga",2017-10-10,0,17.75,25.3,10.2,2017
"Wyanga",2017-10-11,0,16.35,21.2,11.5,2017
"Wyanga",2017-10-12,0,16.15,20.6,11.7,2017
"Wyanga",2017-10-13,0,18.35,23.9,12.8,2017
"Wyanga",2017-10-14,0,18.5,25.1,11.9,2017
"Wyanga",2017-10-15,0,20.05,28.2,11.9,2017
"Wyanga",2017-10-16,0,19.8,25.3,14.3,2017
"Wyanga",2017-10-17,3.3,18.65,24.2,13.1,2017
"Wyanga",2017-10-18,0,18.8,25.2,12.4,2017
"Wyanga",2017-10-19,0,17.95,23.6,12.3,2017
"Wyanga",2017-10-20,0,18.15,24.7,11.6,2017
"Wyanga",2017-10-21,0,18.4,25.6,11.2,2017
"Wyanga",2017-10-22,0,19.25,25.7,12.8,2017
"Wyanga",2017-10-23,0,19.8,30.7,8.9,2017
"Wyanga",2017-10-24,0,23.15,31.2,15.1,2017
"Wyanga",2017-10-25,0,24.1,30.4,17.8,2017
"Wyanga",2017-10-26,0,21.85,29.8,13.9,2017
"Wyanga",2017-10-27,0,23.5,31.7,15.3,2017
"Wyanga",2017-10-28,0,21.8,26.7,16.9,2017
"Wyanga",2017-10-29,0,20.7,27.4,14,2017
"Wyanga",2017-10-30,6.6,20,27.2,12.8,2017
"Wyanga",2017-10-31,0,17.85,22.7,13,2017
"Wyanga",2017-11-01,20.3,18.45,24.4,12.5,2017
"Wyanga",2017-11-02,0,18.65,24.7,12.6,2017
"Wyanga",2017-11-03,0,18,24.9,11.1,2017
"Wyanga",2017-11-04,0,18.6,25.6,11.6,2017
"Wyanga",2017-11-05,0.3,20.3,25.6,15,2017
"Wyanga",2017-11-06,4.1,19,23.6,14.4,2017
"Wyanga",2017-11-07,5.6,18.6,23.6,13.6,2017
"Wyanga",2017-11-08,10.9,17.3,21.3,13.3,2017
"Wyanga",2017-11-09,0,16,19.3,12.7,2017
"Wyanga",2017-11-10,1.3,16.9,20.6,13.2,2017
"Wyanga",2017-11-11,6.1,15.35,18.3,12.4,2017
"Wyanga",2017-11-12,1,14.7,18.6,10.8,2017
"Wyanga",2017-11-13,31.8,15.15,19.3,11,2017
"Wyanga",2017-11-14,0.5,15.7,22.3,9.1,2017
"Wyanga",2017-11-15,0,15.1,19.4,10.8,2017
"Wyanga",2017-11-16,0,15.7,20.7,10.7,2017
"Wyanga",2017-11-17,0,15.6,23.3,7.9,2017
"Wyanga",2017-11-18,0,17.1,25.6,8.6,2017
"Wyanga",2017-11-19,2.8,17.95,22.8,13.1,2017
"Wyanga",2017-11-20,0,17.95,22.2,13.7,2017
"Wyanga",2017-11-21,20.3,18.4,24,12.8,2017
"Wyanga",2017-11-22,27.9,16.45,20.6,12.3,2017
"Wyanga",2017-11-23,12.4,15.2,17.6,12.8,2017
"Wyanga",2017-11-24,4.6,16.25,19.4,13.1,2017
"Wyanga",2017-11-25,1.8,15,18.9,11.1,2017
"Wyanga",2017-11-26,13.2,17.05,21.3,12.8,2017
"Wyanga",2017-11-27,0,16.2,24,8.4,2017
"Wyanga",2017-11-28,0,19,25,13,2017
"Wyanga",2017-11-29,0.8,17.15,22.1,12.2,2017
"Wyanga",2017-11-30,1.8,16.65,21.6,11.7,2017
"Wyanga",2017-12-01,1.8,16.95,21.2,12.7,2017
"Wyanga",2017-12-02,16.3,15.65,19.4,11.9,2017
"Wyanga",2017-12-03,3.3,16.35,22.1,10.6,2017
"Wyanga",2017-12-04,0,17.45,23.3,11.6,2017
"Wyanga",2017-12-05,0,16.85,23.4,10.3,2017
"Wyanga",2017-12-06,3.8,16.25,20.4,12.1,2017
"Wyanga",2017-12-07,1.5,17.6,22.4,12.8,2017
"Wyanga",2017-12-08,1.5,17.35,20.9,13.8,2017
"Wyanga",2017-12-09,5.6,17.1,22.3,11.9,2017
"Wyanga",2017-12-10,17.5,18.1,20.6,15.6,2017
"Wyanga",2017-12-11,3,15.7,17.3,14.1,2017
"Wyanga",2017-12-12,10.2,17.05,20.4,13.7,2017
"Wyanga",2017-12-13,23.6,17.1,21.1,13.1,2017
"Wyanga",2017-12-14,6.9,17.95,22.5,13.4,2017
"Wyanga",2017-12-15,0,18.65,22.3,15,2017
"Wyanga",2017-12-16,9.4,19.45,22.6,16.3,2017
"Wyanga",2017-12-17,6.9,17.3,20.2,14.4,2017
"Wyanga",2017-12-18,17.5,16.75,19.9,13.6,2017
"Wyanga",2017-12-19,24.6,16.4,19.6,13.2,2017
"Wyanga",2017-12-20,8.9,17.55,21.2,13.9,2017
"Wyanga",2017-12-21,20.1,18,21.8,14.2,2017
"Wyanga",2017-12-22,6.6,18.2,23.6,12.8,2017
"Wyanga",2017-12-23,23.4,17.75,21.1,14.4,2017
"Wyanga",2017-12-24,5.3,18.05,21.7,14.4,2017
"Wyanga",2017-12-25,2.8,17.5,21,14,2017
"Wyanga",2017-12-26,1,17.35,20.9,13.8,2017
"Wyanga",2017-12-27,0,15.65,20.6,10.7,2017
"Wyanga",2017-12-28,3,16.85,22.2,11.5,2017
"Wyanga",2017-12-29,2.8,17.45,21.1,13.8,2017
"Wyanga",2017-12-30,8.1,17.9,21.8,14,2017
"Wyanga",2017-12-31,31.2,16.35,18.4,14.3,2017
"Beitbridge",2014-07-01,0,16.85,28.9,4.8,2014
"Beitbridge",2014-07-02,0,16.6,24,9.2,2014
"Beitbridge",2014-07-03,0,17.25,28.8,5.7,2014
"Beitbridge",2014-07-04,0,16.7,28.1,5.3,2014
"Beitbridge",2014-07-05,0,16.35,25.3,7.4,2014
"Beitbridge",2014-07-06,0,16.7,23.3,10.1,2014
"Beitbridge",2014-07-07,0.5,15.55,18.7,12.4,2014
"Beitbridge",2014-07-08,0,13.65,22.4,4.9,2014
"Beitbridge",2014-07-09,0,16,20.9,11.1,2014
"Beitbridge",2014-07-10,0,15.75,21.1,10.4,2014
"Beitbridge",2014-07-11,0,14.15,23.9,4.4,2014
"Beitbridge",2014-07-12,0,13.9,23.8,4,2014
"Beitbridge",2014-07-13,0,16.35,25.8,6.9,2014
"Beitbridge",2014-07-14,0,16.4,28.4,4.4,2014
"Beitbridge",2014-07-15,0,16.95,28.3,5.6,2014
"Beitbridge",2014-07-16,0,15.05,26.7,3.4,2014
"Beitbridge",2014-07-17,0,14.35,22.9,5.8,2014
"Beitbridge",2014-07-18,0,15.8,18.2,13.4,2014
"Beitbridge",2014-07-19,0,16.25,19.6,12.9,2014
"Beitbridge",2014-07-20,0,14.35,24.8,3.9,2014
"Beitbridge",2014-07-21,0,15.7,26.7,4.7,2014
"Beitbridge",2014-07-22,0,14.8,22.4,7.2,2014
"Beitbridge",2014-07-23,0,15.25,24.2,6.3,2014
"Beitbridge",2014-07-24,0,16.1,28.3,3.9,2014
"Beitbridge",2014-07-25,0,16.15,23.9,8.4,2014
"Beitbridge",2014-07-26,0,14.25,22.4,6.1,2014
"Beitbridge",2014-07-27,0,13,21.6,4.4,2014
"Beitbridge",2014-07-28,0,14.85,25.3,4.4,2014
"Beitbridge",2014-07-29,0,14.95,26.3,3.6,2014
"Beitbridge",2014-07-30,0,15.15,25.7,4.6,2014
"Beitbridge",2014-07-31,0,15.35,23.4,7.3,2014
"Beitbridge",2014-08-01,0,17.25,26.8,7.7,2014
"Beitbridge",2014-08-02,0,18.5,29.6,7.4,2014
"Beitbridge",2014-08-03,0,16.45,19.5,13.4,2014
"Beitbridge",2014-08-04,0,15.45,24,6.9,2014
"Beitbridge",2014-08-05,0,14.7,24.3,5.1,2014
"Beitbridge",2014-08-06,0,17.8,20.5,15.1,2014
"Beitbridge",2014-08-07,0,17.9,21.8,14,2014
"Beitbridge",2014-08-08,0,16.55,24.3,8.8,2014
"Beitbridge",2014-08-09,0,16.55,26.1,7,2014
"Beitbridge",2014-08-10,0,17.5,28.4,6.6,2014
"Beitbridge",2014-08-11,0,18.95,31.5,6.4,2014
"Beitbridge",2014-08-12,0,17.2,26.3,8.1,2014
"Beitbridge",2014-08-13,0,18.1,21.8,14.4,2014
"Beitbridge",2014-08-14,0,17.9,27.2,8.6,2014
"Beitbridge",2014-08-15,0,17.75,28.3,7.2,2014
"Beitbridge",2014-08-16,0,19.85,30.7,9,2014
"Beitbridge",2014-08-17,0,21.35,27.7,15,2014
"Beitbridge",2014-08-18,0,22.8,34,11.6,2014
"Beitbridge",2014-08-19,2.3,23,29.3,16.7,2014
"Beitbridge",2014-08-20,0,21.25,27.6,14.9,2014
"Beitbridge",2014-08-21,0,15.8,16.6,15,2014
"Beitbridge",2014-08-22,0,17.1,24.6,9.6,2014
"Beitbridge",2014-08-23,0,17.35,26.2,8.5,2014
"Beitbridge",2014-08-24,0,19.6,29,10.2,2014
"Beitbridge",2014-08-25,0,20.3,25.7,14.9,2014
"Beitbridge",2014-08-26,0,19.9,24,15.8,2014
"Beitbridge",2014-08-27,0,19.25,25.1,13.4,2014
"Beitbridge",2014-08-28,0,18.05,26.9,9.2,2014
"Beitbridge",2014-08-29,0,20.15,28.6,11.7,2014
"Beitbridge",2014-08-30,0,24.1,32,16.2,2014
"Beitbridge",2014-08-31,14,26.4,34.1,18.7,2014
"Beitbridge",2014-09-01,3.3,16.25,16.7,15.8,2014
"Beitbridge",2014-09-02,0,17.35,20.7,14,2014
"Beitbridge",2014-09-03,0,20.45,27,13.9,2014
"Beitbridge",2014-09-04,0,21.75,31.8,11.7,2014
"Beitbridge",2014-09-05,0,19.25,26.2,12.3,2014
"Beitbridge",2014-09-06,0,19.05,28.4,9.7,2014
"Beitbridge",2014-09-07,0,20,28.6,11.4,2014
"Beitbridge",2014-09-08,0,20.1,27.9,12.3,2014
"Beitbridge",2014-09-09,0,20.55,31.2,9.9,2014
"Beitbridge",2014-09-10,0,21.9,33.1,10.7,2014
"Beitbridge",2014-09-11,0,23.25,35.3,11.2,2014
"Beitbridge",2014-09-12,0,23,28.1,17.9,2014
"Beitbridge",2014-09-13,0,23.35,27.8,18.9,2014
"Beitbridge",2014-09-14,0,24.05,32.3,15.8,2014
"Beitbridge",2014-09-15,0,25.25,37,13.5,2014
"Beitbridge",2014-09-16,0,24.8,30.7,18.9,2014
"Beitbridge",2014-09-17,0,24.15,34.4,13.9,2014
"Beitbridge",2014-09-18,0,21.65,25.1,18.2,2014
"Beitbridge",2014-09-19,0,23.8,29.4,18.2,2014
"Beitbridge",2014-09-20,0,24.85,34,15.7,2014
"Beitbridge",2014-09-21,0,24.75,30.7,18.8,2014
"Beitbridge",2014-09-22,0,25.2,36.6,13.8,2014
"Beitbridge",2014-09-23,0,22.15,27.1,17.2,2014
"Beitbridge",2014-09-24,0,20.55,24.6,16.5,2014
"Beitbridge",2014-09-25,0,22.9,27.7,18.1,2014
"Beitbridge",2014-09-26,0,24.6,32.3,16.9,2014
"Beitbridge",2014-09-27,0,26.1,34.7,17.5,2014
"Beitbridge",2014-09-28,0,26.1,33.3,18.9,2014
"Beitbridge",2014-09-29,0,24.25,32.9,15.6,2014
"Beitbridge",2014-09-30,0,24.4,32.5,16.3,2014
"Beitbridge",2014-10-01,0,25.55,32.2,18.9,2014
"Beitbridge",2014-10-02,0,25.8,33.8,17.8,2014
"Beitbridge",2014-10-03,0,27.4,35.2,19.6,2014
"Beitbridge",2014-10-04,0,28,36.7,19.3,2014
"Beitbridge",2014-10-05,0,26.1,32.2,20,2014
"Beitbridge",2014-10-06,0,26.7,32.2,21.2,2014
"Beitbridge",2014-10-07,0,29.05,37.9,20.2,2014
"Beitbridge",2014-10-08,0,29.1,40.3,17.9,2014
"Beitbridge",2014-10-09,0,29.8,41,18.6,2014
"Beitbridge",2014-10-10,0,28,32.8,23.2,2014
"Beitbridge",2014-10-11,1,22.85,25.9,19.8,2014
"Beitbridge",2014-10-12,1.3,23.35,28.4,18.3,2014
"Beitbridge",2014-10-13,2.3,22.95,27.3,18.6,2014
"Beitbridge",2014-10-14,0,23.9,29.4,18.4,2014
"Beitbridge",2014-10-15,2.8,26.9,35.2,18.6,2014
"Beitbridge",2014-10-16,0,26.85,31.7,22,2014
"Beitbridge",2014-10-17,0,28.35,36.6,20.1,2014
"Beitbridge",2014-10-18,0,31.3,38.2,24.4,2014
"Beitbridge",2014-10-19,0,27.35,31.1,23.6,2014
"Beitbridge",2014-10-20,0,24.25,27.7,20.8,2014
"Beitbridge",2014-10-21,1,23.4,27.1,19.7,2014
"Beitbridge",2014-10-22,3.3,22.05,23.8,20.3,2014
"Beitbridge",2014-10-23,0,25.9,32.2,19.6,2014
"Beitbridge",2014-10-24,0,28.25,34.6,21.9,2014
"Beitbridge",2014-10-25,1.3,21.95,23.5,20.4,2014
"Beitbridge",2014-10-26,0,25,30.1,19.9,2014
"Beitbridge",2014-10-27,0,27.6,34,21.2,2014
"Beitbridge",2014-10-28,0,29.75,37.7,21.8,2014
"Beitbridge",2014-10-29,0,23.55,25.4,21.7,2014
"Beitbridge",2014-10-30,9.7,21.3,24,18.6,2014
"Beitbridge",2014-10-31,14,20.65,21.9,19.4,2014
"Beitbridge",2014-11-01,0,20,20.6,19.4,2014
"Beitbridge",2014-11-02,9.1,17.65,18.4,16.9,2014
"Beitbridge",2014-11-03,11.7,16.9,17.8,16,2014
"Beitbridge",2014-11-04,0.3,17.6,19.2,16,2014
"Beitbridge",2014-11-05,0,21.5,26.8,16.2,2014
"Beitbridge",2014-11-06,0,25.1,31.9,18.3,2014
"Beitbridge",2014-11-07,0,26.75,32.2,21.3,2014
"Beitbridge",2014-11-08,0,19.75,21.8,17.7,2014
"Beitbridge",2014-11-09,0,23.05,30.7,15.4,2014
"Beitbridge",2014-11-10,0,27.2,35.4,19,2014
"Beitbridge",2014-11-11,0,28.95,36.5,21.4,2014
"Beitbridge",2014-11-12,0,22.45,26.8,18.1,2014
"Beitbridge",2014-11-13,0,23.2,29.2,17.2,2014
"Beitbridge",2014-11-14,0,22.25,29.4,15.1,2014
"Beitbridge",2014-11-15,0,24,31.8,16.2,2014
"Beitbridge",2014-11-16,0,24.5,32.2,16.8,2014
"Beitbridge",2014-11-17,0,23.95,31.8,16.1,2014
"Beitbridge",2014-11-18,0,26.45,36.6,16.3,2014
"Beitbridge",2014-11-19,0,23.95,27.8,20.1,2014
"Beitbridge",2014-11-20,0,28.25,37.9,18.6,2014
"Beitbridge",2014-11-21,0,30.95,37.4,24.5,2014
"Beitbridge",2014-11-22,0,30.9,38.4,23.4,2014
"Beitbridge",2014-11-23,0,27.75,31.6,23.9,2014
"Beitbridge",2014-11-24,0,29.05,38,20.1,2014
"Beitbridge",2014-11-25,0,32,41.1,22.9,2014
"Beitbridge",2014-11-26,0,33.6,41.6,25.6,2014
"Beitbridge",2014-11-27,0,33.35,42.8,23.9,2014
"Beitbridge",2014-11-28,0,25.7,30.2,21.2,2014
"Beitbridge",2014-11-29,0,26.6,32.8,20.4,2014
"Beitbridge",2014-11-30,0,29.5,35.9,23.1,2014
"Beitbridge",2014-12-01,0,31.25,38.4,24.1,2014
"Beitbridge",2014-12-02,0.8,31.1,36.3,25.9,2014
"Beitbridge",2014-12-03,0,21.9,25.2,18.6,2014
"Beitbridge",2014-12-04,0,24.9,30.6,19.2,2014
"Beitbridge",2014-12-05,0,26.35,37.4,15.3,2014
"Beitbridge",2014-12-06,0,29.15,38.9,19.4,2014
"Beitbridge",2014-12-07,0,29.05,37.8,20.3,2014
"Beitbridge",2014-12-08,0,30.05,39.3,20.8,2014
"Beitbridge",2014-12-09,0,25.5,28.6,22.4,2014
"Beitbridge",2014-12-10,2.3,24,26.3,21.7,2014
"Beitbridge",2014-12-11,0,26.05,30.4,21.7,2014
"Beitbridge",2014-12-12,0.3,29.75,37,22.5,2014
"Beitbridge",2014-12-13,0,26.15,30.2,22.1,2014
"Beitbridge",2014-12-14,26.2,26.15,31.6,20.7,2014
"Beitbridge",2014-12-15,0,23.7,26.9,20.5,2014
"Beitbridge",2014-12-16,0,24.65,29.7,19.6,2014
"Beitbridge",2014-12-17,0,25.9,34,17.8,2014
"Beitbridge",2014-12-18,0,29,37.4,20.6,2014
"Beitbridge",2014-12-19,0,29.1,35.9,22.3,2014
"Beitbridge",2014-12-20,0,30.55,39.7,21.4,2014
"Beitbridge",2014-12-21,0,31.35,36.6,26.1,2014
"Beitbridge",2014-12-22,0,32.2,39.1,25.3,2014
"Beitbridge",2014-12-23,0,27.95,32.2,23.7,2014
"Beitbridge",2014-12-24,0.3,28.75,33.6,23.9,2014
"Beitbridge",2014-12-25,0,28.05,32.7,23.4,2014
"Beitbridge",2014-12-26,7.6,30.2,37.1,23.3,2014
"Beitbridge",2014-12-27,0,26.15,29.9,22.4,2014
"Beitbridge",2014-12-28,0,25.3,31.2,19.4,2014
"Beitbridge",2014-12-29,0,26.05,32.6,19.5,2014
"Beitbridge",2014-12-30,0,26.65,35.2,18.1,2014
"Beitbridge",2014-12-31,0,29.2,36.1,22.3,2014
"Beitbridge",2015-01-01,0,29.8,34.2,25.4,2015
"Beitbridge",2015-01-02,2.8,27.75,31.9,23.6,2015
"Beitbridge",2015-01-03,7.1,26.2,30.1,22.3,2015
"Beitbridge",2015-01-04,0,25.25,28.8,21.7,2015
"Beitbridge",2015-01-05,0,26.7,31.2,22.2,2015
"Beitbridge",2015-01-06,0.5,30,35.2,24.8,2015
"Beitbridge",2015-01-07,4.3,24.6,25.7,23.5,2015
"Beitbridge",2015-01-08,6.1,21.15,21.9,20.4,2015
"Beitbridge",2015-01-09,0,21.75,24.6,18.9,2015
"Beitbridge",2015-01-10,0,23.85,29.1,18.6,2015
"Beitbridge",2015-01-11,0,24.4,28.8,20,2015
"Beitbridge",2015-01-12,0,24.95,33.2,16.7,2015
"Beitbridge",2015-01-13,0,27,33.1,20.9,2015
"Beitbridge",2015-01-14,0,27.45,32.2,22.7,2015
"Beitbridge",2015-01-15,0,27.5,35.6,19.4,2015
"Beitbridge",2015-01-16,0,29.65,36.2,23.1,2015
"Beitbridge",2015-01-17,0,30.65,36.3,25,2015
"Beitbridge",2015-01-18,0,31.15,38.2,24.1,2015
"Beitbridge",2015-01-19,0,30.35,36.8,23.9,2015
"Beitbridge",2015-01-20,6.1,30,35.4,24.6,2015
"Beitbridge",2015-01-21,0.3,30.3,36.3,24.3,2015
"Beitbridge",2015-01-22,1.5,27.1,30.3,23.9,2015
"Beitbridge",2015-01-23,0,27.4,32.1,22.7,2015
"Beitbridge",2015-01-24,0.8,28.35,32.3,24.4,2015
"Beitbridge",2015-01-25,0,26.4,30.7,22.1,2015
"Beitbridge",2015-01-26,0,26.9,32.3,21.5,2015
"Beitbridge",2015-01-27,0,29,36.8,21.2,2015
"Beitbridge",2015-01-28,0,28.9,32.6,25.2,2015
"Beitbridge",2015-01-29,0,26.8,31.2,22.4,2015
"Beitbridge",2015-01-30,0,29.7,35.6,23.8,2015
"Beitbridge",2015-01-31,0,29.9,35.8,24,2015
"Beitbridge",2015-02-01,0,30.1,37.8,22.4,2015
"Beitbridge",2015-02-02,0,26.95,31.2,22.7,2015
"Beitbridge",2015-02-03,0,26,30.7,21.3,2015
"Beitbridge",2015-02-04,0,25.7,30.7,20.7,2015
"Beitbridge",2015-02-05,0,26.3,31.4,21.2,2015
"Beitbridge",2015-02-06,0,26.05,31.8,20.3,2015
"Beitbridge",2015-02-07,0,27,34.9,19.1,2015
"Beitbridge",2015-02-08,0,29.2,33.8,24.6,2015
"Beitbridge",2015-02-09,0,24.9,27.3,22.5,2015
"Beitbridge",2015-02-10,0,26.25,30.8,21.7,2015
"Beitbridge",2015-02-11,0,28.7,34.5,22.9,2015
"Beitbridge",2015-02-12,0,29.45,36.1,22.8,2015
"Beitbridge",2015-02-13,0,28.4,33.2,23.6,2015
"Beitbridge",2015-02-14,0,28.7,33.2,24.2,2015
"Beitbridge",2015-02-15,0,27.35,31.8,22.9,2015
"Beitbridge",2015-02-16,0,27.25,33.4,21.1,2015
"Beitbridge",2015-02-17,0,28.15,33.7,22.6,2015
"Beitbridge",2015-02-18,0,29.5,34.6,24.4,2015
"Beitbridge",2015-02-19,0,29.3,34.4,24.2,2015
"Beitbridge",2015-02-20,0,29.85,36.1,23.6,2015
"Beitbridge",2015-02-21,0,29.85,36.7,23,2015
"Beitbridge",2015-02-22,0,30.95,36.1,25.8,2015
"Beitbridge",2015-02-23,0,29.7,37.7,21.7,2015
"Beitbridge",2015-02-24,1,27.85,31.8,23.9,2015
"Beitbridge",2015-02-25,0,26.85,32.5,21.2,2015
"Beitbridge",2015-02-26,0,26,30.1,21.9,2015
"Beitbridge",2015-02-27,0,25.8,29.8,21.8,2015
"Beitbridge",2015-02-28,3.8,28.3,32.4,24.2,2015
"Beitbridge",NA,0,23.65,26.7,20.6,NA
"Beitbridge",2015-03-01,0,25.7,29.6,21.8,2015
"Beitbridge",2015-03-02,0,29.15,34.6,23.7,2015
"Beitbridge",2015-03-03,0,28.5,34.2,22.8,2015
"Beitbridge",2015-03-04,0,25.55,29.2,21.9,2015
"Beitbridge",2015-03-05,0,27.7,34.6,20.8,2015
"Beitbridge",2015-03-06,0,29.2,37.7,20.7,2015
"Beitbridge",2015-03-07,0,28,31.3,24.7,2015
"Beitbridge",2015-03-08,0,28.15,33.4,22.9,2015
"Beitbridge",2015-03-09,0,28.25,35.7,20.8,2015
"Beitbridge",2015-03-10,0,28,34.6,21.4,2015
"Beitbridge",2015-03-11,0,26.85,34.7,19,2015
"Beitbridge",2015-03-12,0,27.5,36,19,2015
"Beitbridge",2015-03-13,0,27.8,32.9,22.7,2015
"Beitbridge",2015-03-14,0,27.25,32.3,22.2,2015
"Beitbridge",2015-03-15,0,28.95,36.3,21.6,2015
"Beitbridge",2015-03-16,0,27.75,32.2,23.3,2015
"Beitbridge",2015-03-17,0,26.25,32.5,20,2015
"Beitbridge",2015-03-18,0,26.25,31.9,20.6,2015
"Beitbridge",2015-03-19,0,26.8,33.6,20,2015
"Beitbridge",2015-03-20,0,27.95,34.2,21.7,2015
"Beitbridge",2015-03-21,0,28.8,36.9,20.7,2015
"Beitbridge",2015-03-22,0,28.35,36.1,20.6,2015
"Beitbridge",2015-03-23,0,29.7,38.3,21.1,2015
"Beitbridge",2015-03-24,0,29.35,35.4,23.3,2015
"Beitbridge",2015-03-25,0,30.05,39.6,20.5,2015
"Beitbridge",2015-03-26,0,29.4,34.4,24.4,2015
"Beitbridge",2015-03-27,0,27.65,31.9,23.4,2015
"Beitbridge",2015-03-28,20.6,29.75,36.4,23.1,2015
"Beitbridge",2015-03-29,10.7,22.15,24.3,20,2015
"Beitbridge",2015-03-30,0.3,25.4,31.1,19.7,2015
"Beitbridge",2015-03-31,0,24.5,29.1,19.9,2015
"Beitbridge",2015-04-01,0,25.3,30,20.6,2015
"Beitbridge",2015-04-02,0,25.7,33.1,18.3,2015
"Beitbridge",2015-04-03,0,27.65,37,18.3,2015
"Beitbridge",2015-04-04,0,29.3,39,19.6,2015
"Beitbridge",2015-04-05,0,28.4,34.3,22.5,2015
"Beitbridge",2015-04-06,0,26.95,29.9,24,2015
"Beitbridge",2015-04-07,0,27.35,32.9,21.8,2015
"Beitbridge",2015-04-08,1,28.1,35.1,21.1,2015
"Beitbridge",2015-04-09,0,25.4,30.7,20.1,2015
"Beitbridge",2015-04-10,0,27,33.4,20.6,2015
"Beitbridge",2015-04-11,0,24.7,29.4,20,2015
"Beitbridge",2015-04-12,0,22.6,25.8,19.4,2015
"Beitbridge",2015-04-13,0,22.45,29.9,15,2015
"Beitbridge",2015-04-14,0,23.2,30.6,15.8,2015
"Beitbridge",2015-04-15,0,23.35,28.9,17.8,2015
"Beitbridge",2015-04-16,0,24.6,33.6,15.6,2015
"Beitbridge",2015-04-17,0,26.15,36.2,16.1,2015
"Beitbridge",2015-04-18,0,25.9,31.8,20,2015
"Beitbridge",2015-04-19,0,24.8,28.4,21.2,2015
"Beitbridge",2015-04-20,0,22.45,27.4,17.5,2015
"Beitbridge",2015-04-21,0,22.25,28.3,16.2,2015
"Beitbridge",2015-04-22,0,22,31.2,12.8,2015
"Beitbridge",2015-04-23,0,21.85,29,14.7,2015
"Beitbridge",2015-04-24,0,23.9,28.8,19,2015
"Beitbridge",2015-04-25,0,21,25.8,16.2,2015
"Beitbridge",2015-04-26,0,21.85,28.1,15.6,2015
"Beitbridge",2015-04-27,0,21.4,31.1,11.7,2015
"Beitbridge",2015-04-28,0,22.3,31.8,12.8,2015
"Beitbridge",2015-04-29,0,22.05,31.3,12.8,2015
"Beitbridge",2015-04-30,0,21.55,31.7,11.4,2015
"Beitbridge",2015-05-01,0,22,31.2,12.8,2015
"Beitbridge",2015-05-02,0,23.8,34.8,12.8,2015
"Beitbridge",2015-05-03,0,23.55,31.3,15.8,2015
"Beitbridge",2015-05-04,0,25.1,34.1,16.1,2015
"Beitbridge",2015-05-05,0,24.3,35.6,13,2015
"Beitbridge",2015-05-06,0,24.05,35.8,12.3,2015
"Beitbridge",2015-05-07,0,18.8,19.6,18,2015
"Beitbridge",2015-05-08,0,18.45,21.6,15.3,2015
"Beitbridge",2015-05-09,0,20.4,24.6,16.2,2015
"Beitbridge",2015-05-10,0,19.6,28.6,10.6,2015
"Beitbridge",2015-05-11,0,21.45,31.6,11.3,2015
"Beitbridge",2015-05-12,0,19.9,28.2,11.6,2015
"Beitbridge",2015-05-13,0,21.8,26.9,16.7,2015
"Beitbridge",2015-05-14,0,19,27.6,10.4,2015
"Beitbridge",2015-05-15,0,20.65,27.3,14,2015
"Beitbridge",2015-05-16,0,18.95,29.4,8.5,2015
"Beitbridge",2015-05-17,0,19.8,28.5,11.1,2015
"Beitbridge",2015-05-18,0,18.9,28.2,9.6,2015
"Beitbridge",2015-05-19,0,19.15,25.4,12.9,2015
"Beitbridge",2015-05-20,0,19.1,26.8,11.4,2015
"Beitbridge",2015-05-21,0,19.35,27.8,10.9,2015
"Beitbridge",2015-05-22,0,19.8,26.2,13.4,2015
"Beitbridge",2015-05-23,0,19.5,29,10,2015
"Beitbridge",2015-05-24,0,19.4,22.4,16.4,2015
"Beitbridge",2015-05-25,0,18.65,22.2,15.1,2015
"Beitbridge",2015-05-26,0,20.05,25.1,15,2015
"Beitbridge",2015-05-27,0,22.05,27.7,16.4,2015
"Beitbridge",2015-05-28,0,20.7,25,16.4,2015
"Beitbridge",2015-05-29,0,18.9,25,12.8,2015
"Beitbridge",2015-05-30,0,17.85,23.9,11.8,2015
"Beitbridge",2015-05-31,0.5,15.6,20.1,11.1,2015
"Beitbridge",2015-06-01,0,17.4,21.4,13.4,2015
"Beitbridge",2015-06-02,0,17,25.7,8.3,2015
"Beitbridge",2015-06-03,2.3,15.8,18.3,13.3,2015
"Beitbridge",2015-06-04,11.4,18.1,21.8,14.4,2015
"Beitbridge",2015-06-05,0.5,17.2,20.3,14.1,2015
"Beitbridge",2015-06-06,0,17.7,22.9,12.5,2015
"Beitbridge",2015-06-07,0,17.8,23.8,11.8,2015
"Beitbridge",2015-06-08,0,16.7,22.7,10.7,2015
"Beitbridge",2015-06-09,0,17.4,23.7,11.1,2015
"Beitbridge",2015-06-10,0,17.6,23.8,11.4,2015
"Beitbridge",2015-06-11,0,17.8,22.9,12.7,2015
"Beitbridge",2015-06-12,0,17.5,26.1,8.9,2015
"Beitbridge",2015-06-13,0,17.15,26.2,8.1,2015
"Beitbridge",2015-06-14,0,17.35,26.4,8.3,2015
"Beitbridge",2015-06-15,0,16.6,25.3,7.9,2015
"Beitbridge",2015-06-16,0,17.85,24.7,11,2015
"Beitbridge",2015-06-17,0,16.95,25.2,8.7,2015
"Beitbridge",2015-06-18,0,17.4,25.6,9.2,2015
"Beitbridge",2015-06-19,0,18.25,25.1,11.4,2015
"Beitbridge",2015-06-20,0,18.9,22.9,14.9,2015
"Beitbridge",2015-06-21,0,18.75,26.2,11.3,2015
"Beitbridge",2015-06-22,0,19.45,27.2,11.7,2015
"Beitbridge",2015-06-23,0,19,25.1,12.9,2015
"Beitbridge",2015-06-24,0,18.15,21.2,15.1,2015
"Beitbridge",2015-06-25,0,16.8,23,10.6,2015
"Beitbridge",2015-06-26,0,17.6,26.2,9,2015
"Beitbridge",2015-06-27,0,17.6,26.9,8.3,2015
"Beitbridge",2015-06-28,0,17.9,28.6,7.2,2015
"Beitbridge",2015-06-29,0,20.95,25.1,16.8,2015
"Beitbridge",2015-06-30,0,17.65,25.3,10,2015
"Beitbridge",2015-07-01,0,17.1,25.3,8.9,2015
"Beitbridge",2015-07-02,0,16,23.6,8.4,2015
"Beitbridge",2015-07-03,0,15.45,23.8,7.1,2015
"Beitbridge",2015-07-04,0,16,25.2,6.8,2015
"Beitbridge",2015-07-05,0,16.4,26.6,6.2,2015
"Beitbridge",2015-07-06,0,16.35,27.4,5.3,2015
"Beitbridge",2015-07-07,0,18.8,26.2,11.4,2015
"Beitbridge",2015-07-08,0,18.9,28.4,9.4,2015
"Beitbridge",2015-07-09,0,20.55,30.5,10.6,2015
"Beitbridge",2015-07-10,0,18.75,22.2,15.3,2015
"Beitbridge",2015-07-11,0,18.65,21.7,15.6,2015
"Beitbridge",2015-07-12,0,16.85,23.2,10.5,2015
"Beitbridge",2015-07-13,0,17.6,22.9,12.3,2015
"Beitbridge",2015-07-14,0,17.75,24.8,10.7,2015
"Beitbridge",2015-07-15,0,20,24.9,15.1,2015
"Beitbridge",2015-07-16,0,18.95,27,10.9,2015
"Beitbridge",2015-07-17,0,19.25,27.9,10.6,2015
"Beitbridge",2015-07-18,0,19.7,28.6,10.8,2015
"Beitbridge",2015-07-19,0,19.4,29.4,9.4,2015
"Beitbridge",2015-07-20,0,18.05,24.9,11.2,2015
"Beitbridge",2015-07-21,0.8,20.2,23.2,17.2,2015
"Beitbridge",2015-07-22,0,17.9,21.1,14.7,2015
"Beitbridge",2015-07-23,0,18.15,24.2,12.1,2015
"Beitbridge",2015-07-24,0,17.45,27.2,7.7,2015
"Beitbridge",2015-07-25,0,18.5,29.7,7.3,2015
"Beitbridge",2015-07-26,0,18.15,29.1,7.2,2015
"Beitbridge",2015-07-27,0,17.8,24,11.6,2015
"Beitbridge",2015-07-28,0,18.85,23.9,13.8,2015
"Beitbridge",2015-07-29,0,17.4,22.3,12.5,2015
"Beitbridge",2015-07-30,0,15.45,23.7,7.2,2015
"Beitbridge",2015-07-31,0,14.5,23.9,5.1,2015
"Beitbridge",2015-08-01,0,15.45,24.6,6.3,2015
"Beitbridge",2015-08-02,0,15.3,24.9,5.7,2015
"Beitbridge",2015-08-03,0,17.5,24.9,10.1,2015
"Beitbridge",2015-08-04,0,19.25,27.8,10.7,2015
"Beitbridge",2015-08-05,0,20,30,10,2015
"Beitbridge",2015-08-06,0,20.35,32.3,8.4,2015
"Beitbridge",2015-08-07,0,21.8,35,8.6,2015
"Beitbridge",2015-08-08,0,19,23.8,14.2,2015
"Beitbridge",2015-08-09,0,20.4,23.9,16.9,2015
"Beitbridge",2015-08-10,0,20,31,9,2015
"Beitbridge",2015-08-11,0,19,29.6,8.4,2015
"Beitbridge",2015-08-12,0,16.15,27.9,4.4,2015
"Beitbridge",2015-08-13,0,18.05,28.3,7.8,2015
"Beitbridge",2015-08-14,0,19.6,25.8,13.4,2015
"Beitbridge",2015-08-15,0,18.8,27.9,9.7,2015
"Beitbridge",2015-08-16,0,18.65,28.3,9,2015
"Beitbridge",2015-08-17,0,18.7,27.7,9.7,2015
"Beitbridge",2015-08-18,0,19.45,30.7,8.2,2015
"Beitbridge",2015-08-19,0,21.95,34.3,9.6,2015
"Beitbridge",2015-08-20,0,23.65,35.7,11.6,2015
"Beitbridge",2015-08-21,0,22.2,27.6,16.8,2015
"Beitbridge",2015-08-22,0,23.9,30,17.8,2015
"Beitbridge",2015-08-23,0,23.1,32.9,13.3,2015
"Beitbridge",2015-08-24,0,23.95,36.2,11.7,2015
"Beitbridge",2015-08-25,0,25.95,35.8,16.1,2015
"Beitbridge",2015-08-26,0,23.9,31,16.8,2015
"Beitbridge",2015-08-27,0,25,33.3,16.7,2015
"Beitbridge",2015-08-28,0,22.15,30,14.3,2015
"Beitbridge",2015-08-29,0,21.15,31.1,11.2,2015
"Beitbridge",2015-08-30,0,22.5,30.6,14.4,2015
"Beitbridge",2015-08-31,0,20.85,29.7,12,2015
"Beitbridge",2015-09-01,0,22.5,27.8,17.2,2015
"Beitbridge",2015-09-02,0,20.65,28.3,13,2015
"Beitbridge",2015-09-03,0,22,25.2,18.8,2015
"Beitbridge",2015-09-04,0,25.05,32.9,17.2,2015
"Beitbridge",2015-09-05,0,22.45,27.7,17.2,2015
"Beitbridge",2015-09-06,0,21.7,29,14.4,2015
"Beitbridge",2015-09-07,0,22.45,33,11.9,2015
"Beitbridge",2015-09-08,0,24.4,30.1,18.7,2015
"Beitbridge",2015-09-09,0,25.7,34.6,16.8,2015
"Beitbridge",2015-09-10,0,26.75,37.8,15.7,2015
"Beitbridge",2015-09-11,0,28.55,39.9,17.2,2015
"Beitbridge",2015-09-12,0,25.95,31.7,20.2,2015
"Beitbridge",2015-09-13,0,21.65,27.6,15.7,2015
"Beitbridge",2015-09-14,0,23.45,28.1,18.8,2015
"Beitbridge",2015-09-15,2.3,26.05,34.9,17.2,2015
"Beitbridge",2015-09-16,0,20.4,26.1,14.7,2015
"Beitbridge",2015-09-17,0,17.95,23.3,12.6,2015
"Beitbridge",2015-09-18,0,17.1,22.6,11.6,2015
"Beitbridge",2015-09-19,0,16.4,23.4,9.4,2015
"Beitbridge",2015-09-20,0,16.85,24.7,9,2015
"Beitbridge",2015-09-21,0,18.25,26.6,9.9,2015
"Beitbridge",2015-09-22,0,19.85,29.8,9.9,2015
"Beitbridge",2015-09-23,0,22.8,33.3,12.3,2015
"Beitbridge",2015-09-24,0,24.4,35.2,13.6,2015
"Beitbridge",2015-09-25,2,26.9,33.4,20.4,2015
"Beitbridge",2015-09-26,0,27.25,35.1,19.4,2015
"Beitbridge",2015-09-27,0,22.75,29.4,16.1,2015
"Beitbridge",2015-09-28,0,26.45,34.8,18.1,2015
"Beitbridge",2015-09-29,0,30.1,38.3,21.9,2015
"Beitbridge",2015-09-30,0,27.2,33.9,20.5,2015
"Beitbridge",2015-10-01,0,27.35,35,19.7,2015
"Beitbridge",2015-10-02,20.8,24.45,25.6,23.3,2015
"Beitbridge",2015-10-03,0,19.4,21.1,17.7,2015
"Beitbridge",2015-10-04,0,20.9,23,18.8,2015
"Beitbridge",2015-10-05,0.5,23.7,29.2,18.2,2015
"Beitbridge",2015-10-06,0,23.85,28.8,18.9,2015
"Beitbridge",2015-10-07,0,22.95,27.9,18,2015
"Beitbridge",2015-10-08,0,22.55,27.9,17.2,2015
"Beitbridge",2015-10-09,0,25,32.3,17.7,2015
"Beitbridge",2015-10-10,0,28.6,38.9,18.3,2015
"Beitbridge",2015-10-11,2,30.85,39.7,22,2015
"Beitbridge",2015-10-12,0,22.3,24.6,20,2015
"Beitbridge",2015-10-13,0,21.85,25.3,18.4,2015
"Beitbridge",2015-10-14,0,22.75,27.2,18.3,2015
"Beitbridge",2015-10-15,0,24.9,30.2,19.6,2015
"Beitbridge",2015-10-16,0,27.4,33.1,21.7,2015
"Beitbridge",2015-10-17,0,27.2,32.2,22.2,2015
"Beitbridge",2015-10-18,2.8,23.05,27,19.1,2015
"Beitbridge",2015-10-19,0,25.5,33.3,17.7,2015
"Beitbridge",2015-10-20,0,26.35,31,21.7,2015
"Beitbridge",2015-10-21,0,26.25,32.3,20.2,2015
"Beitbridge",2015-10-22,0,26.6,35.9,17.3,2015
"Beitbridge",2015-10-23,0,27.25,37.3,17.2,2015
"Beitbridge",2015-10-24,0,26.9,38.2,15.6,2015
"Beitbridge",2015-10-25,0,26.65,33.7,19.6,2015
"Beitbridge",2015-10-26,0,25.45,30.6,20.3,2015
"Beitbridge",2015-10-27,0,28.3,34.9,21.7,2015
"Beitbridge",2015-10-28,0,29.05,35,23.1,2015
"Beitbridge",2015-10-29,0,29.6,38.4,20.8,2015
"Beitbridge",2015-10-30,0,25.75,30.4,21.1,2015
"Beitbridge",2015-10-31,0,27.5,36.1,18.9,2015
"Beitbridge",2015-11-01,0.3,29.85,36.1,23.6,2015
"Beitbridge",2015-11-02,2.5,26.35,29.4,23.3,2015
"Beitbridge",2015-11-03,0.8,26.05,31,21.1,2015
"Beitbridge",2015-11-04,0,26.05,32.2,19.9,2015
"Beitbridge",2015-11-05,0.3,26.95,32.5,21.4,2015
"Beitbridge",2015-11-06,0,25.3,28.9,21.7,2015
"Beitbridge",2015-11-07,0,27.15,33.8,20.5,2015
"Beitbridge",2015-11-08,0,26.95,31.2,22.7,2015
"Beitbridge",2015-11-09,0,25.95,31.3,20.6,2015
"Beitbridge",2015-11-10,0,25.1,30.8,19.4,2015
"Beitbridge",2015-11-11,0,22.3,26,18.6,2015
"Beitbridge",2015-11-12,0,20.55,24.2,16.9,2015
"Beitbridge",2015-11-13,0,22.55,28.2,16.9,2015
"Beitbridge",2015-11-14,0,24.1,30.2,18,2015
"Beitbridge",2015-11-15,0,24.2,31.1,17.3,2015
"Beitbridge",2015-11-16,0,24.75,31.4,18.1,2015
"Beitbridge",2015-11-17,0,25.7,35.2,16.2,2015
"Beitbridge",2015-11-18,0,27.65,38.9,16.4,2015
"Beitbridge",2015-11-19,0,30,40.4,19.6,2015
"Beitbridge",2015-11-20,0,32.95,43,22.9,2015
"Beitbridge",2015-11-21,0,29.05,33.9,24.2,2015
"Beitbridge",2015-11-22,0,26.85,31.8,21.9,2015
"Beitbridge",2015-11-23,0,24.9,29.1,20.7,2015
"Beitbridge",2015-11-24,3.8,26.15,30.9,21.4,2015
"Beitbridge",2015-11-25,1.8,26.7,32.3,21.1,2015
"Beitbridge",2015-11-26,0,24.7,28.8,20.6,2015
"Beitbridge",2015-11-27,0,27.5,35.8,19.2,2015
"Beitbridge",2015-11-28,0,30.55,38.8,22.3,2015
"Beitbridge",2015-11-29,0,26.7,30.6,22.8,2015
"Beitbridge",2015-11-30,0,28.85,36.4,21.3,2015
"Beitbridge",2015-12-01,2,32,40.7,23.3,2015
"Beitbridge",2015-12-02,5.3,29.4,35.2,23.6,2015
"Beitbridge",2015-12-03,0,22.65,25.2,20.1,2015
"Beitbridge",2015-12-04,0,24.25,29.9,18.6,2015
"Beitbridge",2015-12-05,0,27.1,35.2,19,2015
"Beitbridge",2015-12-06,0,29.85,39.1,20.6,2015
"Beitbridge",2015-12-07,0,27.7,32.1,23.3,2015
"Beitbridge",2015-12-08,0,27.9,33.9,21.9,2015
"Beitbridge",2015-12-09,0,29.8,37.8,21.8,2015
"Beitbridge",2015-12-10,0,28.45,32.5,24.4,2015
"Beitbridge",2015-12-11,0,22.35,25.8,18.9,2015
"Beitbridge",2015-12-12,0,26.55,32.6,20.5,2015
"Beitbridge",2015-12-13,27.4,27.95,34.2,21.7,2015
"Beitbridge",2015-12-14,19.3,21.55,22.5,20.6,2015
"Beitbridge",2015-12-15,11.4,20.1,21.3,18.9,2015
"Beitbridge",2015-12-16,0,22.6,26.8,18.4,2015
"Beitbridge",2015-12-17,9.9,23.85,28.3,19.4,2015
"Beitbridge",2015-12-18,0,26.85,32.7,21,2015
"Beitbridge",2015-12-19,0.3,29.05,36.7,21.4,2015
"Beitbridge",2015-12-20,0,24.15,29.2,19.1,2015
"Beitbridge",2015-12-21,0,24.3,30.2,18.4,2015
"Beitbridge",2015-12-22,0,26.6,34.9,18.3,2015
"Beitbridge",2015-12-23,0,28.1,36.8,19.4,2015
"Beitbridge",2015-12-24,0,28.1,35.6,20.6,2015
"Beitbridge",2015-12-25,0,27.2,34.4,20,2015
"Beitbridge",2015-12-26,0,29.8,37.4,22.2,2015
"Beitbridge",2015-12-27,0,30.1,37.3,22.9,2015
"Beitbridge",2015-12-28,0,31.5,39.4,23.6,2015
"Beitbridge",2015-12-29,3,32.65,40.6,24.7,2015
"Beitbridge",2015-12-30,0,26.1,31.1,21.1,2015
"Beitbridge",2015-12-31,41.7,28.05,33.3,22.8,2015
"Beitbridge",2016-01-01,0,23.7,26.2,21.2,2016
"Beitbridge",2016-01-02,0,25.35,29.6,21.1,2016
"Beitbridge",2016-01-03,3.6,27.5,33.3,21.7,2016
"Beitbridge",2016-01-04,105.4,26.25,29.4,23.1,2016
"Beitbridge",2016-01-05,3.8,23.95,27.3,20.6,2016
"Beitbridge",2016-01-06,0,24,26.9,21.1,2016
"Beitbridge",2016-01-07,41.9,26.15,30.6,21.7,2016
"Beitbridge",2016-01-08,0,24.75,27.8,21.7,2016
"Beitbridge",2016-01-09,0,25.9,30,21.8,2016
"Beitbridge",2016-01-10,0.3,25.15,27.7,22.6,2016
"Beitbridge",2016-01-11,1.5,23.8,26.5,21.1,2016
"Beitbridge",2016-01-12,6.4,25.05,29,21.1,2016
"Beitbridge",2016-01-13,13.2,23.45,25.8,21.1,2016
"Beitbridge",2016-01-14,0,24.5,29,20,2016
"Beitbridge",2016-01-15,0,25.1,29.6,20.6,2016
"Beitbridge",2016-01-16,0,27.3,32.4,22.2,2016
"Beitbridge",2016-01-17,0,26.8,32.2,21.4,2016
"Beitbridge",2016-01-18,0,26.8,32.8,20.8,2016
"Beitbridge",2016-01-19,0,29.45,37.7,21.2,2016
"Beitbridge",2016-01-20,20.6,29.45,36.1,22.8,2016
"Beitbridge",2016-01-21,34,25.1,30.2,20,2016
"Beitbridge",2016-01-22,0,26.35,32.7,20,2016
"Beitbridge",2016-01-23,0,27.4,33.7,21.1,2016
"Beitbridge",2016-01-24,1.5,24.8,27.2,22.4,2016
"Beitbridge",2016-01-25,0.8,24.25,27.8,20.7,2016
"Beitbridge",2016-01-26,0,24.8,29.5,20.1,2016
"Beitbridge",2016-01-27,0,26.65,32.2,21.1,2016
"Beitbridge",2016-01-28,0,26.5,30.7,22.3,2016
"Beitbridge",2016-01-29,0,27.1,31.9,22.3,2016
"Beitbridge",2016-01-30,4.1,25.9,31.2,20.6,2016
"Beitbridge",2016-01-31,0,26.7,31.7,21.7,2016
"Beitbridge",2016-02-01,0,27.4,33.1,21.7,2016
"Beitbridge",2016-02-02,20.3,25.5,29.7,21.3,2016
"Beitbridge",2016-02-03,4.3,24.5,27,22,2016
"Beitbridge",2016-02-04,3.8,22.85,25.7,20,2016
"Beitbridge",2016-02-05,0,23,27.6,18.4,2016
"Beitbridge",2016-02-06,0,22.7,29.2,16.2,2016
"Beitbridge",2016-02-07,0,25.1,33.3,16.9,2016
"Beitbridge",2016-02-08,2.8,28.75,36.4,21.1,2016
"Beitbridge",2016-02-09,0.3,28.35,34.4,22.3,2016
"Beitbridge",2016-02-10,0.8,25.45,30,20.9,2016
"Beitbridge",2016-02-11,4.6,25.85,30.6,21.1,2016
"Beitbridge",2016-02-12,0,26.8,31.8,21.8,2016
"Beitbridge",2016-02-13,0,26.55,33.1,20,2016
"Beitbridge",2016-02-14,0,28.15,35.2,21.1,2016
"Beitbridge",2016-02-15,6.6,28,33.8,22.2,2016
"Beitbridge",2016-02-16,0,26.3,30.6,22,2016
"Beitbridge",2016-02-17,0,26.25,32.8,19.7,2016
"Beitbridge",2016-02-18,0,27.45,33.3,21.6,2016
"Beitbridge",2016-02-19,0,26.15,32.7,19.6,2016
"Beitbridge",2016-02-20,0,27.25,35.1,19.4,2016
"Beitbridge",2016-02-21,0.8,27.75,31.6,23.9,2016
"Beitbridge",2016-02-22,0,25.2,31.3,19.1,2016
"Beitbridge",2016-02-23,0,25.75,31.4,20.1,2016
"Beitbridge",2016-02-24,0,25.8,34.4,17.2,2016
"Beitbridge",2016-02-25,0,26.75,31.2,22.3,2016
"Beitbridge",2016-02-26,3.8,26.1,30.3,21.9,2016
"Beitbridge",2016-02-27,0,27.05,33.4,20.7,2016
"Beitbridge",2016-02-28,0,26.8,33.4,20.2,2016
"Beitbridge",2016-03-01,0,27.8,32.9,22.7,2016
"Beitbridge",2016-03-02,4.3,27.1,31.1,23.1,2016
"Beitbridge",2016-03-03,6.6,22.3,24.4,20.2,2016
"Beitbridge",2016-03-04,0.5,21.5,24.2,18.8,2016
"Beitbridge",2016-03-05,0,22.8,27.8,17.8,2016
"Beitbridge",2016-03-06,0,22.75,27.2,18.3,2016
"Beitbridge",2016-03-07,0,23.2,29.7,16.7,2016
"Beitbridge",2016-03-08,0,23.75,29.7,17.8,2016
"Beitbridge",2016-03-09,0.5,24.1,30.1,18.1,2016
"Beitbridge",2016-03-10,0,24.55,29.6,19.5,2016
"Beitbridge",2016-03-11,0,24,31.8,16.2,2016
"Beitbridge",2016-03-12,0,24.3,31.9,16.7,2016
"Beitbridge",2016-03-13,0,25.25,32.8,17.7,2016
"Beitbridge",2016-03-14,0,25.75,33.6,17.9,2016
"Beitbridge",2016-03-15,0,25.65,29.6,21.7,2016
"Beitbridge",2016-03-16,0,24.4,27.7,21.1,2016
"Beitbridge",2016-03-17,6.6,24.55,29.4,19.7,2016
"Beitbridge",2016-03-18,49.3,26.3,30.9,21.7,2016
"Beitbridge",2016-03-19,0,23.3,26.6,20,2016
"Beitbridge",2016-03-20,0,24,28.6,19.4,2016
"Beitbridge",2016-03-21,0,25.1,29.6,20.6,2016
"Beitbridge",2016-03-22,0,26.95,32.9,21,2016
"Beitbridge",2016-03-23,0,27.6,35,20.2,2016
"Beitbridge",2016-03-24,0,26.85,32.7,21,2016
"Beitbridge",2016-03-25,0,26.45,32.4,20.5,2016
"Beitbridge",2016-03-26,3,26.15,34,18.3,2016
"Beitbridge",2016-03-27,0,26.15,30.9,21.4,2016
"Beitbridge",2016-03-28,0,25.85,32.4,19.3,2016
"Beitbridge",2016-03-29,0,26.45,34.6,18.3,2016
"Beitbridge",2016-03-30,0,26.45,31.2,21.7,2016
"Beitbridge",2016-03-31,0,23.35,26.1,20.6,2016
"Beitbridge",2016-04-01,0,22.8,25.5,20.1,2016
"Beitbridge",2016-04-02,1.8,23.4,30.7,16.1,2016
"Beitbridge",2016-04-03,0,25.15,29.8,20.5,2016
"Beitbridge",2016-04-04,0,23.15,26.9,19.4,2016
"Beitbridge",2016-04-05,0,22.85,25.8,19.9,2016
"Beitbridge",2016-04-06,0,23.1,29.1,17.1,2016
"Beitbridge",2016-04-07,0,23.8,32.5,15.1,2016
"Beitbridge",2016-04-08,0,26.4,35.4,17.4,2016
"Beitbridge",2016-04-09,0,27.5,36.1,18.9,2016
"Beitbridge",2016-04-10,0,29.05,37.7,20.4,2016
"Beitbridge",2016-04-11,0,23.75,28.3,19.2,2016
"Beitbridge",2016-04-12,0,25.15,29.7,20.6,2016
"Beitbridge",2016-04-13,0,27.35,33.3,21.4,2016
"Beitbridge",2016-04-14,0,24.05,27.8,20.3,2016
"Beitbridge",2016-04-15,0,24.95,28.8,21.1,2016
"Beitbridge",2016-04-16,0,23.65,31,16.3,2016
"Beitbridge",2016-04-17,0,25.5,33.4,17.6,2016
"Beitbridge",2016-04-18,0,26.75,33.3,20.2,2016
"Beitbridge",2016-04-19,0,27.55,35,20.1,2016
"Beitbridge",2016-04-20,0,20.5,21.9,19.1,2016
"Beitbridge",2016-04-21,0,20.65,25.6,15.7,2016
"Beitbridge",2016-04-22,0,19.75,27.7,11.8,2016
"Beitbridge",2016-04-23,0,20.55,27.7,13.4,2016
"Beitbridge",2016-04-24,0,20.65,29.4,11.9,2016
"Beitbridge",2016-04-25,0,19.65,27.1,12.2,2016
"Beitbridge",2016-04-26,0,19.9,27.6,12.2,2016
"Beitbridge",2016-04-27,0,19.85,28.4,11.3,2016
"Beitbridge",2016-04-28,0,19.85,26.6,13.1,2016
"Beitbridge",2016-04-29,0,20.05,26.7,13.4,2016
"Beitbridge",2016-04-30,0,19.75,28.4,11.1,2016
"Beitbridge",2016-05-01,0,21.35,30.8,11.9,2016
"Beitbridge",2016-05-02,0,21.95,32.2,11.7,2016
"Beitbridge",2016-05-03,0,20,28.3,11.7,2016
"Beitbridge",2016-05-04,0,21.65,27.1,16.2,2016
"Beitbridge",2016-05-05,0,21.8,30.8,12.8,2016
"Beitbridge",2016-05-06,0.3,21.55,26.4,16.7,2016
"Beitbridge",2016-05-07,0,20.25,23.2,17.3,2016
"Beitbridge",2016-05-08,0,17.95,26.2,9.7,2016
"Beitbridge",2016-05-09,0,18.35,26.6,10.1,2016
"Beitbridge",2016-05-10,3,19.2,25.3,13.1,2016
"Beitbridge",2016-05-11,0,19.35,25.6,13.1,2016
"Beitbridge",2016-05-12,0,19.5,26.8,12.2,2016
"Beitbridge",2016-05-13,0,19.55,26.7,12.4,2016
"Beitbridge",2016-05-14,0,19.85,26.4,13.3,2016
"Beitbridge",2016-05-15,0,21.7,29.8,13.6,2016
"Beitbridge",2016-05-16,0,20.5,29.9,11.1,2016
"Beitbridge",2016-05-17,0,21.85,30.7,13,2016
"Beitbridge",2016-05-18,0,22.05,31.4,12.7,2016
"Beitbridge",2016-05-19,0,21.7,31.8,11.6,2016
"Beitbridge",2016-05-20,0,21.9,32.9,10.9,2016
"Beitbridge",2016-05-21,0,21.95,30.1,13.8,2016
"Beitbridge",2016-05-22,0,19.35,24.4,14.3,2016
"Beitbridge",2016-05-23,0,18,24.4,11.6,2016
"Beitbridge",2016-05-24,0,15.85,23.6,8.1,2016
"Beitbridge",2016-05-25,0,17.2,26.1,8.3,2016
"Beitbridge",2016-05-26,0,18.4,30.1,6.7,2016
"Beitbridge",2016-05-27,0,16.55,27.4,5.7,2016
"Beitbridge",2016-05-28,0,18.25,28.3,8.2,2016
"Beitbridge",2016-05-29,0,16.9,27.2,6.6,2016
"Beitbridge",2016-05-30,0,16.55,26.9,6.2,2016
"Beitbridge",2016-05-31,0,16.35,26.3,6.4,2016
"Beitbridge",2016-06-01,0,15.85,25.3,6.4,2016
"Beitbridge",2016-06-02,0,15.95,25.3,6.6,2016
"Beitbridge",2016-06-03,0,15.7,26.3,5.1,2016
"Beitbridge",2016-06-04,0,15.75,26.8,4.7,2016
"Beitbridge",2016-06-05,0,16.1,27.3,4.9,2016
"Beitbridge",2016-06-06,0,16.1,23.9,8.3,2016
"Beitbridge",2016-06-07,0,16.9,21.6,12.2,2016
"Beitbridge",2016-06-08,0,13.75,22.8,4.7,2016
"Beitbridge",2016-06-09,0,13.95,24.3,3.6,2016
"Beitbridge",2016-06-10,0,13.85,23.3,4.4,2016
"Beitbridge",2016-06-11,0,13.9,23.9,3.9,2016
"Beitbridge",2016-06-12,0,14.7,24.5,4.9,2016
"Beitbridge",2016-06-13,0,14.65,24.2,5.1,2016
"Beitbridge",2016-06-14,0,15.25,25.3,5.2,2016
"Beitbridge",2016-06-15,0,16,27.3,4.7,2016
"Beitbridge",2016-06-16,0,16.25,23.9,8.6,2016
"Beitbridge",2016-06-17,0,17.2,23.2,11.2,2016
"Beitbridge",2016-06-18,0,15.55,23.7,7.4,2016
"Beitbridge",2016-06-19,0,14.85,24.4,5.3,2016
"Beitbridge",2016-06-20,0,16.05,25.7,6.4,2016
"Beitbridge",2016-06-21,0,17.4,26.6,8.2,2016
"Beitbridge",2016-06-22,0,18.65,23.1,14.2,2016
"Beitbridge",2016-06-23,0,18.1,28.3,7.9,2016
"Beitbridge",2016-06-24,0,17.75,26.1,9.4,2016
"Beitbridge",2016-06-25,0,17.2,27.8,6.6,2016
"Beitbridge",2016-06-26,0,16.45,29,3.9,2016
"Beitbridge",2016-06-27,0,16.5,29.7,3.3,2016
"Beitbridge",2016-06-28,0,15.85,24.9,6.8,2016
"Beitbridge",2016-06-29,0,13.4,25.6,1.2,2016
"Beitbridge",2016-06-30,0,13.85,26.1,1.6,2016
"Beitbridge",2016-07-01,0,13.85,27.3,0.4,2016
"Beitbridge",2016-07-02,0,15.35,29.3,1.4,2016
"Beitbridge",2016-07-03,0,13.8,21.3,6.3,2016
"Beitbridge",2016-07-04,0,15.25,23,7.5,2016
"Beitbridge",2016-07-05,0,13.2,22.2,4.2,2016
"Beitbridge",2016-07-06,0,12.9,23,2.8,2016
"Beitbridge",2016-07-07,0,12.45,22.7,2.2,2016
"Beitbridge",2016-07-08,0,13.7,22.8,4.6,2016
"Beitbridge",2016-07-09,0,16.05,22.4,9.7,2016
"Beitbridge",2016-07-10,0,16.05,26.1,6,2016
"Beitbridge",2016-07-11,0,16.25,26.7,5.8,2016
"Beitbridge",2016-07-12,0,16.7,27.5,5.9,2016
"Beitbridge",2016-07-13,0,16,22.9,9.1,2016
"Beitbridge",2016-07-14,0,15.55,23.6,7.5,2016
"Beitbridge",2016-07-15,0,14.45,25.6,3.3,2016
"Beitbridge",2016-07-16,0,15,26.7,3.3,2016
"Beitbridge",2016-07-17,0,15.9,28.6,3.2,2016
"Beitbridge",2016-07-18,0.3,14.75,22.8,6.7,2016
"Beitbridge",2016-07-19,0,16.95,19.7,14.2,2016
"Beitbridge",2016-07-20,0,15.85,20.8,10.9,2016
"Beitbridge",2016-07-21,0,12.85,19.4,6.3,2016
"Beitbridge",2016-07-22,0,15.45,20.6,10.3,2016
"Beitbridge",2016-07-23,0,16.9,22.7,11.1,2016
"Beitbridge",2016-07-24,0,13.15,23.8,2.5,2016
"Beitbridge",2016-07-25,0,14.3,23.9,4.7,2016
"Beitbridge",2016-07-26,0,14.75,23.8,5.7,2016
"Beitbridge",2016-07-27,0,15.55,26.7,4.4,2016
"Beitbridge",2016-07-28,0,17.4,31.2,3.6,2016
"Beitbridge",2016-07-29,0,16.95,25.5,8.4,2016
"Beitbridge",2016-07-30,0,11,21,1,2016
"Beitbridge",2016-07-31,0,12.25,21.3,3.2,2016
"Beitbridge",2016-08-01,0,13.7,25.1,2.3,2016
"Beitbridge",2016-08-02,0,15.8,27.2,4.4,2016
"Beitbridge",2016-08-03,0,17,28.7,5.3,2016
"Beitbridge",2016-08-04,0,16.5,24.7,8.3,2016
"Beitbridge",2016-08-05,0,16.35,26.1,6.6,2016
"Beitbridge",2016-08-06,0,15.85,26.8,4.9,2016
"Beitbridge",2016-08-07,0,18.2,30,6.4,2016
"Beitbridge",2016-08-08,0,19.4,32.7,6.1,2016
"Beitbridge",2016-08-09,0,17.8,21.1,14.5,2016
"Beitbridge",2016-08-10,0,18.65,22.9,14.4,2016
"Beitbridge",2016-08-11,0,17.8,23.9,11.7,2016
"Beitbridge",2016-08-12,0,17.15,27.4,6.9,2016
"Beitbridge",2016-08-13,0,18.7,30.2,7.2,2016
"Beitbridge",2016-08-14,0,18.2,28.3,8.1,2016
"Beitbridge",2016-08-15,0,19.3,24.7,13.9,2016
"Beitbridge",2016-08-16,0,19.2,25.2,13.2,2016
"Beitbridge",2016-08-17,0,21.85,32.6,11.1,2016
"Beitbridge",2016-08-18,0,17.9,25.4,10.4,2016
"Beitbridge",2016-08-19,0,17.25,19.6,14.9,2016
"Beitbridge",2016-08-20,0,18.15,21.2,15.1,2016
"Beitbridge",2016-08-21,0,21.6,27.7,15.5,2016
"Beitbridge",2016-08-22,0,18.55,28.8,8.3,2016
"Beitbridge",2016-08-23,0,20.55,31.1,10,2016
"Beitbridge",2016-08-24,0,23.85,34.4,13.3,2016
"Beitbridge",2016-08-25,0,24.6,35,14.2,2016
"Beitbridge",2016-08-26,0,24.65,35.7,13.6,2016
"Beitbridge",2016-08-27,0,24,30.6,17.4,2016
"Beitbridge",2016-08-28,0,20.7,31.7,9.7,2016
"Beitbridge",2016-08-29,0,19.25,28.3,10.2,2016
"Beitbridge",2016-08-30,0,19.5,23.7,15.3,2016
"Beitbridge",2016-08-31,0,16.25,21.6,10.9,2016
"Beitbridge",2016-09-01,0,18.45,23.4,13.5,2016
"Beitbridge",2016-09-02,0,19.3,23.9,14.7,2016
"Beitbridge",2016-09-03,0,18.65,25.6,11.7,2016
"Beitbridge",2016-09-04,0,18.55,28.9,8.2,2016
"Beitbridge",2016-09-05,0,20.2,32.6,7.8,2016
"Beitbridge",2016-09-06,0,21.95,35,8.9,2016
"Beitbridge",2016-09-07,0,21.35,24.4,18.3,2016
"Beitbridge",2016-09-08,0,22.8,28,17.6,2016
"Beitbridge",2016-09-09,0,22.95,32.8,13.1,2016
"Beitbridge",2016-09-10,0,23.35,35.5,11.2,2016
"Beitbridge",2016-09-11,0,21.4,26.1,16.7,2016
"Beitbridge",2016-09-12,0,21.05,27.5,14.6,2016
"Beitbridge",2016-09-13,0,20.45,29.7,11.2,2016
"Beitbridge",2016-09-14,0.5,22.5,34.7,10.3,2016
"Beitbridge",2016-09-15,0,16.3,17.2,15.4,2016
"Beitbridge",2016-09-16,0,16.7,23.1,10.3,2016
"Beitbridge",2016-09-17,0,17.25,23.7,10.8,2016
"Beitbridge",2016-09-18,0,15.65,22.4,8.9,2016
"Beitbridge",2016-09-19,0,17.05,24.2,9.9,2016
"Beitbridge",2016-09-20,0,17.8,25.8,9.8,2016
"Beitbridge",2016-09-21,0,19.5,27.2,11.8,2016
"Beitbridge",2016-09-22,0,20.15,26.4,13.9,2016
"Beitbridge",2016-09-23,0,19.15,27.7,10.6,2016
"Beitbridge",2016-09-24,0,21.1,30.2,12,2016
"Beitbridge",2016-09-25,0,21.9,31.1,12.7,2016
"Beitbridge",2016-09-26,0,25.4,31.9,18.9,2016
"Beitbridge",2016-09-27,0,24,31.9,16.1,2016
"Beitbridge",2016-09-28,0,24.85,32.5,17.2,2016
"Beitbridge",2016-09-29,0,22.55,31.3,13.8,2016
"Beitbridge",2016-09-30,0,21.1,25,17.2,2016
"Beitbridge",2016-10-01,0,23.15,28.5,17.8,2016
"Beitbridge",2016-10-02,0,22.05,31.1,13,2016
"Beitbridge",2016-10-03,0,24.05,33,15.1,2016
"Beitbridge",2016-10-04,0,26,33.4,18.6,2016
"Beitbridge",2016-10-05,0,26.4,32.8,20,2016
"Beitbridge",2016-10-06,0,26.1,32.8,19.4,2016
"Beitbridge",2016-10-07,0,25.95,33.7,18.2,2016
"Beitbridge",2016-10-08,0,26.6,35.3,17.9,2016
"Beitbridge",2016-10-09,0,27.05,36.3,17.8,2016
"Beitbridge",2016-10-10,0,27.5,37.7,17.3,2016
"Beitbridge",2016-10-11,0,21.9,24.1,19.7,2016
"Beitbridge",2016-10-12,0,20.85,23.3,18.4,2016
"Beitbridge",2016-10-13,0,23.9,30.6,17.2,2016
"Beitbridge",2016-10-14,0,24.4,33.4,15.4,2016
"Beitbridge",2016-10-15,0,26.65,33.7,19.6,2016
"Beitbridge",2016-10-16,0,27.75,39,16.5,2016
"Beitbridge",2016-10-17,0,23.05,26.1,20,2016
"Beitbridge",2016-10-18,0,24.75,31.2,18.3,2016
"Beitbridge",2016-10-19,0,27.65,35.6,19.7,2016
"Beitbridge",2016-10-20,7.6,27.65,32.1,23.2,2016
"Beitbridge",2016-10-21,10.7,24.4,28.2,20.6,2016
"Beitbridge",2016-10-22,0,26.55,32.9,20.2,2016
"Beitbridge",2016-10-23,0,22.35,27.9,16.8,2016
"Beitbridge",2016-10-24,0,26.35,33.7,19,2016
"Beitbridge",2016-10-25,0,27.5,34.1,20.9,2016
"Beitbridge",2016-10-26,0,27.75,33.5,22,2016
"Beitbridge",2016-10-27,0,27.35,35.8,18.9,2016
"Beitbridge",2016-10-28,0,27,36,18,2016
"Beitbridge",2016-10-29,0,27,33.3,20.7,2016
"Beitbridge",2016-10-30,0,30.1,40.1,20.1,2016
"Beitbridge",2016-10-31,0,29.45,35.3,23.6,2016
"Beitbridge",2016-11-01,0,27.75,32.2,23.3,2016
"Beitbridge",2016-11-02,17.3,27,32.2,21.8,2016
"Beitbridge",2016-11-03,0,25.05,31.1,19,2016
"Beitbridge",2016-11-04,0,28.1,34.7,21.5,2016
"Beitbridge",2016-11-05,0,26.6,29.3,23.9,2016
"Beitbridge",2016-11-06,0.5,26.55,31.7,21.4,2016
"Beitbridge",2016-11-07,0,28.05,33.4,22.7,2016
"Beitbridge",2016-11-08,0,28.95,36.1,21.8,2016
"Beitbridge",2016-11-09,0.3,28.3,35.8,20.8,2016
"Beitbridge",2016-11-10,2.5,28.5,34.1,22.9,2016
"Beitbridge",2016-11-11,0.8,23.9,26.7,21.1,2016
"Beitbridge",2016-11-12,0.3,23.65,27.4,19.9,2016
"Beitbridge",2016-11-13,6.4,26.45,32.8,20.1,2016
"Beitbridge",2016-11-14,0.3,23.6,25.6,21.6,2016
"Beitbridge",2016-11-15,0,20.1,22.3,17.9,2016
"Beitbridge",2016-11-16,0,24,29.6,18.4,2016
"Beitbridge",2016-11-17,0,25.65,33.4,17.9,2016
"Beitbridge",2016-11-18,0,25.75,31.8,19.7,2016
"Beitbridge",2016-11-19,0,28.2,35.1,21.3,2016
"Beitbridge",2016-11-20,0,30.05,37.2,22.9,2016
"Beitbridge",2016-11-21,0,29.9,38,21.8,2016
"Beitbridge",2016-11-22,0,27.7,33.7,21.7,2016
"Beitbridge",2016-11-23,0,23.2,26.4,20,2016
"Beitbridge",2016-11-24,0,25.25,33.3,17.2,2016
"Beitbridge",2016-11-25,0,27.25,34.3,20.2,2016
"Beitbridge",2016-11-26,0,28.6,35.9,21.3,2016
"Beitbridge",2016-11-27,26.9,28.9,37.2,20.6,2016
"Beitbridge",2016-11-28,0,26.6,32.4,20.8,2016
"Beitbridge",2016-11-29,0,27.1,32.3,21.9,2016
"Beitbridge",2016-11-30,0,28.85,35.3,22.4,2016
"Beitbridge",2016-12-01,0,26,28.3,23.7,2016
"Beitbridge",2016-12-02,0,27.95,35.1,20.8,2016
"Beitbridge",2016-12-03,0,30,37.8,22.2,2016
"Beitbridge",2016-12-04,0,27.55,32.2,22.9,2016
"Beitbridge",2016-12-05,0,27.3,34.2,20.4,2016
"Beitbridge",2016-12-06,0,24.7,28.6,20.8,2016
"Beitbridge",2016-12-07,0,26.2,33.3,19.1,2016
"Beitbridge",2016-12-08,0,27,36.1,17.9,2016
"Beitbridge",2016-12-09,0,28.9,37.8,20,2016
"Beitbridge",2016-12-10,0,25.2,28.7,21.7,2016
"Beitbridge",2016-12-11,0,24.7,28.3,21.1,2016
"Beitbridge",2016-12-12,0,26.5,32.4,20.6,2016
"Beitbridge",2016-12-13,7.9,29.3,38.8,19.8,2016
"Beitbridge",2016-12-14,0,25.85,31.3,20.4,2016
"Beitbridge",2016-12-15,0,27.65,35.1,20.2,2016
"Beitbridge",2016-12-16,1.3,29.65,35.6,23.7,2016
"Beitbridge",2016-12-17,19.8,23.4,26.9,19.9,2016
"Beitbridge",2016-12-18,2,21.35,23.3,19.4,2016
"Beitbridge",2016-12-19,0,22.75,26.1,19.4,2016
"Beitbridge",2016-12-20,0.3,25.15,29.7,20.6,2016
"Beitbridge",2016-12-21,4.1,25.75,30.5,21,2016
"Beitbridge",2016-12-22,0,26.15,32.3,20,2016
"Beitbridge",2016-12-23,0.3,28.7,37.2,20.2,2016
"Beitbridge",2016-12-24,0,25.9,29.6,22.2,2016
"Beitbridge",2016-12-25,0,27.7,35.2,20.2,2016
"Beitbridge",2016-12-26,0,29.4,36.4,22.4,2016
"Beitbridge",2016-12-27,0,29.55,37.2,21.9,2016
"Beitbridge",2016-12-28,0,28.3,37.4,19.2,2016
"Beitbridge",2016-12-29,0,29,38.2,19.8,2016
"Beitbridge",2016-12-30,0,29.35,36.2,22.5,2016
"Beitbridge",2016-12-31,0,30.3,37.8,22.8,2016
"Beitbridge",2017-01-01,0,28.2,34.7,21.7,2017
"Beitbridge",2017-01-02,0,26.25,31.1,21.4,2017
"Beitbridge",2017-01-03,0.5,28,35.2,20.8,2017
"Beitbridge",2017-01-04,33.3,29.35,36.9,21.8,2017
"Beitbridge",2017-01-05,0.5,26.15,31.7,20.6,2017
"Beitbridge",2017-01-06,5.8,26.25,32.8,19.7,2017
"Beitbridge",2017-01-07,0,29,34.4,23.6,2017
"Beitbridge",2017-01-08,0,28.75,35.6,21.9,2017
"Beitbridge",2017-01-09,0,29.35,37.1,21.6,2017
"Beitbridge",2017-01-10,7.6,30.65,38.4,22.9,2017
"Beitbridge",2017-01-11,0,23.55,26.7,20.4,2017
"Beitbridge",2017-01-12,0.5,25.05,29.8,20.3,2017
"Beitbridge",2017-01-13,0.8,27.35,33.1,21.6,2017
"Beitbridge",2017-01-14,83.8,27.2,33.1,21.3,2017
"Beitbridge",2017-01-15,0.8,20.55,22.7,18.4,2017
"Beitbridge",2017-01-16,0,22.05,25.2,18.9,2017
"Beitbridge",2017-01-17,0,23,27.1,18.9,2017
"Beitbridge",2017-01-18,0,22.45,27.2,17.7,2017
"Beitbridge",2017-01-19,0,22.6,27.5,17.7,2017
"Beitbridge",2017-01-20,0,23.6,30,17.2,2017
"Beitbridge",2017-01-21,0,24.9,32.6,17.2,2017
"Beitbridge",2017-01-22,0,26.75,34.4,19.1,2017
"Beitbridge",2017-01-23,0,26.65,30.9,22.4,2017
"Beitbridge",2017-01-24,0,26.7,31.9,21.5,2017
"Beitbridge",2017-01-25,1.3,27.65,36.7,18.6,2017
"Beitbridge",2017-01-26,0,24.95,28.7,21.2,2017
"Beitbridge",2017-01-27,0,27.15,32.9,21.4,2017
"Beitbridge",2017-01-28,0,27.15,34.5,19.8,2017
"Beitbridge",2017-01-29,0,27.8,33.6,22,2017
"Beitbridge",2017-01-30,0,26.65,35.2,18.1,2017
"Beitbridge",2017-01-31,2.3,28.3,34.4,22.2,2017
"Beitbridge",2017-02-01,0,27.6,34.7,20.5,2017
"Beitbridge",2017-02-02,0,27.1,33.1,21.1,2017
"Beitbridge",2017-02-03,0,24.8,30.6,19,2017
"Beitbridge",2017-02-04,0,26.6,33.3,19.9,2017
"Beitbridge",2017-02-05,3.8,29.35,38.9,19.8,2017
"Beitbridge",2017-02-06,0,24.65,27.3,22,2017
"Beitbridge",2017-02-07,0,25.9,30.8,21,2017
"Beitbridge",2017-02-08,0,27,32.2,21.8,2017
"Beitbridge",2017-02-09,0,27.85,32.9,22.8,2017
"Beitbridge",2017-02-10,0,27.1,33.3,20.9,2017
"Beitbridge",2017-02-11,0,27.35,35.4,19.3,2017
"Beitbridge",2017-02-12,0,26.75,33.3,20.2,2017
"Beitbridge",2017-02-13,0.8,27.15,32.4,21.9,2017
"Beitbridge",2017-02-14,0.3,25.05,28.3,21.8,2017
"Beitbridge",2017-02-15,41.4,27.75,33.6,21.9,2017
"Beitbridge",2017-02-16,10.2,26.5,31.6,21.4,2017
"Beitbridge",2017-02-17,0.3,28.55,35.1,22,2017
"Beitbridge",2017-02-18,0,28.4,35.4,21.4,2017
"Beitbridge",2017-02-19,0,30.25,37.2,23.3,2017
"Beitbridge",2017-02-20,3.3,30.3,36.7,23.9,2017
"Beitbridge",2017-02-21,0,27.7,32.4,23,2017
"Beitbridge",2017-02-22,0,28,32.9,23.1,2017
"Beitbridge",2017-02-23,0,27.2,33.6,20.8,2017
"Beitbridge",2017-02-24,0,25.9,32.6,19.2,2017
"Beitbridge",2017-02-25,0,27,31.4,22.6,2017
"Beitbridge",2017-02-26,0,25.05,29,21.1,2017
"Beitbridge",2017-02-27,0,23.35,31.4,15.3,2017
"Beitbridge",2017-02-28,0,24.95,32.7,17.2,2017
"Beitbridge",2017-03-01,0,27.55,36.4,18.7,2017
"Beitbridge",2017-03-02,0,29.5,38.7,20.3,2017
"Beitbridge",2017-03-03,0,26.85,30.8,22.9,2017
"Beitbridge",2017-03-04,0,26.8,32.4,21.2,2017
"Beitbridge",2017-03-05,0,28,33.6,22.4,2017
"Beitbridge",2017-03-06,0,28.6,35.3,21.9,2017
"Beitbridge",2017-03-07,0.3,29.6,38.3,20.9,2017
"Beitbridge",2017-03-08,0.5,23,24.8,21.2,2017
"Beitbridge",2017-03-09,0,22,24.8,19.2,2017
"Beitbridge",2017-03-10,0,22.95,28.1,17.8,2017
"Beitbridge",2017-03-11,0,23.95,31,16.9,2017
"Beitbridge",2017-03-12,0,23.35,30.6,16.1,2017
"Beitbridge",2017-03-13,0,25,29.2,20.8,2017
"Beitbridge",2017-03-14,0,25.55,34.4,16.7,2017
"Beitbridge",2017-03-15,0,27.9,33.9,21.9,2017
"Beitbridge",2017-03-16,0,27.1,36,18.2,2017
"Beitbridge",2017-03-17,0,25.7,30,21.4,2017
"Beitbridge",2017-03-18,0,27,34.6,19.4,2017
"Beitbridge",2017-03-19,0,24,26.7,21.3,2017
"Beitbridge",2017-03-20,0,23.55,27.7,19.4,2017
"Beitbridge",2017-03-21,0,23.65,29,18.3,2017
"Beitbridge",2017-03-22,0,22.55,31.7,13.4,2017
"Beitbridge",2017-03-23,0,23.8,32.3,15.3,2017
"Beitbridge",2017-03-24,0,25,33.3,16.7,2017
"Beitbridge",2017-03-25,0,24.65,31.1,18.2,2017
"Beitbridge",2017-03-26,0,24.6,31.8,17.4,2017
"Beitbridge",2017-03-27,0,26.3,35,17.6,2017
"Beitbridge",2017-03-28,0,27,36.1,17.9,2017
"Beitbridge",2017-03-29,0,25.7,30,21.4,2017
"Beitbridge",2017-03-30,0,23.1,28,18.2,2017
"Beitbridge",2017-03-31,0,20.95,29.4,12.5,2017
"Beitbridge",2017-04-01,0,20.6,30.3,10.9,2017
"Beitbridge",2017-04-02,0,22.35,28.4,16.3,2017
"Beitbridge",2017-04-03,0,22.75,27.8,17.7,2017
"Beitbridge",2017-04-04,0,22.75,29.4,16.1,2017
"Beitbridge",2017-04-05,0,22.5,31.4,13.6,2017
"Beitbridge",2017-04-06,0,23.8,30.7,16.9,2017
"Beitbridge",2017-04-07,0,24.6,30.9,18.3,2017
"Beitbridge",2017-04-08,0,25.8,34.9,16.7,2017
"Beitbridge",2017-04-09,0,27,37.1,16.9,2017
"Beitbridge",2017-04-10,0,28.55,38.3,18.8,2017
"Beitbridge",2017-04-11,0,22.95,25.3,20.6,2017
"Beitbridge",2017-04-12,0,21.15,24.7,17.6,2017
"Beitbridge",2017-04-13,0,22.35,26.9,17.8,2017
"Beitbridge",2017-04-14,0,22.65,29.4,15.9,2017
"Beitbridge",2017-04-15,0,19.65,24,15.3,2017
"Beitbridge",2017-04-16,0,20.45,27.3,13.6,2017
"Beitbridge",2017-04-17,0,20,29.4,10.6,2017
"Beitbridge",2017-04-18,0,21.9,31.6,12.2,2017
"Beitbridge",2017-04-19,3.3,25.3,35.3,15.3,2017
"Beitbridge",2017-04-20,24.4,23.4,26.6,20.2,2017
"Beitbridge",2017-04-21,0,21.15,24.4,17.9,2017
"Beitbridge",2017-04-22,0,23.35,31.8,14.9,2017
"Beitbridge",2017-04-23,0,25,33.1,16.9,2017
"Beitbridge",2017-04-24,0,25.45,34.6,16.3,2017
"Beitbridge",2017-04-25,0,26,35.3,16.7,2017
"Beitbridge",2017-04-26,0,23.6,31.1,16.1,2017
"Beitbridge",2017-04-27,0,22,25.4,18.6,2017
"Beitbridge",2017-04-28,0,22.4,26.7,18.1,2017
"Beitbridge",2017-04-29,0,23.35,28.6,18.1,2017
"Beitbridge",2017-04-30,0,21.95,29.6,14.3,2017
"Beitbridge",2017-05-01,0,23.3,33,13.6,2017
"Beitbridge",2017-05-02,0,24.55,31.4,17.7,2017
"Beitbridge",2017-05-03,0,19.55,29.7,9.4,2017
"Beitbridge",2017-05-04,0,20.8,31.1,10.5,2017
"Beitbridge",2017-05-05,0,22.1,31.4,12.8,2017
"Beitbridge",2017-05-06,0,22.4,32.6,12.2,2017
"Beitbridge",2017-05-07,0,22.2,28.3,16.1,2017
"Beitbridge",2017-05-08,0,21.15,25.6,16.7,2017
"Beitbridge",2017-05-09,0,21.95,26.7,17.2,2017
"Beitbridge",2017-05-10,0,19.9,28.3,11.5,2017
"Beitbridge",2017-05-11,0,20.25,28.4,12.1,2017
"Beitbridge",2017-05-12,0,19,27.3,10.7,2017
"Beitbridge",2017-05-13,0,18.5,28.2,8.8,2017
"Beitbridge",2017-05-14,0,19.35,29.4,9.3,2017
"Beitbridge",2017-05-15,0,20.05,30.4,9.7,2017
"Beitbridge",2017-05-16,1.5,22.1,32.3,11.9,2017
"Beitbridge",2017-05-17,0,21.7,27.5,15.9,2017
"Beitbridge",2017-05-18,0,24.5,33.9,15.1,2017
"Beitbridge",2017-05-19,0,26.2,35.8,16.6,2017
"Beitbridge",2017-05-20,0,25.1,35.9,14.3,2017
"Beitbridge",2017-05-21,0,23.3,28.3,18.3,2017
"Beitbridge",2017-05-22,0,16.35,23.8,8.9,2017
"Beitbridge",2017-05-23,0,15.6,26.8,4.4,2017
"Beitbridge",2017-05-24,0,16.6,27.6,5.6,2017
"Beitbridge",2017-05-25,0,16.8,24.7,8.9,2017
"Beitbridge",2017-05-26,0,18.5,28.6,8.4,2017
"Beitbridge",2017-05-27,0,18.4,28.3,8.5,2017
"Beitbridge",2017-05-28,0,18.55,29.6,7.5,2017
"Beitbridge",2017-05-29,0,17.65,28.1,7.2,2017
"Beitbridge",2017-05-30,0,18.1,30.9,5.3,2017
"Beitbridge",2017-05-31,0,20.15,33.7,6.6,2017
"Beitbridge",2017-06-01,0,18.6,25.3,11.9,2017
"Beitbridge",2017-06-02,0,18.8,24.2,13.4,2017
"Beitbridge",2017-06-03,0,17.75,25,10.5,2017
"Beitbridge",2017-06-04,0,17.05,27.9,6.2,2017
"Beitbridge",2017-06-05,0,16.85,24,9.7,2017
"Beitbridge",2017-06-06,0,15.75,23.1,8.4,2017
"Beitbridge",2017-06-07,0,15.5,26.1,4.9,2017
"Beitbridge",2017-06-08,0,14.25,25.6,2.9,2017
"Beitbridge",2017-06-09,0,14.6,22.6,6.6,2017
"Beitbridge",2017-06-10,0,14.1,21.8,6.4,2017
"Beitbridge",2017-06-11,0,16.85,24.4,9.3,2017
"Beitbridge",2017-06-12,0,15.85,25.8,5.9,2017
"Beitbridge",2017-06-13,0,16.35,23.1,9.6,2017
"Beitbridge",2017-06-14,0,15,25.3,4.7,2017
"Beitbridge",2017-06-15,0,15.2,24.6,5.8,2017
"Beitbridge",2017-06-16,0,14.7,24.5,4.9,2017
"Beitbridge",2017-06-17,0,14.85,25.9,3.8,2017
"Beitbridge",2017-06-18,0,13.5,19.6,7.4,2017
"Beitbridge",2017-06-19,0,16.5,20.6,12.4,2017
"Beitbridge",2017-06-20,0,14.35,19.6,9.1,2017
"Beitbridge",2017-06-21,0,13.9,20.7,7.1,2017
"Beitbridge",2017-06-22,0,14.55,21.9,7.2,2017
"Beitbridge",2017-06-23,0,14.35,23.6,5.1,2017
"Beitbridge",2017-06-24,0,12.95,24.2,1.7,2017
"Beitbridge",2017-06-25,0,13.75,26.1,1.4,2017
"Beitbridge",2017-06-26,0,14.7,27.5,1.9,2017
"Beitbridge",2017-06-27,0,15.9,29.9,1.9,2017
"Beitbridge",2017-06-28,0,15.45,25.7,5.2,2017
"Beitbridge",2017-06-29,0,16.15,28.3,4,2017
"Beitbridge",2017-06-30,0,16,28,4,2017
"Beitbridge",2017-07-01,0,17.45,27.8,7.1,2017
"Beitbridge",2017-07-02,0,16.9,28.3,5.5,2017
"Beitbridge",2017-07-03,0,16.7,28.8,4.6,2017
"Beitbridge",2017-07-04,0,16.8,27.2,6.4,2017
"Beitbridge",2017-07-05,0,15.05,25.6,4.5,2017
"Beitbridge",2017-07-06,0,15.75,26.7,4.8,2017
"Beitbridge",2017-07-07,0,15.55,24.7,6.4,2017
"Beitbridge",2017-07-08,0,16.3,28.2,4.4,2017
"Beitbridge",2017-07-09,0,17.1,29.7,4.5,2017
"Beitbridge",2017-07-10,0,14.45,23.7,5.2,2017
"Beitbridge",2017-07-11,0,19.55,25.8,13.3,2017
"Beitbridge",2017-07-12,0,16.45,27.2,5.7,2017
"Beitbridge",2017-07-13,0,17.75,28,7.5,2017
"Beitbridge",2017-07-14,0,18.2,25,11.4,2017
"Beitbridge",2017-07-15,0,15.45,25.6,5.3,2017
"Beitbridge",2017-07-16,0,16.25,27.8,4.7,2017
"Beitbridge",2017-07-17,0,16.15,25.1,7.2,2017
"Beitbridge",2017-07-18,0,14.6,23.1,6.1,2017
"Beitbridge",2017-07-19,0,13.65,25.6,1.7,2017
"Beitbridge",2017-07-20,0,16.6,28.6,4.6,2017
"Beitbridge",2017-07-21,0,16.85,27.8,5.9,2017
"Beitbridge",2017-07-22,0,14.3,20.5,8.1,2017
"Beitbridge",2017-07-23,0,11.6,20.5,2.7,2017
"Beitbridge",2017-07-24,0,12.5,24.4,0.6,2017
"Beitbridge",2017-07-25,0,12.05,23.8,0.3,2017
"Beitbridge",2017-07-26,0,13.55,25.2,1.9,2017
"Beitbridge",2017-07-27,0,13.5,25.8,1.2,2017
"Beitbridge",2017-07-28,0,14.5,24.1,4.9,2017
"Beitbridge",2017-07-29,0,16.25,27.9,4.6,2017
"Beitbridge",2017-07-30,0,16.65,29.6,3.7,2017
"Beitbridge",2017-07-31,0,16.5,26.4,6.6,2017
"Beitbridge",2017-08-01,0,16.8,28.6,5,2017
"Beitbridge",2017-08-02,0,18.6,32.2,5,2017
"Beitbridge",2017-08-03,0,16.5,25.3,7.7,2017
"Beitbridge",2017-08-04,0,18.35,30.6,6.1,2017
"Beitbridge",2017-08-05,0,18.95,27.1,10.8,2017
"Beitbridge",2017-08-06,0,18.25,31.7,4.8,2017
"Beitbridge",2017-08-07,0,15.45,24.8,6.1,2017
"Beitbridge",2017-08-08,0,17.3,27.3,7.3,2017
"Beitbridge",2017-08-09,0,19.1,30.6,7.6,2017
"Beitbridge",2017-08-10,0,19,31.6,6.4,2017
"Beitbridge",2017-08-11,0,18.2,24.2,12.2,2017
"Beitbridge",2017-08-12,0,18.15,22.2,14.1,2017
"Beitbridge",2017-08-13,0,17.95,22.2,13.7,2017
"Beitbridge",2017-08-14,0,16.75,21.1,12.4,2017
"Beitbridge",2017-08-15,0,15.5,23.6,7.4,2017
"Beitbridge",2017-08-16,0,14.85,23.9,5.8,2017
"Beitbridge",2017-08-17,0,15.3,24.2,6.4,2017
"Beitbridge",2017-08-18,0,18.65,23.6,13.7,2017
"Beitbridge",2017-08-19,0,18.3,24.8,11.8,2017
"Beitbridge",2017-08-20,0,17.45,27.7,7.2,2017
"Beitbridge",2017-08-21,0,19.8,27.2,12.4,2017
"Beitbridge",2017-08-22,0,19.05,30.3,7.8,2017
"Beitbridge",2017-08-23,0,15.7,22.6,8.8,2017
"Beitbridge",2017-08-24,0,18.7,24.2,13.2,2017
"Beitbridge",2017-08-25,0,17.65,28.6,6.7,2017
"Beitbridge",2017-08-26,0,18.55,31,6.1,2017
"Beitbridge",2017-08-27,0,20.7,29,12.4,2017
"Beitbridge",2017-08-28,0,21.5,31.1,11.9,2017
"Beitbridge",2017-08-29,0,22.45,34.9,10,2017
"Beitbridge",2017-08-30,0,21.75,25.7,17.8,2017
"Beitbridge",2017-08-31,0,22.95,28.7,17.2,2017
"Beitbridge",2017-09-01,0,23.7,35.5,11.9,2017
"Beitbridge",2017-09-02,0,23.5,35.9,11.1,2017
"Beitbridge",2017-09-03,0,22,27.3,16.7,2017
"Beitbridge",2017-09-04,0,22.3,33.3,11.3,2017
"Beitbridge",2017-09-05,0,23.4,34,12.8,2017
"Beitbridge",2017-09-06,0,19.45,26,12.9,2017
"Beitbridge",2017-09-07,0,22.2,26.7,17.7,2017
"Beitbridge",2017-09-08,0,22.65,35,10.3,2017
"Beitbridge",2017-09-09,0,19.25,26.1,12.4,2017
"Beitbridge",2017-09-10,0,21.9,26.7,17.1,2017
"Beitbridge",2017-09-11,0,22.05,31.5,12.6,2017
"Beitbridge",2017-09-12,0,23.95,31.8,16.1,2017
"Beitbridge",2017-09-13,0,24.25,34.6,13.9,2017
"Beitbridge",2017-09-14,0,22.55,26.7,18.4,2017
"Beitbridge",2017-09-15,0,20.5,23.9,17.1,2017
"Beitbridge",2017-09-16,0,20.05,25,15.1,2017
"Beitbridge",2017-09-17,0,20.4,28.3,12.5,2017
"Beitbridge",2017-09-18,0,20.75,26.1,15.4,2017
"Beitbridge",2017-09-19,0,21.75,27.2,16.3,2017
"Beitbridge",2017-09-20,0,23.6,31.3,15.9,2017
"Beitbridge",2017-09-21,0,24.95,35,14.9,2017
"Beitbridge",2017-09-22,0,26,37.1,14.9,2017
"Beitbridge",2017-09-23,0,27.2,36.3,18.1,2017
"Beitbridge",2017-09-24,0,25.95,34.5,17.4,2017
"Beitbridge",2017-09-25,0,28.25,36.8,19.7,2017
"Beitbridge",2017-09-26,0,27.4,34.3,20.5,2017
"Beitbridge",2017-09-27,0,21.1,24.6,17.6,2017
"Beitbridge",2017-09-28,0,19.3,22.3,16.3,2017
"Beitbridge",2017-09-29,0,20.65,26.3,15,2017
"Beitbridge",2017-09-30,0,20.35,25.6,15.1,2017
"Beitbridge",2017-10-01,0,20.6,31.4,9.8,2017
"Beitbridge",2017-10-02,0,22.55,34.1,11,2017
"Beitbridge",2017-10-03,0,25.45,33.6,17.3,2017
"Beitbridge",2017-10-04,0,27.4,38.1,16.7,2017
"Beitbridge",2017-10-05,0,24.7,33.1,16.3,2017
"Beitbridge",2017-10-06,0,27.75,36.1,19.4,2017
"Beitbridge",2017-10-07,0,25.55,36.4,14.7,2017
"Beitbridge",2017-10-08,0,26.75,34.9,18.6,2017
"Beitbridge",2017-10-09,0,27.3,33.7,20.9,2017
"Beitbridge",2017-10-10,0,26.85,32.1,21.6,2017
"Beitbridge",2017-10-11,0,24.95,30,19.9,2017
"Beitbridge",2017-10-12,0,26.55,33.7,19.4,2017
"Beitbridge",2017-10-13,0,28.35,37.4,19.3,2017
"Beitbridge",2017-10-14,0,29.65,39.2,20.1,2017
"Beitbridge",2017-10-15,4.1,32.35,38.9,25.8,2017
"Beitbridge",2017-10-16,0,22.15,24.9,19.4,2017
"Beitbridge",2017-10-17,0,26.35,33,19.7,2017
"Beitbridge",2017-10-18,0,21.8,25.2,18.4,2017
"Beitbridge",2017-10-19,0,24.75,30.3,19.2,2017
"Beitbridge",2017-10-20,0,27.4,36.7,18.1,2017
"Beitbridge",2017-10-21,0,28.4,36.6,20.2,2017
"Beitbridge",2017-10-22,0,30.05,38.9,21.2,2017
"Beitbridge",2017-10-23,0,28.25,37.9,18.6,2017
"Beitbridge",2017-10-24,0,27.4,34.2,20.6,2017
"Beitbridge",2017-10-25,0,33.25,43.2,23.3,2017
"Beitbridge",2017-10-26,0,35.35,43.1,27.6,2017
"Beitbridge",2017-10-27,0,28.05,29,27.1,2017
"Beitbridge",2017-10-28,0,22.8,26.7,18.9,2017
"Beitbridge",2017-10-29,0,26.95,34.4,19.5,2017
"Beitbridge",2017-10-30,0,24.55,26.7,22.4,2017
"Beitbridge",2017-10-31,0,23.65,27.9,19.4,2017
"Beitbridge",2017-11-01,0,27.2,34.1,20.3,2017
"Beitbridge",2017-11-02,0,28.15,34.4,21.9,2017
"Beitbridge",2017-11-03,0,25.95,29.2,22.7,2017
"Beitbridge",2017-11-04,2.3,28.5,36.9,20.1,2017
"Beitbridge",2017-11-05,18.8,24.4,26.8,22,2017
"Beitbridge",2017-11-06,0,23.15,27.2,19.1,2017
"Beitbridge",2017-11-07,0.3,25.5,29.9,21.1,2017
"Beitbridge",2017-11-08,0,25.7,31.6,19.8,2017
"Beitbridge",2017-11-09,13.7,25.3,29.8,20.8,2017
"Beitbridge",2017-11-10,0,19.45,22.3,16.6,2017
"Beitbridge",2017-11-11,0,20.8,24.9,16.7,2017
"Beitbridge",2017-11-12,0,24.15,29.7,18.6,2017
"Beitbridge",2017-11-13,0,26.5,33.9,19.1,2017
"Beitbridge",2017-11-14,0,27.55,34.8,20.3,2017
"Beitbridge",2017-11-15,0,23.5,28.3,18.7,2017
"Beitbridge",2017-11-16,0,25.55,32.8,18.3,2017
"Beitbridge",2017-11-17,0,26.7,35.6,17.8,2017
"Beitbridge",2017-11-18,0,28.6,38.3,18.9,2017
"Beitbridge",2017-11-19,0,29.1,36,22.2,2017
"Beitbridge",2017-11-20,0,29.5,34.6,24.4,2017
"Beitbridge",2017-11-21,10.2,30.25,38.3,22.2,2017
"Beitbridge",2017-11-22,14,24.3,26.7,21.9,2017
"Beitbridge",2017-11-23,0,24,28.3,19.7,2017
"Beitbridge",2017-11-24,0,23.35,28.3,18.4,2017
"Beitbridge",2017-11-25,0,24.05,30.6,17.5,2017
"Beitbridge",2017-11-26,0,25.8,33.8,17.8,2017
"Beitbridge",2017-11-27,2.5,28.65,36.7,20.6,2017
"Beitbridge",2017-11-28,2.8,28.35,36.6,20.1,2017
"Beitbridge",2017-11-29,0,23.95,28.3,19.6,2017
"Beitbridge",2017-11-30,0,25.3,29.9,20.7,2017
"Beitbridge",2017-12-01,0,26.55,32.3,20.8,2017
"Beitbridge",2017-12-02,0,25.9,33.3,18.5,2017
"Beitbridge",2017-12-03,0,27.5,36.1,18.9,2017
"Beitbridge",2017-12-04,0,27.95,36.7,19.2,2017
"Beitbridge",2017-12-05,1.8,29.75,37.5,22,2017
"Beitbridge",2017-12-06,0,25,28.6,21.4,2017
"Beitbridge",2017-12-07,2.5,21.75,23.7,19.8,2017
"Beitbridge",2017-12-08,7.4,18.3,19.4,17.2,2017
"Beitbridge",2017-12-09,0.8,20.3,23.9,16.7,2017
"Beitbridge",2017-12-10,0,24.8,30.6,19,2017
"Beitbridge",2017-12-11,0,24.45,30,18.9,2017
"Beitbridge",2017-12-12,0,24.1,29.4,18.8,2017
"Beitbridge",2017-12-13,0,26.65,33.9,19.4,2017
"Beitbridge",2017-12-14,0,28.1,36.8,19.4,2017
"Beitbridge",2017-12-15,0,29.65,38.1,21.2,2017
"Beitbridge",2017-12-16,24.1,31.9,37.9,25.9,2017
"Beitbridge",2017-12-17,0,23.25,25.8,20.7,2017
"Beitbridge",2017-12-18,0,23.95,28.3,19.6,2017
"Beitbridge",2017-12-19,0,25.1,29.8,20.4,2017
"Beitbridge",2017-12-20,0,27.75,34.3,21.2,2017
"Beitbridge",2017-12-21,0,29.65,35.7,23.6,2017
"Beitbridge",2017-12-22,8.4,30.6,36.9,24.3,2017
"Beitbridge",2017-12-23,14.7,24.1,26.3,21.9,2017
"Beitbridge",2017-12-24,0.3,24.75,28.6,20.9,2017
"Beitbridge",2017-12-25,0,25.65,30.7,20.6,2017
"Beitbridge",2017-12-26,0,27.75,32.8,22.7,2017
"Beitbridge",2017-12-27,0,28,35.3,20.7,2017
"Beitbridge",2017-12-28,2.3,29.15,33.8,24.5,2017
"Beitbridge",2017-12-29,2.5,27.15,32.9,21.4,2017
"Beitbridge",2017-12-30,0,24.2,27,21.4,2017
"Beitbridge",2017-12-31,5.3,20.55,21.7,19.4,2017
"Mutoko",2014-07-01,0,15.85,23.5,8.2,2014
"Mutoko",2014-07-02,0,16.75,23.3,10.2,2014
"Mutoko",2014-07-03,0,17.1,24.1,10.1,2014
"Mutoko",2014-07-04,0,16.5,23.9,9.1,2014
"Mutoko",2014-07-05,0,15.6,22.2,9,2014
"Mutoko",2014-07-06,0,14.35,20.6,8.1,2014
"Mutoko",2014-07-07,0,12.9,18.5,7.3,2014
"Mutoko",2014-07-08,0,13.05,18.1,8,2014
"Mutoko",2014-07-09,0,12.45,18.1,6.8,2014
"Mutoko",2014-07-10,0,13.1,20.1,6.1,2014
"Mutoko",2014-07-11,0,13.85,21.1,6.6,2014
"Mutoko",2014-07-12,0,12.25,19,5.5,2014
"Mutoko",2014-07-13,0,12.3,19.3,5.3,2014
"Mutoko",2014-07-14,0,14.75,21.7,7.8,2014
"Mutoko",2014-07-15,0,16.55,23.9,9.2,2014
"Mutoko",2014-07-16,0,16.95,23.8,10.1,2014
"Mutoko",2014-07-17,0,15.1,21.3,8.9,2014
"Mutoko",2014-07-18,0,13.9,18.2,9.6,2014
"Mutoko",2014-07-19,0,13.35,17.2,9.5,2014
"Mutoko",2014-07-20,0,13.15,20,6.3,2014
"Mutoko",2014-07-21,0,14.25,21.2,7.3,2014
"Mutoko",2014-07-22,0,14.15,20.4,7.9,2014
"Mutoko",2014-07-23,0,12.9,19.1,6.7,2014
"Mutoko",2014-07-24,0,14.8,21.9,7.7,2014
"Mutoko",2014-07-25,0,17.95,26.7,9.2,2014
"Mutoko",2014-07-26,0,17.35,24.2,10.5,2014
"Mutoko",2014-07-27,0,12.35,19.1,5.6,2014
"Mutoko",2014-07-28,0,13.4,20.6,6.2,2014
"Mutoko",2014-07-29,0,14,20.8,7.2,2014
"Mutoko",2014-07-30,0,13.85,20.6,7.1,2014
"Mutoko",2014-07-31,0,13.35,20.6,6.1,2014
"Mutoko",2014-08-01,0,14,20.7,7.3,2014
"Mutoko",2014-08-02,0,15.35,22.9,7.8,2014
"Mutoko",2014-08-03,0,14.25,19.3,9.2,2014
"Mutoko",2014-08-04,0,13.65,19.5,7.8,2014
"Mutoko",2014-08-05,0,12.35,17.9,6.8,2014
"Mutoko",2014-08-06,0,11.1,15.1,7.1,2014
"Mutoko",2014-08-07,0,12.95,17.6,8.3,2014
"Mutoko",2014-08-08,0,14.35,17.6,11.1,2014
"Mutoko",2014-08-09,0,14.85,21.4,8.3,2014
"Mutoko",2014-08-10,0,15.35,22.3,8.4,2014
"Mutoko",2014-08-11,0,17.8,25,10.6,2014
"Mutoko",2014-08-12,0,18.5,26.1,10.9,2014
"Mutoko",2014-08-13,0,15.55,21.6,9.5,2014
"Mutoko",2014-08-14,0,15.05,20.9,9.2,2014
"Mutoko",2014-08-15,0,15.2,23.1,7.3,2014
"Mutoko",2014-08-16,0,17.3,24.6,10,2014
"Mutoko",2014-08-17,0,19.5,26.3,12.7,2014
"Mutoko",2014-08-18,0,20.4,26.8,14,2014
"Mutoko",2014-08-19,0,19.85,27.5,12.2,2014
"Mutoko",2014-08-20,0,19.25,24.9,13.6,2014
"Mutoko",2014-08-21,0,20.2,25.1,15.3,2014
"Mutoko",2014-08-22,0,20.1,24.4,15.8,2014
"Mutoko",2014-08-23,0,17.2,23.3,11.1,2014
"Mutoko",2014-08-24,0,18.1,25.1,11.1,2014
"Mutoko",2014-08-25,0,17.05,23.7,10.4,2014
"Mutoko",2014-08-26,0.3,16,23.4,8.6,2014
"Mutoko",2014-08-27,0,15.5,20.2,10.8,2014
"Mutoko",2014-08-28,0,16.55,22.4,10.7,2014
"Mutoko",2014-08-29,0,16.25,20.3,12.2,2014
"Mutoko",2014-08-30,0,18.9,24,13.8,2014
"Mutoko",2014-08-31,0,19.8,26.7,12.9,2014
"Mutoko",2014-09-01,38.1,20.55,26.7,14.4,2014
"Mutoko",2014-09-02,5.1,17.85,22.8,12.9,2014
"Mutoko",2014-09-03,0,16.85,23.1,10.6,2014
"Mutoko",2014-09-04,0,19.5,25.5,13.5,2014
"Mutoko",2014-09-05,0,22.1,29.5,14.7,2014
"Mutoko",2014-09-06,0,17.9,24,11.8,2014
"Mutoko",2014-09-07,0,18.1,24.9,11.3,2014
"Mutoko",2014-09-08,0,16.45,22.3,10.6,2014
"Mutoko",2014-09-09,0,15.6,23.1,8.1,2014
"Mutoko",2014-09-10,0,17.15,24.9,9.4,2014
"Mutoko",2014-09-11,0,19.65,27.7,11.6,2014
"Mutoko",2014-09-12,0,22.25,28.8,15.7,2014
"Mutoko",2014-09-13,0,21.1,26.8,15.4,2014
"Mutoko",2014-09-14,0,19.85,26.4,13.3,2014
"Mutoko",2014-09-15,0,21.5,28.8,14.2,2014
"Mutoko",2014-09-16,0,20.3,26.2,14.4,2014
"Mutoko",2014-09-17,0,20.3,27.3,13.3,2014
"Mutoko",2014-09-18,0,20.35,24.9,15.8,2014
"Mutoko",2014-09-19,0,17.8,23.4,12.2,2014
"Mutoko",2014-09-20,0,19.6,26.9,12.3,2014
"Mutoko",2014-09-21,0,19.6,26.8,12.4,2014
"Mutoko",2014-09-22,0,20.3,27.8,12.8,2014
"Mutoko",2014-09-23,0,23.45,31.2,15.7,2014
"Mutoko",2014-09-24,0,21.75,25.7,17.8,2014
"Mutoko",2014-09-25,0,19.65,25.2,14.1,2014
"Mutoko",2014-09-26,0,19.55,25.8,13.3,2014
"Mutoko",2014-09-27,0,20.75,28.6,12.9,2014
"Mutoko",2014-09-28,0,20.85,27.8,13.9,2014
"Mutoko",2014-09-29,0,20,27.8,12.2,2014
"Mutoko",2014-09-30,0,20.35,27.3,13.4,2014
"Mutoko",2014-10-01,0,21.2,27.4,15,2014
"Mutoko",2014-10-02,0,21.9,27.7,16.1,2014
"Mutoko",2014-10-03,0,20.7,27.6,13.8,2014
"Mutoko",2014-10-04,0,23.05,29.8,16.3,2014
"Mutoko",2014-10-05,0,24.2,30.6,17.8,2014
"Mutoko",2014-10-06,0,22.75,28.3,17.2,2014
"Mutoko",2014-10-07,0,21.35,28.4,14.3,2014
"Mutoko",2014-10-08,0,23.15,30.6,15.7,2014
"Mutoko",2014-10-09,0,25.2,32.3,18.1,2014
"Mutoko",2014-10-10,0,25.7,32.8,18.6,2014
"Mutoko",2014-10-11,0,23.25,28.4,18.1,2014
"Mutoko",2014-10-12,0,21.75,27.3,16.2,2014
"Mutoko",2014-10-13,2,23.35,29.5,17.2,2014
"Mutoko",2014-10-14,1.5,22.75,30,15.5,2014
"Mutoko",2014-10-15,0,23.45,30.1,16.8,2014
"Mutoko",2014-10-16,10.2,23.85,29.9,17.8,2014
"Mutoko",2014-10-17,0,22.85,29.6,16.1,2014
"Mutoko",2014-10-18,23.4,22.9,28.9,16.9,2014
"Mutoko",2014-10-19,0,21.5,27.4,15.6,2014
"Mutoko",2014-10-20,0,21.3,26.2,16.4,2014
"Mutoko",2014-10-21,0,21.45,26.7,16.2,2014
"Mutoko",2014-10-22,0,21.4,27.2,15.6,2014
"Mutoko",2014-10-23,0,22.05,26.8,17.3,2014
"Mutoko",2014-10-24,0,24.1,29.4,18.8,2014
"Mutoko",2014-10-25,0,22.75,27.2,18.3,2014
"Mutoko",2014-10-26,0,22.2,27.2,17.2,2014
"Mutoko",2014-10-27,0,22.5,27.8,17.2,2014
"Mutoko",2014-10-28,0,22.8,28.4,17.2,2014
"Mutoko",2014-10-29,2,24.5,30.2,18.8,2014
"Mutoko",2014-10-30,0,21.5,26.1,16.9,2014
"Mutoko",2014-10-31,0,22.25,26.9,17.6,2014
"Mutoko",2014-11-01,13.5,21.95,26.1,17.8,2014
"Mutoko",2014-11-02,0,20.65,23.4,17.9,2014
"Mutoko",2014-11-03,0,18,21.3,14.7,2014
"Mutoko",2014-11-04,21.3,16.05,16.6,15.5,2014
"Mutoko",2014-11-05,0,18.05,21.6,14.5,2014
"Mutoko",2014-11-06,0.8,20.7,25.6,15.8,2014
"Mutoko",2014-11-07,4.6,20.45,24.3,16.6,2014
"Mutoko",2014-11-08,0.3,18.85,21.1,16.6,2014
"Mutoko",2014-11-09,0,17.35,19.8,14.9,2014
"Mutoko",2014-11-10,0,21,26.3,15.7,2014
"Mutoko",2014-11-11,0,24.25,31,17.5,2014
"Mutoko",2014-11-12,0,21,25.1,16.9,2014
"Mutoko",2014-11-13,0,18.1,23.8,12.4,2014
"Mutoko",2014-11-14,0,19.25,25.2,13.3,2014
"Mutoko",2014-11-15,0,19.25,26.7,11.8,2014
"Mutoko",2014-11-16,0,19.45,27.3,11.6,2014
"Mutoko",2014-11-17,0,19.15,26.7,11.6,2014
"Mutoko",2014-11-18,0,21.7,28.9,14.5,2014
"Mutoko",2014-11-19,0,23.35,29.9,16.8,2014
"Mutoko",2014-11-20,0,23.35,30.5,16.2,2014
"Mutoko",2014-11-21,0,23.6,29.7,17.5,2014
"Mutoko",2014-11-22,0,23.85,30.7,17,2014
"Mutoko",2014-11-23,5.1,23.55,28.5,18.6,2014
"Mutoko",2014-11-24,0,22.6,28.4,16.8,2014
"Mutoko",2014-11-25,0,23.9,31.2,16.6,2014
"Mutoko",2014-11-26,0,24.8,31.8,17.8,2014
"Mutoko",2014-11-27,1,25.8,32.5,19.1,2014
"Mutoko",2014-11-28,6.4,23.2,27.3,19.1,2014
"Mutoko",2014-11-29,0,23.15,28.4,17.9,2014
"Mutoko",2014-11-30,0,22,26.8,17.2,2014
"Mutoko",2014-12-01,1.8,20.9,24.5,17.3,2014
"Mutoko",2014-12-02,0.3,21.5,25.1,17.9,2014
"Mutoko",2014-12-03,0.5,18.9,21.4,16.4,2014
"Mutoko",2014-12-04,0,19.9,23.1,16.7,2014
"Mutoko",2014-12-05,0,19.85,25.6,14.1,2014
"Mutoko",2014-12-06,0,20.9,27.9,13.9,2014
"Mutoko",2014-12-07,0,20.95,27.8,14.1,2014
"Mutoko",2014-12-08,35.1,22.55,28.5,16.6,2014
"Mutoko",2014-12-09,24.4,21.1,25.6,16.6,2014
"Mutoko",2014-12-10,6.6,21.1,25.1,17.1,2014
"Mutoko",2014-12-11,0,21.2,25.1,17.3,2014
"Mutoko",2014-12-12,16.5,23.1,28.4,17.8,2014
"Mutoko",2014-12-13,2.3,22.65,27.4,17.9,2014
"Mutoko",2014-12-14,0.5,22,26.4,17.6,2014
"Mutoko",2014-12-15,0,21.1,25.4,16.8,2014
"Mutoko",2014-12-16,0,19.8,24.2,15.4,2014
"Mutoko",2014-12-17,0,21.1,25.4,16.8,2014
"Mutoko",2014-12-18,0,21.35,26,16.7,2014
"Mutoko",2014-12-19,0,22.95,27.5,18.4,2014
"Mutoko",2014-12-20,19.8,21.9,25.7,18.1,2014
"Mutoko",2014-12-21,14.7,21.75,26.1,17.4,2014
"Mutoko",2014-12-22,0,21.65,26.7,16.6,2014
"Mutoko",2014-12-23,17.3,22.3,25.1,19.5,2014
"Mutoko",2014-12-24,39.4,21.75,25.2,18.3,2014
"Mutoko",2014-12-25,0,21.45,25.2,17.7,2014
"Mutoko",2014-12-26,40.6,22.95,27.3,18.6,2014
"Mutoko",2014-12-27,2.8,21.15,26.1,16.2,2014
"Mutoko",2014-12-28,0,20.95,25.1,16.8,2014
"Mutoko",2014-12-29,34,20.6,26.1,15.1,2014
"Mutoko",2014-12-30,0,22.9,28.5,17.3,2014
"Mutoko",2014-12-31,6.6,23.35,27.1,19.6,2014
"Mutoko",2015-01-01,41.9,21.45,24.1,18.8,2015
"Mutoko",2015-01-02,5.1,20.85,23.1,18.6,2015
"Mutoko",2015-01-03,4.1,21.55,25.2,17.9,2015
"Mutoko",2015-01-04,8.6,21.3,23.8,18.8,2015
"Mutoko",2015-01-05,13.2,20.5,22.2,18.8,2015
"Mutoko",2015-01-06,49.3,22.05,26.1,18,2015
"Mutoko",2015-01-07,13.5,21,24.8,17.2,2015
"Mutoko",2015-01-08,13,21.3,24.6,18,2015
"Mutoko",2015-01-09,5.3,20.55,24,17.1,2015
"Mutoko",2015-01-10,0.8,19.7,23.2,16.2,2015
"Mutoko",2015-01-11,1,19.85,23.4,16.3,2015
"Mutoko",2015-01-12,0.8,19.45,24.9,14,2015
"Mutoko",2015-01-13,0,21.35,26.8,15.9,2015
"Mutoko",2015-01-14,0,20.1,25.1,15.1,2015
"Mutoko",2015-01-15,0,21.75,26.8,16.7,2015
"Mutoko",2015-01-16,0,22.3,27.2,17.4,2015
"Mutoko",2015-01-17,0,23.15,27.4,18.9,2015
"Mutoko",2015-01-18,19.1,23.3,27.8,18.8,2015
"Mutoko",2015-01-19,5.6,21.65,25.1,18.2,2015
"Mutoko",2015-01-20,16.3,23.15,27.4,18.9,2015
"Mutoko",2015-01-21,22.9,23.55,28.3,18.8,2015
"Mutoko",2015-01-22,2.8,22.45,27.2,17.7,2015
"Mutoko",2015-01-23,0.5,21.8,25.7,17.9,2015
"Mutoko",2015-01-24,54.4,22.85,27.2,18.5,2015
"Mutoko",2015-01-25,33.8,22,26.2,17.8,2015
"Mutoko",2015-01-26,16.5,21.75,25.4,18.1,2015
"Mutoko",2015-01-27,0,21.3,24.7,17.9,2015
"Mutoko",2015-01-28,0,22.45,26.6,18.3,2015
"Mutoko",2015-01-29,5.6,20.9,24,17.8,2015
"Mutoko",2015-01-30,13.2,22.25,26.1,18.4,2015
"Mutoko",2015-01-31,1.5,21.6,25.9,17.3,2015
"Mutoko",2015-02-01,0,22.6,27.3,17.9,2015
"Mutoko",2015-02-02,22.4,20.9,22.8,19,2015
"Mutoko",2015-02-03,57.9,20.85,24.4,17.3,2015
"Mutoko",2015-02-04,15.2,20.9,24.9,16.9,2015
"Mutoko",2015-02-05,0,20.8,26.2,15.4,2015
"Mutoko",2015-02-06,0,19,22.3,15.7,2015
"Mutoko",2015-02-07,0,19.25,23.8,14.7,2015
"Mutoko",2015-02-08,13.7,22,27.3,16.7,2015
"Mutoko",2015-02-09,0,20.65,23.6,17.7,2015
"Mutoko",2015-02-10,0,20.65,24.4,16.9,2015
"Mutoko",2015-02-11,5.1,21.9,26.6,17.2,2015
"Mutoko",2015-02-12,22.1,22.6,26.8,18.4,2015
"Mutoko",2015-02-13,0,21.3,25,17.6,2015
"Mutoko",2015-02-14,0.5,21.5,25.1,17.9,2015
"Mutoko",2015-02-15,0,21.35,26.1,16.6,2015
"Mutoko",2015-02-16,0.3,21.5,26.1,16.9,2015
"Mutoko",2015-02-17,0,20.25,26.1,14.4,2015
"Mutoko",2015-02-18,0,20.8,26.1,15.5,2015
"Mutoko",2015-02-19,0,21.85,28.1,15.6,2015
"Mutoko",2015-02-20,0,21.45,26.7,16.2,2015
"Mutoko",2015-02-21,1.3,22.15,27.3,17,2015
"Mutoko",2015-02-22,0,22.7,27,18.4,2015
"Mutoko",2015-02-23,0,23.1,27.8,18.4,2015
"Mutoko",2015-02-24,0,22.2,26.7,17.7,2015
"Mutoko",2015-02-25,0,21.7,26.8,16.6,2015
"Mutoko",2015-02-26,0,20.35,26.8,13.9,2015
"Mutoko",2015-02-27,0,21,26.3,15.7,2015
"Mutoko",2015-02-28,0.3,21.95,27.7,16.2,2015
"Mutoko",NA,0,20.45,22.8,18.1,NA
"Mutoko",2015-03-01,0,20.9,24.5,17.3,2015
"Mutoko",2015-03-02,0.8,23.1,27.7,18.5,2015
"Mutoko",2015-03-03,0,24.45,30.3,18.6,2015
"Mutoko",2015-03-04,0,21.7,24.9,18.5,2015
"Mutoko",2015-03-05,0,21.65,26.2,17.1,2015
"Mutoko",2015-03-06,0,20.1,26.2,14,2015
"Mutoko",2015-03-07,0,20.65,26.9,14.4,2015
"Mutoko",2015-03-08,0,21.25,27.3,15.2,2015
"Mutoko",2015-03-09,0,21.1,27.4,14.8,2015
"Mutoko",2015-03-10,0,19.9,26.7,13.1,2015
"Mutoko",2015-03-11,0,20.55,27.8,13.3,2015
"Mutoko",2015-03-12,0,20.9,28.9,12.9,2015
"Mutoko",2015-03-13,0,20.5,27.9,13.1,2015
"Mutoko",2015-03-14,0,22.35,28.8,15.9,2015
"Mutoko",2015-03-15,0,22.5,29.4,15.6,2015
"Mutoko",2015-03-16,0,21.65,28.8,14.5,2015
"Mutoko",2015-03-17,0,21.5,28.3,14.7,2015
"Mutoko",2015-03-18,0.8,20.9,27.7,14.1,2015
"Mutoko",2015-03-19,4.1,21.7,28.4,15,2015
"Mutoko",2015-03-20,2,22.55,28.4,16.7,2015
"Mutoko",2015-03-21,0,22.5,29.3,15.7,2015
"Mutoko",2015-03-22,0.3,22.35,29.4,15.3,2015
"Mutoko",2015-03-23,0,23.45,30.1,16.8,2015
"Mutoko",2015-03-24,0,22.15,28.4,15.9,2015
"Mutoko",2015-03-25,0,21.4,28.4,14.4,2015
"Mutoko",2015-03-26,0,22.05,29.4,14.7,2015
"Mutoko",2015-03-27,0,19.8,26.8,12.8,2015
"Mutoko",2015-03-28,0,21.5,28.1,14.9,2015
"Mutoko",2015-03-29,0,21.65,27.9,15.4,2015
"Mutoko",2015-03-30,0,19.9,26.9,12.9,2015
"Mutoko",2015-03-31,1.8,19.9,25.1,14.7,2015
"Mutoko",2015-04-01,0,19.05,25.4,12.7,2015
"Mutoko",2015-04-02,0,19.7,26.6,12.8,2015
"Mutoko",2015-04-03,0,22.25,29.9,14.6,2015
"Mutoko",2015-04-04,0,22.75,30.6,14.9,2015
"Mutoko",2015-04-05,0,22.8,29.9,15.7,2015
"Mutoko",2015-04-06,0,21.35,27.8,14.9,2015
"Mutoko",2015-04-07,0,21,25.8,16.2,2015
"Mutoko",2015-04-08,0,21.9,27.9,15.9,2015
"Mutoko",2015-04-09,0,21.45,27.3,15.6,2015
"Mutoko",2015-04-10,0,22.1,28.1,16.1,2015
"Mutoko",2015-04-11,0,21.15,27.2,15.1,2015
"Mutoko",2015-04-12,0,20.4,26.5,14.3,2015
"Mutoko",2015-04-13,0,20.05,26.6,13.5,2015
"Mutoko",2015-04-14,0,20.4,26.2,14.6,2015
"Mutoko",2015-04-15,0,21.5,27.8,15.2,2015
"Mutoko",2015-04-16,0,20.75,27.3,14.2,2015
"Mutoko",2015-04-17,0,21.75,27.8,15.7,2015
"Mutoko",2015-04-18,3.8,22.8,27.9,17.7,2015
"Mutoko",2015-04-19,0,20.9,25.7,16.1,2015
"Mutoko",2015-04-20,4.1,19.15,24.6,13.7,2015
"Mutoko",2015-04-21,0,18.8,24.3,13.3,2015
"Mutoko",2015-04-22,0,20.25,27.6,12.9,2015
"Mutoko",2015-04-23,0,19.45,24.3,14.6,2015
"Mutoko",2015-04-24,0,18.4,25.1,11.7,2015
"Mutoko",2015-04-25,0,17.6,24.5,10.7,2015
"Mutoko",2015-04-26,0,17.15,24,10.3,2015
"Mutoko",2015-04-27,0,17.8,24.5,11.1,2015
"Mutoko",2015-04-28,0,18,24.9,11.1,2015
"Mutoko",2015-04-29,0,17.4,25,9.8,2015
"Mutoko",2015-04-30,0,18.1,25.1,11.1,2015
"Mutoko",2015-05-01,0,18.8,25.4,12.2,2015
"Mutoko",2015-05-02,0,20.9,27.4,14.4,2015
"Mutoko",2015-05-03,0,20.6,27.2,14,2015
"Mutoko",2015-05-04,0,18.7,25.7,11.7,2015
"Mutoko",2015-05-05,0,18.3,26,10.6,2015
"Mutoko",2015-05-06,0,19.8,27.9,11.7,2015
"Mutoko",2015-05-07,0,18.55,24.4,12.7,2015
"Mutoko",2015-05-08,0.5,16.45,20.1,12.8,2015
"Mutoko",2015-05-09,1.5,15.8,18.9,12.7,2015
"Mutoko",2015-05-10,0,17,22.4,11.6,2015
"Mutoko",2015-05-11,0,17.65,24,11.3,2015
"Mutoko",2015-05-12,0,19.7,25.6,13.8,2015
"Mutoko",2015-05-13,0,18.3,24.9,11.7,2015
"Mutoko",2015-05-14,0,16.8,22.9,10.7,2015
"Mutoko",2015-05-15,0,16.6,22.8,10.4,2015
"Mutoko",2015-05-16,0,16.45,22.9,10,2015
"Mutoko",2015-05-17,0,15.8,23.8,7.8,2015
"Mutoko",2015-05-18,0,17.65,24.7,10.6,2015
"Mutoko",2015-05-19,0,16.25,23.5,9,2015
"Mutoko",2015-05-20,0,15.95,22.9,9,2015
"Mutoko",2015-05-21,0,16.55,23.3,9.8,2015
"Mutoko",2015-05-22,0,16.4,22.9,9.9,2015
"Mutoko",2015-05-23,0,16.45,23.4,9.5,2015
"Mutoko",2015-05-24,0,16,21.8,10.2,2015
"Mutoko",2015-05-25,2.5,15.4,20.7,10.1,2015
"Mutoko",2015-05-26,5.1,13.9,17.4,10.4,2015
"Mutoko",2015-05-27,0,17.25,24.2,10.3,2015
"Mutoko",2015-05-28,0,16.65,23.1,10.2,2015
"Mutoko",2015-05-29,0,16.55,20.7,12.4,2015
"Mutoko",2015-05-30,0,16.2,21.2,11.2,2015
"Mutoko",2015-05-31,0,14.4,20.2,8.6,2015
"Mutoko",2015-06-01,0,13.35,19.6,7.1,2015
"Mutoko",2015-06-02,0,14.55,20.7,8.4,2015
"Mutoko",2015-06-03,0,15.35,20.3,10.4,2015
"Mutoko",2015-06-04,0,14.75,19.6,9.9,2015
"Mutoko",2015-06-05,0.8,14.75,20.7,8.8,2015
"Mutoko",2015-06-06,0.3,15.75,20.4,11.1,2015
"Mutoko",2015-06-07,0,14.9,20.9,8.9,2015
"Mutoko",2015-06-08,0,15,19.9,10.1,2015
"Mutoko",2015-06-09,0,15.9,21.8,10,2015
"Mutoko",2015-06-10,0,15.05,21.7,8.4,2015
"Mutoko",2015-06-11,0,16,22.4,9.6,2015
"Mutoko",2015-06-12,0,16.7,22.7,10.7,2015
"Mutoko",2015-06-13,0,15.55,22.2,8.9,2015
"Mutoko",2015-06-14,0,14.65,21.6,7.7,2015
"Mutoko",2015-06-15,0,15.85,20.7,11,2015
"Mutoko",2015-06-16,0,12.95,19.7,6.2,2015
"Mutoko",2015-06-17,0,13.5,18.4,8.6,2015
"Mutoko",2015-06-18,0,16.3,20.5,12.1,2015
"Mutoko",2015-06-19,0,16.6,21,12.2,2015
"Mutoko",2015-06-20,0,16.6,20.7,12.5,2015
"Mutoko",2015-06-21,0,14.1,20.8,7.4,2015
"Mutoko",2015-06-22,0,14.85,20.7,9,2015
"Mutoko",2015-06-23,0,16.05,22.7,9.4,2015
"Mutoko",2015-06-24,0,15.35,21.9,8.8,2015
"Mutoko",2015-06-25,0,14.85,21.4,8.3,2015
"Mutoko",2015-06-26,0,15.45,21.8,9.1,2015
"Mutoko",2015-06-27,0,15.6,22.4,8.8,2015
"Mutoko",2015-06-28,0,15.7,22.3,9.1,2015
"Mutoko",2015-06-29,0,13.85,20.6,7.1,2015
"Mutoko",2015-06-30,0,13.9,19.5,8.3,2015
"Mutoko",2015-07-01,0,12.95,19.1,6.8,2015
"Mutoko",2015-07-02,0,12.6,19,6.2,2015
"Mutoko",2015-07-03,0,14.9,18.7,11.1,2015
"Mutoko",2015-07-04,0,15,19.6,10.4,2015
"Mutoko",2015-07-05,0,15.05,20.7,9.4,2015
"Mutoko",2015-07-06,0,14.7,21.6,7.8,2015
"Mutoko",2015-07-07,0,14.6,20.8,8.4,2015
"Mutoko",2015-07-08,0,14.8,21.2,8.4,2015
"Mutoko",2015-07-09,0,15,21.2,8.8,2015
"Mutoko",2015-07-10,0,15,21.2,8.8,2015
"Mutoko",2015-07-11,0,15.05,20.7,9.4,2015
"Mutoko",2015-07-12,0,14.6,20.4,8.8,2015
"Mutoko",2015-07-13,0,14.45,20.6,8.3,2015
"Mutoko",2015-07-14,0,14.3,20.5,8.1,2015
"Mutoko",2015-07-15,0,14.25,21.1,7.4,2015
"Mutoko",2015-07-16,0,15.7,21.6,9.8,2015
"Mutoko",2015-07-17,0,16.4,23.4,9.4,2015
"Mutoko",2015-07-18,0,15.45,21.3,9.6,2015
"Mutoko",2015-07-19,0,15.55,23.2,7.9,2015
"Mutoko",2015-07-20,0,16.45,22.6,10.3,2015
"Mutoko",2015-07-21,0,14.85,21.3,8.4,2015
"Mutoko",2015-07-22,0,14.15,20.4,7.9,2015
"Mutoko",2015-07-23,0,15.9,19.9,11.9,2015
"Mutoko",2015-07-24,0,15.1,20.8,9.4,2015
"Mutoko",2015-07-25,0,15.15,21.9,8.4,2015
"Mutoko",2015-07-26,0,17.15,24.4,9.9,2015
"Mutoko",2015-07-27,0,15.85,22.3,9.4,2015
"Mutoko",2015-07-28,0,14.75,21.2,8.3,2015
"Mutoko",2015-07-29,0,13.75,17.1,10.4,2015
"Mutoko",2015-07-30,0,12.65,19.4,5.9,2015
"Mutoko",2015-07-31,0,12.8,18.4,7.2,2015
"Mutoko",2015-08-01,0,15.65,20.6,10.7,2015
"Mutoko",2015-08-02,0,12.95,19.3,6.6,2015
"Mutoko",2015-08-03,0,13.6,20.4,6.8,2015
"Mutoko",2015-08-04,0,14.55,21.6,7.5,2015
"Mutoko",2015-08-05,0,17.2,23.5,10.9,2015
"Mutoko",2015-08-06,0,18.7,24.6,12.8,2015
"Mutoko",2015-08-07,0,18.4,26.1,10.7,2015
"Mutoko",2015-08-08,0,17.7,23.8,11.6,2015
"Mutoko",2015-08-09,0,16.65,20.3,13,2015
"Mutoko",2015-08-10,0,16.4,23.3,9.5,2015
"Mutoko",2015-08-11,0,18.4,26.1,10.7,2015
"Mutoko",2015-08-12,0,18.3,23.9,12.7,2015
"Mutoko",2015-08-13,0,16.05,22.4,9.7,2015
"Mutoko",2015-08-14,0,17.3,22.3,12.3,2015
"Mutoko",2015-08-15,0,15.6,21.6,9.6,2015
"Mutoko",2015-08-16,0,15.7,22.3,9.1,2015
"Mutoko",2015-08-17,0,16.8,22.4,11.2,2015
"Mutoko",2015-08-18,0,17.65,24.1,11.2,2015
"Mutoko",2015-08-19,0,18.7,25.6,11.8,2015
"Mutoko",2015-08-20,0,19.35,25.7,13,2015
"Mutoko",2015-08-21,0,18,23.1,12.9,2015
"Mutoko",2015-08-22,0,17.7,22.9,12.5,2015
"Mutoko",2015-08-23,0,17.85,24.6,11.1,2015
"Mutoko",2015-08-24,0,19.95,27.4,12.5,2015
"Mutoko",2015-08-25,0,21.9,30.6,13.2,2015
"Mutoko",2015-08-26,0,21.9,29,14.8,2015
"Mutoko",2015-08-27,0,22.3,30.1,14.5,2015
"Mutoko",2015-08-28,0,20.75,25.7,15.8,2015
"Mutoko",2015-08-29,0,18.2,25.2,11.2,2015
"Mutoko",2015-08-30,0,17.5,24.3,10.7,2015
"Mutoko",2015-08-31,0,18.2,25.7,10.7,2015
"Mutoko",2015-09-01,0,18.65,25.7,11.6,2015
"Mutoko",2015-09-02,0,21.05,27.2,14.9,2015
"Mutoko",2015-09-03,0,21.25,26.4,16.1,2015
"Mutoko",2015-09-04,19.1,20.55,25.4,15.7,2015
"Mutoko",2015-09-05,0,19,25.7,12.3,2015
"Mutoko",2015-09-06,0,17.8,23.3,12.3,2015
"Mutoko",2015-09-07,0,18.7,25.7,11.7,2015
"Mutoko",2015-09-08,0,19.35,26.2,12.5,2015
"Mutoko",2015-09-09,0,19.7,26.1,13.3,2015
"Mutoko",2015-09-10,0,21.45,28.3,14.6,2015
"Mutoko",2015-09-11,0,22.8,29.6,16,2015
"Mutoko",2015-09-12,0,25.05,31.2,18.9,2015
"Mutoko",2015-09-13,0,25,32.3,17.7,2015
"Mutoko",2015-09-14,0,22.6,26.9,18.3,2015
"Mutoko",2015-09-15,0,22.05,29,15.1,2015
"Mutoko",2015-09-16,5.8,22.25,28.2,16.3,2015
"Mutoko",2015-09-17,6.1,15.1,17.9,12.3,2015
"Mutoko",2015-09-18,0,13.2,15.7,10.7,2015
"Mutoko",2015-09-19,0,12.75,18.9,6.6,2015
"Mutoko",2015-09-20,0,12.6,19.6,5.6,2015
"Mutoko",2015-09-21,0,14.55,21.8,7.3,2015
"Mutoko",2015-09-22,0,17.8,23.9,11.7,2015
"Mutoko",2015-09-23,0,19.15,25.7,12.6,2015
"Mutoko",2015-09-24,0,20.6,27,14.2,2015
"Mutoko",2015-09-25,0,23.15,28.8,17.5,2015
"Mutoko",2015-09-26,0,23.75,30.3,17.2,2015
"Mutoko",2015-09-27,0,24.35,31.2,17.5,2015
"Mutoko",2015-09-28,0,25,30.6,19.4,2015
"Mutoko",2015-09-29,0,24.5,32.1,16.9,2015
"Mutoko",2015-09-30,0,24.7,32.2,17.2,2015
"Mutoko",2015-10-01,0,24.85,32.5,17.2,2015
"Mutoko",2015-10-02,0,25.55,32.8,18.3,2015
"Mutoko",2015-10-03,0,25,30.6,19.4,2015
"Mutoko",2015-10-04,0,22.05,26.8,17.3,2015
"Mutoko",2015-10-05,0,20.85,27.3,14.4,2015
"Mutoko",2015-10-06,0,20.1,26.2,14,2015
"Mutoko",2015-10-07,0,18.5,25.1,11.9,2015
"Mutoko",2015-10-08,0,19.2,26.8,11.6,2015
"Mutoko",2015-10-09,0,20.85,26.6,15.1,2015
"Mutoko",2015-10-10,0,23.55,30.7,16.4,2015
"Mutoko",2015-10-11,0,25.5,32.9,18.1,2015
"Mutoko",2015-10-12,0,26.45,32.2,20.7,2015
"Mutoko",2015-10-13,0,22.25,26.8,17.7,2015
"Mutoko",2015-10-14,0,19.95,26.4,13.5,2015
"Mutoko",2015-10-15,0,21.6,27.9,15.3,2015
"Mutoko",2015-10-16,0,23,28.7,17.3,2015
"Mutoko",2015-10-17,0,22,28.4,15.6,2015
"Mutoko",2015-10-18,0.5,18.95,20.1,17.8,2015
"Mutoko",2015-10-19,0,20.45,25.1,15.8,2015
"Mutoko",2015-10-20,0,20.9,26.9,14.9,2015
"Mutoko",2015-10-21,0,21,27.2,14.8,2015
"Mutoko",2015-10-22,0,21.2,29,13.4,2015
"Mutoko",2015-10-23,0,22.05,30.2,13.9,2015
"Mutoko",2015-10-24,0,22.05,30.7,13.4,2015
"Mutoko",2015-10-25,0,24.85,31.3,18.4,2015
"Mutoko",2015-10-26,0,23.6,28.3,18.9,2015
"Mutoko",2015-10-27,0,22.25,28.4,16.1,2015
"Mutoko",2015-10-28,0,24.3,30.7,17.9,2015
"Mutoko",2015-10-29,0,25,28.8,21.2,2015
"Mutoko",2015-10-30,0,23.6,29.1,18.1,2015
"Mutoko",2015-10-31,0,22.95,28.6,17.3,2015
"Mutoko",2015-11-01,0,23.6,29.4,17.8,2015
"Mutoko",2015-11-02,0,24.45,30.5,18.4,2015
"Mutoko",2015-11-03,0.8,24.55,30.2,18.9,2015
"Mutoko",2015-11-04,23.1,23.4,27.8,19,2015
"Mutoko",2015-11-05,4.1,18.3,20.8,15.8,2015
"Mutoko",2015-11-06,0.8,20.7,25.7,15.7,2015
"Mutoko",2015-11-07,42.4,21.8,27.4,16.2,2015
"Mutoko",2015-11-08,4.6,20.8,25.2,16.4,2015
"Mutoko",2015-11-09,34.5,19.95,23,16.9,2015
"Mutoko",2015-11-10,0.8,19.75,23.1,16.4,2015
"Mutoko",2015-11-11,0.8,19.55,22.9,16.2,2015
"Mutoko",2015-11-12,0,17.7,20.8,14.6,2015
"Mutoko",2015-11-13,0,17,21.1,12.9,2015
"Mutoko",2015-11-14,0,16.95,21.6,12.3,2015
"Mutoko",2015-11-15,0,16.9,22.6,11.2,2015
"Mutoko",2015-11-16,0,17.4,23.1,11.7,2015
"Mutoko",2015-11-17,0,19.65,26.2,13.1,2015
"Mutoko",2015-11-18,0,22.05,29.2,14.9,2015
"Mutoko",2015-11-19,0,23.5,30.2,16.8,2015
"Mutoko",2015-11-20,0,25,31.3,18.7,2015
"Mutoko",2015-11-21,0,25.85,32.2,19.5,2015
"Mutoko",2015-11-22,1.5,25.05,29.4,20.7,2015
"Mutoko",2015-11-23,0,21.65,26.3,17,2015
"Mutoko",2015-11-24,0,21,26.2,15.8,2015
"Mutoko",2015-11-25,0,22.3,28.4,16.2,2015
"Mutoko",2015-11-26,7.1,22.1,26.8,17.4,2015
"Mutoko",2015-11-27,0.3,21.45,25.7,17.2,2015
"Mutoko",2015-11-28,0,22.85,28.8,16.9,2015
"Mutoko",2015-11-29,0,21.75,27.3,16.2,2015
"Mutoko",2015-11-30,0,21.45,27.3,15.6,2015
"Mutoko",2015-12-01,0,22.45,29.8,15.1,2015
"Mutoko",2015-12-02,0,24.3,30.7,17.9,2015
"Mutoko",2015-12-03,0.3,22.9,28,17.8,2015
"Mutoko",2015-12-04,0,20.7,25.6,15.8,2015
"Mutoko",2015-12-05,0,21.65,27.2,16.1,2015
"Mutoko",2015-12-06,13.5,22.15,27.6,16.7,2015
"Mutoko",2015-12-07,3,21.65,25.6,17.7,2015
"Mutoko",2015-12-08,0,21.45,25.8,17.1,2015
"Mutoko",2015-12-09,0,22.5,28.1,16.9,2015
"Mutoko",2015-12-10,6.4,23.4,29,17.8,2015
"Mutoko",2015-12-11,0,19.9,25.1,14.7,2015
"Mutoko",2015-12-12,0,19.95,24.2,15.7,2015
"Mutoko",2015-12-13,0,22.25,27.9,16.6,2015
"Mutoko",2015-12-14,6.9,22.35,25.6,19.1,2015
"Mutoko",2015-12-15,0,21.35,25.4,17.3,2015
"Mutoko",2015-12-16,49.3,22.6,27.4,17.8,2015
"Mutoko",2015-12-17,13.7,21.2,25.6,16.8,2015
"Mutoko",2015-12-18,0.3,22.35,27.9,16.8,2015
"Mutoko",2015-12-19,1.3,23.4,29.4,17.4,2015
"Mutoko",2015-12-20,1,20.75,24.6,16.9,2015
"Mutoko",2015-12-21,0,18.9,23.7,14.1,2015
"Mutoko",2015-12-22,0,19.75,26.1,13.4,2015
"Mutoko",2015-12-23,0,20.7,27.3,14.1,2015
"Mutoko",2015-12-24,0,22.45,28,16.9,2015
"Mutoko",2015-12-25,0,22.5,27.1,17.9,2015
"Mutoko",2015-12-26,0,22.1,28.1,16.1,2015
"Mutoko",2015-12-27,0,23.5,29.9,17.1,2015
"Mutoko",2015-12-28,0,23.05,29.2,16.9,2015
"Mutoko",2015-12-29,0.8,24.05,30.2,17.9,2015
"Mutoko",2015-12-30,0,22.55,27.2,17.9,2015
"Mutoko",2015-12-31,0.3,23.35,27.7,19,2015
"Mutoko",2016-01-01,4.3,23.7,28.5,18.9,2016
"Mutoko",2016-01-02,1,22.5,27.3,17.7,2016
"Mutoko",2016-01-03,9.1,21.3,24.6,18,2016
"Mutoko",2016-01-04,2.8,21.2,24.6,17.8,2016
"Mutoko",2016-01-05,2.8,21.95,25.7,18.2,2016
"Mutoko",2016-01-06,2.5,20.9,24.1,17.7,2016
"Mutoko",2016-01-07,28.4,21.25,24.4,18.1,2016
"Mutoko",2016-01-08,0,21.35,25.1,17.6,2016
"Mutoko",2016-01-09,20.3,21.35,24.6,18.1,2016
"Mutoko",2016-01-10,2.5,19.5,21.7,17.3,2016
"Mutoko",2016-01-11,31.8,19.95,21.8,18.1,2016
"Mutoko",2016-01-12,15.7,20,23.6,16.4,2016
"Mutoko",2016-01-13,26.2,19.35,21.8,16.9,2016
"Mutoko",2016-01-14,13.7,20.6,23.4,17.8,2016
"Mutoko",2016-01-15,17.5,20.4,23,17.8,2016
"Mutoko",2016-01-16,0,21.1,26,16.2,2016
"Mutoko",2016-01-17,2.5,22.25,27.3,17.2,2016
"Mutoko",2016-01-18,0,22.35,27.4,17.3,2016
"Mutoko",2016-01-19,0,22.8,28.8,16.8,2016
"Mutoko",2016-01-20,43.2,25.05,31.1,19,2016
"Mutoko",2016-01-21,0,21.5,26.8,16.2,2016
"Mutoko",2016-01-22,3.6,23.6,28.4,18.8,2016
"Mutoko",2016-01-23,1.3,23,27.1,18.9,2016
"Mutoko",2016-01-24,17.8,21.9,24.9,18.9,2016
"Mutoko",2016-01-25,4.1,20.5,23.3,17.7,2016
"Mutoko",2016-01-26,0,21.3,25.4,17.2,2016
"Mutoko",2016-01-27,0,21.8,26.2,17.4,2016
"Mutoko",2016-01-28,0,22.1,25.9,18.3,2016
"Mutoko",2016-01-29,0,22.05,26.7,17.4,2016
"Mutoko",2016-01-30,8.4,22.4,26.9,17.9,2016
"Mutoko",2016-01-31,6.4,21.25,24.1,18.4,2016
"Mutoko",2016-02-01,0.5,20.3,24.4,16.2,2016
"Mutoko",2016-02-02,0.8,21.65,25.9,17.4,2016
"Mutoko",2016-02-03,0,22.05,26.8,17.3,2016
"Mutoko",2016-02-04,59.7,21.5,23.4,19.6,2016
"Mutoko",2016-02-05,5.1,19.9,22.5,17.3,2016
"Mutoko",2016-02-06,0,20.65,23.9,17.4,2016
"Mutoko",2016-02-07,0.8,21.85,26.4,17.3,2016
"Mutoko",2016-02-08,4.1,23.7,28.5,18.9,2016
"Mutoko",2016-02-09,0,22.35,27.3,17.4,2016
"Mutoko",2016-02-10,0,22.6,27.3,17.9,2016
"Mutoko",2016-02-11,7.9,22.05,25.9,18.2,2016
"Mutoko",2016-02-12,1.5,20.95,25.1,16.8,2016
"Mutoko",2016-02-13,0,22.15,27,17.3,2016
"Mutoko",2016-02-14,0,23,27.7,18.3,2016
"Mutoko",2016-02-15,10.7,22.85,28.4,17.3,2016
"Mutoko",2016-02-16,3.8,22,26.8,17.2,2016
"Mutoko",2016-02-17,11.9,22.1,26.9,17.3,2016
"Mutoko",2016-02-18,7.4,22.5,28.1,16.9,2016
"Mutoko",2016-02-19,2.8,21.5,25.8,17.2,2016
"Mutoko",2016-02-20,23.1,22.6,28,17.2,2016
"Mutoko",2016-02-21,4.6,21.7,25.6,17.8,2016
"Mutoko",2016-02-22,1.8,21.05,24.7,17.4,2016
"Mutoko",2016-02-23,0,19.95,25.3,14.6,2016
"Mutoko",2016-02-24,0,20.6,26.1,15.1,2016
"Mutoko",2016-02-25,1,22.5,27.5,17.5,2016
"Mutoko",2016-02-26,0.5,23.2,27.3,19.1,2016
"Mutoko",2016-02-27,0,23.05,27.8,18.3,2016
"Mutoko",2016-02-28,6.9,22.85,27.9,17.8,2016
"Mutoko",2016-03-01,0.3,22,26.4,17.6,2016
"Mutoko",2016-03-02,28.7,21.75,25.6,17.9,2016
"Mutoko",2016-03-03,24.6,21.1,25,17.2,2016
"Mutoko",2016-03-04,0,19.45,23.2,15.7,2016
"Mutoko",2016-03-05,0,18.7,21.2,16.2,2016
"Mutoko",2016-03-06,1.5,17.35,20.1,14.6,2016
"Mutoko",2016-03-07,5.1,18.15,21.8,14.5,2016
"Mutoko",2016-03-08,0.5,18.75,22.8,14.7,2016
"Mutoko",2016-03-09,0,18.95,24.6,13.3,2016
"Mutoko",2016-03-10,0,18.85,24.2,13.5,2016
"Mutoko",2016-03-11,0,19.3,24.6,14,2016
"Mutoko",2016-03-12,0.5,20.65,24.6,16.7,2016
"Mutoko",2016-03-13,0,19.35,23.8,14.9,2016
"Mutoko",2016-03-14,0,20.25,25.6,14.9,2016
"Mutoko",2016-03-15,0,20,25.1,14.9,2016
"Mutoko",2016-03-16,0,20.65,25.1,16.2,2016
"Mutoko",2016-03-17,0,20.4,25.1,15.7,2016
"Mutoko",2016-03-18,22.4,21.8,27.8,15.8,2016
"Mutoko",2016-03-19,124,21.55,26.8,16.3,2016
"Mutoko",2016-03-20,0,20.3,24.4,16.2,2016
"Mutoko",2016-03-21,0,21.7,25.1,18.3,2016
"Mutoko",2016-03-22,0,21.4,25.9,16.9,2016
"Mutoko",2016-03-23,31.5,22.95,27,18.9,2016
"Mutoko",2016-03-24,0,22.4,26.9,17.9,2016
"Mutoko",2016-03-25,0,21.55,26.8,16.3,2016
"Mutoko",2016-03-26,0,20.75,26.3,15.2,2016
"Mutoko",2016-03-27,0,19.5,23.9,15.1,2016
"Mutoko",2016-03-28,0,20.35,25.5,15.2,2016
"Mutoko",2016-03-29,0,21.65,27.6,15.7,2016
"Mutoko",2016-03-30,0,22.35,26.8,17.9,2016
"Mutoko",2016-03-31,0,20.15,25.1,15.2,2016
"Mutoko",2016-04-01,0,19.8,24.1,15.5,2016
"Mutoko",2016-04-02,0,20.15,25.1,15.2,2016
"Mutoko",2016-04-03,11.4,21.5,26.2,16.8,2016
"Mutoko",2016-04-04,0.5,20.2,23.1,17.3,2016
"Mutoko",2016-04-05,0,19.7,22.3,17.1,2016
"Mutoko",2016-04-06,0.5,19.3,23.3,15.3,2016
"Mutoko",2016-04-07,0,20.2,24.9,15.5,2016
"Mutoko",2016-04-08,0,22.05,27.4,16.7,2016
"Mutoko",2016-04-09,0,21.6,26.4,16.8,2016
"Mutoko",2016-04-10,0,22.3,28.3,16.3,2016
"Mutoko",2016-04-11,0,22.6,28.4,16.8,2016
"Mutoko",2016-04-12,0,22.2,27.1,17.3,2016
"Mutoko",2016-04-13,3.3,23.4,30.1,16.7,2016
"Mutoko",2016-04-14,8.9,22.4,27.9,16.9,2016
"Mutoko",2016-04-15,0,20.65,25.1,16.2,2016
"Mutoko",2016-04-16,0,20.05,25.1,15,2016
"Mutoko",2016-04-17,0,19.85,25.6,14.1,2016
"Mutoko",2016-04-18,0,20.55,26.1,15,2016
"Mutoko",2016-04-19,0,21.95,28.3,15.6,2016
"Mutoko",2016-04-20,0.3,21.75,26.5,17,2016
"Mutoko",2016-04-21,0,19.8,23.8,15.8,2016
"Mutoko",2016-04-22,0,16.45,22.3,10.6,2016
"Mutoko",2016-04-23,0,18.6,23.9,13.3,2016
"Mutoko",2016-04-24,0,17.55,24,11.1,2016
"Mutoko",2016-04-25,0,17.2,23.3,11.1,2016
"Mutoko",2016-04-26,0,16.2,22.9,9.5,2016
"Mutoko",2016-04-27,0,17.6,23.9,11.3,2016
"Mutoko",2016-04-28,0,18.9,23.5,14.3,2016
"Mutoko",2016-04-29,0,16.95,23.2,10.7,2016
"Mutoko",2016-04-30,0,18.05,24,12.1,2016
"Mutoko",2016-05-01,0,18.4,24.5,12.3,2016
"Mutoko",2016-05-02,0,18.4,24.7,12.1,2016
"Mutoko",2016-05-03,0,18.1,24.6,11.6,2016
"Mutoko",2016-05-04,0,17.7,24.2,11.2,2016
"Mutoko",2016-05-05,0,18.55,24.6,12.5,2016
"Mutoko",2016-05-06,0,17.45,23.1,11.8,2016
"Mutoko",2016-05-07,0,17.25,23.4,11.1,2016
"Mutoko",2016-05-08,0,16.7,22.8,10.6,2016
"Mutoko",2016-05-09,0,16.1,22.3,9.9,2016
"Mutoko",2016-05-10,0,15.15,20.6,9.7,2016
"Mutoko",2016-05-11,0,15.9,21.2,10.6,2016
"Mutoko",2016-05-12,0,17.6,23,12.2,2016
"Mutoko",2016-05-13,0,17.25,23.3,11.2,2016
"Mutoko",2016-05-14,0,17.35,21.1,13.6,2016
"Mutoko",2016-05-15,0,17.85,24.3,11.4,2016
"Mutoko",2016-05-16,0,18.1,22.9,13.3,2016
"Mutoko",2016-05-17,0,17.6,24.6,10.6,2016
"Mutoko",2016-05-18,0,17.75,24.8,10.7,2016
"Mutoko",2016-05-19,0,18.45,25.7,11.2,2016
"Mutoko",2016-05-20,0,18.7,25.1,12.3,2016
"Mutoko",2016-05-21,0,20.25,26.8,13.7,2016
"Mutoko",2016-05-22,1.3,18.5,23.7,13.3,2016
"Mutoko",2016-05-23,0,16.15,20.7,11.6,2016
"Mutoko",2016-05-24,0,14.3,20.7,7.9,2016
"Mutoko",2016-05-25,0,15,21.6,8.4,2016
"Mutoko",2016-05-26,0,16.2,22.3,10.1,2016
"Mutoko",2016-05-27,0,16.7,23.2,10.2,2016
"Mutoko",2016-05-28,0,13.95,21.1,6.8,2016
"Mutoko",2016-05-29,0,14.25,20.7,7.8,2016
"Mutoko",2016-05-30,0,14.9,19.5,10.3,2016
"Mutoko",2016-05-31,0,13.75,19.6,7.9,2016
"Mutoko",2016-06-01,0,13.6,21.2,6,2016
"Mutoko",2016-06-02,0,15.4,21.2,9.6,2016
"Mutoko",2016-06-03,0,13.7,20,7.4,2016
"Mutoko",2016-06-04,0,15.2,20.7,9.7,2016
"Mutoko",2016-06-05,0,14.85,21.3,8.4,2016
"Mutoko",2016-06-06,0,15.35,22.3,8.4,2016
"Mutoko",2016-06-07,0.3,13.4,19.2,7.6,2016
"Mutoko",2016-06-08,0,12.2,18.7,5.7,2016
"Mutoko",2016-06-09,0,13,19.2,6.8,2016
"Mutoko",2016-06-10,0,12.9,18.9,6.9,2016
"Mutoko",2016-06-11,0,12.65,20.1,5.2,2016
"Mutoko",2016-06-12,0,13.35,20,6.7,2016
"Mutoko",2016-06-13,0,12.05,19.4,4.7,2016
"Mutoko",2016-06-14,0,12.55,19.5,5.6,2016
"Mutoko",2016-06-15,0,14.65,21.6,7.7,2016
"Mutoko",2016-06-16,0,13.8,19.6,8,2016
"Mutoko",2016-06-17,0,12.9,19.6,6.2,2016
"Mutoko",2016-06-18,0,14.4,21.3,7.5,2016
"Mutoko",2016-06-19,0,14.4,20.9,7.9,2016
"Mutoko",2016-06-20,0,15.4,21.9,8.9,2016
"Mutoko",2016-06-21,0,15.95,21.1,10.8,2016
"Mutoko",2016-06-22,0,15.65,21.2,10.1,2016
"Mutoko",2016-06-23,0,15.95,20.8,11.1,2016
"Mutoko",2016-06-24,0,16.45,22.6,10.3,2016
"Mutoko",2016-06-25,0,16.35,22.8,9.9,2016
"Mutoko",2016-06-26,0,15.8,22.7,8.9,2016
"Mutoko",2016-06-27,0,16.35,23.1,9.6,2016
"Mutoko",2016-06-28,0,17.05,25.7,8.4,2016
"Mutoko",2016-06-29,0,17.05,23.3,10.8,2016
"Mutoko",2016-06-30,0,14.65,22.6,6.7,2016
"Mutoko",2016-07-01,0,15.6,22.6,8.6,2016
"Mutoko",2016-07-02,0,16.15,23.3,9,2016
"Mutoko",2016-07-03,0,15.3,20.1,10.5,2016
"Mutoko",2016-07-04,0,12.85,18.4,7.3,2016
"Mutoko",2016-07-05,0,11.9,17.9,5.9,2016
"Mutoko",2016-07-06,0,11.95,18.4,5.5,2016
"Mutoko",2016-07-07,0,12.3,19.3,5.3,2016
"Mutoko",2016-07-08,0,12.25,19.6,4.9,2016
"Mutoko",2016-07-09,0,12.35,19.1,5.6,2016
"Mutoko",2016-07-10,0,12.8,18.6,7,2016
"Mutoko",2016-07-11,0,13.85,20.4,7.3,2016
"Mutoko",2016-07-12,0,14.45,21.4,7.5,2016
"Mutoko",2016-07-13,0,13.1,18.9,7.3,2016
"Mutoko",2016-07-14,0,13.5,18.2,8.8,2016
"Mutoko",2016-07-15,0,13.3,19.1,7.5,2016
"Mutoko",2016-07-16,0,14.4,21.5,7.3,2016
"Mutoko",2016-07-17,0,16.55,22.9,10.2,2016
"Mutoko",2016-07-18,0,15.3,20.7,9.9,2016
"Mutoko",2016-07-19,0,13.25,18.9,7.6,2016
"Mutoko",2016-07-20,0,11.5,17.9,5.1,2016
"Mutoko",2016-07-21,0,11,17.4,4.6,2016
"Mutoko",2016-07-22,0,10.3,16.1,4.5,2016
"Mutoko",2016-07-23,0,11.15,16.7,5.6,2016
"Mutoko",2016-07-24,0,12.1,17.9,6.3,2016
"Mutoko",2016-07-25,0,12.3,18.7,5.9,2016
"Mutoko",2016-07-26,0,12.6,19.9,5.3,2016
"Mutoko",2016-07-27,0,14.05,21.5,6.6,2016
"Mutoko",2016-07-28,0,16.6,23.9,9.3,2016
"Mutoko",2016-07-29,0,18,25.7,10.3,2016
"Mutoko",2016-07-30,0,15.35,21.1,9.6,2016
"Mutoko",2016-07-31,0,11.9,18.6,5.2,2016
"Mutoko",2016-08-01,0,12,18,6,2016
"Mutoko",2016-08-02,0,13.4,20.7,6.1,2016
"Mutoko",2016-08-03,0,14.75,22.3,7.2,2016
"Mutoko",2016-08-04,0,13.95,21.5,6.4,2016
"Mutoko",2016-08-05,0,12.95,19.9,6,2016
"Mutoko",2016-08-06,0,14.8,22.9,6.7,2016
"Mutoko",2016-08-07,0,16.3,23.6,9,2016
"Mutoko",2016-08-08,0,18.8,26.3,11.3,2016
"Mutoko",2016-08-09,0,17.35,22.3,12.4,2016
"Mutoko",2016-08-10,0,14.95,19.9,10,2016
"Mutoko",2016-08-11,0,14.3,20.7,7.9,2016
"Mutoko",2016-08-12,0,14.25,21.7,6.8,2016
"Mutoko",2016-08-13,0,16.05,23.1,9,2016
"Mutoko",2016-08-14,0,16.55,23.4,9.7,2016
"Mutoko",2016-08-15,0,17.5,22.7,12.3,2016
"Mutoko",2016-08-16,0,17.6,21.8,13.4,2016
"Mutoko",2016-08-17,0,17.2,23.7,10.7,2016
"Mutoko",2016-08-18,0,19.45,27.4,11.5,2016
"Mutoko",2016-08-19,0,18.6,23.6,13.6,2016
"Mutoko",2016-08-20,0,15.95,21.4,10.5,2016
"Mutoko",2016-08-21,0,15.95,20.2,11.7,2016
"Mutoko",2016-08-22,0,15.55,22.5,8.6,2016
"Mutoko",2016-08-23,0,17.8,24.4,11.2,2016
"Mutoko",2016-08-24,0,18.95,25.1,12.8,2016
"Mutoko",2016-08-25,0,19.8,26.2,13.4,2016
"Mutoko",2016-08-26,0,20.85,26.8,14.9,2016
"Mutoko",2016-08-27,0,19.85,26.1,13.6,2016
"Mutoko",2016-08-28,0,19.7,25.8,13.6,2016
"Mutoko",2016-08-29,0,20.45,26.2,14.7,2016
"Mutoko",2016-08-30,0,17.45,19.7,15.2,2016
"Mutoko",2016-08-31,0,14.7,20.7,8.7,2016
"Mutoko",2016-09-01,0,12.65,19.6,5.7,2016
"Mutoko",2016-09-02,0,12.35,18.5,6.2,2016
"Mutoko",2016-09-03,0,13.65,21.2,6.1,2016
"Mutoko",2016-09-04,0,15.6,22.9,8.3,2016
"Mutoko",2016-09-05,0,17.35,24.4,10.3,2016
"Mutoko",2016-09-06,0,19.55,26.9,12.2,2016
"Mutoko",2016-09-07,0,21.5,26.9,16.1,2016
"Mutoko",2016-09-08,0,19.15,23.7,14.6,2016
"Mutoko",2016-09-09,0,17.95,24.7,11.2,2016
"Mutoko",2016-09-10,0,20.05,27.7,12.4,2016
"Mutoko",2016-09-11,0,20.35,26.4,14.3,2016
"Mutoko",2016-09-12,0,16.15,22.4,9.9,2016
"Mutoko",2016-09-13,0,18.35,25.7,11,2016
"Mutoko",2016-09-14,0,19.15,27.1,11.2,2016
"Mutoko",2016-09-15,0,21.4,28.7,14.1,2016
"Mutoko",2016-09-16,0,11.5,13.3,9.7,2016
"Mutoko",2016-09-17,0,14.85,21.5,8.2,2016
"Mutoko",2016-09-18,0,13.95,21.4,6.5,2016
"Mutoko",2016-09-19,0,14.4,22.1,6.7,2016
"Mutoko",2016-09-20,0,15.7,23.9,7.5,2016
"Mutoko",2016-09-21,0,16.4,23.9,8.9,2016
"Mutoko",2016-09-22,0,16.1,23,9.2,2016
"Mutoko",2016-09-23,0,15.65,22.9,8.4,2016
"Mutoko",2016-09-24,0,16.35,23.7,9,2016
"Mutoko",2016-09-25,0,18.85,24.8,12.9,2016
"Mutoko",2016-09-26,0,20.95,25.7,16.2,2016
"Mutoko",2016-09-27,0,19.45,26.7,12.2,2016
"Mutoko",2016-09-28,0,19.45,27.3,11.6,2016
"Mutoko",2016-09-29,0,20.35,27.1,13.6,2016
"Mutoko",2016-09-30,0,17.3,24.3,10.3,2016
"Mutoko",2016-10-01,0,18.3,23.4,13.2,2016
"Mutoko",2016-10-02,0,18,24.5,11.5,2016
"Mutoko",2016-10-03,0,20.1,25.6,14.6,2016
"Mutoko",2016-10-04,0,21.05,26.4,15.7,2016
"Mutoko",2016-10-05,0,21.8,27.4,16.2,2016
"Mutoko",2016-10-06,0,21.6,26.9,16.3,2016
"Mutoko",2016-10-07,0,21.05,26.4,15.7,2016
"Mutoko",2016-10-08,0,21.85,27.9,15.8,2016
"Mutoko",2016-10-09,0,22.35,28.1,16.6,2016
"Mutoko",2016-10-10,0,23.6,30.8,16.4,2016
"Mutoko",2016-10-11,0,23.15,30.2,16.1,2016
"Mutoko",2016-10-12,0,21.35,26.9,15.8,2016
"Mutoko",2016-10-13,0,19.3,24.6,14,2016
"Mutoko",2016-10-14,0,20.05,28.4,11.7,2016
"Mutoko",2016-10-15,0,21.15,27.9,14.4,2016
"Mutoko",2016-10-16,0,22.4,30.1,14.7,2016
"Mutoko",2016-10-17,0,24.2,30.8,17.6,2016
"Mutoko",2016-10-18,0,21.35,25.9,16.8,2016
"Mutoko",2016-10-19,0,23,29.1,16.9,2016
"Mutoko",2016-10-20,0,24.7,30.7,18.7,2016
"Mutoko",2016-10-21,0,25.7,31.1,20.3,2016
"Mutoko",2016-10-22,6.1,24,30.1,17.9,2016
"Mutoko",2016-10-23,0,23.65,29.1,18.2,2016
"Mutoko",2016-10-24,0,22.6,27.9,17.3,2016
"Mutoko",2016-10-25,0,21.75,27.3,16.2,2016
"Mutoko",2016-10-26,0,22.35,27.8,16.9,2016
"Mutoko",2016-10-27,0,21.85,28.3,15.4,2016
"Mutoko",2016-10-28,0,22.95,30.7,15.2,2016
"Mutoko",2016-10-29,0,22.4,29.7,15.1,2016
"Mutoko",2016-10-30,0,23.1,30.6,15.6,2016
"Mutoko",2016-10-31,0,25.5,32.8,18.2,2016
"Mutoko",2016-11-01,0,25.3,31,19.6,2016
"Mutoko",2016-11-02,0,22.75,28.6,16.9,2016
"Mutoko",2016-11-03,0,23.05,28.8,17.3,2016
"Mutoko",2016-11-04,0,24.4,30.7,18.1,2016
"Mutoko",2016-11-05,0,25.4,31.2,19.6,2016
"Mutoko",2016-11-06,0,23.85,30.6,17.1,2016
"Mutoko",2016-11-07,0.5,25.35,31.3,19.4,2016
"Mutoko",2016-11-08,0,25.1,30.9,19.3,2016
"Mutoko",2016-11-09,0,24.75,30.3,19.2,2016
"Mutoko",2016-11-10,0,22.9,29.4,16.4,2016
"Mutoko",2016-11-11,0,24.9,29.8,20,2016
"Mutoko",2016-11-12,0,23.15,29,17.3,2016
"Mutoko",2016-11-13,0,24.15,30.2,18.1,2016
"Mutoko",2016-11-14,0,25.5,31.3,19.7,2016
"Mutoko",2016-11-15,0,23.3,28.7,17.9,2016
"Mutoko",2016-11-16,0,20.75,25.8,15.7,2016
"Mutoko",2016-11-17,0,21.55,26.8,16.3,2016
"Mutoko",2016-11-18,0,22.75,30.3,15.2,2016
"Mutoko",2016-11-19,0,23.75,30.8,16.7,2016
"Mutoko",2016-11-20,0,24.8,32.3,17.3,2016
"Mutoko",2016-11-21,0,26.2,32.9,19.5,2016
"Mutoko",2016-11-22,11.7,24.1,27.9,20.3,2016
"Mutoko",2016-11-23,4.8,17.75,19.1,16.4,2016
"Mutoko",2016-11-24,0,19.1,21.7,16.5,2016
"Mutoko",2016-11-25,0,20.8,24.2,17.4,2016
"Mutoko",2016-11-26,0,22.3,27.4,17.2,2016
"Mutoko",2016-11-27,36.8,23.2,29.2,17.2,2016
"Mutoko",2016-11-28,0.3,21.45,26.7,16.2,2016
"Mutoko",2016-11-29,0,21.3,24.8,17.8,2016
"Mutoko",2016-11-30,1,22.8,27.3,18.3,2016
"Mutoko",2016-12-01,18.5,21.65,25.9,17.4,2016
"Mutoko",2016-12-02,0,22.05,26.3,17.8,2016
"Mutoko",2016-12-03,0.3,22.3,26.2,18.4,2016
"Mutoko",2016-12-04,0,22.65,27.3,18,2016
"Mutoko",2016-12-05,0,23,27.8,18.2,2016
"Mutoko",2016-12-06,0,21.75,26.8,16.7,2016
"Mutoko",2016-12-07,0,20.25,25.6,14.9,2016
"Mutoko",2016-12-08,0,21.45,26.8,16.1,2016
"Mutoko",2016-12-09,7.1,22.65,28.5,16.8,2016
"Mutoko",2016-12-10,0,22.8,26.2,19.4,2016
"Mutoko",2016-12-11,0,20.8,24.9,16.7,2016
"Mutoko",2016-12-12,0,20.8,26.2,15.4,2016
"Mutoko",2016-12-13,0,23.6,30.3,16.9,2016
"Mutoko",2016-12-14,0,25.1,29.6,20.6,2016
"Mutoko",2016-12-15,0,23.9,28.4,19.4,2016
"Mutoko",2016-12-16,0,23.85,28.9,18.8,2016
"Mutoko",2016-12-17,3.3,23.7,27.3,20.1,2016
"Mutoko",2016-12-18,0.5,20.55,23.7,17.4,2016
"Mutoko",2016-12-19,0,19.8,22.7,16.9,2016
"Mutoko",2016-12-20,0.3,20.25,24.6,15.9,2016
"Mutoko",2016-12-21,15.2,22.8,27.7,17.9,2016
"Mutoko",2016-12-22,3.8,21.45,25.1,17.8,2016
"Mutoko",2016-12-23,10.2,21.4,24.6,18.2,2016
"Mutoko",2016-12-24,1.5,20.1,23.9,16.3,2016
"Mutoko",2016-12-25,0,21.3,26.2,16.4,2016
"Mutoko",2016-12-26,0,22,27.3,16.7,2016
"Mutoko",2016-12-27,0,22.2,28.8,15.6,2016
"Mutoko",2016-12-28,0,20.2,26.7,13.7,2016
"Mutoko",2016-12-29,0,21.9,28.7,15.1,2016
"Mutoko",2016-12-30,0,22.85,30.5,15.2,2016
"Mutoko",2016-12-31,0,24.55,30.7,18.4,2016
"Mutoko",2017-01-01,12.2,24.45,30.5,18.4,2017
"Mutoko",2017-01-02,0,21.15,25.9,16.4,2017
"Mutoko",2017-01-03,0,21.3,26.8,15.8,2017
"Mutoko",2017-01-04,10.4,22.2,27.7,16.7,2017
"Mutoko",2017-01-05,0,22.6,27.4,17.8,2017
"Mutoko",2017-01-06,0,23,28.1,17.9,2017
"Mutoko",2017-01-07,0,22.6,27.3,17.9,2017
"Mutoko",2017-01-08,0,23.3,28.7,17.9,2017
"Mutoko",2017-01-09,0,23.65,28.9,18.4,2017
"Mutoko",2017-01-10,16.3,24.9,30.6,19.2,2017
"Mutoko",2017-01-11,44.2,22.85,26.7,19,2017
"Mutoko",2017-01-12,0,21.25,25.6,16.9,2017
"Mutoko",2017-01-13,16,22.6,26.8,18.4,2017
"Mutoko",2017-01-14,27.2,22.3,26.8,17.8,2017
"Mutoko",2017-01-15,9.7,20.8,23.7,17.9,2017
"Mutoko",2017-01-16,36.1,21.55,25.6,17.5,2017
"Mutoko",2017-01-17,4.8,20.65,24.4,16.9,2017
"Mutoko",2017-01-18,1,19.2,22.7,15.7,2017
"Mutoko",2017-01-19,0.5,18.7,21.7,15.7,2017
"Mutoko",2017-01-20,0,20.4,26.3,14.5,2017
"Mutoko",2017-01-21,0,21.35,28.4,14.3,2017
"Mutoko",2017-01-22,35.6,23.2,29.4,17,2017
"Mutoko",2017-01-23,13.7,21.5,25.7,17.3,2017
"Mutoko",2017-01-24,0,21.25,26.3,16.2,2017
"Mutoko",2017-01-25,0,23.4,28.4,18.4,2017
"Mutoko",2017-01-26,0,22.7,27.5,17.9,2017
"Mutoko",2017-01-27,0,21.4,26.4,16.4,2017
"Mutoko",2017-01-28,0,22.25,26.7,17.8,2017
"Mutoko",2017-01-29,0,20.7,26.2,15.2,2017
"Mutoko",2017-01-30,0,21.45,27.3,15.6,2017
"Mutoko",2017-01-31,0,22.5,27.8,17.2,2017
"Mutoko",2017-02-01,0,23.55,29.7,17.4,2017
"Mutoko",2017-02-02,4.6,22.5,26.4,18.6,2017
"Mutoko",2017-02-03,0,22.05,26.9,17.2,2017
"Mutoko",2017-02-04,14.7,22.3,27.3,17.3,2017
"Mutoko",2017-02-05,0,23.85,28.6,19.1,2017
"Mutoko",2017-02-06,15.5,23.6,28.8,18.4,2017
"Mutoko",2017-02-07,5.8,21.1,25.3,16.9,2017
"Mutoko",2017-02-08,1.3,21.8,25.7,17.9,2017
"Mutoko",2017-02-09,9.9,22.15,26.6,17.7,2017
"Mutoko",2017-02-10,52.3,20.8,25.3,16.3,2017
"Mutoko",2017-02-11,24.6,21.25,24.7,17.8,2017
"Mutoko",2017-02-12,0.8,20.65,24.1,17.2,2017
"Mutoko",2017-02-13,0,20.05,22.9,17.2,2017
"Mutoko",2017-02-14,19.6,20.7,24.1,17.3,2017
"Mutoko",2017-02-15,0,21.65,26,17.3,2017
"Mutoko",2017-02-16,0,22.5,27.5,17.5,2017
"Mutoko",2017-02-17,0,22.45,26.8,18.1,2017
"Mutoko",2017-02-18,0,22.95,27.5,18.4,2017
"Mutoko",2017-02-19,0,23.4,29.1,17.7,2017
"Mutoko",2017-02-20,0,24.2,30.5,17.9,2017
"Mutoko",2017-02-21,0,24.15,28.7,19.6,2017
"Mutoko",2017-02-22,0,22.8,28.4,17.2,2017
"Mutoko",2017-02-23,3.8,22.75,27.7,17.8,2017
"Mutoko",2017-02-24,10.2,22.05,26,18.1,2017
"Mutoko",2017-02-25,0,21.55,25.7,17.4,2017
"Mutoko",2017-02-26,0,21.15,26.8,15.5,2017
"Mutoko",2017-02-27,0,20.85,26.2,15.5,2017
"Mutoko",2017-02-28,0,20.95,26.6,15.3,2017
"Mutoko",2017-03-01,0,22.3,28.4,16.2,2017
"Mutoko",2017-03-02,0,22.95,29.7,16.2,2017
"Mutoko",2017-03-03,0,22.65,27.7,17.6,2017
"Mutoko",2017-03-04,0,21.65,27.1,16.2,2017
"Mutoko",2017-03-05,0.5,21.55,26.8,16.3,2017
"Mutoko",2017-03-06,0,21.55,26.2,16.9,2017
"Mutoko",2017-03-07,2,22.3,28.9,15.7,2017
"Mutoko",2017-03-08,3.6,21.4,27.1,15.7,2017
"Mutoko",2017-03-09,9.1,20.85,25.1,16.6,2017
"Mutoko",2017-03-10,0.3,19.65,23.4,15.9,2017
"Mutoko",2017-03-11,0,19.8,24.6,15,2017
"Mutoko",2017-03-12,0,20.4,25.7,15.1,2017
"Mutoko",2017-03-13,0,20.65,26.6,14.7,2017
"Mutoko",2017-03-14,0,22.7,27.7,17.7,2017
"Mutoko",2017-03-15,0,21.45,27.8,15.1,2017
"Mutoko",2017-03-16,0,21.3,27.3,15.3,2017
"Mutoko",2017-03-17,0,22.45,27.2,17.7,2017
"Mutoko",2017-03-18,0,21.95,27.6,16.3,2017
"Mutoko",2017-03-19,0,22.15,27.6,16.7,2017
"Mutoko",2017-03-20,0,18.9,24.3,13.5,2017
"Mutoko",2017-03-21,0,18.15,23.6,12.7,2017
"Mutoko",2017-03-22,0,17.85,23.4,12.3,2017
"Mutoko",2017-03-23,0,19.2,25.1,13.3,2017
"Mutoko",2017-03-24,0,20,26.2,13.8,2017
"Mutoko",2017-03-25,0,19.2,25.7,12.7,2017
"Mutoko",2017-03-26,0,19.65,26.2,13.1,2017
"Mutoko",2017-03-27,0,20.75,26.8,14.7,2017
"Mutoko",2017-03-28,0,21.95,27.8,16.1,2017
"Mutoko",2017-03-29,0,22.9,28.4,17.4,2017
"Mutoko",2017-03-30,0,20.35,25.2,15.5,2017
"Mutoko",2017-03-31,0,17.95,23.6,12.3,2017
"Mutoko",2017-04-01,0,19.7,24.8,14.6,2017
"Mutoko",2017-04-02,0,17.35,24.4,10.3,2017
"Mutoko",2017-04-03,0,17.45,24.6,10.3,2017
"Mutoko",2017-04-04,0,19.75,26.6,12.9,2017
"Mutoko",2017-04-05,0,19.95,27,12.9,2017
"Mutoko",2017-04-06,0,19.9,26.2,13.6,2017
"Mutoko",2017-04-07,0,19.55,26.8,12.3,2017
"Mutoko",2017-04-08,0,20.8,28.4,13.2,2017
"Mutoko",2017-04-09,0,21.35,28.9,13.8,2017
"Mutoko",2017-04-10,0,21.9,29.6,14.2,2017
"Mutoko",2017-04-11,0,21.1,26,16.2,2017
"Mutoko",2017-04-12,0,19.3,25.7,12.9,2017
"Mutoko",2017-04-13,0,18.6,23.1,14.1,2017
"Mutoko",2017-04-14,0,18.3,24.1,12.5,2017
"Mutoko",2017-04-15,0,19.9,24.5,15.3,2017
"Mutoko",2017-04-16,0,17.4,23.3,11.5,2017
"Mutoko",2017-04-17,0,18.8,24.7,12.9,2017
"Mutoko",2017-04-18,0,19.85,26.3,13.4,2017
"Mutoko",2017-04-19,0,20.7,27.6,13.8,2017
"Mutoko",2017-04-20,0,22.4,28.6,16.2,2017
"Mutoko",2017-04-21,0,22.55,27.8,17.3,2017
"Mutoko",2017-04-22,0,20.7,27.3,14.1,2017
"Mutoko",2017-04-23,0,21.65,27.3,16,2017
"Mutoko",2017-04-24,0,21.85,27.9,15.8,2017
"Mutoko",2017-04-25,0,22.1,29.1,15.1,2017
"Mutoko",2017-04-26,0,21.65,28.4,14.9,2017
"Mutoko",2017-04-27,0,21,26.3,15.7,2017
"Mutoko",2017-04-28,0,18.2,24,12.4,2017
"Mutoko",2017-04-29,0,18.6,23.9,13.3,2017
"Mutoko",2017-04-30,0,19.15,24.4,13.9,2017
"Mutoko",2017-05-01,0,18.75,24,13.5,2017
"Mutoko",2017-05-02,0,20,26.8,13.2,2017
"Mutoko",2017-05-03,1.3,21.75,26.1,17.4,2017
"Mutoko",2017-05-04,0,19.4,25.4,13.4,2017
"Mutoko",2017-05-05,0,18.45,24.7,12.2,2017
"Mutoko",2017-05-06,0,17.75,25,10.5,2017
"Mutoko",2017-05-07,0,18.2,25.2,11.2,2017
"Mutoko",2017-05-08,0,17.3,24.6,10,2017
"Mutoko",2017-05-09,0,16,21.9,10.1,2017
"Mutoko",2017-05-10,0,17,23.4,10.6,2017
"Mutoko",2017-05-11,0,18.3,24.3,12.3,2017
"Mutoko",2017-05-12,0,15.1,21.8,8.4,2017
"Mutoko",2017-05-13,0,16.3,23,9.6,2017
"Mutoko",2017-05-14,0,17.55,25,10.1,2017
"Mutoko",2017-05-15,0,18.75,25.7,11.8,2017
"Mutoko",2017-05-16,0,19.7,26.6,12.8,2017
"Mutoko",2017-05-17,0,21.1,26.7,15.5,2017
"Mutoko",2017-05-18,0,20.95,26.7,15.2,2017
"Mutoko",2017-05-19,0,21.1,26.9,15.3,2017
"Mutoko",2017-05-20,0,21.3,27.4,15.2,2017
"Mutoko",2017-05-21,0,21.1,27.1,15.1,2017
"Mutoko",2017-05-22,0,20.5,27.7,13.3,2017
"Mutoko",2017-05-23,0,19,24.6,13.4,2017
"Mutoko",2017-05-24,0,18.85,24.3,13.4,2017
"Mutoko",2017-05-25,0,18.55,22.9,14.2,2017
"Mutoko",2017-05-26,0,16.8,23.4,10.2,2017
"Mutoko",2017-05-27,0,18.4,24.9,11.9,2017
"Mutoko",2017-05-28,0,17.5,23.9,11.1,2017
"Mutoko",2017-05-29,0,17.3,23.9,10.7,2017
"Mutoko",2017-05-30,0,18.1,24.9,11.3,2017
"Mutoko",2017-05-31,0,19.15,25.8,12.5,2017
"Mutoko",2017-06-01,0,18.75,24.6,12.9,2017
"Mutoko",2017-06-02,0,15.45,22.5,8.4,2017
"Mutoko",2017-06-03,0,15.75,18.4,13.1,2017
"Mutoko",2017-06-04,0,16.1,22,10.2,2017
"Mutoko",2017-06-05,0,13.95,19.5,8.4,2017
"Mutoko",2017-06-06,0,13.3,19.8,6.8,2017
"Mutoko",2017-06-07,0,14.55,21.2,7.9,2017
"Mutoko",2017-06-08,0,14,21.2,6.8,2017
"Mutoko",2017-06-09,0,13.2,20.2,6.2,2017
"Mutoko",2017-06-10,0,13.1,18.3,7.9,2017
"Mutoko",2017-06-11,0,13.75,20.2,7.3,2017
"Mutoko",2017-06-12,0,14,20.8,7.2,2017
"Mutoko",2017-06-13,0,14.5,21.2,7.8,2017
"Mutoko",2017-06-14,0,13,20.3,5.7,2017
"Mutoko",2017-06-15,0,13.25,20.2,6.3,2017
"Mutoko",2017-06-16,0,12.65,19.2,6.1,2017
"Mutoko",2017-06-17,0,13.05,19.2,6.9,2017
"Mutoko",2017-06-18,0,13.95,20.3,7.6,2017
"Mutoko",2017-06-19,0,13.65,18.6,8.7,2017
"Mutoko",2017-06-20,0,11.4,16.7,6.1,2017
"Mutoko",2017-06-21,0,10.9,16.8,5,2017
"Mutoko",2017-06-22,0,12.6,18.4,6.8,2017
"Mutoko",2017-06-23,0,11.45,18.5,4.4,2017
"Mutoko",2017-06-24,0,12.2,18.9,5.5,2017
"Mutoko",2017-06-25,0,13.8,21.9,5.7,2017
"Mutoko",2017-06-26,0,15.1,23.4,6.8,2017
"Mutoko",2017-06-27,0,16.55,24.1,9,2017
"Mutoko",2017-06-28,0,15.6,23.1,8.1,2017
"Mutoko",2017-06-29,0,13.8,21.4,6.2,2017
"Mutoko",2017-06-30,0,12.9,20.1,5.7,2017
"Mutoko",2017-07-01,0,14.9,20.3,9.5,2017
"Mutoko",2017-07-02,0,13.3,20.4,6.2,2017
"Mutoko",2017-07-03,0,14.5,22.3,6.7,2017
"Mutoko",2017-07-04,0,13.85,20.5,7.2,2017
"Mutoko",2017-07-05,0,12.5,19.7,5.3,2017
"Mutoko",2017-07-06,0,12.75,15.6,9.9,2017
"Mutoko",2017-07-07,0,16.3,20.7,11.9,2017
"Mutoko",2017-07-08,0,16.55,22.8,10.3,2017
"Mutoko",2017-07-09,0,16.8,22.5,11.1,2017
"Mutoko",2017-07-10,0,17.25,22.7,11.8,2017
"Mutoko",2017-07-11,0,14.85,20.3,9.4,2017
"Mutoko",2017-07-12,0,14.2,20.1,8.3,2017
"Mutoko",2017-07-13,0,15.6,21.1,10.1,2017
"Mutoko",2017-07-14,0,12.95,18.6,7.3,2017
"Mutoko",2017-07-15,0,14,20.3,7.7,2017
"Mutoko",2017-07-16,0,14.95,22,7.9,2017
"Mutoko",2017-07-17,0,17.4,24,10.8,2017
"Mutoko",2017-07-18,0,17,23.2,10.8,2017
"Mutoko",2017-07-19,0,15.35,21.8,8.9,2017
"Mutoko",2017-07-20,0,14.95,20.1,9.8,2017
"Mutoko",2017-07-21,0,16.6,24,9.2,2017
"Mutoko",2017-07-22,0,15.55,21.2,9.9,2017
"Mutoko",2017-07-23,0,12,18.6,5.4,2017
"Mutoko",2017-07-24,0,12.5,21.1,3.9,2017
"Mutoko",2017-07-25,0,12.8,20,5.6,2017
"Mutoko",2017-07-26,0,13.35,20,6.7,2017
"Mutoko",2017-07-27,0,15.65,23.9,7.4,2017
"Mutoko",2017-07-28,0,14.45,20,8.9,2017
"Mutoko",2017-07-29,0,14.35,21.4,7.3,2017
"Mutoko",2017-07-30,0,15.7,23.1,8.3,2017
"Mutoko",2017-07-31,0,14,21.3,6.7,2017
"Mutoko",2017-08-01,0,16.2,24,8.4,2017
"Mutoko",2017-08-02,0,18.95,26.8,11.1,2017
"Mutoko",2017-08-03,0,19.45,26,12.9,2017
"Mutoko",2017-08-04,0,19.9,27.9,11.9,2017
"Mutoko",2017-08-05,0,18,24.2,11.8,2017
"Mutoko",2017-08-06,0,16,23.1,8.9,2017
"Mutoko",2017-08-07,0,16.2,22.3,10.1,2017
"Mutoko",2017-08-08,0,14.25,21.6,6.9,2017
"Mutoko",2017-08-09,0,16.45,22.8,10.1,2017
"Mutoko",2017-08-10,0,16.45,24,8.9,2017
"Mutoko",2017-08-11,0,15.85,22.3,9.4,2017
"Mutoko",2017-08-12,0.3,15.05,20.2,9.9,2017
"Mutoko",2017-08-13,0,14.5,20.6,8.4,2017
"Mutoko",2017-08-14,0,12.7,20.1,5.3,2017
"Mutoko",2017-08-15,0,14,21.1,6.9,2017
"Mutoko",2017-08-16,0,13.15,19,7.3,2017
"Mutoko",2017-08-17,0,14.7,20.6,8.8,2017
"Mutoko",2017-08-18,0,14.25,19.6,8.9,2017
"Mutoko",2017-08-19,0,14.25,20.1,8.4,2017
"Mutoko",2017-08-20,0,16.2,21.8,10.6,2017
"Mutoko",2017-08-21,0,15.75,21.8,9.7,2017
"Mutoko",2017-08-22,0,16.75,22.9,10.6,2017
"Mutoko",2017-08-23,0,17.2,24.2,10.2,2017
"Mutoko",2017-08-24,0,15.1,21.3,8.9,2017
"Mutoko",2017-08-25,0,16.1,23.2,9,2017
"Mutoko",2017-08-26,0,17.6,24.6,10.6,2017
"Mutoko",2017-08-27,0,18.6,23.4,13.8,2017
"Mutoko",2017-08-28,0,18.45,25.7,11.2,2017
"Mutoko",2017-08-29,0,20.7,28.5,12.9,2017
"Mutoko",2017-08-30,0,22.3,27.3,17.3,2017
"Mutoko",2017-08-31,0,18.7,23.8,13.6,2017
"Mutoko",2017-09-01,0,19.45,27.7,11.2,2017
"Mutoko",2017-09-02,0,22.2,29.6,14.8,2017
"Mutoko",2017-09-03,0,19.55,26.1,13,2017
"Mutoko",2017-09-04,0,18.55,25.7,11.4,2017
"Mutoko",2017-09-05,0,18.65,25.7,11.6,2017
"Mutoko",2017-09-06,0,19.3,26.3,12.3,2017
"Mutoko",2017-09-07,0,16.85,23.5,10.2,2017
"Mutoko",2017-09-08,0,19.35,26.9,11.8,2017
"Mutoko",2017-09-09,0,20.15,28,12.3,2017
"Mutoko",2017-09-10,0,17.15,24.7,9.6,2017
"Mutoko",2017-09-11,0,18.65,24.6,12.7,2017
"Mutoko",2017-09-12,0,18.9,26.9,10.9,2017
"Mutoko",2017-09-13,0,20.05,27.8,12.3,2017
"Mutoko",2017-09-14,0,21.4,26.6,16.2,2017
"Mutoko",2017-09-15,0,21.2,26.3,16.1,2017
"Mutoko",2017-09-16,0,18.3,23.9,12.7,2017
"Mutoko",2017-09-17,11.4,18.05,24,12.1,2017
"Mutoko",2017-09-18,0,17.6,22.3,12.9,2017
"Mutoko",2017-09-19,0,18.15,24.5,11.8,2017
"Mutoko",2017-09-20,0,20.45,26,14.9,2017
"Mutoko",2017-09-21,0,21.85,27.6,16.1,2017
"Mutoko",2017-09-22,0,22.35,27.8,16.9,2017
"Mutoko",2017-09-23,0,22.9,28.3,17.5,2017
"Mutoko",2017-09-24,0,22.25,27.6,16.9,2017
"Mutoko",2017-09-25,0,22.4,28.2,16.6,2017
"Mutoko",2017-09-26,0,21.75,28.5,15,2017
"Mutoko",2017-09-27,0,21.6,27.3,15.9,2017
"Mutoko",2017-09-28,0,19.5,25.6,13.4,2017
"Mutoko",2017-09-29,0,18.3,24,12.6,2017
"Mutoko",2017-09-30,0,16.85,22.8,10.9,2017
"Mutoko",2017-10-01,0,18.05,25.2,10.9,2017
"Mutoko",2017-10-02,0,20.5,27.8,13.2,2017
"Mutoko",2017-10-03,0,21.55,28,15.1,2017
"Mutoko",2017-10-04,0,21.05,28.1,14,2017
"Mutoko",2017-10-05,0,21.9,30.1,13.7,2017
"Mutoko",2017-10-06,0,21.65,29.2,14.1,2017
"Mutoko",2017-10-07,0,23.2,28.7,17.7,2017
"Mutoko",2017-10-08,0,23.5,29.1,17.9,2017
"Mutoko",2017-10-09,0,23.75,29.1,18.4,2017
"Mutoko",2017-10-10,0,22.65,27.9,17.4,2017
"Mutoko",2017-10-11,0,21.05,25.3,16.8,2017
"Mutoko",2017-10-12,0,20.35,25.2,15.5,2017
"Mutoko",2017-10-13,0,23.15,28.4,17.9,2017
"Mutoko",2017-10-14,0,24.25,29.7,18.8,2017
"Mutoko",2017-10-15,0,24.55,31.3,17.8,2017
"Mutoko",2017-10-16,0,24.55,30.6,18.5,2017
"Mutoko",2017-10-17,0,23.6,29.1,18.1,2017
"Mutoko",2017-10-18,0,23.3,30.4,16.2,2017
"Mutoko",2017-10-19,0,21.35,26.4,16.3,2017
"Mutoko",2017-10-20,0,22.55,28.9,16.2,2017
"Mutoko",2017-10-21,0,23.2,31,15.4,2017
"Mutoko",2017-10-22,0,21.75,30.3,13.2,2017
"Mutoko",2017-10-23,0,24.35,33.2,15.5,2017
"Mutoko",2017-10-24,0,27.4,34,20.8,2017
"Mutoko",2017-10-25,0,28.55,34.2,22.9,2017
"Mutoko",2017-10-26,0,27.6,34.5,20.7,2017
"Mutoko",2017-10-27,0,29,35.3,22.7,2017
"Mutoko",2017-10-28,0,27.25,32.2,22.3,2017
"Mutoko",2017-10-29,0,25.15,31.4,18.9,2017
"Mutoko",2017-10-30,0,26.6,32.2,21,2017
"Mutoko",2017-10-31,0,23.55,28.5,18.6,2017
"Mutoko",2017-11-01,0,23.3,29.2,17.4,2017
"Mutoko",2017-11-02,0,24.15,29.9,18.4,2017
"Mutoko",2017-11-03,0,22.6,28.4,16.8,2017
"Mutoko",2017-11-04,0,23.85,30.1,17.6,2017
"Mutoko",2017-11-05,17.3,24.8,30.5,19.1,2017
"Mutoko",2017-11-06,10.7,21.6,26.4,16.8,2017
"Mutoko",2017-11-07,0,21.5,26.3,16.7,2017
"Mutoko",2017-11-08,0,22.9,26.9,18.9,2017
"Mutoko",2017-11-09,0,20.9,25.1,16.7,2017
"Mutoko",2017-11-10,0,21.4,25.2,17.6,2017
"Mutoko",2017-11-11,7.4,19.8,23.4,16.2,2017
"Mutoko",2017-11-12,0,18.8,22.3,15.3,2017
"Mutoko",2017-11-13,3.8,19.65,25.4,13.9,2017
"Mutoko",2017-11-14,33.5,21.75,27.7,15.8,2017
"Mutoko",2017-11-15,0,19.6,24.3,14.9,2017
"Mutoko",2017-11-16,0,19.3,23.1,15.5,2017
"Mutoko",2017-11-17,0,20.5,26.6,14.4,2017
"Mutoko",2017-11-18,12.2,22.35,28.3,16.4,2017
"Mutoko",2017-11-19,1.5,22.7,28.2,17.2,2017
"Mutoko",2017-11-20,0.3,21.9,26.1,17.7,2017
"Mutoko",2017-11-21,3,23.05,27.7,18.4,2017
"Mutoko",2017-11-22,4.1,20.9,25.1,16.7,2017
"Mutoko",2017-11-23,32.8,19.65,23.1,16.2,2017
"Mutoko",2017-11-24,8.1,20.65,25.1,16.2,2017
"Mutoko",2017-11-25,0,19.05,22.6,15.5,2017
"Mutoko",2017-11-26,0,20.4,25.2,15.6,2017
"Mutoko",2017-11-27,0,21.5,27.3,15.7,2017
"Mutoko",2017-11-28,0,22.85,28.5,17.2,2017
"Mutoko",2017-11-29,0,22.5,27.3,17.7,2017
"Mutoko",2017-11-30,0,21.5,26.2,16.8,2017
"Mutoko",2017-12-01,1.3,21.9,27,16.8,2017
"Mutoko",2017-12-02,0,20.7,25.7,15.7,2017
"Mutoko",2017-12-03,0,21.65,27.1,16.2,2017
"Mutoko",2017-12-04,0,23.35,29.8,16.9,2017
"Mutoko",2017-12-05,0,23.85,29.9,17.8,2017
"Mutoko",2017-12-06,0,24.35,29.6,19.1,2017
"Mutoko",2017-12-07,0,22.85,27.7,18,2017
"Mutoko",2017-12-08,2,20.95,24.2,17.7,2017
"Mutoko",2017-12-09,0,22.1,27.8,16.4,2017
"Mutoko",2017-12-10,52.6,23.15,27.1,19.2,2017
"Mutoko",2017-12-11,10.4,18,19.6,16.4,2017
"Mutoko",2017-12-12,3.8,19.9,22.9,16.9,2017
"Mutoko",2017-12-13,8.4,20.05,23.8,16.3,2017
"Mutoko",2017-12-14,5.1,21.55,26.2,16.9,2017
"Mutoko",2017-12-15,0,22.15,26.9,17.4,2017
"Mutoko",2017-12-16,22.9,23.95,29,18.9,2017
"Mutoko",2017-12-17,2,19.85,22.5,17.2,2017
"Mutoko",2017-12-18,3,20.2,23.1,17.3,2017
"Mutoko",2017-12-19,0,20.55,24.6,16.5,2017
"Mutoko",2017-12-20,0,21.5,25.9,17.1,2017
"Mutoko",2017-12-21,12.7,22.5,26.9,18.1,2017
"Mutoko",2017-12-22,0,22.45,27.3,17.6,2017
"Mutoko",2017-12-23,1.5,22.2,24.3,20.1,2017
"Mutoko",2017-12-24,4.8,21.9,26.2,17.6,2017
"Mutoko",2017-12-25,9.4,22.1,25.9,18.3,2017
"Mutoko",2017-12-26,16,20.9,25.2,16.6,2017
"Mutoko",2017-12-27,0,22.2,26.1,18.3,2017
"Mutoko",2017-12-28,0,22.55,27.4,17.7,2017
"Mutoko",2017-12-29,3,22.35,25.8,18.9,2017
"Mutoko",2017-12-30,14.5,22,24.6,19.4,2017
"Mutoko",2017-12-31,37.8,20.3,23.4,17.2,2017
"Kwekwe",2014-07-01,NA,15.8,25.3,6.3,2014
"Kwekwe",2014-07-02,NA,16.75,25.2,8.3,2014
"Kwekwe",2014-07-03,NA,15.85,25.7,6,2014
"Kwekwe",2014-07-04,NA,15.7,25.2,6.2,2014
"Kwekwe",2014-07-05,NA,15.85,24,7.7,2014
"Kwekwe",2014-07-06,NA,13.05,22.2,3.9,2014
"Kwekwe",2014-07-07,NA,14.65,20.4,8.9,2014
"Kwekwe",2014-07-08,NA,13.15,20.6,5.7,2014
"Kwekwe",2014-07-09,NA,14.75,20.3,9.2,2014
"Kwekwe",2014-07-10,NA,13.5,19.8,7.2,2014
"Kwekwe",2014-07-11,NA,12.35,21.1,3.6,2014
"Kwekwe",2014-07-12,NA,13.05,20.8,5.3,2014
"Kwekwe",2014-07-13,NA,13.6,22,5.2,2014
"Kwekwe",2014-07-14,NA,12.85,24.4,1.3,2014
"Kwekwe",2014-07-15,NA,13.05,25.5,0.6,2014
"Kwekwe",2014-07-16,NA,14.4,25.7,3.1,2014
"Kwekwe",2014-07-17,NA,15.2,23.2,7.2,2014
"Kwekwe",2014-07-18,NA,12.2,16.4,8,2014
"Kwekwe",2014-07-19,NA,13.95,17.9,10,2014
"Kwekwe",2014-07-20,NA,13.5,22.8,4.2,2014
"Kwekwe",2014-07-21,NA,11.9,23.2,0.6,2014
"Kwekwe",2014-07-22,NA,13.1,21.9,4.3,2014
"Kwekwe",2014-07-23,NA,12.9,21.9,3.9,2014
"Kwekwe",2014-07-24,NA,12.55,24.4,0.7,2014
"Kwekwe",2014-07-25,NA,14.65,27.1,2.2,2014
"Kwekwe",2014-07-26,NA,11.55,18.8,4.3,2014
"Kwekwe",2014-07-27,NA,12.75,21.9,3.6,2014
"Kwekwe",2014-07-28,NA,13.9,22.9,4.9,2014
"Kwekwe",2014-07-29,NA,13.95,23.5,4.4,2014
"Kwekwe",2014-07-30,NA,13.5,24.4,2.6,2014
"Kwekwe",2014-07-31,NA,12.65,21.7,3.6,2014
"Kwekwe",2014-08-01,NA,15.85,24.5,7.2,2014
"Kwekwe",2014-08-02,NA,14.75,25.1,4.4,2014
"Kwekwe",2014-08-03,NA,13.8,20.9,6.7,2014
"Kwekwe",2014-08-04,NA,15.15,23.1,7.2,2014
"Kwekwe",2014-08-05,NA,14.5,23.3,5.7,2014
"Kwekwe",2014-08-06,NA,14.15,16.7,11.6,2014
"Kwekwe",2014-08-07,NA,11,15.7,6.3,2014
"Kwekwe",2014-08-08,NA,13.15,20.6,5.7,2014
"Kwekwe",2014-08-09,NA,12.8,22.3,3.3,2014
"Kwekwe",2014-08-10,NA,16,24.7,7.3,2014
"Kwekwe",2014-08-11,NA,15.8,27.1,4.5,2014
"Kwekwe",2014-08-12,NA,18.25,27.4,9.1,2014
"Kwekwe",2014-08-13,NA,18,23.9,12.1,2014
"Kwekwe",2014-08-14,NA,16.05,23.3,8.8,2014
"Kwekwe",2014-08-15,NA,15.45,25.6,5.3,2014
"Kwekwe",2014-08-16,NA,17.3,28.9,5.7,2014
"Kwekwe",2014-08-17,NA,18.65,29.6,7.7,2014
"Kwekwe",2014-08-18,NA,18.75,29.2,8.3,2014
"Kwekwe",2014-08-19,NA,20.4,30.8,10,2014
"Kwekwe",2014-08-20,NA,21.6,28.5,14.7,2014
"Kwekwe",2014-08-21,NA,20.1,28.1,12.1,2014
"Kwekwe",2014-08-22,NA,18.75,26.4,11.1,2014
"Kwekwe",2014-08-23,NA,16.75,26.6,6.9,2014
"Kwekwe",2014-08-24,NA,17,26.3,7.7,2014
"Kwekwe",2014-08-25,NA,18.15,25.3,11,2014
"Kwekwe",2014-08-26,NA,16.8,23,10.6,2014
"Kwekwe",2014-08-27,NA,17.45,24.2,10.7,2014
"Kwekwe",2014-08-28,NA,17.25,24.9,9.6,2014
"Kwekwe",2014-08-29,NA,17.75,24.9,10.6,2014
"Kwekwe",2014-08-30,NA,18.6,26.9,10.3,2014
"Kwekwe",2014-08-31,NA,21.45,28.7,14.2,2014
"Kwekwe",2014-09-01,NA,19.2,23.4,15,2014
"Kwekwe",2014-09-02,NA,17.45,24.2,10.7,2014
"Kwekwe",2014-09-03,NA,18.4,27.1,9.7,2014
"Kwekwe",2014-09-04,NA,20,30.3,9.7,2014
"Kwekwe",2014-09-05,NA,19.5,30.7,8.3,2014
"Kwekwe",2014-09-06,NA,17.5,28.7,6.3,2014
"Kwekwe",2014-09-07,NA,18.05,26.7,9.4,2014
"Kwekwe",2014-09-08,NA,17.15,25.6,8.7,2014
"Kwekwe",2014-09-09,NA,18,28.3,7.7,2014
"Kwekwe",2014-09-10,NA,18.15,29.6,6.7,2014
"Kwekwe",2014-09-11,NA,19.65,30.4,8.9,2014
"Kwekwe",2014-09-12,NA,20.65,31.4,9.9,2014
"Kwekwe",2014-09-13,NA,21.8,31.3,12.3,2014
"Kwekwe",2014-09-14,NA,22.05,31.4,12.7,2014
"Kwekwe",2014-09-15,NA,22.5,31.9,13.1,2014
"Kwekwe",2014-09-16,NA,21.7,30.3,13.1,2014
"Kwekwe",2014-09-17,NA,21.15,32,10.3,2014
"Kwekwe",2014-09-18,NA,21.85,27.9,15.8,2014
"Kwekwe",2014-09-19,NA,19.95,28.5,11.4,2014
"Kwekwe",2014-09-20,NA,20.45,29.2,11.7,2014
"Kwekwe",2014-09-21,NA,21.55,29.1,14,2014
"Kwekwe",2014-09-22,NA,20.25,31.2,9.3,2014
"Kwekwe",2014-09-23,NA,22.45,34.1,10.8,2014
"Kwekwe",2014-09-24,NA,22.6,29,16.2,2014
"Kwekwe",2014-09-25,NA,21.5,28.1,14.9,2014
"Kwekwe",2014-09-26,NA,20.5,30.7,10.3,2014
"Kwekwe",2014-09-27,NA,22.85,32.1,13.6,2014
"Kwekwe",2014-09-28,NA,24.25,32.8,15.7,2014
"Kwekwe",2014-09-29,NA,22.5,31.9,13.1,2014
"Kwekwe",2014-09-30,NA,23.55,32.4,14.7,2014
"Kwekwe",2014-10-01,NA,24.25,33.3,15.2,2014
"Kwekwe",2014-10-02,NA,25.4,34.4,16.4,2014
"Kwekwe",2014-10-03,NA,24,33.1,14.9,2014
"Kwekwe",2014-10-04,NA,23.95,34,13.9,2014
"Kwekwe",2014-10-05,NA,24.6,33.9,15.3,2014
"Kwekwe",2014-10-06,NA,25.3,32.9,17.7,2014
"Kwekwe",2014-10-07,NA,24.05,33.1,15,2014
"Kwekwe",2014-10-08,NA,23.75,33.9,13.6,2014
"Kwekwe",2014-10-09,NA,26.35,35.8,16.9,2014
"Kwekwe",2014-10-10,NA,26.85,35.6,18.1,2014
"Kwekwe",2014-10-11,NA,25.65,31.9,19.4,2014
"Kwekwe",2014-10-12,NA,23.35,30.6,16.1,2014
"Kwekwe",2014-10-13,NA,24.1,33.6,14.6,2014
"Kwekwe",2014-10-14,NA,24.6,32.1,17.1,2014
"Kwekwe",2014-10-15,NA,24.9,33.1,16.7,2014
"Kwekwe",2014-10-16,NA,18.7,19.7,17.7,2014
"Kwekwe",2014-10-17,NA,22.55,30.2,14.9,2014
"Kwekwe",2014-10-18,NA,23.25,29.6,16.9,2014
"Kwekwe",2014-10-19,NA,24.15,32.2,16.1,2014
"Kwekwe",2014-10-20,NA,24.2,30.2,18.2,2014
"Kwekwe",2014-10-21,NA,21.85,27.3,16.4,2014
"Kwekwe",2014-10-22,NA,20.7,22.5,18.9,2014
"Kwekwe",2014-10-23,NA,19.85,24.1,15.6,2014
"Kwekwe",2014-10-24,NA,23.25,29.4,17.1,2014
"Kwekwe",2014-10-25,NA,22,26.3,17.7,2014
"Kwekwe",2014-10-26,NA,23.05,28.5,17.6,2014
"Kwekwe",2014-10-27,NA,22.45,26.3,18.6,2014
"Kwekwe",2014-10-28,NA,24.05,31.5,16.6,2014
"Kwekwe",2014-10-29,NA,20.55,23.4,17.7,2014
"Kwekwe",2014-10-30,NA,21.55,26.3,16.8,2014
"Kwekwe",2014-10-31,NA,21.75,26.7,16.8,2014
"Kwekwe",2014-11-01,NA,19.75,24.2,15.3,2014
"Kwekwe",2014-11-02,NA,18.25,21.2,15.3,2014
"Kwekwe",2014-11-03,NA,19.5,23.3,15.7,2014
"Kwekwe",2014-11-04,NA,19.5,22.2,16.8,2014
"Kwekwe",2014-11-05,NA,21.75,26.1,17.4,2014
"Kwekwe",2014-11-06,NA,22.9,28.5,17.3,2014
"Kwekwe",2014-11-07,NA,21.9,27.3,16.5,2014
"Kwekwe",2014-11-08,NA,18.4,21.2,15.6,2014
"Kwekwe",2014-11-09,NA,19.6,24.2,15,2014
"Kwekwe",2014-11-10,NA,22.8,28.4,17.2,2014
"Kwekwe",2014-11-11,NA,23.9,30.4,17.4,2014
"Kwekwe",2014-11-12,NA,20.65,25.2,16.1,2014
"Kwekwe",2014-11-13,NA,19.95,26.7,13.2,2014
"Kwekwe",2014-11-14,NA,20.05,27.4,12.7,2014
"Kwekwe",2014-11-15,NA,20.55,28.3,12.8,2014
"Kwekwe",2014-11-16,NA,20,28,12,2014
"Kwekwe",2014-11-17,NA,20.15,28.4,11.9,2014
"Kwekwe",2014-11-18,NA,21.4,29.6,13.2,2014
"Kwekwe",2014-11-19,NA,22.6,30.4,14.8,2014
"Kwekwe",2014-11-20,NA,23.95,31.8,16.1,2014
"Kwekwe",2014-11-21,NA,23.9,32.1,15.7,2014
"Kwekwe",2014-11-22,NA,23.45,32.2,14.7,2014
"Kwekwe",2014-11-23,NA,23.25,30.9,15.6,2014
"Kwekwe",2014-11-24,NA,23.9,31.9,15.9,2014
"Kwekwe",2014-11-25,NA,25,30.1,19.9,2014
"Kwekwe",2014-11-26,NA,24.9,33.2,16.6,2014
"Kwekwe",2014-11-27,NA,25.5,34.3,16.7,2014
"Kwekwe",2014-11-28,NA,25.2,30.6,19.8,2014
"Kwekwe",2014-11-29,NA,25.5,31.3,19.7,2014
"Kwekwe",2014-11-30,NA,24.25,30.9,17.6,2014
"Kwekwe",2014-12-01,NA,24.1,32.3,15.9,2014
"Kwekwe",2014-12-02,NA,24.3,30.2,18.4,2014
"Kwekwe",2014-12-03,NA,20.8,23.8,17.8,2014
"Kwekwe",2014-12-04,NA,18.95,21.1,16.8,2014
"Kwekwe",2014-12-05,NA,21.95,28.3,15.6,2014
"Kwekwe",2014-12-06,NA,21.05,28.4,13.7,2014
"Kwekwe",2014-12-07,NA,21.95,28.9,15,2014
"Kwekwe",2014-12-08,NA,23.05,29.7,16.4,2014
"Kwekwe",2014-12-09,NA,19.9,22,17.8,2014
"Kwekwe",2014-12-10,NA,20.5,24,17,2014
"Kwekwe",2014-12-11,NA,22.35,26.9,17.8,2014
"Kwekwe",2014-12-12,NA,23.45,28.8,18.1,2014
"Kwekwe",2014-12-13,NA,22.5,28.3,16.7,2014
"Kwekwe",2014-12-14,NA,23.25,29.2,17.3,2014
"Kwekwe",2014-12-15,NA,21.7,25.8,17.6,2014
"Kwekwe",2014-12-16,NA,20.6,26.7,14.5,2014
"Kwekwe",2014-12-17,NA,21,27.9,14.1,2014
"Kwekwe",2014-12-18,NA,21.85,29.7,14,2014
"Kwekwe",2014-12-19,NA,23.75,30.7,16.8,2014
"Kwekwe",2014-12-20,NA,23.7,29.5,17.9,2014
"Kwekwe",2014-12-21,NA,24.7,30.3,19.1,2014
"Kwekwe",2014-12-22,NA,23.5,29.5,17.5,2014
"Kwekwe",2014-12-23,NA,21.1,24.7,17.5,2014
"Kwekwe",2014-12-24,NA,21.35,24.6,18.1,2014
"Kwekwe",2014-12-25,NA,21.45,24.2,18.7,2014
"Kwekwe",2014-12-26,NA,23.65,28.4,18.9,2014
"Kwekwe",2014-12-27,NA,22.5,26.8,18.2,2014
"Kwekwe",2014-12-28,NA,20.5,24.9,16.1,2014
"Kwekwe",2014-12-29,NA,21.3,28.8,13.8,2014
"Kwekwe",2014-12-30,NA,20.3,28.6,12,2014
"Kwekwe",2014-12-31,NA,23.15,29.6,16.7,2014
"Kwekwe",2015-01-01,NA,23.45,27.9,19,2015
"Kwekwe",2015-01-02,NA,21.95,25.4,18.5,2015
"Kwekwe",2015-01-03,NA,21.9,24.2,19.6,2015
"Kwekwe",2015-01-04,NA,21.55,23.3,19.8,2015
"Kwekwe",2015-01-05,NA,22,25.1,18.9,2015
"Kwekwe",2015-01-06,NA,22.45,26.1,18.8,2015
"Kwekwe",2015-01-07,NA,22.45,25.7,19.2,2015
"Kwekwe",2015-01-08,NA,22.6,26.3,18.9,2015
"Kwekwe",2015-01-09,NA,18.9,22.2,15.6,2015
"Kwekwe",2015-01-10,NA,19.15,20.9,17.4,2015
"Kwekwe",2015-01-11,NA,20.55,25,16.1,2015
"Kwekwe",2015-01-12,NA,20.05,26.9,13.2,2015
"Kwekwe",2015-01-13,NA,21.15,27.9,14.4,2015
"Kwekwe",2015-01-14,NA,21.3,27.9,14.7,2015
"Kwekwe",2015-01-15,NA,21.9,28.3,15.5,2015
"Kwekwe",2015-01-16,NA,23.6,29.3,17.9,2015
"Kwekwe",2015-01-17,NA,23.3,28.8,17.8,2015
"Kwekwe",2015-01-18,NA,23.1,29,17.2,2015
"Kwekwe",2015-01-19,NA,23.05,26.7,19.4,2015
"Kwekwe",2015-01-20,NA,22.85,26.9,18.8,2015
"Kwekwe",2015-01-21,NA,23,28.3,17.7,2015
"Kwekwe",2015-01-22,NA,21.1,24.4,17.8,2015
"Kwekwe",2015-01-23,NA,23.1,27.8,18.4,2015
"Kwekwe",2015-01-24,NA,23.75,28.1,19.4,2015
"Kwekwe",2015-01-25,NA,22.8,26.7,18.9,2015
"Kwekwe",2015-01-26,NA,23.2,27.5,18.9,2015
"Kwekwe",2015-01-27,NA,23.3,29.4,17.2,2015
"Kwekwe",2015-01-28,NA,23.3,28.8,17.8,2015
"Kwekwe",2015-01-29,NA,22.7,26.7,18.7,2015
"Kwekwe",2015-01-30,NA,23,27.4,18.6,2015
"Kwekwe",2015-01-31,NA,23.2,27.3,19.1,2015
"Kwekwe",2015-02-01,NA,22.05,25.3,18.8,2015
"Kwekwe",2015-02-02,NA,20.7,23.9,17.5,2015
"Kwekwe",2015-02-03,NA,20.65,24.1,17.2,2015
"Kwekwe",2015-02-04,NA,19.85,22.6,17.1,2015
"Kwekwe",2015-02-05,NA,19.85,24.7,15,2015
"Kwekwe",2015-02-06,NA,19,24.2,13.8,2015
"Kwekwe",2015-02-07,NA,21.85,27.1,16.6,2015
"Kwekwe",2015-02-08,NA,23.3,28.4,18.2,2015
"Kwekwe",2015-02-09,NA,22.9,27.3,18.5,2015
"Kwekwe",2015-02-10,NA,21.25,25.3,17.2,2015
"Kwekwe",2015-02-11,NA,22.85,27.9,17.8,2015
"Kwekwe",2015-02-12,NA,23.45,28.7,18.2,2015
"Kwekwe",2015-02-13,NA,22.8,27.5,18.1,2015
"Kwekwe",2015-02-14,NA,22.9,27.4,18.4,2015
"Kwekwe",2015-02-15,NA,21.75,26.3,17.2,2015
"Kwekwe",2015-02-16,NA,21.6,27.1,16.1,2015
"Kwekwe",2015-02-17,NA,20.75,27.8,13.7,2015
"Kwekwe",2015-02-18,NA,21.75,27.9,15.6,2015
"Kwekwe",2015-02-19,NA,22.1,28.1,16.1,2015
"Kwekwe",2015-02-20,NA,22.35,28.8,15.9,2015
"Kwekwe",2015-02-21,NA,22.75,29.9,15.6,2015
"Kwekwe",2015-02-22,NA,23.15,29.4,16.9,2015
"Kwekwe",2015-02-23,NA,24.5,29.2,19.8,2015
"Kwekwe",2015-02-24,NA,22.9,26.6,19.2,2015
"Kwekwe",2015-02-25,NA,22.8,27.3,18.3,2015
"Kwekwe",2015-02-26,NA,22.8,27.2,18.4,2015
"Kwekwe",2015-02-27,NA,22.45,27.2,17.7,2015
"Kwekwe",2015-02-28,NA,22.3,27.3,17.3,2015
"Kwekwe",NA,NA,23.6,27.8,19.4,NA
"Kwekwe",2015-03-01,NA,21.65,24.9,18.4,2015
"Kwekwe",2015-03-02,NA,22.35,26.5,18.2,2015
"Kwekwe",2015-03-03,NA,22,28.6,15.4,2015
"Kwekwe",2015-03-04,NA,21.8,27.3,16.3,2015
"Kwekwe",2015-03-05,NA,21.35,27.8,14.9,2015
"Kwekwe",2015-03-06,NA,22.1,28.8,15.4,2015
"Kwekwe",2015-03-07,NA,21.25,28.2,14.3,2015
"Kwekwe",2015-03-08,NA,21.5,28.3,14.7,2015
"Kwekwe",2015-03-09,NA,20.25,28.6,11.9,2015
"Kwekwe",2015-03-10,NA,19.9,27.9,11.9,2015
"Kwekwe",2015-03-11,NA,19.55,28.1,11,2015
"Kwekwe",2015-03-12,NA,18.45,27.9,9,2015
"Kwekwe",2015-03-13,NA,19.05,26.9,11.2,2015
"Kwekwe",2015-03-14,NA,20,27.8,12.2,2015
"Kwekwe",2015-03-15,NA,21.35,28.1,14.6,2015
"Kwekwe",2015-03-16,NA,19.7,26.3,13.1,2015
"Kwekwe",2015-03-17,NA,20.6,28.1,13.1,2015
"Kwekwe",2015-03-18,NA,19.4,26.6,12.2,2015
"Kwekwe",2015-03-19,NA,20.15,26.8,13.5,2015
"Kwekwe",2015-03-20,NA,20.85,29.6,12.1,2015
"Kwekwe",2015-03-21,NA,20.6,29.9,11.3,2015
"Kwekwe",2015-03-22,NA,21.05,31,11.1,2015
"Kwekwe",2015-03-23,NA,21.7,31.1,12.3,2015
"Kwekwe",2015-03-24,NA,21.1,30.8,11.4,2015
"Kwekwe",2015-03-25,NA,22.5,31.9,13.1,2015
"Kwekwe",2015-03-26,NA,21.1,32.2,10,2015
"Kwekwe",2015-03-27,NA,20.85,30.1,11.6,2015
"Kwekwe",2015-03-28,NA,20.85,30.3,11.4,2015
"Kwekwe",2015-03-29,NA,22.8,29.3,16.3,2015
"Kwekwe",2015-03-30,NA,21.75,28.8,14.7,2015
"Kwekwe",2015-03-31,NA,20.1,26.8,13.4,2015
"Kwekwe",2015-04-01,NA,19.4,27.3,11.5,2015
"Kwekwe",2015-04-02,NA,19.8,28.9,10.7,2015
"Kwekwe",2015-04-03,NA,20.2,30.2,10.2,2015
"Kwekwe",2015-04-04,NA,21.4,32,10.8,2015
"Kwekwe",2015-04-05,NA,22.75,31.4,14.1,2015
"Kwekwe",2015-04-06,NA,22,31.1,12.9,2015
"Kwekwe",2015-04-07,NA,21.75,29.4,14.1,2015
"Kwekwe",2015-04-08,NA,20.35,29.6,11.1,2015
"Kwekwe",2015-04-09,NA,22.65,30.3,15,2015
"Kwekwe",2015-04-10,NA,23.55,29.9,17.2,2015
"Kwekwe",2015-04-11,NA,22.3,29.2,15.4,2015
"Kwekwe",2015-04-12,NA,21.4,26.7,16.1,2015
"Kwekwe",2015-04-13,NA,20.7,27.8,13.6,2015
"Kwekwe",2015-04-14,NA,18.8,28,9.6,2015
"Kwekwe",2015-04-15,NA,20.1,28.4,11.8,2015
"Kwekwe",2015-04-16,NA,22.2,31.2,13.2,2015
"Kwekwe",2015-04-17,NA,22.05,31.2,12.9,2015
"Kwekwe",2015-04-18,NA,21.85,30.9,12.8,2015
"Kwekwe",2015-04-19,NA,21,24.2,17.8,2015
"Kwekwe",2015-04-20,NA,18.65,22.5,14.8,2015
"Kwekwe",2015-04-21,NA,19.1,23.3,14.9,2015
"Kwekwe",2015-04-22,NA,19.2,27.7,10.7,2015
"Kwekwe",2015-04-23,NA,18,26.4,9.6,2015
"Kwekwe",2015-04-24,NA,18.55,26,11.1,2015
"Kwekwe",2015-04-25,NA,17.05,24.4,9.7,2015
"Kwekwe",2015-04-26,NA,17.45,24.9,10,2015
"Kwekwe",2015-04-27,NA,17.15,26.8,7.5,2015
"Kwekwe",2015-04-28,NA,18.75,26.8,10.7,2015
"Kwekwe",2015-04-29,NA,18,27.7,8.3,2015
"Kwekwe",2015-04-30,NA,17.65,27.1,8.2,2015
"Kwekwe",2015-05-01,NA,17.75,27.8,7.7,2015
"Kwekwe",2015-05-02,NA,18.3,28.8,7.8,2015
"Kwekwe",2015-05-03,NA,19.95,30.2,9.7,2015
"Kwekwe",2015-05-04,NA,17.2,28.6,5.8,2015
"Kwekwe",2015-05-05,NA,17,28.3,5.7,2015
"Kwekwe",2015-05-06,NA,17.6,29.9,5.3,2015
"Kwekwe",2015-05-07,NA,18.6,25.1,12.1,2015
"Kwekwe",2015-05-08,NA,16.5,19.9,13.1,2015
"Kwekwe",2015-05-09,NA,16.05,20.5,11.6,2015
"Kwekwe",2015-05-10,NA,16.75,23.9,9.6,2015
"Kwekwe",2015-05-11,NA,16.75,25.7,7.8,2015
"Kwekwe",2015-05-12,NA,18.2,26.5,9.9,2015
"Kwekwe",2015-05-13,NA,17.55,25.8,9.3,2015
"Kwekwe",2015-05-14,NA,14.25,24.9,3.6,2015
"Kwekwe",2015-05-15,NA,17,24.1,9.9,2015
"Kwekwe",2015-05-16,NA,16.95,25.3,8.6,2015
"Kwekwe",2015-05-17,NA,16.4,26.2,6.6,2015
"Kwekwe",2015-05-18,NA,14.3,24.8,3.8,2015
"Kwekwe",2015-05-19,NA,14,23.4,4.6,2015
"Kwekwe",2015-05-20,NA,15.25,23.8,6.7,2015
"Kwekwe",2015-05-21,NA,15.7,23.5,7.9,2015
"Kwekwe",2015-05-22,NA,14.65,21.7,7.6,2015
"Kwekwe",2015-05-23,NA,15,23.4,6.6,2015
"Kwekwe",2015-05-24,NA,16.65,21.6,11.7,2015
"Kwekwe",2015-05-25,NA,14.55,21.7,7.4,2015
"Kwekwe",2015-05-26,NA,13.15,19.1,7.2,2015
"Kwekwe",2015-05-27,NA,16.75,24.2,9.3,2015
"Kwekwe",2015-05-28,NA,14.65,22.9,6.4,2015
"Kwekwe",2015-05-29,NA,16.2,22.3,10.1,2015
"Kwekwe",2015-05-30,NA,15.05,22.5,7.6,2015
"Kwekwe",2015-05-31,NA,14.5,20.7,8.3,2015
"Kwekwe",2015-06-01,NA,13.25,22.6,3.9,2015
"Kwekwe",2015-06-02,NA,15.95,23.3,8.6,2015
"Kwekwe",2015-06-03,NA,17.3,21.8,12.8,2015
"Kwekwe",2015-06-04,NA,16.3,20.3,12.3,2015
"Kwekwe",2015-06-05,NA,16.4,21.2,11.6,2015
"Kwekwe",2015-06-06,NA,13.45,19.9,7,2015
"Kwekwe",2015-06-07,NA,14.75,23.1,6.4,2015
"Kwekwe",2015-06-08,NA,15.4,23.9,6.9,2015
"Kwekwe",2015-06-09,NA,16.1,22.8,9.4,2015
"Kwekwe",2015-06-10,NA,15,22.8,7.2,2015
"Kwekwe",2015-06-11,NA,16.25,22.6,9.9,2015
"Kwekwe",2015-06-12,NA,14.75,23.1,6.4,2015
"Kwekwe",2015-06-13,NA,13.6,23.6,3.6,2015
"Kwekwe",2015-06-14,NA,14.35,23.8,4.9,2015
"Kwekwe",2015-06-15,NA,14.45,22.8,6.1,2015
"Kwekwe",2015-06-16,NA,13.9,21.6,6.2,2015
"Kwekwe",2015-06-17,NA,15.05,22.9,7.2,2015
"Kwekwe",2015-06-18,NA,15.6,22.9,8.3,2015
"Kwekwe",2015-06-19,NA,16.8,24.2,9.4,2015
"Kwekwe",2015-06-20,NA,16.5,23.2,9.8,2015
"Kwekwe",2015-06-21,NA,16.1,23.9,8.3,2015
"Kwekwe",2015-06-22,NA,17.1,23.4,10.8,2015
"Kwekwe",2015-06-23,NA,15.3,23.4,7.2,2015
"Kwekwe",2015-06-24,NA,17.05,24.1,10,2015
"Kwekwe",2015-06-25,NA,15.8,23.4,8.2,2015
"Kwekwe",2015-06-26,NA,15.75,24.3,7.2,2015
"Kwekwe",2015-06-27,NA,15.35,24.9,5.8,2015
"Kwekwe",2015-06-28,NA,17.15,25.6,8.7,2015
"Kwekwe",2015-06-29,NA,12.8,22.7,2.9,2015
"Kwekwe",2015-06-30,NA,14.55,22.3,6.8,2015
"Kwekwe",2015-07-01,NA,13.5,21.7,5.3,2015
"Kwekwe",2015-07-02,NA,11.55,21,2.1,2015
"Kwekwe",2015-07-03,NA,12.95,22.3,3.6,2015
"Kwekwe",2015-07-04,NA,14.1,23.1,5.1,2015
"Kwekwe",2015-07-05,NA,14.2,24,4.4,2015
"Kwekwe",2015-07-06,NA,13.85,23.9,3.8,2015
"Kwekwe",2015-07-07,NA,15.05,23.8,6.3,2015
"Kwekwe",2015-07-08,NA,14.65,23.9,5.4,2015
"Kwekwe",2015-07-09,NA,14.1,24.3,3.9,2015
"Kwekwe",2015-07-10,NA,15.95,24.7,7.2,2015
"Kwekwe",2015-07-11,NA,15.85,23.6,8.1,2015
"Kwekwe",2015-07-12,NA,15.3,22.3,8.3,2015
"Kwekwe",2015-07-13,NA,15.25,23.1,7.4,2015
"Kwekwe",2015-07-14,NA,15,22.9,7.1,2015
"Kwekwe",2015-07-15,NA,14,24,4,2015
"Kwekwe",2015-07-16,NA,13.85,24.4,3.3,2015
"Kwekwe",2015-07-17,NA,16,25,7,2015
"Kwekwe",2015-07-18,NA,14.95,25.2,4.7,2015
"Kwekwe",2015-07-19,NA,14.4,26.3,2.5,2015
"Kwekwe",2015-07-20,NA,14.7,26.1,3.3,2015
"Kwekwe",2015-07-21,NA,16.1,24.1,8.1,2015
"Kwekwe",2015-07-22,NA,14.4,22.2,6.6,2015
"Kwekwe",2015-07-23,NA,15.55,23.2,7.9,2015
"Kwekwe",2015-07-24,NA,14.85,23.6,6.1,2015
"Kwekwe",2015-07-25,NA,15.8,24.9,6.7,2015
"Kwekwe",2015-07-26,NA,15.1,27.3,2.9,2015
"Kwekwe",2015-07-27,NA,16.05,25.7,6.4,2015
"Kwekwe",2015-07-28,NA,15.35,23.8,6.9,2015
"Kwekwe",2015-07-29,NA,14.2,18.9,9.5,2015
"Kwekwe",2015-07-30,NA,13.4,20.6,6.2,2015
"Kwekwe",2015-07-31,NA,15.3,20.4,10.2,2015
"Kwekwe",2015-08-01,NA,13.2,20.8,5.6,2015
"Kwekwe",2015-08-02,NA,12.65,22.2,3.1,2015
"Kwekwe",2015-08-03,NA,13.95,22.8,5.1,2015
"Kwekwe",2015-08-04,NA,15,23.6,6.4,2015
"Kwekwe",2015-08-05,NA,15.05,25.8,4.3,2015
"Kwekwe",2015-08-06,NA,16.5,27.4,5.6,2015
"Kwekwe",2015-08-07,NA,17.7,28.7,6.7,2015
"Kwekwe",2015-08-08,NA,17.45,25.8,9.1,2015
"Kwekwe",2015-08-09,NA,17.55,24.7,10.4,2015
"Kwekwe",2015-08-10,NA,17.1,27,7.2,2015
"Kwekwe",2015-08-11,NA,16.85,27.3,6.4,2015
"Kwekwe",2015-08-12,NA,17.4,26.7,8.1,2015
"Kwekwe",2015-08-13,NA,17,25.6,8.4,2015
"Kwekwe",2015-08-14,NA,16.95,25.3,8.6,2015
"Kwekwe",2015-08-15,NA,16.25,24.2,8.3,2015
"Kwekwe",2015-08-16,NA,16.4,25.2,7.6,2015
"Kwekwe",2015-08-17,NA,17.45,25.3,9.6,2015
"Kwekwe",2015-08-18,NA,18.25,26.9,9.6,2015
"Kwekwe",2015-08-19,NA,17.5,28.2,6.8,2015
"Kwekwe",2015-08-20,NA,18.6,29.1,8.1,2015
"Kwekwe",2015-08-21,NA,18.65,27.2,10.1,2015
"Kwekwe",2015-08-22,NA,18.25,26.8,9.7,2015
"Kwekwe",2015-08-23,NA,17.55,28.3,6.8,2015
"Kwekwe",2015-08-24,NA,19.4,30.5,8.3,2015
"Kwekwe",2015-08-25,NA,20.2,31.6,8.8,2015
"Kwekwe",2015-08-26,NA,22.35,32.1,12.6,2015
"Kwekwe",2015-08-27,NA,21.1,32,10.2,2015
"Kwekwe",2015-08-28,NA,23.55,32.9,14.2,2015
"Kwekwe",2015-08-29,NA,21.2,30.6,11.8,2015
"Kwekwe",2015-08-30,NA,21,30.2,11.8,2015
"Kwekwe",2015-08-31,NA,20.35,29.9,10.8,2015
"Kwekwe",2015-09-01,NA,20.4,31.1,9.7,2015
"Kwekwe",2015-09-02,NA,21.6,30.7,12.5,2015
"Kwekwe",2015-09-03,NA,22.7,30.3,15.1,2015
"Kwekwe",2015-09-04,NA,19.65,24.6,14.7,2015
"Kwekwe",2015-09-05,NA,18.6,29,8.2,2015
"Kwekwe",2015-09-06,NA,19.95,28.1,11.8,2015
"Kwekwe",2015-09-07,NA,19.3,28.4,10.2,2015
"Kwekwe",2015-09-08,NA,20,29.7,10.3,2015
"Kwekwe",2015-09-09,NA,21.3,32.2,10.4,2015
"Kwekwe",2015-09-10,NA,22.15,32.6,11.7,2015
"Kwekwe",2015-09-11,NA,23.2,34,12.4,2015
"Kwekwe",2015-09-12,NA,23.45,34,12.9,2015
"Kwekwe",2015-09-13,NA,25,34.2,15.8,2015
"Kwekwe",2015-09-14,NA,23.75,32.2,15.3,2015
"Kwekwe",2015-09-15,NA,23.3,32.8,13.8,2015
"Kwekwe",2015-09-16,NA,21,27.1,14.9,2015
"Kwekwe",2015-09-17,NA,13.95,17.3,10.6,2015
"Kwekwe",2015-09-18,NA,14.1,19,9.2,2015
"Kwekwe",2015-09-19,NA,13.4,20.1,6.7,2015
"Kwekwe",2015-09-20,NA,14.3,23.3,5.3,2015
"Kwekwe",2015-09-21,NA,15.75,23.8,7.7,2015
"Kwekwe",2015-09-22,NA,16.65,25.6,7.7,2015
"Kwekwe",2015-09-23,NA,18.9,27.9,9.9,2015
"Kwekwe",2015-09-24,NA,21.85,31.1,12.6,2015
"Kwekwe",2015-09-25,NA,23.35,33.6,13.1,2015
"Kwekwe",2015-09-26,NA,24.7,32.7,16.7,2015
"Kwekwe",2015-09-27,NA,25.15,34.1,16.2,2015
"Kwekwe",2015-09-28,NA,25.15,33.4,16.9,2015
"Kwekwe",2015-09-29,NA,24.6,34.3,14.9,2015
"Kwekwe",2015-09-30,NA,26.85,35.4,18.3,2015
"Kwekwe",2015-10-01,NA,26.8,34.8,18.8,2015
"Kwekwe",2015-10-02,NA,26.5,34.2,18.8,2015
"Kwekwe",2015-10-03,NA,24.85,32.7,17,2015
"Kwekwe",2015-10-04,NA,23.15,28.5,17.8,2015
"Kwekwe",2015-10-05,NA,23.85,31.5,16.2,2015
"Kwekwe",2015-10-06,NA,22.7,29.3,16.1,2015
"Kwekwe",2015-10-07,NA,20.2,26.1,14.3,2015
"Kwekwe",2015-10-08,NA,19.95,28.1,11.8,2015
"Kwekwe",2015-10-09,NA,22.5,31.1,13.9,2015
"Kwekwe",2015-10-10,NA,24.3,32.7,15.9,2015
"Kwekwe",2015-10-11,NA,25.75,34.8,16.7,2015
"Kwekwe",2015-10-12,NA,27.15,34.1,20.2,2015
"Kwekwe",2015-10-13,NA,23.05,29.4,16.7,2015
"Kwekwe",2015-10-14,NA,22.75,30.3,15.2,2015
"Kwekwe",2015-10-15,NA,23.15,31.2,15.1,2015
"Kwekwe",2015-10-16,NA,24.7,31.4,18,2015
"Kwekwe",2015-10-17,NA,22.95,29.8,16.1,2015
"Kwekwe",2015-10-18,NA,20.4,25.2,15.6,2015
"Kwekwe",2015-10-19,NA,20,25.5,14.5,2015
"Kwekwe",2015-10-20,NA,22.2,29.2,15.2,2015
"Kwekwe",2015-10-21,NA,23.05,31.2,14.9,2015
"Kwekwe",2015-10-22,NA,23.75,32.2,15.3,2015
"Kwekwe",2015-10-23,NA,23.85,33,14.7,2015
"Kwekwe",2015-10-24,NA,23.2,33.3,13.1,2015
"Kwekwe",2015-10-25,NA,25.6,34.3,16.9,2015
"Kwekwe",2015-10-26,NA,25.9,31.2,20.6,2015
"Kwekwe",2015-10-27,NA,23.25,31.2,15.3,2015
"Kwekwe",2015-10-28,NA,25.1,32.1,18.1,2015
"Kwekwe",2015-10-29,NA,24,28.6,19.4,2015
"Kwekwe",2015-10-30,NA,24.2,30.4,18,2015
"Kwekwe",2015-10-31,NA,24.5,32.1,16.9,2015
"Kwekwe",2015-11-01,NA,25.25,32,18.5,2015
"Kwekwe",2015-11-02,NA,24.2,30.9,17.5,2015
"Kwekwe",2015-11-03,NA,21.9,25.4,18.4,2015
"Kwekwe",2015-11-04,NA,22.55,26.2,18.9,2015
"Kwekwe",2015-11-05,NA,19.65,21.4,17.9,2015
"Kwekwe",2015-11-06,NA,22.3,26.8,17.8,2015
"Kwekwe",2015-11-07,NA,22.25,26.7,17.8,2015
"Kwekwe",2015-11-08,NA,20,22.5,17.5,2015
"Kwekwe",2015-11-09,NA,20.6,24.6,16.6,2015
"Kwekwe",2015-11-10,NA,21.3,25.3,17.3,2015
"Kwekwe",2015-11-11,NA,18.75,21.4,16.1,2015
"Kwekwe",2015-11-12,NA,19.75,23.8,15.7,2015
"Kwekwe",2015-11-13,NA,19.05,23.9,14.2,2015
"Kwekwe",2015-11-14,NA,19.5,25.1,13.9,2015
"Kwekwe",2015-11-15,NA,19,26.9,11.1,2015
"Kwekwe",2015-11-16,NA,19,26.9,11.1,2015
"Kwekwe",2015-11-17,NA,20.9,29.7,12.1,2015
"Kwekwe",2015-11-18,NA,21.6,30.7,12.5,2015
"Kwekwe",2015-11-19,NA,23.5,32.6,14.4,2015
"Kwekwe",2015-11-20,NA,25.4,33.4,17.4,2015
"Kwekwe",2015-11-21,NA,25.35,33.9,16.8,2015
"Kwekwe",2015-11-22,NA,25.35,31.1,19.6,2015
"Kwekwe",2015-11-23,NA,24.7,29.7,19.7,2015
"Kwekwe",2015-11-24,NA,24,29.9,18.1,2015
"Kwekwe",2015-11-25,NA,21.8,26.6,17,2015
"Kwekwe",2015-11-26,NA,21.95,26.8,17.1,2015
"Kwekwe",2015-11-27,NA,23.25,29.9,16.6,2015
"Kwekwe",2015-11-28,NA,23.95,31.6,16.3,2015
"Kwekwe",2015-11-29,NA,23.35,29.3,17.4,2015
"Kwekwe",2015-11-30,NA,22.9,30.2,15.6,2015
"Kwekwe",2015-12-01,NA,23.8,32.1,15.5,2015
"Kwekwe",2015-12-02,NA,24.05,32.3,15.8,2015
"Kwekwe",2015-12-03,NA,21.75,25.2,18.3,2015
"Kwekwe",2015-12-04,NA,22.2,27.4,17,2015
"Kwekwe",2015-12-05,NA,21.6,26.4,16.8,2015
"Kwekwe",2015-12-06,NA,22.9,28.9,16.9,2015
"Kwekwe",2015-12-07,NA,22.7,29.2,16.2,2015
"Kwekwe",2015-12-08,NA,23,28.8,17.2,2015
"Kwekwe",2015-12-09,NA,23.9,30.8,17,2015
"Kwekwe",2015-12-10,NA,25.3,30.8,19.8,2015
"Kwekwe",2015-12-11,NA,21.5,25.3,17.7,2015
"Kwekwe",2015-12-12,NA,22.15,29,15.3,2015
"Kwekwe",2015-12-13,NA,22.6,27.6,17.6,2015
"Kwekwe",2015-12-14,NA,19.2,20.7,17.7,2015
"Kwekwe",2015-12-15,NA,21.75,25.8,17.7,2015
"Kwekwe",2015-12-16,NA,22.35,26.8,17.9,2015
"Kwekwe",2015-12-17,NA,22.3,27.3,17.3,2015
"Kwekwe",2015-12-18,NA,23.6,29.1,18.1,2015
"Kwekwe",2015-12-19,NA,22.7,28.4,17,2015
"Kwekwe",2015-12-20,NA,20.7,24.3,17.1,2015
"Kwekwe",2015-12-21,NA,20.25,25.9,14.6,2015
"Kwekwe",2015-12-22,NA,19.1,27.4,10.8,2015
"Kwekwe",2015-12-23,NA,20.05,28.7,11.4,2015
"Kwekwe",2015-12-24,NA,21.9,29.9,13.9,2015
"Kwekwe",2015-12-25,NA,23.4,30.1,16.7,2015
"Kwekwe",2015-12-26,NA,23.6,30.8,16.4,2015
"Kwekwe",2015-12-27,NA,23.6,30.7,16.5,2015
"Kwekwe",2015-12-28,NA,23.4,30.7,16.1,2015
"Kwekwe",2015-12-29,NA,25.2,32.2,18.2,2015
"Kwekwe",2015-12-30,NA,22.8,28.4,17.2,2015
"Kwekwe",2015-12-31,NA,23.1,27.8,18.4,2015
"Kwekwe",2016-01-01,NA,23.35,27.9,18.8,2016
"Kwekwe",2016-01-02,NA,23.65,27.6,19.7,2016
"Kwekwe",2016-01-03,NA,22.55,27.3,17.8,2016
"Kwekwe",2016-01-04,NA,23.6,27.8,19.4,2016
"Kwekwe",2016-01-05,NA,21.25,24.9,17.6,2016
"Kwekwe",2016-01-06,NA,22.5,27,18,2016
"Kwekwe",2016-01-07,NA,21.7,25.5,17.9,2016
"Kwekwe",2016-01-08,NA,22.5,27.3,17.7,2016
"Kwekwe",2016-01-09,NA,22.25,25.6,18.9,2016
"Kwekwe",2016-01-10,NA,22.25,25.7,18.8,2016
"Kwekwe",2016-01-11,NA,19.7,21.6,17.8,2016
"Kwekwe",2016-01-12,NA,19,19.7,18.3,2016
"Kwekwe",2016-01-13,NA,20.75,24.3,17.2,2016
"Kwekwe",2016-01-14,NA,21.55,25.1,18,2016
"Kwekwe",2016-01-15,NA,21.85,26.8,16.9,2016
"Kwekwe",2016-01-16,NA,21.5,27.8,15.2,2016
"Kwekwe",2016-01-17,NA,21.2,26.2,16.2,2016
"Kwekwe",2016-01-18,NA,21.5,27.8,15.2,2016
"Kwekwe",2016-01-19,NA,21.7,30,13.4,2016
"Kwekwe",2016-01-20,NA,24.05,30.8,17.3,2016
"Kwekwe",2016-01-21,NA,22.4,27.1,17.7,2016
"Kwekwe",2016-01-22,NA,22.25,27.2,17.3,2016
"Kwekwe",2016-01-23,NA,22.8,28.3,17.3,2016
"Kwekwe",2016-01-24,NA,22.1,26.4,17.8,2016
"Kwekwe",2016-01-25,NA,22.05,26,18.1,2016
"Kwekwe",2016-01-26,NA,22.9,28,17.8,2016
"Kwekwe",2016-01-27,NA,22.65,27.4,17.9,2016
"Kwekwe",2016-01-28,NA,21.3,24.3,18.3,2016
"Kwekwe",2016-01-29,NA,21.65,26.6,16.7,2016
"Kwekwe",2016-01-30,NA,23.05,27.9,18.2,2016
"Kwekwe",2016-01-31,NA,23.15,28.2,18.1,2016
"Kwekwe",2016-02-01,NA,21.95,26.1,17.8,2016
"Kwekwe",2016-02-02,NA,22,25.4,18.6,2016
"Kwekwe",2016-02-03,NA,22.75,27.2,18.3,2016
"Kwekwe",2016-02-04,NA,21.35,23.5,19.2,2016
"Kwekwe",2016-02-05,NA,20.65,24.6,16.7,2016
"Kwekwe",2016-02-06,NA,21.85,26.5,17.2,2016
"Kwekwe",2016-02-07,NA,23.25,28.9,17.6,2016
"Kwekwe",2016-02-08,NA,23.75,28.1,19.4,2016
"Kwekwe",2016-02-09,NA,22.85,27.2,18.5,2016
"Kwekwe",2016-02-10,NA,22.4,26.9,17.9,2016
"Kwekwe",2016-02-11,NA,22.1,26.6,17.6,2016
"Kwekwe",2016-02-12,NA,22.3,26.8,17.8,2016
"Kwekwe",2016-02-13,NA,22.5,27.3,17.7,2016
"Kwekwe",2016-02-14,NA,22.7,28.1,17.3,2016
"Kwekwe",2016-02-15,NA,23.15,27.8,18.5,2016
"Kwekwe",2016-02-16,NA,21.45,25.7,17.2,2016
"Kwekwe",2016-02-17,NA,21.9,26.9,16.9,2016
"Kwekwe",2016-02-18,NA,21.8,27.2,16.4,2016
"Kwekwe",2016-02-19,NA,22.35,28.3,16.4,2016
"Kwekwe",2016-02-20,NA,24.05,29.9,18.2,2016
"Kwekwe",2016-02-21,NA,23.85,29.4,18.3,2016
"Kwekwe",2016-02-22,NA,21.9,27.3,16.5,2016
"Kwekwe",2016-02-23,NA,20.25,26.8,13.7,2016
"Kwekwe",2016-02-24,NA,22,28.3,15.7,2016
"Kwekwe",2016-02-25,NA,22.75,29.2,16.3,2016
"Kwekwe",2016-02-26,NA,22.85,26.9,18.8,2016
"Kwekwe",2016-02-27,NA,21.55,27.9,15.2,2016
"Kwekwe",2016-02-28,NA,23,28.7,17.3,2016
"Kwekwe",2016-03-01,NA,21.8,26.4,17.2,2016
"Kwekwe",2016-03-02,NA,21.5,25.8,17.2,2016
"Kwekwe",2016-03-03,NA,21.95,25.6,18.3,2016
"Kwekwe",2016-03-04,NA,17.5,18.9,16.1,2016
"Kwekwe",2016-03-05,NA,15.75,17.3,14.2,2016
"Kwekwe",2016-03-06,NA,16.5,19.7,13.3,2016
"Kwekwe",2016-03-07,NA,18.05,24.3,11.8,2016
"Kwekwe",2016-03-08,NA,18.6,22.3,14.9,2016
"Kwekwe",2016-03-09,NA,19.4,25,13.8,2016
"Kwekwe",2016-03-10,NA,20.45,26.7,14.2,2016
"Kwekwe",2016-03-11,NA,20.05,27.1,13,2016
"Kwekwe",2016-03-12,NA,20.9,27.3,14.5,2016
"Kwekwe",2016-03-13,NA,19.95,26.9,13,2016
"Kwekwe",2016-03-14,NA,20.5,27.9,13.1,2016
"Kwekwe",2016-03-15,NA,21.7,26.6,16.8,2016
"Kwekwe",2016-03-16,NA,20.25,25.9,14.6,2016
"Kwekwe",2016-03-17,NA,22.45,28.1,16.8,2016
"Kwekwe",2016-03-18,NA,21.75,27.8,15.7,2016
"Kwekwe",2016-03-19,NA,21.7,26.2,17.2,2016
"Kwekwe",2016-03-20,NA,21.95,27.3,16.6,2016
"Kwekwe",2016-03-21,NA,20.15,23.7,16.6,2016
"Kwekwe",2016-03-22,NA,22.45,27.3,17.6,2016
"Kwekwe",2016-03-23,NA,23.7,28.8,18.6,2016
"Kwekwe",2016-03-24,NA,23.3,29.7,16.9,2016
"Kwekwe",2016-03-25,NA,21.5,26.6,16.4,2016
"Kwekwe",2016-03-26,NA,20.15,28.1,12.2,2016
"Kwekwe",2016-03-27,NA,20.25,27.1,13.4,2016
"Kwekwe",2016-03-28,NA,21.75,28.4,15.1,2016
"Kwekwe",2016-03-29,NA,22.1,29,15.2,2016
"Kwekwe",2016-03-30,NA,21.4,28.4,14.4,2016
"Kwekwe",2016-03-31,NA,20.55,26.7,14.4,2016
"Kwekwe",2016-04-01,NA,20.55,26,15.1,2016
"Kwekwe",2016-04-02,NA,22.4,27.7,17.1,2016
"Kwekwe",2016-04-03,NA,22.2,27.7,16.7,2016
"Kwekwe",2016-04-04,NA,22.45,26.9,18,2016
"Kwekwe",2016-04-05,NA,19.8,25.5,14.1,2016
"Kwekwe",2016-04-06,NA,20.25,27.2,13.3,2016
"Kwekwe",2016-04-07,NA,20.75,27.4,14.1,2016
"Kwekwe",2016-04-08,NA,20.45,28.7,12.2,2016
"Kwekwe",2016-04-09,NA,21.25,28.9,13.6,2016
"Kwekwe",2016-04-10,NA,21.65,28.9,14.4,2016
"Kwekwe",2016-04-11,NA,18.85,21.1,16.6,2016
"Kwekwe",2016-04-12,NA,22.1,28.4,15.8,2016
"Kwekwe",2016-04-13,NA,22.85,28.9,16.8,2016
"Kwekwe",2016-04-14,NA,21.9,26.7,17.1,2016
"Kwekwe",2016-04-15,NA,21.9,27.7,16.1,2016
"Kwekwe",2016-04-16,NA,20.9,27.9,13.9,2016
"Kwekwe",2016-04-17,NA,20.05,27.8,12.3,2016
"Kwekwe",2016-04-18,NA,20.9,28.9,12.9,2016
"Kwekwe",2016-04-19,NA,21.8,29.6,14,2016
"Kwekwe",2016-04-20,NA,20.05,24.9,15.2,2016
"Kwekwe",2016-04-21,NA,18.75,22.9,14.6,2016
"Kwekwe",2016-04-22,NA,18.45,26.1,10.8,2016
"Kwekwe",2016-04-23,NA,18.1,25.6,10.6,2016
"Kwekwe",2016-04-24,NA,18.2,26.8,9.6,2016
"Kwekwe",2016-04-25,NA,17.55,25.4,9.7,2016
"Kwekwe",2016-04-26,NA,17.4,25.6,9.2,2016
"Kwekwe",2016-04-27,NA,17.85,25.1,10.6,2016
"Kwekwe",2016-04-28,NA,17.9,24,11.8,2016
"Kwekwe",2016-04-29,NA,16.75,23.4,10.1,2016
"Kwekwe",2016-04-30,NA,17.85,25.3,10.4,2016
"Kwekwe",2016-05-01,NA,16.9,26.1,7.7,2016
"Kwekwe",2016-05-02,NA,17.5,26.3,8.7,2016
"Kwekwe",2016-05-03,NA,16.55,25.9,7.2,2016
"Kwekwe",2016-05-04,NA,16.95,23.9,10,2016
"Kwekwe",2016-05-05,NA,16.55,24.9,8.2,2016
"Kwekwe",2016-05-06,NA,16.1,23.8,8.4,2016
"Kwekwe",2016-05-07,NA,17.25,21.6,12.9,2016
"Kwekwe",2016-05-08,NA,15.85,22.6,9.1,2016
"Kwekwe",2016-05-09,NA,15,22.8,7.2,2016
"Kwekwe",2016-05-10,NA,16,22.2,9.8,2016
"Kwekwe",2016-05-11,NA,15.1,21.6,8.6,2016
"Kwekwe",2016-05-12,NA,18.15,23.3,13,2016
"Kwekwe",2016-05-13,NA,18.5,25.5,11.5,2016
"Kwekwe",2016-05-14,NA,18.8,25.8,11.8,2016
"Kwekwe",2016-05-15,NA,18.4,24.9,11.9,2016
"Kwekwe",2016-05-16,NA,18.7,25.2,12.2,2016
"Kwekwe",2016-05-17,NA,18.85,26.7,11,2016
"Kwekwe",2016-05-18,NA,19.55,26.8,12.3,2016
"Kwekwe",2016-05-19,NA,19.2,27.4,11,2016
"Kwekwe",2016-05-20,NA,19.15,27.1,11.2,2016
"Kwekwe",2016-05-21,NA,17.25,27.3,7.2,2016
"Kwekwe",2016-05-22,NA,18.85,24.2,13.5,2016
"Kwekwe",2016-05-23,NA,15.8,21.7,9.9,2016
"Kwekwe",2016-05-24,NA,13.95,20.9,7,2016
"Kwekwe",2016-05-25,NA,14.85,22.6,7.1,2016
"Kwekwe",2016-05-26,NA,14.05,24.6,3.5,2016
"Kwekwe",2016-05-27,NA,14,25.1,2.9,2016
"Kwekwe",2016-05-28,NA,14.95,25.5,4.4,2016
"Kwekwe",2016-05-29,NA,16.3,25.7,6.9,2016
"Kwekwe",2016-05-30,NA,14.75,23.2,6.3,2016
"Kwekwe",2016-05-31,NA,14.75,22.8,6.7,2016
"Kwekwe",2016-06-01,NA,13.55,22.5,4.6,2016
"Kwekwe",2016-06-02,NA,14.55,22.4,6.7,2016
"Kwekwe",2016-06-03,NA,12.35,22.9,1.8,2016
"Kwekwe",2016-06-04,NA,12.85,22.8,2.9,2016
"Kwekwe",2016-06-05,NA,14.45,23.7,5.2,2016
"Kwekwe",2016-06-06,NA,13.15,23.9,2.4,2016
"Kwekwe",2016-06-07,NA,13.15,19,7.3,2016
"Kwekwe",2016-06-08,NA,12.05,19.1,5,2016
"Kwekwe",2016-06-09,NA,11.7,20,3.4,2016
"Kwekwe",2016-06-10,NA,12,19.9,4.1,2016
"Kwekwe",2016-06-11,NA,11.55,20.1,3,2016
"Kwekwe",2016-06-12,NA,12.65,21.5,3.8,2016
"Kwekwe",2016-06-13,NA,12.8,21,4.6,2016
"Kwekwe",2016-06-14,NA,13.85,22.4,5.3,2016
"Kwekwe",2016-06-15,NA,13.95,24.3,3.6,2016
"Kwekwe",2016-06-16,NA,13.2,20.2,6.2,2016
"Kwekwe",2016-06-17,NA,12.65,19.7,5.6,2016
"Kwekwe",2016-06-18,NA,13.35,20.6,6.1,2016
"Kwekwe",2016-06-19,NA,13.55,21.7,5.4,2016
"Kwekwe",2016-06-20,NA,14.6,22.4,6.8,2016
"Kwekwe",2016-06-21,NA,15.25,22.8,7.7,2016
"Kwekwe",2016-06-22,NA,15.9,22.6,9.2,2016
"Kwekwe",2016-06-23,NA,15.2,24.2,6.2,2016
"Kwekwe",2016-06-24,NA,15.1,24.9,5.3,2016
"Kwekwe",2016-06-25,NA,16.15,24.2,8.1,2016
"Kwekwe",2016-06-26,NA,14.3,25.4,3.2,2016
"Kwekwe",2016-06-27,NA,13.6,25,2.2,2016
"Kwekwe",2016-06-28,NA,13.85,24.6,3.1,2016
"Kwekwe",2016-06-29,NA,12.4,24.2,0.6,2016
"Kwekwe",2016-06-30,NA,12.25,22.8,1.7,2016
"Kwekwe",2016-07-01,NA,13.3,24.8,1.8,2016
"Kwekwe",2016-07-02,NA,13,24.7,1.3,2016
"Kwekwe",2016-07-03,NA,12.45,22,2.9,2016
"Kwekwe",2016-07-04,NA,13.3,20.8,5.8,2016
"Kwekwe",2016-07-05,NA,11.85,19.7,4,2016
"Kwekwe",2016-07-06,NA,12.15,20.7,3.6,2016
"Kwekwe",2016-07-07,NA,12.2,21,3.4,2016
"Kwekwe",2016-07-08,NA,13.4,20.5,6.3,2016
"Kwekwe",2016-07-09,NA,12.8,20.7,4.9,2016
"Kwekwe",2016-07-10,NA,12.6,22.4,2.8,2016
"Kwekwe",2016-07-11,NA,14.15,23.9,4.4,2016
"Kwekwe",2016-07-12,NA,14.5,22.9,6.1,2016
"Kwekwe",2016-07-13,NA,12.5,19.7,5.3,2016
"Kwekwe",2016-07-14,NA,14.65,20.2,9.1,2016
"Kwekwe",2016-07-15,NA,13.95,22.2,5.7,2016
"Kwekwe",2016-07-16,NA,13.2,23.9,2.5,2016
"Kwekwe",2016-07-17,NA,14.85,25.6,4.1,2016
"Kwekwe",2016-07-18,NA,15.55,21.3,9.8,2016
"Kwekwe",2016-07-19,NA,13.95,17.9,10,2016
"Kwekwe",2016-07-20,NA,11.3,19,3.6,2016
"Kwekwe",2016-07-21,NA,11.5,18.4,4.6,2016
"Kwekwe",2016-07-22,NA,9.55,17.7,1.4,2016
"Kwekwe",2016-07-23,NA,11.5,20.2,2.8,2016
"Kwekwe",2016-07-24,NA,10.35,20.1,0.6,2016
"Kwekwe",2016-07-25,NA,11.35,20.8,1.9,2016
"Kwekwe",2016-07-26,NA,12.8,21.8,3.8,2016
"Kwekwe",2016-07-27,NA,13.85,23.3,4.4,2016
"Kwekwe",2016-07-28,NA,14.25,25.7,2.8,2016
"Kwekwe",2016-07-29,NA,15.4,26.4,4.4,2016
"Kwekwe",2016-07-30,NA,12.2,21.8,2.6,2016
"Kwekwe",2016-07-31,NA,11.5,20.8,2.2,2016
"Kwekwe",2016-08-01,NA,12.8,22.4,3.2,2016
"Kwekwe",2016-08-02,NA,13.65,24.4,2.9,2016
"Kwekwe",2016-08-03,NA,13.9,24.6,3.2,2016
"Kwekwe",2016-08-04,NA,14.45,24.9,4,2016
"Kwekwe",2016-08-05,NA,13.85,23.3,4.4,2016
"Kwekwe",2016-08-06,NA,14.6,24.6,4.6,2016
"Kwekwe",2016-08-07,NA,14.5,26.1,2.9,2016
"Kwekwe",2016-08-08,NA,17,28,6,2016
"Kwekwe",2016-08-09,NA,14.95,23.1,6.8,2016
"Kwekwe",2016-08-10,NA,15.5,20.3,10.7,2016
"Kwekwe",2016-08-11,NA,13.9,22.1,5.7,2016
"Kwekwe",2016-08-12,NA,15.25,25.1,5.4,2016
"Kwekwe",2016-08-13,NA,14.55,26.4,2.7,2016
"Kwekwe",2016-08-14,NA,15.25,26.6,3.9,2016
"Kwekwe",2016-08-15,NA,17.25,26.1,8.4,2016
"Kwekwe",2016-08-16,NA,18.25,26.3,10.2,2016
"Kwekwe",2016-08-17,NA,18.05,27.7,8.4,2016
"Kwekwe",2016-08-18,NA,18.75,29.7,7.8,2016
"Kwekwe",2016-08-19,NA,18.4,26.9,9.9,2016
"Kwekwe",2016-08-20,NA,18.6,26,11.2,2016
"Kwekwe",2016-08-21,NA,17.1,26,8.2,2016
"Kwekwe",2016-08-22,NA,16.8,27.3,6.3,2016
"Kwekwe",2016-08-23,NA,16.7,28.2,5.2,2016
"Kwekwe",2016-08-24,NA,18.2,29.6,6.8,2016
"Kwekwe",2016-08-25,NA,19.7,30.1,9.3,2016
"Kwekwe",2016-08-26,NA,18.8,31.2,6.4,2016
"Kwekwe",2016-08-27,NA,19.05,29.5,8.6,2016
"Kwekwe",2016-08-28,NA,20.7,30.1,11.3,2016
"Kwekwe",2016-08-29,NA,21.15,29.6,12.7,2016
"Kwekwe",2016-08-30,NA,16,17.3,14.7,2016
"Kwekwe",2016-08-31,NA,14.9,20.9,8.9,2016
"Kwekwe",2016-09-01,NA,14.85,21,8.7,2016
"Kwekwe",2016-09-02,NA,13.65,20.7,6.6,2016
"Kwekwe",2016-09-03,NA,14.25,22.6,5.9,2016
"Kwekwe",2016-09-04,NA,14.7,25.3,4.1,2016
"Kwekwe",2016-09-05,NA,17.55,27,8.1,2016
"Kwekwe",2016-09-06,NA,17.4,29.3,5.5,2016
"Kwekwe",2016-09-07,NA,20.5,30.3,10.7,2016
"Kwekwe",2016-09-08,NA,19.55,27.6,11.5,2016
"Kwekwe",2016-09-09,NA,18.7,27.9,9.5,2016
"Kwekwe",2016-09-10,NA,19.65,30.4,8.9,2016
"Kwekwe",2016-09-11,NA,20.1,29,11.2,2016
"Kwekwe",2016-09-12,NA,19.5,25.8,13.2,2016
"Kwekwe",2016-09-13,NA,16.55,27.6,5.5,2016
"Kwekwe",2016-09-14,NA,19,30.5,7.5,2016
"Kwekwe",2016-09-15,NA,21.9,30.4,13.4,2016
"Kwekwe",2016-09-16,NA,12.35,16.1,8.6,2016
"Kwekwe",2016-09-17,NA,12.65,20,5.3,2016
"Kwekwe",2016-09-18,NA,11.85,17.2,6.5,2016
"Kwekwe",2016-09-19,NA,14.3,22.8,5.8,2016
"Kwekwe",2016-09-20,NA,15.5,26.3,4.7,2016
"Kwekwe",2016-09-21,NA,15.05,26.8,3.3,2016
"Kwekwe",2016-09-22,NA,17.2,26.6,7.8,2016
"Kwekwe",2016-09-23,NA,18.2,27.3,9.1,2016
"Kwekwe",2016-09-24,NA,18,26.9,9.1,2016
"Kwekwe",2016-09-25,NA,19.1,27.4,10.8,2016
"Kwekwe",2016-09-26,NA,21.35,28.3,14.4,2016
"Kwekwe",2016-09-27,NA,21.1,29.3,12.9,2016
"Kwekwe",2016-09-28,NA,20.95,31.1,10.8,2016
"Kwekwe",2016-09-29,NA,22.1,30.8,13.4,2016
"Kwekwe",2016-09-30,NA,20.65,26.6,14.7,2016
"Kwekwe",2016-10-01,NA,19.1,27.4,10.8,2016
"Kwekwe",2016-10-02,NA,19.6,29,10.2,2016
"Kwekwe",2016-10-03,NA,20.95,29.7,12.2,2016
"Kwekwe",2016-10-04,NA,21.75,30.9,12.6,2016
"Kwekwe",2016-10-05,NA,22.9,30.7,15.1,2016
"Kwekwe",2016-10-06,NA,22.75,30.5,15,2016
"Kwekwe",2016-10-07,NA,22.85,31,14.7,2016
"Kwekwe",2016-10-08,NA,23.15,32.1,14.2,2016
"Kwekwe",2016-10-09,NA,23.25,32.2,14.3,2016
"Kwekwe",2016-10-10,NA,23.9,33.1,14.7,2016
"Kwekwe",2016-10-11,NA,24.85,32.8,16.9,2016
"Kwekwe",2016-10-12,NA,22.75,28.2,17.3,2016
"Kwekwe",2016-10-13,NA,22.05,28.4,15.7,2016
"Kwekwe",2016-10-14,NA,21.1,29.5,12.7,2016
"Kwekwe",2016-10-15,NA,22.9,31.6,14.2,2016
"Kwekwe",2016-10-16,NA,23.2,33.1,13.3,2016
"Kwekwe",2016-10-17,NA,22.95,33.9,12,2016
"Kwekwe",2016-10-18,NA,24.8,33.1,16.5,2016
"Kwekwe",2016-10-19,NA,23.15,32.1,14.2,2016
"Kwekwe",2016-10-20,NA,24.1,30.7,17.5,2016
"Kwekwe",2016-10-21,NA,22.75,27.7,17.8,2016
"Kwekwe",2016-10-22,NA,23.9,29.8,18,2016
"Kwekwe",2016-10-23,NA,23.25,28.7,17.8,2016
"Kwekwe",2016-10-24,NA,23.85,31.2,16.5,2016
"Kwekwe",2016-10-25,NA,22.35,30.6,14.1,2016
"Kwekwe",2016-10-26,NA,23.15,30.4,15.9,2016
"Kwekwe",2016-10-27,NA,22.8,30.9,14.7,2016
"Kwekwe",2016-10-28,NA,23.5,34.1,12.9,2016
"Kwekwe",2016-10-29,NA,25.35,34.6,16.1,2016
"Kwekwe",2016-10-30,NA,24.3,35.8,12.8,2016
"Kwekwe",2016-10-31,NA,26.4,35.9,16.9,2016
"Kwekwe",2016-11-01,NA,26.85,34.1,19.6,2016
"Kwekwe",2016-11-02,NA,25.45,32.6,18.3,2016
"Kwekwe",2016-11-03,NA,23.7,32.4,15,2016
"Kwekwe",2016-11-04,NA,25.35,32.8,17.9,2016
"Kwekwe",2016-11-05,NA,25.2,32.1,18.3,2016
"Kwekwe",2016-11-06,NA,24.75,31.7,17.8,2016
"Kwekwe",2016-11-07,NA,24.55,31,18.1,2016
"Kwekwe",2016-11-08,NA,23.85,30.5,17.2,2016
"Kwekwe",2016-11-09,NA,21.55,26,17.1,2016
"Kwekwe",2016-11-10,NA,23.9,30.6,17.2,2016
"Kwekwe",2016-11-11,NA,21.3,25.3,17.3,2016
"Kwekwe",2016-11-12,NA,23.45,30.5,16.4,2016
"Kwekwe",2016-11-13,NA,24.45,31.1,17.8,2016
"Kwekwe",2016-11-14,NA,24.75,30.9,18.6,2016
"Kwekwe",2016-11-15,NA,21.1,24.1,18.1,2016
"Kwekwe",2016-11-16,NA,21.8,26.9,16.7,2016
"Kwekwe",2016-11-17,NA,23.6,31.1,16.1,2016
"Kwekwe",2016-11-18,NA,24.5,31.6,17.4,2016
"Kwekwe",2016-11-19,NA,23.95,32.1,15.8,2016
"Kwekwe",2016-11-20,NA,24.35,31.4,17.3,2016
"Kwekwe",2016-11-21,NA,24.25,29.9,18.6,2016
"Kwekwe",2016-11-22,NA,22.75,26.6,18.9,2016
"Kwekwe",2016-11-23,NA,20.75,24.9,16.6,2016
"Kwekwe",2016-11-24,NA,20.65,25.5,15.8,2016
"Kwekwe",2016-11-25,NA,22.1,26.8,17.4,2016
"Kwekwe",2016-11-26,NA,22.95,27.6,18.3,2016
"Kwekwe",2016-11-27,NA,22.2,26.8,17.6,2016
"Kwekwe",2016-11-28,NA,22.15,27.4,16.9,2016
"Kwekwe",2016-11-29,NA,22,26.7,17.3,2016
"Kwekwe",2016-11-30,NA,22.9,29.6,16.2,2016
"Kwekwe",2016-12-01,NA,21.25,25.7,16.8,2016
"Kwekwe",2016-12-02,NA,21.7,26.2,17.2,2016
"Kwekwe",2016-12-03,NA,23.85,30.1,17.6,2016
"Kwekwe",2016-12-04,NA,22.95,29.1,16.8,2016
"Kwekwe",2016-12-05,NA,22.5,28.6,16.4,2016
"Kwekwe",2016-12-06,NA,21.35,26,16.7,2016
"Kwekwe",2016-12-07,NA,20.15,26.4,13.9,2016
"Kwekwe",2016-12-08,NA,22.15,29.4,14.9,2016
"Kwekwe",2016-12-09,NA,22.85,30.1,15.6,2016
"Kwekwe",2016-12-10,NA,22.8,27.2,18.4,2016
"Kwekwe",2016-12-11,NA,20.75,24.3,17.2,2016
"Kwekwe",2016-12-12,NA,22.6,28.4,16.8,2016
"Kwekwe",2016-12-13,NA,22.8,28.8,16.8,2016
"Kwekwe",2016-12-14,NA,22.45,25.6,19.3,2016
"Kwekwe",2016-12-15,NA,21.3,26.4,16.2,2016
"Kwekwe",2016-12-16,NA,22.6,27.4,17.8,2016
"Kwekwe",2016-12-17,NA,22.3,26,18.6,2016
"Kwekwe",2016-12-18,NA,21.1,24.6,17.6,2016
"Kwekwe",2016-12-19,NA,20.95,24.2,17.7,2016
"Kwekwe",2016-12-20,NA,21.05,25.1,17,2016
"Kwekwe",2016-12-21,NA,23.85,29.4,18.3,2016
"Kwekwe",2016-12-22,NA,22.6,28.8,16.4,2016
"Kwekwe",2016-12-23,NA,23.55,29.5,17.6,2016
"Kwekwe",2016-12-24,NA,21.15,25,17.3,2016
"Kwekwe",2016-12-25,NA,23.35,29.1,17.6,2016
"Kwekwe",2016-12-26,NA,22.65,29.2,16.1,2016
"Kwekwe",2016-12-27,NA,23.05,30,16.1,2016
"Kwekwe",2016-12-28,NA,22.2,29.9,14.5,2016
"Kwekwe",2016-12-29,NA,21.8,30.3,13.3,2016
"Kwekwe",2016-12-30,NA,22.25,30.9,13.6,2016
"Kwekwe",2016-12-31,NA,22.9,31.9,13.9,2016
"Kwekwe",2017-01-01,NA,23.8,30.4,17.2,2017
"Kwekwe",2017-01-02,NA,23.85,28.9,18.8,2017
"Kwekwe",2017-01-03,NA,23.05,27.8,18.3,2017
"Kwekwe",2017-01-04,NA,23.15,29.5,16.8,2017
"Kwekwe",2017-01-05,NA,22.85,27.9,17.8,2017
"Kwekwe",2017-01-06,NA,22.6,28.1,17.1,2017
"Kwekwe",2017-01-07,NA,23.6,29.8,17.4,2017
"Kwekwe",2017-01-08,NA,23.15,29.4,16.9,2017
"Kwekwe",2017-01-09,NA,23.8,30.3,17.3,2017
"Kwekwe",2017-01-10,NA,24.95,30.7,19.2,2017
"Kwekwe",2017-01-11,NA,21.5,24.8,18.2,2017
"Kwekwe",2017-01-12,NA,22.4,27,17.8,2017
"Kwekwe",2017-01-13,NA,23.25,29.6,16.9,2017
"Kwekwe",2017-01-14,NA,23.05,27.2,18.9,2017
"Kwekwe",2017-01-15,NA,21.8,25.6,18,2017
"Kwekwe",2017-01-16,NA,20.75,23.6,17.9,2017
"Kwekwe",2017-01-17,NA,19.6,22.3,16.9,2017
"Kwekwe",2017-01-18,NA,20.15,24.7,15.6,2017
"Kwekwe",2017-01-19,NA,19.05,23.2,14.9,2017
"Kwekwe",2017-01-20,NA,18.95,26.6,11.3,2017
"Kwekwe",2017-01-21,NA,20.4,28.9,11.9,2017
"Kwekwe",2017-01-22,NA,21.5,30.5,12.5,2017
"Kwekwe",2017-01-23,NA,23.15,28.3,18,2017
"Kwekwe",2017-01-24,NA,22.1,29.8,14.4,2017
"Kwekwe",2017-01-25,NA,23.5,31.4,15.6,2017
"Kwekwe",2017-01-26,NA,23.3,30.3,16.3,2017
"Kwekwe",2017-01-27,NA,23.7,29.9,17.5,2017
"Kwekwe",2017-01-28,NA,23.75,28.6,18.9,2017
"Kwekwe",2017-01-29,NA,21.4,27.9,14.9,2017
"Kwekwe",2017-01-30,NA,23.3,29.5,17.1,2017
"Kwekwe",2017-01-31,NA,22.25,29.9,14.6,2017
"Kwekwe",2017-02-01,NA,22.75,29.2,16.3,2017
"Kwekwe",2017-02-02,NA,23.7,31,16.4,2017
"Kwekwe",2017-02-03,NA,20.45,23.4,17.5,2017
"Kwekwe",2017-02-04,NA,22.45,27.8,17.1,2017
"Kwekwe",2017-02-05,NA,23.3,30,16.6,2017
"Kwekwe",2017-02-06,NA,23.3,28.7,17.9,2017
"Kwekwe",2017-02-07,NA,21.8,26.1,17.5,2017
"Kwekwe",2017-02-08,NA,23.3,28.3,18.3,2017
"Kwekwe",2017-02-09,NA,21.75,25.3,18.2,2017
"Kwekwe",2017-02-10,NA,21.45,26.3,16.6,2017
"Kwekwe",2017-02-11,NA,23.15,28.1,18.2,2017
"Kwekwe",2017-02-12,NA,21.75,26.4,17.1,2017
"Kwekwe",2017-02-13,NA,20.3,22.8,17.8,2017
"Kwekwe",2017-02-14,NA,21.8,25.7,17.9,2017
"Kwekwe",2017-02-15,NA,22.35,26.3,18.4,2017
"Kwekwe",2017-02-16,NA,22.3,28.4,16.2,2017
"Kwekwe",2017-02-17,NA,23.3,30.8,15.8,2017
"Kwekwe",2017-02-18,NA,23.3,31,15.6,2017
"Kwekwe",2017-02-19,NA,23.95,31.7,16.2,2017
"Kwekwe",2017-02-20,NA,23.3,31.9,14.7,2017
"Kwekwe",2017-02-21,NA,24.65,30.8,18.5,2017
"Kwekwe",2017-02-22,NA,23.4,29.4,17.4,2017
"Kwekwe",2017-02-23,NA,23.1,28.5,17.7,2017
"Kwekwe",2017-02-24,NA,22.75,28.1,17.4,2017
"Kwekwe",2017-02-25,NA,22.55,28.3,16.8,2017
"Kwekwe",2017-02-26,NA,21.4,26.4,16.4,2017
"Kwekwe",2017-02-27,NA,20.45,28.1,12.8,2017
"Kwekwe",2017-02-28,NA,19.35,28,10.7,2017
"Kwekwe",2017-03-01,NA,19.8,30.2,9.4,2017
"Kwekwe",2017-03-02,NA,22.6,31.9,13.3,2017
"Kwekwe",2017-03-03,NA,23.3,30.3,16.3,2017
"Kwekwe",2017-03-04,NA,22.8,29.7,15.9,2017
"Kwekwe",2017-03-05,NA,23.15,29.7,16.6,2017
"Kwekwe",2017-03-06,NA,22.85,29.6,16.1,2017
"Kwekwe",2017-03-07,NA,23.4,30.5,16.3,2017
"Kwekwe",2017-03-08,NA,23.2,28.1,18.3,2017
"Kwekwe",2017-03-09,NA,21.2,25.1,17.3,2017
"Kwekwe",2017-03-10,NA,19.55,23.4,15.7,2017
"Kwekwe",2017-03-11,NA,20.3,26.2,14.4,2017
"Kwekwe",2017-03-12,NA,21.1,28.4,13.8,2017
"Kwekwe",2017-03-13,NA,21.55,28.7,14.4,2017
"Kwekwe",2017-03-14,NA,22.5,29.6,15.4,2017
"Kwekwe",2017-03-15,NA,21.9,29.3,14.5,2017
"Kwekwe",2017-03-16,NA,21.7,30.1,13.3,2017
"Kwekwe",2017-03-17,NA,22.25,30.2,14.3,2017
"Kwekwe",2017-03-18,NA,22.7,30.2,15.2,2017
"Kwekwe",2017-03-19,NA,22,28.4,15.6,2017
"Kwekwe",2017-03-20,NA,21.05,25.2,16.9,2017
"Kwekwe",2017-03-21,NA,19.25,26.2,12.3,2017
"Kwekwe",2017-03-22,NA,19.75,28.1,11.4,2017
"Kwekwe",2017-03-23,NA,19.35,28,10.7,2017
"Kwekwe",2017-03-24,NA,19.9,29.3,10.5,2017
"Kwekwe",2017-03-25,NA,19.9,28.4,11.4,2017
"Kwekwe",2017-03-26,NA,19.2,28.2,10.2,2017
"Kwekwe",2017-03-27,NA,20.5,28.1,12.9,2017
"Kwekwe",2017-03-28,NA,20.05,29,11.1,2017
"Kwekwe",2017-03-29,NA,21.55,30.3,12.8,2017
"Kwekwe",2017-03-30,NA,17.6,19.9,15.3,2017
"Kwekwe",2017-03-31,NA,18.3,25.3,11.3,2017
"Kwekwe",2017-04-01,NA,18.8,27.8,9.8,2017
"Kwekwe",2017-04-02,NA,18.45,25.9,11,2017
"Kwekwe",2017-04-03,NA,18.25,25.3,11.2,2017
"Kwekwe",2017-04-04,NA,19.15,25.7,12.6,2017
"Kwekwe",2017-04-05,NA,19.6,28.4,10.8,2017
"Kwekwe",2017-04-06,NA,19.55,27.4,11.7,2017
"Kwekwe",2017-04-07,NA,19.25,27.9,10.6,2017
"Kwekwe",2017-04-08,NA,18.85,28.8,8.9,2017
"Kwekwe",2017-04-09,NA,20.9,30,11.8,2017
"Kwekwe",2017-04-10,NA,22.5,30.3,14.7,2017
"Kwekwe",2017-04-11,NA,21.85,27.9,15.8,2017
"Kwekwe",2017-04-12,NA,19.9,25.9,13.9,2017
"Kwekwe",2017-04-13,NA,18.9,25.4,12.4,2017
"Kwekwe",2017-04-14,NA,19.35,25.9,12.8,2017
"Kwekwe",2017-04-15,NA,20.25,25.2,15.3,2017
"Kwekwe",2017-04-16,NA,18.75,23.8,13.7,2017
"Kwekwe",2017-04-17,NA,19.3,26.7,11.9,2017
"Kwekwe",2017-04-18,NA,20.5,27.8,13.2,2017
"Kwekwe",2017-04-19,NA,20.75,29.1,12.4,2017
"Kwekwe",2017-04-20,NA,22.55,30.7,14.4,2017
"Kwekwe",2017-04-21,NA,21.55,26.9,16.2,2017
"Kwekwe",2017-04-22,NA,22.35,29,15.7,2017
"Kwekwe",2017-04-23,NA,22.6,30.8,14.4,2017
"Kwekwe",2017-04-24,NA,22.6,30.4,14.8,2017
"Kwekwe",2017-04-25,NA,21.6,30.9,12.3,2017
"Kwekwe",2017-04-26,NA,21.55,30.8,12.3,2017
"Kwekwe",2017-04-27,NA,22.2,28.9,15.5,2017
"Kwekwe",2017-04-28,NA,20.7,28.2,13.2,2017
"Kwekwe",2017-04-29,NA,19.9,26.9,12.9,2017
"Kwekwe",2017-04-30,NA,19.5,27.7,11.3,2017
"Kwekwe",2017-05-01,NA,20.75,28.6,12.9,2017
"Kwekwe",2017-05-02,NA,19.6,29.4,9.8,2017
"Kwekwe",2017-05-03,NA,20.1,28.9,11.3,2017
"Kwekwe",2017-05-04,NA,20.6,29.4,11.8,2017
"Kwekwe",2017-05-05,NA,20.3,28.8,11.8,2017
"Kwekwe",2017-05-06,NA,16.95,27.2,6.7,2017
"Kwekwe",2017-05-07,NA,17.35,25.9,8.8,2017
"Kwekwe",2017-05-08,NA,17.35,25.8,8.9,2017
"Kwekwe",2017-05-09,NA,17,24.3,9.7,2017
"Kwekwe",2017-05-10,NA,17.05,24.4,9.7,2017
"Kwekwe",2017-05-11,NA,15.65,24.6,6.7,2017
"Kwekwe",2017-05-12,NA,16.25,24.7,7.8,2017
"Kwekwe",2017-05-13,NA,15.4,26.2,4.6,2017
"Kwekwe",2017-05-14,NA,18.2,27.5,8.9,2017
"Kwekwe",2017-05-15,NA,18.8,27.6,10,2017
"Kwekwe",2017-05-16,NA,18.75,28.4,9.1,2017
"Kwekwe",2017-05-17,NA,20.95,30.1,11.8,2017
"Kwekwe",2017-05-18,NA,20.9,29.6,12.2,2017
"Kwekwe",2017-05-19,NA,20.65,30.2,11.1,2017
"Kwekwe",2017-05-20,NA,20.3,29.6,11,2017
"Kwekwe",2017-05-21,NA,19.15,28.4,9.9,2017
"Kwekwe",2017-05-22,NA,16.4,24.9,7.9,2017
"Kwekwe",2017-05-23,NA,15,26.2,3.8,2017
"Kwekwe",2017-05-24,NA,18.05,26.3,9.8,2017
"Kwekwe",2017-05-25,NA,18.15,25.6,10.7,2017
"Kwekwe",2017-05-26,NA,18.3,27.2,9.4,2017
"Kwekwe",2017-05-27,NA,17.85,25.9,9.8,2017
"Kwekwe",2017-05-28,NA,15.15,25.6,4.7,2017
"Kwekwe",2017-05-29,NA,14.85,26.8,2.9,2017
"Kwekwe",2017-05-30,NA,17,27.1,6.9,2017
"Kwekwe",2017-05-31,NA,15,26.4,3.6,2017
"Kwekwe",2017-06-01,NA,16.3,26.9,5.7,2017
"Kwekwe",2017-06-02,NA,17.8,25.3,10.3,2017
"Kwekwe",2017-06-03,NA,17.25,24.9,9.6,2017
"Kwekwe",2017-06-04,NA,17.1,24.6,9.6,2017
"Kwekwe",2017-06-05,NA,14.25,21.8,6.7,2017
"Kwekwe",2017-06-06,NA,12.9,20.8,5,2017
"Kwekwe",2017-06-07,NA,12.9,22.2,3.6,2017
"Kwekwe",2017-06-08,NA,11.95,22.3,1.6,2017
"Kwekwe",2017-06-09,NA,12.2,19.4,5,2017
"Kwekwe",2017-06-10,NA,11.15,18.9,3.4,2017
"Kwekwe",2017-06-11,NA,14,22.1,5.9,2017
"Kwekwe",2017-06-12,NA,13.55,23.6,3.5,2017
"Kwekwe",2017-06-13,NA,15.6,22.4,8.8,2017
"Kwekwe",2017-06-14,NA,12.35,22.9,1.8,2017
"Kwekwe",2017-06-15,NA,11.7,22.3,1.1,2017
"Kwekwe",2017-06-16,NA,11.6,22.4,0.8,2017
"Kwekwe",2017-06-17,NA,13.1,22.8,3.4,2017
"Kwekwe",2017-06-18,NA,13.55,20.4,6.7,2017
"Kwekwe",2017-06-19,NA,10.75,12.7,8.8,2017
"Kwekwe",2017-06-20,NA,10.75,15.4,6.1,2017
"Kwekwe",2017-06-21,NA,9.9,17.1,2.7,2017
"Kwekwe",2017-06-22,NA,9.8,17.8,1.8,2017
"Kwekwe",2017-06-23,NA,10.55,19.4,1.7,2017
"Kwekwe",2017-06-24,NA,11.3,21.9,0.7,2017
"Kwekwe",2017-06-25,NA,NA,24.4,NA,2017
"Kwekwe",2017-06-26,NA,14.4,26.6,2.2,2017
"Kwekwe",2017-06-27,NA,14.4,27.6,1.2,2017
"Kwekwe",2017-06-28,NA,14.15,26.6,1.7,2017
"Kwekwe",2017-06-29,NA,14.9,25.1,4.7,2017
"Kwekwe",2017-06-30,NA,14.05,24.6,3.5,2017
"Kwekwe",2017-07-01,NA,13.85,23.6,4.1,2017
"Kwekwe",2017-07-02,NA,12.4,24.3,0.5,2017
"Kwekwe",2017-07-03,NA,14.25,24.2,4.3,2017
"Kwekwe",2017-07-04,NA,15.6,23.3,7.9,2017
"Kwekwe",2017-07-05,NA,13.6,21.9,5.3,2017
"Kwekwe",2017-07-06,NA,13.1,20.6,5.6,2017
"Kwekwe",2017-07-07,NA,15.35,20.8,9.9,2017
"Kwekwe",2017-07-08,NA,14.5,24.9,4.1,2017
"Kwekwe",2017-07-09,NA,14.55,25.9,3.2,2017
"Kwekwe",2017-07-10,NA,16.75,26.3,7.2,2017
"Kwekwe",2017-07-11,NA,15.9,23.4,8.4,2017
"Kwekwe",2017-07-12,NA,14.7,23.3,6.1,2017
"Kwekwe",2017-07-13,NA,14.2,22.3,6.1,2017
"Kwekwe",2017-07-14,NA,11.4,21.1,1.7,2017
"Kwekwe",2017-07-15,NA,14,23,5,2017
"Kwekwe",2017-07-16,NA,12.6,24.2,1,2017
"Kwekwe",2017-07-17,NA,13.45,25.8,1.1,2017
"Kwekwe",2017-07-18,NA,15.5,26,5,2017
"Kwekwe",2017-07-19,NA,16.35,24.9,7.8,2017
"Kwekwe",2017-07-20,NA,15.55,25.6,5.5,2017
"Kwekwe",2017-07-21,NA,14.8,26.4,3.2,2017
"Kwekwe",2017-07-22,NA,12.05,17.7,6.4,2017
"Kwekwe",2017-07-23,NA,11.95,19.8,4.1,2017
"Kwekwe",2017-07-24,NA,13.4,23.5,3.3,2017
"Kwekwe",2017-07-25,NA,13.95,24,3.9,2017
"Kwekwe",2017-07-26,NA,12.15,23.5,0.8,2017
"Kwekwe",2017-07-27,NA,13.8,25.4,2.2,2017
"Kwekwe",2017-07-28,NA,14.9,24,5.8,2017
"Kwekwe",2017-07-29,NA,14.3,25.1,3.5,2017
"Kwekwe",2017-07-30,NA,12.6,24.9,0.3,2017
"Kwekwe",2017-07-31,NA,13.45,24.1,2.8,2017
"Kwekwe",2017-08-01,NA,13.85,25.8,1.9,2017
"Kwekwe",2017-08-02,NA,15.3,28.7,1.9,2017
"Kwekwe",2017-08-03,NA,17.55,29,6.1,2017
"Kwekwe",2017-08-04,NA,17.45,29.3,5.6,2017
"Kwekwe",2017-08-05,NA,19.45,28.3,10.6,2017
"Kwekwe",2017-08-06,NA,16.85,29.3,4.4,2017
"Kwekwe",2017-08-07,NA,16.55,28,5.1,2017
"Kwekwe",2017-08-08,NA,16.45,27.3,5.6,2017
"Kwekwe",2017-08-09,NA,15.6,27.1,4.1,2017
"Kwekwe",2017-08-10,NA,15.4,27.4,3.4,2017
"Kwekwe",2017-08-11,NA,15.85,23.6,8.1,2017
"Kwekwe",2017-08-12,NA,14.45,20.7,8.2,2017
"Kwekwe",2017-08-13,NA,15.1,20.2,10,2017
"Kwekwe",2017-08-14,NA,13.75,21.3,6.2,2017
"Kwekwe",2017-08-15,NA,14.25,22.4,6.1,2017
"Kwekwe",2017-08-16,NA,15.05,23.4,6.7,2017
"Kwekwe",2017-08-17,NA,14.5,22.9,6.1,2017
"Kwekwe",2017-08-18,NA,14.35,22.9,5.8,2017
"Kwekwe",2017-08-19,NA,15,23.6,6.4,2017
"Kwekwe",2017-08-20,NA,14.85,23.6,6.1,2017
"Kwekwe",2017-08-21,NA,15.85,24.2,7.5,2017
"Kwekwe",2017-08-22,NA,16.4,25.6,7.2,2017
"Kwekwe",2017-08-23,NA,15.1,26.6,3.6,2017
"Kwekwe",2017-08-24,NA,16.3,23.5,9.1,2017
"Kwekwe",2017-08-25,NA,16.85,25.9,7.8,2017
"Kwekwe",2017-08-26,NA,17.8,27.5,8.1,2017
"Kwekwe",2017-08-27,NA,19.9,28.5,11.3,2017
"Kwekwe",2017-08-28,NA,20.2,29.5,10.9,2017
"Kwekwe",2017-08-29,NA,21.1,30.2,12,2017
"Kwekwe",2017-08-30,NA,22.05,30.3,13.8,2017
"Kwekwe",2017-08-31,NA,20.85,30,11.7,2017
"Kwekwe",2017-09-01,NA,20.55,31.2,9.9,2017
"Kwekwe",2017-09-02,NA,20.35,31.8,8.9,2017
"Kwekwe",2017-09-03,NA,20.65,30.2,11.1,2017
"Kwekwe",2017-09-04,NA,19,29.3,8.7,2017
"Kwekwe",2017-09-05,NA,19.6,29.6,9.6,2017
"Kwekwe",2017-09-06,NA,18,29.7,6.3,2017
"Kwekwe",2017-09-07,NA,19.9,28.6,11.2,2017
"Kwekwe",2017-09-08,NA,19.55,31.3,7.8,2017
"Kwekwe",2017-09-09,NA,20.8,31.5,10.1,2017
"Kwekwe",2017-09-10,NA,20.05,29.1,11,2017
"Kwekwe",2017-09-11,NA,19.4,29.6,9.2,2017
"Kwekwe",2017-09-12,NA,19.75,30.9,8.6,2017
"Kwekwe",2017-09-13,NA,20.2,31.8,8.6,2017
"Kwekwe",2017-09-14,NA,22.1,30.5,13.7,2017
"Kwekwe",2017-09-15,NA,20.9,29.6,12.2,2017
"Kwekwe",2017-09-16,NA,20.6,28.4,12.8,2017
"Kwekwe",2017-09-17,NA,18.95,26.2,11.7,2017
"Kwekwe",2017-09-18,NA,17.4,22.6,12.2,2017
"Kwekwe",2017-09-19,NA,19.7,26.9,12.5,2017
"Kwekwe",2017-09-20,NA,21.1,29.8,12.4,2017
"Kwekwe",2017-09-21,NA,21.7,30.1,13.3,2017
"Kwekwe",2017-09-22,NA,22.75,31.9,13.6,2017
"Kwekwe",2017-09-23,NA,22.1,32.4,11.8,2017
"Kwekwe",2017-09-24,NA,21.95,31.5,12.4,2017
"Kwekwe",2017-09-25,NA,23.6,32.1,15.1,2017
"Kwekwe",2017-09-26,NA,22.25,33.1,11.4,2017
"Kwekwe",2017-09-27,NA,23.15,31.1,15.2,2017
"Kwekwe",2017-09-28,NA,20.05,25.9,14.2,2017
"Kwekwe",2017-09-29,NA,18.45,22.2,14.7,2017
"Kwekwe",2017-09-30,NA,17.85,26.6,9.1,2017
"Kwekwe",2017-10-01,NA,18.85,27.1,10.6,2017
"Kwekwe",2017-10-02,NA,21.25,31.1,11.4,2017
"Kwekwe",2017-10-03,NA,22.55,32.3,12.8,2017
"Kwekwe",2017-10-04,NA,22.95,33,12.9,2017
"Kwekwe",2017-10-05,NA,24.1,34.1,14.1,2017
"Kwekwe",2017-10-06,NA,23.15,33.1,13.2,2017
"Kwekwe",2017-10-07,NA,23.5,33,14,2017
"Kwekwe",2017-10-08,NA,23.05,32.2,13.9,2017
"Kwekwe",2017-10-09,NA,23.65,33.7,13.6,2017
"Kwekwe",2017-10-10,NA,24.7,31.6,17.8,2017
"Kwekwe",2017-10-11,NA,21.45,29.6,13.3,2017
"Kwekwe",2017-10-12,NA,20.65,27.9,13.4,2017
"Kwekwe",2017-10-13,NA,22.3,29.9,14.7,2017
"Kwekwe",2017-10-14,NA,23.7,32.1,15.3,2017
"Kwekwe",2017-10-15,NA,23.7,32.7,14.7,2017
"Kwekwe",2017-10-16,NA,24.45,30.3,18.6,2017
"Kwekwe",2017-10-17,NA,24.25,32.4,16.1,2017
"Kwekwe",2017-10-18,NA,23.8,32.2,15.4,2017
"Kwekwe",2017-10-19,NA,24.15,31,17.3,2017
"Kwekwe",2017-10-20,NA,24.15,32.3,16,2017
"Kwekwe",2017-10-21,NA,23.9,32.8,15,2017
"Kwekwe",2017-10-22,NA,23.35,33.9,12.8,2017
"Kwekwe",2017-10-23,NA,23.55,35.4,11.7,2017
"Kwekwe",2017-10-24,NA,26.75,36,17.5,2017
"Kwekwe",2017-10-25,NA,27.8,36.2,19.4,2017
"Kwekwe",2017-10-26,NA,26.1,37.2,15,2017
"Kwekwe",2017-10-27,NA,27.35,38.1,16.6,2017
"Kwekwe",2017-10-28,NA,27,35.6,18.4,2017
"Kwekwe",2017-10-29,NA,26.4,35.3,17.5,2017
"Kwekwe",2017-10-30,NA,26.8,35,18.6,2017
"Kwekwe",2017-10-31,NA,25.5,31.4,19.6,2017
"Kwekwe",2017-11-01,NA,25.25,32.6,17.9,2017
"Kwekwe",2017-11-02,NA,26.25,33.1,19.4,2017
"Kwekwe",2017-11-03,NA,24,29.8,18.2,2017
"Kwekwe",2017-11-04,NA,23.85,31.6,16.1,2017
"Kwekwe",2017-11-05,NA,25.25,29.8,20.7,2017
"Kwekwe",2017-11-06,NA,20.55,22.7,18.4,2017
"Kwekwe",2017-11-07,NA,21.95,26.6,17.3,2017
"Kwekwe",2017-11-08,NA,18.9,21.4,16.4,2017
"Kwekwe",2017-11-09,NA,18.3,19.7,16.9,2017
"Kwekwe",2017-11-10,NA,17.9,18.9,16.9,2017
"Kwekwe",2017-11-11,NA,19.6,24.1,15.1,2017
"Kwekwe",2017-11-12,NA,20.15,26.2,14.1,2017
"Kwekwe",2017-11-13,NA,21.75,28.8,14.7,2017
"Kwekwe",2017-11-14,NA,22.45,28.8,16.1,2017
"Kwekwe",2017-11-15,NA,21.7,26.4,17,2017
"Kwekwe",2017-11-16,NA,19.85,26.9,12.8,2017
"Kwekwe",2017-11-17,NA,21.5,29.4,13.6,2017
"Kwekwe",2017-11-18,NA,22.95,30.8,15.1,2017
"Kwekwe",2017-11-19,NA,21.6,26.9,16.3,2017
"Kwekwe",2017-11-20,NA,23.3,29.5,17.1,2017
"Kwekwe",2017-11-21,NA,22.45,27.7,17.2,2017
"Kwekwe",2017-11-22,NA,21.4,25.7,17.1,2017
"Kwekwe",2017-11-23,NA,22.05,26.7,17.4,2017
"Kwekwe",2017-11-24,NA,20.45,26.1,14.8,2017
"Kwekwe",2017-11-25,NA,20.5,26.8,14.2,2017
"Kwekwe",2017-11-26,NA,21.25,28.1,14.4,2017
"Kwekwe",2017-11-27,NA,23.5,30.2,16.8,2017
"Kwekwe",2017-11-28,NA,24.1,31.5,16.7,2017
"Kwekwe",2017-11-29,NA,23.15,28.9,17.4,2017
"Kwekwe",2017-11-30,NA,22.5,29.2,15.8,2017
"Kwekwe",2017-12-01,NA,22.1,27,17.2,2017
"Kwekwe",2017-12-02,NA,22.25,28.8,15.7,2017
"Kwekwe",2017-12-03,NA,23.3,29.9,16.7,2017
"Kwekwe",2017-12-04,NA,24.5,29.9,19.1,2017
"Kwekwe",2017-12-05,NA,24.1,29.9,18.3,2017
"Kwekwe",2017-12-06,NA,21.7,25.9,17.5,2017
"Kwekwe",2017-12-07,NA,21.2,24.4,18,2017
"Kwekwe",2017-12-08,NA,20.1,23.2,17,2017
"Kwekwe",2017-12-09,NA,22.35,26.9,17.8,2017
"Kwekwe",2017-12-10,NA,21.55,25.6,17.5,2017
"Kwekwe",2017-12-11,NA,19.65,22.3,17,2017
"Kwekwe",2017-12-12,NA,21.45,26.2,16.7,2017
"Kwekwe",2017-12-13,NA,22.15,27.6,16.7,2017
"Kwekwe",2017-12-14,NA,23.85,29.6,18.1,2017
"Kwekwe",2017-12-15,NA,23.1,27.6,18.6,2017
"Kwekwe",2017-12-16,NA,23.3,28.5,18.1,2017
"Kwekwe",2017-12-17,NA,22.3,26.2,18.4,2017
"Kwekwe",2017-12-18,NA,20.6,23.8,17.4,2017
"Kwekwe",2017-12-19,NA,21.9,26.1,17.7,2017
"Kwekwe",2017-12-20,NA,22.2,26.8,17.6,2017
"Kwekwe",2017-12-21,NA,21.15,25.3,17,2017
"Kwekwe",2017-12-22,NA,23.6,28.4,18.8,2017
"Kwekwe",2017-12-23,NA,21.9,26,17.8,2017
"Kwekwe",2017-12-24,NA,21.45,25.1,17.8,2017
"Kwekwe",2017-12-25,NA,22.2,27.8,16.6,2017
"Kwekwe",2017-12-26,NA,23.5,28.3,18.7,2017
"Kwekwe",2017-12-27,NA,22.35,27.5,17.2,2017
"Kwekwe",2017-12-28,NA,22.85,28.8,16.9,2017
"Kwekwe",2017-12-29,NA,22.05,26.6,17.5,2017
"Kwekwe",2017-12-30,NA,21.95,24.4,19.5,2017
"Kwekwe",2017-12-31,NA,17.65,18.9,16.4,2017
"Masvingo",2014-07-01,0,15.75,25.3,6.2,2014
"Masvingo",2014-07-02,0,15.15,23,7.3,2014
"Masvingo",2014-07-03,0,14.2,24.4,4,2014
"Masvingo",2014-07-04,0,12.8,23.3,2.3,2014
"Masvingo",2014-07-05,0,12.8,22.3,3.3,2014
"Masvingo",2014-07-06,0,14.05,21.8,6.3,2014
"Masvingo",2014-07-07,0,13.95,17.5,10.4,2014
"Masvingo",2014-07-08,0,11.95,20,3.9,2014
"Masvingo",2014-07-09,0,10.95,15.7,6.2,2014
"Masvingo",2014-07-10,0,11.25,18.5,4,2014
"Masvingo",2014-07-11,0,11.15,20.4,1.9,2014
"Masvingo",2014-07-12,0,10.75,19.9,1.6,2014
"Masvingo",2014-07-13,0,11.45,21.1,1.8,2014
"Masvingo",2014-07-14,0,11.15,22.2,0.1,2014
"Masvingo",2014-07-15,0,12.8,23.8,1.8,2014
"Masvingo",2014-07-16,0,12.75,24.6,0.9,2014
"Masvingo",2014-07-17,0,12.6,20.8,4.4,2014
"Masvingo",2014-07-18,0,11.45,12.8,10.1,2014
"Masvingo",2014-07-19,0,12.5,16,9,2014
"Masvingo",2014-07-20,0,11.05,20.5,1.6,2014
"Masvingo",2014-07-21,0,11.75,21.8,1.7,2014
"Masvingo",2014-07-22,0,11.1,20,2.2,2014
"Masvingo",2014-07-23,0,12.2,21.1,3.3,2014
"Masvingo",2014-07-24,0,13.1,24.9,1.3,2014
"Masvingo",2014-07-25,0,17,25.9,8.1,2014
"Masvingo",2014-07-26,0,9.55,18.3,0.8,2014
"Masvingo",2014-07-27,0,10.35,20.3,0.4,2014
"Masvingo",2014-07-28,0,13.3,23.6,3,2014
"Masvingo",2014-07-29,0,12.3,21.8,2.8,2014
"Masvingo",2014-07-30,0,11.65,21.7,1.6,2014
"Masvingo",2014-07-31,0,12,20.8,3.2,2014
"Masvingo",2014-08-01,0,14.65,24.2,5.1,2014
"Masvingo",2014-08-02,0.3,15.05,25.5,4.6,2014
"Masvingo",2014-08-03,0,13.1,14.5,11.7,2014
"Masvingo",2014-08-04,0,13.2,22.6,3.8,2014
"Masvingo",2014-08-05,0,12.6,21.6,3.6,2014
"Masvingo",2014-08-06,0.5,12.65,14.9,10.4,2014
"Masvingo",2014-08-07,0,11,14.4,7.6,2014
"Masvingo",2014-08-08,0,12,21.3,2.7,2014
"Masvingo",2014-08-09,0,12.6,22.5,2.7,2014
"Masvingo",2014-08-10,0,14.75,25.6,3.9,2014
"Masvingo",2014-08-11,0,16.75,27.5,6,2014
"Masvingo",2014-08-12,0,16.1,26,6.2,2014
"Masvingo",2014-08-13,0,18.15,22.5,13.8,2014
"Masvingo",2014-08-14,0,15,23.3,6.7,2014
"Masvingo",2014-08-15,0,15.65,25.1,6.2,2014
"Masvingo",2014-08-16,0,17.55,29,6.1,2014
"Masvingo",2014-08-17,0,19.6,30,9.2,2014
"Masvingo",2014-08-18,0,20.9,31.1,10.7,2014
"Masvingo",2014-08-19,0,22.2,31.1,13.3,2014
"Masvingo",2014-08-20,0,21.45,29.6,13.3,2014
"Masvingo",2014-08-21,1.8,14.9,19,10.8,2014
"Masvingo",2014-08-22,0,16.4,22.2,10.6,2014
"Masvingo",2014-08-23,0,13.85,22.6,5.1,2014
"Masvingo",2014-08-24,0,15.9,24.7,7.1,2014
"Masvingo",2014-08-25,0.5,15.65,22.3,9,2014
"Masvingo",2014-08-26,0.5,15.65,18.5,12.8,2014
"Masvingo",2014-08-27,0.8,16.25,20.6,11.9,2014
"Masvingo",2014-08-28,0,15.55,23.3,7.8,2014
"Masvingo",2014-08-29,0,17.1,25.9,8.3,2014
"Masvingo",2014-08-30,0,19.1,25.7,12.5,2014
"Masvingo",2014-08-31,0,21,29.9,12.1,2014
"Masvingo",2014-09-01,3,14.3,15.3,13.3,2014
"Masvingo",2014-09-02,0,14.7,18.3,11.1,2014
"Masvingo",2014-09-03,0,17,24.9,9.1,2014
"Masvingo",2014-09-04,0,19.5,30,9,2014
"Masvingo",2014-09-05,0,17,26.9,7.1,2014
"Masvingo",2014-09-06,0,16.45,25.3,7.6,2014
"Masvingo",2014-09-07,0,15.75,25.4,6.1,2014
"Masvingo",2014-09-08,0,16.35,23.3,9.4,2014
"Masvingo",2014-09-09,0,16.65,26.9,6.4,2014
"Masvingo",2014-09-10,0,18.35,30.6,6.1,2014
"Masvingo",2014-09-11,0,20.15,32.4,7.9,2014
"Masvingo",2014-09-12,0,21.5,31.7,11.3,2014
"Masvingo",2014-09-13,0,21.1,30.3,11.9,2014
"Masvingo",2014-09-14,0,20.85,31.2,10.5,2014
"Masvingo",2014-09-15,0,20.2,31.4,9,2014
"Masvingo",2014-09-16,0,20.25,30,10.5,2014
"Masvingo",2014-09-17,0,21.1,32.6,9.6,2014
"Masvingo",2014-09-18,0,19.75,24.6,14.9,2014
"Masvingo",2014-09-19,0,19.85,27.6,12.1,2014
"Masvingo",2014-09-20,0,21.05,30,12.1,2014
"Masvingo",2014-09-21,0,21.25,28.9,13.6,2014
"Masvingo",2014-09-22,0,21.55,32.3,10.8,2014
"Masvingo",2014-09-23,0,22.9,31.4,14.4,2014
"Masvingo",2014-09-24,0,18,20.2,15.8,2014
"Masvingo",2014-09-25,0,21.1,27.4,14.8,2014
"Masvingo",2014-09-26,0,20.5,28.6,12.4,2014
"Masvingo",2014-09-27,0,22.05,31.9,12.2,2014
"Masvingo",2014-09-28,0,21.6,30.8,12.4,2014
"Masvingo",2014-09-29,0,21.75,31.7,11.8,2014
"Masvingo",2014-09-30,0,21.85,31.9,11.8,2014
"Masvingo",2014-10-01,0,22.95,32.4,13.5,2014
"Masvingo",2014-10-02,0,23.3,32.6,14,2014
"Masvingo",2014-10-03,0,23.7,34.4,13,2014
"Masvingo",2014-10-04,0,25.15,35.2,15.1,2014
"Masvingo",2014-10-05,0,25.15,33.3,17,2014
"Masvingo",2014-10-06,0,24.6,32.2,17,2014
"Masvingo",2014-10-07,0,15.5,16.6,14.4,2014
"Masvingo",2014-10-08,0,25.25,34.6,15.9,2014
"Masvingo",2014-10-09,0,26.55,37,16.1,2014
"Masvingo",2014-10-10,0,27.5,35.8,19.2,2014
"Masvingo",2014-10-11,0,23.35,29.9,16.8,2014
"Masvingo",2014-10-12,0,20.2,25.1,15.3,2014
"Masvingo",2014-10-13,0,22.7,31.5,13.9,2014
"Masvingo",2014-10-14,0,23.55,29.5,17.6,2014
"Masvingo",2014-10-15,3.3,25.35,35.2,15.5,2014
"Masvingo",2014-10-16,0,22.35,25.8,18.9,2014
"Masvingo",2014-10-17,2.8,23.9,29.6,18.2,2014
"Masvingo",2014-10-18,0,25.4,33.4,17.4,2014
"Masvingo",2014-10-19,0,24.55,32.4,16.7,2014
"Masvingo",2014-10-20,0,23.95,28.6,19.3,2014
"Masvingo",2014-10-21,0,23.35,29.9,16.8,2014
"Masvingo",2014-10-22,4.3,23.8,28.3,19.3,2014
"Masvingo",2014-10-23,0,21.8,27.6,16,2014
"Masvingo",2014-10-24,0,25,31.9,18.1,2014
"Masvingo",2014-10-25,0,23.85,28.3,19.4,2014
"Masvingo",2014-10-26,0,24.3,30.3,18.3,2014
"Masvingo",2014-10-27,26.4,23.9,31.4,16.4,2014
"Masvingo",2014-10-28,8.6,24.65,31.1,18.2,2014
"Masvingo",2014-10-29,1.8,19.65,21.7,17.6,2014
"Masvingo",2014-10-30,1,18.25,21.1,15.4,2014
"Masvingo",2014-10-31,20.8,21.65,26.1,17.2,2014
"Masvingo",2014-11-01,0.8,20.45,23.2,17.7,2014
"Masvingo",2014-11-02,1,14.95,16.6,13.3,2014
"Masvingo",2014-11-03,23.6,15.25,16.9,13.6,2014
"Masvingo",2014-11-04,3.8,19.15,24.3,14,2014
"Masvingo",2014-11-05,21.1,20.9,26.2,15.6,2014
"Masvingo",2014-11-06,1.8,22.8,28.8,16.8,2014
"Masvingo",2014-11-07,10.7,22.65,27.7,17.6,2014
"Masvingo",2014-11-08,0,15.25,17.3,13.2,2014
"Masvingo",2014-11-09,0,19.8,25.5,14.1,2014
"Masvingo",2014-11-10,0,23.5,30.9,16.1,2014
"Masvingo",2014-11-11,0.8,25.1,31.6,18.6,2014
"Masvingo",2014-11-12,0,18.35,23.5,13.2,2014
"Masvingo",2014-11-13,0,18.4,24.3,12.5,2014
"Masvingo",2014-11-14,0,20.2,26.9,13.5,2014
"Masvingo",2014-11-15,0,20.45,27.6,13.3,2014
"Masvingo",2014-11-16,0,21,27.7,14.3,2014
"Masvingo",2014-11-17,0,20.4,27.5,13.3,2014
"Masvingo",2014-11-18,0,22.55,31.7,13.4,2014
"Masvingo",2014-11-19,0,22.9,29.6,16.2,2014
"Masvingo",2014-11-20,0,24.35,32.1,16.6,2014
"Masvingo",2014-11-21,0,24.35,32.1,16.6,2014
"Masvingo",2014-11-22,0,24.2,32.9,15.5,2014
"Masvingo",2014-11-23,0,23.2,29.2,17.2,2014
"Masvingo",2014-11-24,0,24.1,32.5,15.7,2014
"Masvingo",2014-11-25,0,27.15,34.9,19.4,2014
"Masvingo",2014-11-26,0,27,33,21,2014
"Masvingo",2014-11-27,0,27.65,36.2,19.1,2014
"Masvingo",2014-11-28,0,21.05,24.4,17.7,2014
"Masvingo",2014-11-29,1,24.15,30.5,17.8,2014
"Masvingo",2014-11-30,0,24.9,31,18.8,2014
"Masvingo",2014-12-01,0,24.85,31.6,18.1,2014
"Masvingo",2014-12-02,59.9,25.4,31.4,19.4,2014
"Masvingo",2014-12-03,3,17.4,19.6,15.2,2014
"Masvingo",2014-12-04,1.3,17.5,19.4,15.6,2014
"Masvingo",2014-12-05,0,21.15,27.6,14.7,2014
"Masvingo",2014-12-06,0,21.75,29.8,13.7,2014
"Masvingo",2014-12-07,0,22.8,30.2,15.4,2014
"Masvingo",2014-12-08,0.3,24.55,32.7,16.4,2014
"Masvingo",2014-12-09,51.8,22.95,26,19.9,2014
"Masvingo",2014-12-10,0,22.1,26.7,17.5,2014
"Masvingo",2014-12-11,13.7,22.9,26.7,19.1,2014
"Masvingo",2014-12-12,0,23.65,28.8,18.5,2014
"Masvingo",2014-12-13,0,23.2,26.7,19.7,2014
"Masvingo",2014-12-14,0,22.3,27.1,17.5,2014
"Masvingo",2014-12-15,0,21.05,24.1,18,2014
"Masvingo",2014-12-16,0,19.8,25.2,14.4,2014
"Masvingo",2014-12-17,0,21.3,28.9,13.7,2014
"Masvingo",2014-12-18,0,22.85,30.7,15,2014
"Masvingo",2014-12-19,0,23.15,29.7,16.6,2014
"Masvingo",2014-12-20,2,23.8,31.8,15.8,2014
"Masvingo",2014-12-21,1,24.6,30.8,18.4,2014
"Masvingo",2014-12-22,0,24.3,30.9,17.7,2014
"Masvingo",2014-12-23,14,21.9,25.7,18.1,2014
"Masvingo",2014-12-24,39.4,22.15,26,18.3,2014
"Masvingo",2014-12-25,8.9,23.5,27.6,19.4,2014
"Masvingo",2014-12-26,0.3,23.95,28.5,19.4,2014
"Masvingo",2014-12-27,3.6,20.95,23.1,18.8,2014
"Masvingo",2014-12-28,0,19.45,23.4,15.5,2014
"Masvingo",2014-12-29,0,19.95,25.6,14.3,2014
"Masvingo",2014-12-30,0.5,19.25,26.3,12.2,2014
"Masvingo",2014-12-31,0.8,23.35,27.3,19.4,2014
"Masvingo",2015-01-01,11.7,22,24.9,19.1,2015
"Masvingo",2015-01-02,39.9,20.95,23.1,18.8,2015
"Masvingo",2015-01-03,21.8,21.85,24.6,19.1,2015
"Masvingo",2015-01-04,18,20.5,21.6,19.4,2015
"Masvingo",2015-01-05,26.4,21.75,24.7,18.8,2015
"Masvingo",2015-01-06,44.2,23.7,28.3,19.1,2015
"Masvingo",2015-01-07,37.6,20.9,23,18.8,2015
"Masvingo",2015-01-08,19.3,20.5,22.3,18.7,2015
"Masvingo",2015-01-09,1,17.8,20.3,15.3,2015
"Masvingo",2015-01-10,0,18.75,20.9,16.6,2015
"Masvingo",2015-01-11,0,19.4,23.6,15.2,2015
"Masvingo",2015-01-12,0,19.85,26.9,12.8,2015
"Masvingo",2015-01-13,0,20.7,27.1,14.3,2015
"Masvingo",2015-01-14,0,20.4,26.1,14.7,2015
"Masvingo",2015-01-15,0,22.3,29.1,15.5,2015
"Masvingo",2015-01-16,0,23.1,28.3,17.9,2015
"Masvingo",2015-01-17,0,23.25,29.2,17.3,2015
"Masvingo",2015-01-18,5.6,23.5,29.2,17.8,2015
"Masvingo",2015-01-19,1.8,23,27.1,18.9,2015
"Masvingo",2015-01-20,29,23.4,27.2,19.6,2015
"Masvingo",2015-01-21,2,24.3,29.2,19.4,2015
"Masvingo",2015-01-22,12.7,22.8,25.2,20.4,2015
"Masvingo",2015-01-23,17.8,23.9,29.4,18.4,2015
"Masvingo",2015-01-24,7.9,23.8,27.8,19.8,2015
"Masvingo",2015-01-25,20.3,21.8,24.2,19.4,2015
"Masvingo",2015-01-26,1.3,22.45,26.2,18.7,2015
"Masvingo",2015-01-27,0,23.15,27.9,18.4,2015
"Masvingo",2015-01-28,11.4,22.15,26.6,17.7,2015
"Masvingo",2015-01-29,1.5,20.95,23.4,18.5,2015
"Masvingo",2015-01-30,0,23.4,27.8,19,2015
"Masvingo",2015-01-31,0,23.55,27.9,19.2,2015
"Masvingo",2015-02-01,27.2,24,29.6,18.4,2015
"Masvingo",2015-02-02,8.6,20.35,22.5,18.2,2015
"Masvingo",2015-02-03,0,18,19.4,16.6,2015
"Masvingo",2015-02-04,0,19.55,22.4,16.7,2015
"Masvingo",2015-02-05,0,19.8,24.4,15.2,2015
"Masvingo",2015-02-06,0,18.85,25.4,12.3,2015
"Masvingo",2015-02-07,0,21.25,27.4,15.1,2015
"Masvingo",2015-02-08,39.6,23.7,28.6,18.8,2015
"Masvingo",2015-02-09,1.3,21.4,25.6,17.2,2015
"Masvingo",2015-02-10,0,21.95,25.6,18.3,2015
"Masvingo",2015-02-11,0.3,21.95,26.7,17.2,2015
"Masvingo",2015-02-12,0,22.7,28.7,16.7,2015
"Masvingo",2015-02-13,8.4,22.7,27.3,18.1,2015
"Masvingo",2015-02-14,0.5,21.95,25.5,18.4,2015
"Masvingo",2015-02-15,0,21.35,24.6,18.1,2015
"Masvingo",2015-02-16,0,20.25,24.9,15.6,2015
"Masvingo",2015-02-17,0,20.55,26.8,14.3,2015
"Masvingo",2015-02-18,0,21.15,26.5,15.8,2015
"Masvingo",2015-02-19,0,21.45,26.8,16.1,2015
"Masvingo",2015-02-20,0,22.15,28.3,16,2015
"Masvingo",2015-02-21,0,22.3,28.6,16,2015
"Masvingo",2015-02-22,0,22.7,29.1,16.3,2015
"Masvingo",2015-02-23,0,23.45,30.2,16.7,2015
"Masvingo",2015-02-24,0.5,22.8,27.3,18.3,2015
"Masvingo",2015-02-25,4.8,21.7,25.9,17.5,2015
"Masvingo",2015-02-26,3,20.2,23,17.4,2015
"Masvingo",2015-02-27,0,21.65,26.1,17.2,2015
"Masvingo",2015-02-28,4.1,24.5,30.2,18.8,2015
"Masvingo",NA,0,21.3,24.9,17.7,NA
"Masvingo",2015-03-01,26.9,22.3,27.5,17.1,2015
"Masvingo",2015-03-02,0,23.65,28.6,18.7,2015
"Masvingo",2015-03-03,0,21.3,25.5,17.1,2015
"Masvingo",2015-03-04,0,20.95,25.6,16.3,2015
"Masvingo",2015-03-05,0,21.05,27.1,15,2015
"Masvingo",2015-03-06,0,20.45,27.1,13.8,2015
"Masvingo",2015-03-07,0,20.65,26.9,14.4,2015
"Masvingo",2015-03-08,0,21.55,26.9,16.2,2015
"Masvingo",2015-03-09,0,20.15,27.1,13.2,2015
"Masvingo",2015-03-10,0,19.3,26.2,12.4,2015
"Masvingo",2015-03-11,0,18.6,26.8,10.4,2015
"Masvingo",2015-03-12,0,19.75,27.9,11.6,2015
"Masvingo",2015-03-13,0.5,18.7,25.7,11.7,2015
"Masvingo",2015-03-14,3.6,20.9,25.2,16.6,2015
"Masvingo",2015-03-15,0,21.3,26.5,16.1,2015
"Masvingo",2015-03-16,0,20.65,26.4,14.9,2015
"Masvingo",2015-03-17,0,20.05,25.2,14.9,2015
"Masvingo",2015-03-18,0,18.75,24.2,13.3,2015
"Masvingo",2015-03-19,0,20.35,25.4,15.3,2015
"Masvingo",2015-03-20,0,19.6,26.7,12.5,2015
"Masvingo",2015-03-21,0,20.55,29.4,11.7,2015
"Masvingo",2015-03-22,0,19.75,27.9,11.6,2015
"Masvingo",2015-03-23,0,21.55,30.4,12.7,2015
"Masvingo",2015-03-24,0,20.7,29.2,12.2,2015
"Masvingo",2015-03-25,0,22.05,31.6,12.5,2015
"Masvingo",2015-03-26,0,22.45,32.2,12.7,2015
"Masvingo",2015-03-27,0,20.75,28.8,12.7,2015
"Masvingo",2015-03-28,0,22.5,30,15,2015
"Masvingo",2015-03-29,0,22.3,28.1,16.5,2015
"Masvingo",2015-03-30,0,22.25,28.3,16.2,2015
"Masvingo",2015-03-31,0,21.25,27.4,15.1,2015
"Masvingo",2015-04-01,0,20.45,25.6,15.3,2015
"Masvingo",2015-04-02,0,20.35,30.3,10.4,2015
"Masvingo",2015-04-03,0,21.75,32.4,11.1,2015
"Masvingo",2015-04-04,0,23.3,32.8,13.8,2015
"Masvingo",2015-04-05,0,23.8,33.3,14.3,2015
"Masvingo",2015-04-06,0,22.2,30.3,14.1,2015
"Masvingo",2015-04-07,0,21.45,30.2,12.7,2015
"Masvingo",2015-04-08,0,21.65,30.5,12.8,2015
"Masvingo",2015-04-09,0,21.7,30.1,13.3,2015
"Masvingo",2015-04-10,0,21.4,30,12.8,2015
"Masvingo",2015-04-11,1.5,21.75,28.3,15.2,2015
"Masvingo",2015-04-12,0,20.15,23.8,16.5,2015
"Masvingo",2015-04-13,0,19.1,24.9,13.3,2015
"Masvingo",2015-04-14,0,18,26,10,2015
"Masvingo",2015-04-15,0,18.3,26.1,10.5,2015
"Masvingo",2015-04-16,0,20.8,30.8,10.8,2015
"Masvingo",2015-04-17,0,21.6,31.4,11.8,2015
"Masvingo",2015-04-18,8.6,22.15,30.2,14.1,2015
"Masvingo",2015-04-19,1.8,19.75,23.2,16.3,2015
"Masvingo",2015-04-20,2,17.05,19.8,14.3,2015
"Masvingo",2015-04-21,0,16.4,18.5,14.3,2015
"Masvingo",2015-04-22,0,16.5,24.7,8.3,2015
"Masvingo",2015-04-23,0,16.15,22.9,9.4,2015
"Masvingo",2015-04-24,0,16.4,23.9,8.9,2015
"Masvingo",2015-04-25,0,15.6,22.9,8.3,2015
"Masvingo",2015-04-26,0,18.65,25.1,12.2,2015
"Masvingo",2015-04-27,0,16.9,26.1,7.7,2015
"Masvingo",2015-04-28,0,16.45,25.7,7.2,2015
"Masvingo",2015-04-29,0,14.85,24.4,5.3,2015
"Masvingo",2015-04-30,0,15.6,25.6,5.6,2015
"Masvingo",2015-05-01,0,17.7,28.3,7.1,2015
"Masvingo",2015-05-02,0,20.1,30.2,10,2015
"Masvingo",2015-05-03,0,19.15,28.1,10.2,2015
"Masvingo",2015-05-04,0,17.75,28.8,6.7,2015
"Masvingo",2015-05-05,0,19.1,30.6,7.6,2015
"Masvingo",2015-05-06,0.3,19.05,31.4,6.7,2015
"Masvingo",2015-05-07,0.8,18.75,21.8,15.7,2015
"Masvingo",2015-05-08,8.1,13.45,15.7,11.2,2015
"Masvingo",2015-05-09,0,15,18.4,11.6,2015
"Masvingo",2015-05-10,0,15.65,24.2,7.1,2015
"Masvingo",2015-05-11,0,17.15,25.2,9.1,2015
"Masvingo",2015-05-12,0,16.35,24.9,7.8,2015
"Masvingo",2015-05-13,0,16.85,24.6,9.1,2015
"Masvingo",2015-05-14,0,15.3,23.9,6.7,2015
"Masvingo",2015-05-15,0,15.65,23.5,7.8,2015
"Masvingo",2015-05-16,0,14.85,24.7,5,2015
"Masvingo",2015-05-17,0,15.05,25.2,4.9,2015
"Masvingo",2015-05-18,0,14.4,23.1,5.7,2015
"Masvingo",2015-05-19,0,13.6,21.9,5.3,2015
"Masvingo",2015-05-20,0,14.8,23,6.6,2015
"Masvingo",2015-05-21,0,14.6,22.3,6.9,2015
"Masvingo",2015-05-22,0.5,13.3,19.2,7.4,2015
"Masvingo",2015-05-23,0.8,14.95,23.8,6.1,2015
"Masvingo",2015-05-24,1.3,13.65,16.6,10.7,2015
"Masvingo",2015-05-25,0,14.95,18.3,11.6,2015
"Masvingo",2015-05-26,1.3,13.6,16.1,11.1,2015
"Masvingo",2015-05-27,0,14.95,19.9,10,2015
"Masvingo",2015-05-28,0,15.05,19.7,10.4,2015
"Masvingo",2015-05-29,0,15.25,19.6,10.9,2015
"Masvingo",2015-05-30,0,14.35,21.6,7.1,2015
"Masvingo",2015-05-31,0,14.7,18.9,10.5,2015
"Masvingo",2015-06-01,0.3,13.35,20.5,6.2,2015
"Masvingo",2015-06-02,1,16,22.2,9.8,2015
"Masvingo",2015-06-03,3.6,15.65,18.9,12.4,2015
"Masvingo",2015-06-04,1.8,14.45,17.2,11.7,2015
"Masvingo",2015-06-05,4.6,13.6,16.6,10.6,2015
"Masvingo",2015-06-06,0.5,14.55,18.9,10.2,2015
"Masvingo",2015-06-07,0,14.75,20.2,9.3,2015
"Masvingo",2015-06-08,0.8,13.6,21.2,6,2015
"Masvingo",2015-06-09,0.5,14.55,17.7,11.4,2015
"Masvingo",2015-06-10,0,12.45,18.9,6,2015
"Masvingo",2015-06-11,0,14.7,20,9.4,2015
"Masvingo",2015-06-12,0,13.4,21.8,5,2015
"Masvingo",2015-06-13,0,13.2,21.8,4.6,2015
"Masvingo",2015-06-14,0,12.4,22,2.8,2015
"Masvingo",2015-06-15,0,12.2,21.1,3.3,2015
"Masvingo",2015-06-16,0,11.5,19.2,3.8,2015
"Masvingo",2015-06-17,0,15.75,21.2,10.3,2015
"Masvingo",2015-06-18,0,14.4,22.9,5.9,2015
"Masvingo",2015-06-19,0,17.05,23.7,10.4,2015
"Masvingo",2015-06-20,0,14.6,22.9,6.3,2015
"Masvingo",2015-06-21,0,14.8,23,6.6,2015
"Masvingo",2015-06-22,0,15.3,25.7,4.9,2015
"Masvingo",2015-06-23,0,15.05,24.4,5.7,2015
"Masvingo",2015-06-24,0,15.35,21.3,9.4,2015
"Masvingo",2015-06-25,0,16.5,23,10,2015
"Masvingo",2015-06-26,0,13.65,22.4,4.9,2015
"Masvingo",2015-06-27,0,14.9,24.7,5.1,2015
"Masvingo",2015-06-28,0,14.25,23.9,4.6,2015
"Masvingo",2015-06-29,0,12.8,21.6,4,2015
"Masvingo",2015-06-30,0,12.8,21.7,3.9,2015
"Masvingo",2015-07-01,0,12.4,20.8,4,2015
"Masvingo",2015-07-02,0,12,20.4,3.6,2015
"Masvingo",2015-07-03,0,12.75,21.8,3.7,2015
"Masvingo",2015-07-04,0,13.65,22.5,4.8,2015
"Masvingo",2015-07-05,0,14.15,23.3,5,2015
"Masvingo",2015-07-06,0,14.1,23.9,4.3,2015
"Masvingo",2015-07-07,0,14.6,24.3,4.9,2015
"Masvingo",2015-07-08,0,15.65,25.2,6.1,2015
"Masvingo",2015-07-09,0,16.6,26,7.2,2015
"Masvingo",2015-07-10,0,13.85,20.6,7.1,2015
"Masvingo",2015-07-11,0,15,23.3,6.7,2015
"Masvingo",2015-07-12,0,15.5,21.7,9.3,2015
"Masvingo",2015-07-13,0,14.6,21.1,8.1,2015
"Masvingo",2015-07-14,0,13.75,21.4,6.1,2015
"Masvingo",2015-07-15,0,14.55,23.3,5.8,2015
"Masvingo",2015-07-16,0,13.95,23.3,4.6,2015
"Masvingo",2015-07-17,0,15,24.9,5.1,2015
"Masvingo",2015-07-18,0,14.25,24.1,4.4,2015
"Masvingo",2015-07-19,0,14.5,25.6,3.4,2015
"Masvingo",2015-07-20,0,14.5,26.8,2.2,2015
"Masvingo",2015-07-21,0,13.45,19.6,7.3,2015
"Masvingo",2015-07-22,0,12.5,18.7,6.3,2015
"Masvingo",2015-07-23,0,15.9,21.4,10.4,2015
"Masvingo",2015-07-24,0,13.55,23.9,3.2,2015
"Masvingo",2015-07-25,0,15.1,25.8,4.4,2015
"Masvingo",2015-07-26,0,16.4,26.7,6.1,2015
"Masvingo",2015-07-27,0,14.4,22.7,6.1,2015
"Masvingo",2015-07-28,0.5,12.7,15.6,9.8,2015
"Masvingo",2015-07-29,0,12.85,16,9.7,2015
"Masvingo",2015-07-30,0,12.15,19.4,4.9,2015
"Masvingo",2015-07-31,0,11.35,20.2,2.5,2015
"Masvingo",2015-08-01,0,11.2,19.1,3.3,2015
"Masvingo",2015-08-02,0,11.1,19.9,2.3,2015
"Masvingo",2015-08-03,0,12.5,21.8,3.2,2015
"Masvingo",2015-08-04,0,14.1,23.2,5,2015
"Masvingo",2015-08-05,0,16.25,26.8,5.7,2015
"Masvingo",2015-08-06,0,17.65,28.9,6.4,2015
"Masvingo",2015-08-07,0,18,29,7,2015
"Masvingo",2015-08-08,1,14.1,21.1,7.1,2015
"Masvingo",2015-08-09,0,16.6,20.5,12.7,2015
"Masvingo",2015-08-10,0,16.25,26.7,5.8,2015
"Masvingo",2015-08-11,0,16.4,26.7,6.1,2015
"Masvingo",2015-08-12,0,14.35,26,2.7,2015
"Masvingo",2015-08-13,0,16,24.8,7.2,2015
"Masvingo",2015-08-14,0,16.25,23.7,8.8,2015
"Masvingo",2015-08-15,0,14.45,22.3,6.6,2015
"Masvingo",2015-08-16,0,13.55,22.7,4.4,2015
"Masvingo",2015-08-17,0,14.6,24.4,4.8,2015
"Masvingo",2015-08-18,0,15.7,26.2,5.2,2015
"Masvingo",2015-08-19,0,17.75,29.4,6.1,2015
"Masvingo",2015-08-20,0,20,31.2,8.8,2015
"Masvingo",2015-08-21,0,18.2,24.4,12,2015
"Masvingo",2015-08-22,0,18.35,27.3,9.4,2015
"Masvingo",2015-08-23,0,20.15,30.5,9.8,2015
"Masvingo",2015-08-24,0,22.05,33.1,11,2015
"Masvingo",2015-08-25,0,22,32.7,11.3,2015
"Masvingo",2015-08-26,0,22.6,33.1,12.1,2015
"Masvingo",2015-08-27,0,22.9,31.7,14.1,2015
"Masvingo",2015-08-28,0,20.2,31.6,8.8,2015
"Masvingo",2015-08-29,0,18.9,28.5,9.3,2015
"Masvingo",2015-08-30,0,18.1,28.2,8,2015
"Masvingo",2015-08-31,0,17.05,27.8,6.3,2015
"Masvingo",2015-09-01,0,20.65,32,9.3,2015
"Masvingo",2015-09-02,0,20.25,27.8,12.7,2015
"Masvingo",2015-09-03,6.6,20.75,26.7,14.8,2015
"Masvingo",2015-09-04,0.3,21.1,26.6,15.6,2015
"Masvingo",2015-09-05,0,15.45,19.5,11.4,2015
"Masvingo",2015-09-06,0,17.45,24.7,10.2,2015
"Masvingo",2015-09-07,0,17.65,27.6,7.7,2015
"Masvingo",2015-09-08,0,18.45,28.6,8.3,2015
"Masvingo",2015-09-09,0,21.55,31.8,11.3,2015
"Masvingo",2015-09-10,0,23.95,34.1,13.8,2015
"Masvingo",2015-09-11,0,24.8,35.2,14.4,2015
"Masvingo",2015-09-12,0,25.65,35.9,15.4,2015
"Masvingo",2015-09-13,0,19.35,24.9,13.8,2015
"Masvingo",2015-09-14,0,22.05,29.3,14.8,2015
"Masvingo",2015-09-15,4.8,24.65,35.5,13.8,2015
"Masvingo",2015-09-16,0,17.75,20.7,14.8,2015
"Masvingo",2015-09-17,0,13.3,17.3,9.3,2015
"Masvingo",2015-09-18,0,12.25,15.7,8.8,2015
"Masvingo",2015-09-19,0,12.15,19.2,5.1,2015
"Masvingo",2015-09-20,0,12.85,21.5,4.2,2015
"Masvingo",2015-09-21,0,15.05,23.5,6.6,2015
"Masvingo",2015-09-22,0,15.95,24.8,7.1,2015
"Masvingo",2015-09-23,0,18.1,28.3,7.9,2015
"Masvingo",2015-09-24,0,21.1,32.2,10,2015
"Masvingo",2015-09-25,0,24.45,34.1,14.8,2015
"Masvingo",2015-09-26,0,24.95,33.2,16.7,2015
"Masvingo",2015-09-27,0,24.1,31.1,17.1,2015
"Masvingo",2015-09-28,0,24.85,34.4,15.3,2015
"Masvingo",2015-09-29,0,26.4,35.5,17.3,2015
"Masvingo",2015-09-30,0,26.95,34.9,19,2015
"Masvingo",2015-10-01,0,25.95,35.2,16.7,2015
"Masvingo",2015-10-02,0,25.9,33.3,18.5,2015
"Masvingo",2015-10-03,0,21.6,26.9,16.3,2015
"Masvingo",2015-10-04,0,22.25,27.3,17.2,2015
"Masvingo",2015-10-05,0,22.55,30.1,15,2015
"Masvingo",2015-10-06,0,22.05,26.8,17.3,2015
"Masvingo",2015-10-07,0,19.2,25.1,13.3,2015
"Masvingo",2015-10-08,0,18.75,26.1,11.4,2015
"Masvingo",2015-10-09,0,22.2,31.7,12.7,2015
"Masvingo",2015-10-10,0,24.9,34.3,15.5,2015
"Masvingo",2015-10-11,0,27.65,36.6,18.7,2015
"Masvingo",2015-10-12,0,25.85,29.6,22.1,2015
"Masvingo",2015-10-13,0,22.15,26.7,17.6,2015
"Masvingo",2015-10-14,0,23.05,29.5,16.6,2015
"Masvingo",2015-10-15,0,22.8,30.5,15.1,2015
"Masvingo",2015-10-16,0,25.35,31.3,19.4,2015
"Masvingo",2015-10-17,0,22.35,29.9,14.8,2015
"Masvingo",2015-10-18,0,20.3,22.1,18.5,2015
"Masvingo",2015-10-19,0,21.2,26.6,15.8,2015
"Masvingo",2015-10-20,0,21.25,28.2,14.3,2015
"Masvingo",2015-10-21,0,22.35,30.3,14.4,2015
"Masvingo",2015-10-22,0,22.75,32.2,13.3,2015
"Masvingo",2015-10-23,0,22.8,32.9,12.7,2015
"Masvingo",2015-10-24,0,23.4,34.1,12.7,2015
"Masvingo",2015-10-25,0,25.3,34.3,16.3,2015
"Masvingo",2015-10-26,0,24.5,29.8,19.2,2015
"Masvingo",2015-10-27,0,23.8,32.2,15.4,2015
"Masvingo",2015-10-28,0,24.2,31.8,16.6,2015
"Masvingo",2015-10-29,3,25.55,31.9,19.2,2015
"Masvingo",2015-10-30,0,22.2,27.8,16.6,2015
"Masvingo",2015-10-31,0,23.45,31.8,15.1,2015
"Masvingo",2015-11-01,4.8,24.3,32.7,15.9,2015
"Masvingo",2015-11-02,13.5,23.45,29.3,17.6,2015
"Masvingo",2015-11-03,0,20.8,24.5,17.1,2015
"Masvingo",2015-11-04,24.1,23.1,28.3,17.9,2015
"Masvingo",2015-11-05,5.1,20.1,22.6,17.6,2015
"Masvingo",2015-11-06,16.5,21.8,26.5,17.1,2015
"Masvingo",2015-11-07,16.8,22.7,27.3,18.1,2015
"Masvingo",2015-11-08,20.8,21.05,23.9,18.2,2015
"Masvingo",2015-11-09,1.8,20.05,23.5,16.6,2015
"Masvingo",2015-11-10,1.8,20.7,24.3,17.1,2015
"Masvingo",2015-11-11,0,17.5,19.4,15.6,2015
"Masvingo",2015-11-12,0.3,15.8,17.9,13.7,2015
"Masvingo",2015-11-13,0,17.15,21.2,13.1,2015
"Masvingo",2015-11-14,0,17.55,23.9,11.2,2015
"Masvingo",2015-11-15,0,17.8,24.8,10.8,2015
"Masvingo",2015-11-16,0,18.15,25,11.3,2015
"Masvingo",2015-11-17,0,19.65,28.8,10.5,2015
"Masvingo",2015-11-18,0,22.45,32.5,12.4,2015
"Masvingo",2015-11-19,0,24.55,33.9,15.2,2015
"Masvingo",2015-11-20,0,26.8,35.7,17.9,2015
"Masvingo",2015-11-21,1.8,26.1,34.3,17.9,2015
"Masvingo",2015-11-22,0,23.25,27.8,18.7,2015
"Masvingo",2015-11-23,0,23.5,28.6,18.4,2015
"Masvingo",2015-11-24,14.5,23.35,29.9,16.8,2015
"Masvingo",2015-11-25,8.9,22.8,27.9,17.7,2015
"Masvingo",2015-11-26,0,21.55,25.2,17.9,2015
"Masvingo",2015-11-27,0,22.75,28.3,17.2,2015
"Masvingo",2015-11-28,0,22.3,29.4,15.2,2015
"Masvingo",2015-11-29,0,21.65,27.1,16.2,2015
"Masvingo",2015-11-30,0,22.8,29.6,16,2015
"Masvingo",2015-12-01,0,24.25,33.1,15.4,2015
"Masvingo",2015-12-02,2.5,25.05,33.7,16.4,2015
"Masvingo",2015-12-03,1,19.2,20.3,18.1,2015
"Masvingo",2015-12-04,0,18.45,21.5,15.4,2015
"Masvingo",2015-12-05,0.3,20.7,28.2,13.2,2015
"Masvingo",2015-12-06,0,23.95,32.1,15.8,2015
"Masvingo",2015-12-07,0.8,23.2,30.1,16.3,2015
"Masvingo",2015-12-08,0,23.7,29.3,18.1,2015
"Masvingo",2015-12-09,0,24.95,33.2,16.7,2015
"Masvingo",2015-12-10,0.3,25.15,32,18.3,2015
"Masvingo",2015-12-11,0,19.85,23.4,16.3,2015
"Masvingo",2015-12-12,0,22.1,27.9,16.3,2015
"Masvingo",2015-12-13,48.3,23.95,30.2,17.7,2015
"Masvingo",2015-12-14,19.6,20.5,22.7,18.3,2015
"Masvingo",2015-12-15,34.8,20.75,23.3,18.2,2015
"Masvingo",2015-12-16,14.7,21.7,25.5,17.9,2015
"Masvingo",2015-12-17,10.9,22.1,25.9,18.3,2015
"Masvingo",2015-12-18,0,23.3,28.2,18.4,2015
"Masvingo",2015-12-19,0.5,24.2,30.1,18.3,2015
"Masvingo",2015-12-20,0.5,17.65,19.9,15.4,2015
"Masvingo",2015-12-21,0,17.65,21.6,13.7,2015
"Masvingo",2015-12-22,0,18,26.7,9.3,2015
"Masvingo",2015-12-23,0,19.4,28.3,10.5,2015
"Masvingo",2015-12-24,0,20.15,28.2,12.1,2015
"Masvingo",2015-12-25,0,22.85,28.8,16.9,2015
"Masvingo",2015-12-26,0,23.35,31.4,15.3,2015
"Masvingo",2015-12-27,10.4,24.8,32.2,17.4,2015
"Masvingo",2015-12-28,0,24.6,32.1,17.1,2015
"Masvingo",2015-12-29,0,25.55,33.2,17.9,2015
"Masvingo",2015-12-30,0,24.05,29,19.1,2015
"Masvingo",2015-12-31,30.2,23.75,28.4,19.1,2015
"Masvingo",2016-01-01,10.7,21.6,25.2,18,2016
"Masvingo",2016-01-02,0,23.7,29.1,18.3,2016
"Masvingo",2016-01-03,9.1,23.8,28.5,19.1,2016
"Masvingo",2016-01-04,10.7,23.6,28.3,18.9,2016
"Masvingo",2016-01-05,9.4,22.35,26.8,17.9,2016
"Masvingo",2016-01-06,5.8,22.95,27.6,18.3,2016
"Masvingo",2016-01-07,8.6,22.15,25.5,18.8,2016
"Masvingo",2016-01-08,44.2,23.3,28.3,18.3,2016
"Masvingo",2016-01-09,6.9,22.7,27.2,18.2,2016
"Masvingo",2016-01-10,20.1,22.2,25.1,19.3,2016
"Masvingo",2016-01-11,18.5,21.65,24.6,18.7,2016
"Masvingo",2016-01-12,33.5,21.9,24.7,19.1,2016
"Masvingo",2016-01-13,26.9,19.35,20.3,18.4,2016
"Masvingo",2016-01-14,3.8,19.95,22.1,17.8,2016
"Masvingo",2016-01-15,0,21.7,26.1,17.3,2016
"Masvingo",2016-01-16,0,21.75,26.8,16.7,2016
"Masvingo",2016-01-17,0.3,22.2,26.1,18.3,2016
"Masvingo",2016-01-18,0,21.9,26.2,17.6,2016
"Masvingo",2016-01-19,0,23.8,32.2,15.4,2016
"Masvingo",2016-01-20,5.8,24.45,31.2,17.7,2016
"Masvingo",2016-01-21,0,23.3,29.8,16.8,2016
"Masvingo",2016-01-22,3.6,24.65,30.2,19.1,2016
"Masvingo",2016-01-23,5.1,24.45,30.3,18.6,2016
"Masvingo",2016-01-24,2.3,22.6,26.6,18.6,2016
"Masvingo",2016-01-25,8.1,21.85,25.5,18.2,2016
"Masvingo",2016-01-26,0,22,26.1,17.9,2016
"Masvingo",2016-01-27,9.4,21.85,26.6,17.1,2016
"Masvingo",2016-01-28,0,22.3,26.4,18.2,2016
"Masvingo",2016-01-29,0,22.7,28.2,17.2,2016
"Masvingo",2016-01-30,0,23.35,28.8,17.9,2016
"Masvingo",2016-01-31,2,22.1,26.6,17.6,2016
"Masvingo",2016-02-01,14.7,23.5,28.6,18.4,2016
"Masvingo",2016-02-02,0.8,23.5,28.3,18.7,2016
"Masvingo",2016-02-03,3.8,24.05,29.3,18.8,2016
"Masvingo",2016-02-04,0.5,20.9,22.9,18.9,2016
"Masvingo",2016-02-05,0,17.55,20.2,14.9,2016
"Masvingo",2016-02-06,0,19.2,23.8,14.6,2016
"Masvingo",2016-02-07,0,22.65,29.4,15.9,2016
"Masvingo",2016-02-08,32.3,24.65,31.1,18.2,2016
"Masvingo",2016-02-09,9.9,24.05,30.2,17.9,2016
"Masvingo",2016-02-10,0.3,23.1,27.6,18.6,2016
"Masvingo",2016-02-11,16.5,23.35,28.8,17.9,2016
"Masvingo",2016-02-12,56.9,22.8,27.4,18.2,2016
"Masvingo",2016-02-13,3.8,22.75,28.3,17.2,2016
"Masvingo",2016-02-14,0,23.25,27.6,18.9,2016
"Masvingo",2016-02-15,60.5,23.65,28.9,18.4,2016
"Masvingo",2016-02-16,1,20.55,24.4,16.7,2016
"Masvingo",2016-02-17,2.3,21.35,25,17.7,2016
"Masvingo",2016-02-18,2.3,21.35,25,17.7,2016
"Masvingo",2016-02-19,0,22.3,27,17.6,2016
"Masvingo",2016-02-20,0,22.8,29.6,16,2016
"Masvingo",2016-02-21,0,22.65,28.3,17,2016
"Masvingo",2016-02-22,0,20.3,24.6,16,2016
"Masvingo",2016-02-23,0,20.55,25.4,15.7,2016
"Masvingo",2016-02-24,0,22.05,30.1,14,2016
"Masvingo",2016-02-25,0.3,23.2,29.8,16.6,2016
"Masvingo",2016-02-26,24.4,22.2,26.1,18.3,2016
"Masvingo",2016-02-27,1.8,23.6,29.8,17.4,2016
"Masvingo",2016-02-28,19.6,22.95,27.7,18.2,2016
"Masvingo",2016-03-01,5.1,22.75,27.9,17.6,2016
"Masvingo",2016-03-02,19.8,21.75,25.4,18.1,2016
"Masvingo",2016-03-03,10.9,16.85,18.8,14.9,2016
"Masvingo",2016-03-04,11.9,16.9,17.7,16.1,2016
"Masvingo",2016-03-05,5.8,16,17.9,14.1,2016
"Masvingo",2016-03-06,1.3,17,19.1,14.9,2016
"Masvingo",2016-03-07,0.5,17.55,21.9,13.2,2016
"Masvingo",2016-03-08,0,18.8,22.7,14.9,2016
"Masvingo",2016-03-09,0.5,19.1,23.8,14.4,2016
"Masvingo",2016-03-10,0,19.7,24.6,14.8,2016
"Masvingo",2016-03-11,0,19.2,26.1,12.3,2016
"Masvingo",2016-03-12,0,20.1,26,14.2,2016
"Masvingo",2016-03-13,0,19.35,26.4,12.3,2016
"Masvingo",2016-03-14,0,19.2,26.6,11.8,2016
"Masvingo",2016-03-15,0,19.2,24.6,13.8,2016
"Masvingo",2016-03-16,0,19.5,23.1,15.9,2016
"Masvingo",2016-03-17,2.8,20.8,28.3,13.3,2016
"Masvingo",2016-03-18,48.3,22.9,29,16.8,2016
"Masvingo",2016-03-19,29,20.7,24.8,16.6,2016
"Masvingo",2016-03-20,1,21.3,25.6,17,2016
"Masvingo",2016-03-21,22.1,20.8,23.4,18.2,2016
"Masvingo",2016-03-22,0.5,21.9,26,17.8,2016
"Masvingo",2016-03-23,0,22.95,28.7,17.2,2016
"Masvingo",2016-03-24,0,22.4,29.4,15.4,2016
"Masvingo",2016-03-25,0,21.9,26,17.8,2016
"Masvingo",2016-03-26,0,19.8,27.4,12.2,2016
"Masvingo",2016-03-27,0,20.7,26.7,14.7,2016
"Masvingo",2016-03-28,0,21.85,28.8,14.9,2016
"Masvingo",2016-03-29,0,21.65,29.1,14.2,2016
"Masvingo",2016-03-30,0,20.4,25.4,15.4,2016
"Masvingo",2016-03-31,0.8,20,23.4,16.6,2016
"Masvingo",2016-04-01,0,20.7,25,16.4,2016
"Masvingo",2016-04-02,0,21.55,27.7,15.4,2016
"Masvingo",2016-04-03,2.8,22.6,27.3,17.9,2016
"Masvingo",2016-04-04,0.8,20.2,24.3,16.1,2016
"Masvingo",2016-04-05,0,19.65,23.7,15.6,2016
"Masvingo",2016-04-06,1,19.4,23.8,15,2016
"Masvingo",2016-04-07,0,20.15,27.6,12.7,2016
"Masvingo",2016-04-08,0,20.75,28.8,12.7,2016
"Masvingo",2016-04-09,0,22.15,30.5,13.8,2016
"Masvingo",2016-04-10,0.8,23.2,31,15.4,2016
"Masvingo",2016-04-11,2.5,19.15,21.1,17.2,2016
"Masvingo",2016-04-12,0,22.85,29.6,16.1,2016
"Masvingo",2016-04-13,0,23.5,30,17,2016
"Masvingo",2016-04-14,0,22.2,28.1,16.3,2016
"Masvingo",2016-04-15,0,22.2,27.2,17.2,2016
"Masvingo",2016-04-16,0,20.15,28.1,12.2,2016
"Masvingo",2016-04-17,0,20.55,29.1,12,2016
"Masvingo",2016-04-18,0,21.45,29.7,13.2,2016
"Masvingo",2016-04-19,0.3,22.15,30.9,13.4,2016
"Masvingo",2016-04-20,1,16.7,17.7,15.7,2016
"Masvingo",2016-04-21,0,17.45,21.6,13.3,2016
"Masvingo",2016-04-22,0,15.55,22.4,8.7,2016
"Masvingo",2016-04-23,0,16.65,24.1,9.2,2016
"Masvingo",2016-04-24,0,17.15,24.9,9.4,2016
"Masvingo",2016-04-25,0,15.9,23.3,8.5,2016
"Masvingo",2016-04-26,0,16.35,24.4,8.3,2016
"Masvingo",2016-04-27,0,16.55,24.3,8.8,2016
"Masvingo",2016-04-28,0,17.2,23.1,11.3,2016
"Masvingo",2016-04-29,0,16.8,22.2,11.4,2016
"Masvingo",2016-04-30,0,16.85,24.5,9.2,2016
"Masvingo",2016-05-01,0,17.1,26,8.2,2016
"Masvingo",2016-05-02,0,17.4,26.7,8.1,2016
"Masvingo",2016-05-03,0,16,24.9,7.1,2016
"Masvingo",2016-05-04,0,16.6,23.9,9.3,2016
"Masvingo",2016-05-05,0,16.75,23.7,9.8,2016
"Masvingo",2016-05-06,3.8,14.9,21.4,8.4,2016
"Masvingo",2016-05-07,0,17.05,20.5,13.6,2016
"Masvingo",2016-05-08,0,16,20.7,11.3,2016
"Masvingo",2016-05-09,0,14.95,22.3,7.6,2016
"Masvingo",2016-05-10,0,15.5,21.1,9.9,2016
"Masvingo",2016-05-11,0,15.25,21.3,9.2,2016
"Masvingo",2016-05-12,0,16.75,21.3,12.2,2016
"Masvingo",2016-05-13,0,17.3,23,11.6,2016
"Masvingo",2016-05-14,7.6,17.85,24.1,11.6,2016
"Masvingo",2016-05-15,0,18.35,24.9,11.8,2016
"Masvingo",2016-05-16,0.3,19.3,25.9,12.7,2016
"Masvingo",2016-05-17,0.3,18.25,26.2,10.3,2016
"Masvingo",2016-05-18,0,19.95,27.1,12.8,2016
"Masvingo",2016-05-19,0,19.5,26.4,12.6,2016
"Masvingo",2016-05-20,0,18.15,27.9,8.4,2016
"Masvingo",2016-05-21,0,17.8,25.7,9.9,2016
"Masvingo",2016-05-22,0,16.65,20.7,12.6,2016
"Masvingo",2016-05-23,0,15.4,20.1,10.7,2016
"Masvingo",2016-05-24,0,13.4,18.7,8.1,2016
"Masvingo",2016-05-25,0,14.1,22.3,5.9,2016
"Masvingo",2016-05-26,0,13.95,23.6,4.3,2016
"Masvingo",2016-05-27,0,14.65,24.9,4.4,2016
"Masvingo",2016-05-28,0,14.6,24.4,4.8,2016
"Masvingo",2016-05-29,0,14.5,25.9,3.1,2016
"Masvingo",2016-05-30,0,13.5,23.3,3.7,2016
"Masvingo",2016-05-31,0,12.5,22.3,2.7,2016
"Masvingo",2016-06-01,0,12,21.3,2.7,2016
"Masvingo",2016-06-02,0,12.6,20.8,4.4,2016
"Masvingo",2016-06-03,0,12.85,21.9,3.8,2016
"Masvingo",2016-06-04,0,12.65,22,3.3,2016
"Masvingo",2016-06-05,0,12.9,22.2,3.6,2016
"Masvingo",2016-06-06,0,13.7,23.7,3.7,2016
"Masvingo",2016-06-07,0,13.05,15.7,10.4,2016
"Masvingo",2016-06-08,0,10.65,17.4,3.9,2016
"Masvingo",2016-06-09,0,10.7,19.1,2.3,2016
"Masvingo",2016-06-10,0,10.4,18.7,2.1,2016
"Masvingo",2016-06-11,0,10.3,18.5,2.1,2016
"Masvingo",2016-06-12,0,10.45,19.6,1.3,2016
"Masvingo",2016-06-13,0,10.7,19.5,1.9,2016
"Masvingo",2016-06-14,0,12.45,22.7,2.2,2016
"Masvingo",2016-06-15,0,12.25,22,2.5,2016
"Masvingo",2016-06-16,0,11.15,18.5,3.8,2016
"Masvingo",2016-06-17,0,11.9,18.5,5.3,2016
"Masvingo",2016-06-18,0,11.75,19.1,4.4,2016
"Masvingo",2016-06-19,0,11.45,18.4,4.5,2016
"Masvingo",2016-06-20,0,12.75,22.6,2.9,2016
"Masvingo",2016-06-21,0,13.8,22.9,4.7,2016
"Masvingo",2016-06-22,0,17.15,23.1,11.2,2016
"Masvingo",2016-06-23,0,15.7,24.4,7,2016
"Masvingo",2016-06-24,0,13.85,22.8,4.9,2016
"Masvingo",2016-06-25,0,13.85,23.3,4.4,2016
"Masvingo",2016-06-26,0,13.05,23.8,2.3,2016
"Masvingo",2016-06-27,0,14.4,26.4,2.4,2016
"Masvingo",2016-06-28,0,12,19.9,4.1,2016
"Masvingo",2016-06-29,0,11.35,21.8,0.9,2016
"Masvingo",2016-06-30,0,11.05,21.8,0.3,2016
"Masvingo",2016-07-01,0,12.45,24.7,0.2,2016
"Masvingo",2016-07-02,0,12.6,24.2,1,2016
"Masvingo",2016-07-03,0,12.85,18.5,7.2,2016
"Masvingo",2016-07-04,0,11.7,18.8,4.6,2016
"Masvingo",2016-07-05,0,10.05,18.3,1.8,2016
"Masvingo",2016-07-06,0,10.15,19.3,1,2016
"Masvingo",2016-07-07,0,10.15,18.5,1.8,2016
"Masvingo",2016-07-08,0,10.9,19.1,2.7,2016
"Masvingo",2016-07-09,0,11.5,19.8,3.2,2016
"Masvingo",2016-07-10,0,12.95,22.6,3.3,2016
"Masvingo",2016-07-11,0,13.05,22.8,3.3,2016
"Masvingo",2016-07-12,0,12.85,21.8,3.9,2016
"Masvingo",2016-07-13,0.5,12.6,17.9,7.3,2016
"Masvingo",2016-07-14,0,13.9,20.1,7.7,2016
"Masvingo",2016-07-15,0,12.3,21.8,2.8,2016
"Masvingo",2016-07-16,0,12.4,23.3,1.5,2016
"Masvingo",2016-07-17,0,14.8,25.3,4.3,2016
"Masvingo",2016-07-18,1,14.6,19.4,9.8,2016
"Masvingo",2016-07-19,0,13.2,16.2,10.2,2016
"Masvingo",2016-07-20,0,12.85,16.4,9.3,2016
"Masvingo",2016-07-21,0,9.3,13.2,5.4,2016
"Masvingo",2016-07-22,0,11.6,17.6,5.6,2016
"Masvingo",2016-07-23,0,11.75,18.8,4.7,2016
"Masvingo",2016-07-24,0,9.45,18.3,0.6,2016
"Masvingo",2016-07-25,0,11.85,18.9,4.8,2016
"Masvingo",2016-07-26,0,11.25,20.9,1.6,2016
"Masvingo",2016-07-27,0,12.25,23,1.5,2016
"Masvingo",2016-07-28,0,15.1,26,4.2,2016
"Masvingo",2016-07-29,0,14.35,23.9,4.8,2016
"Masvingo",2016-07-30,0,8.75,16.6,0.9,2016
"Masvingo",2016-07-31,0,10.75,18.2,3.3,2016
"Masvingo",2016-08-01,0,11,21.7,0.3,2016
"Masvingo",2016-08-02,0,13.7,24.6,2.8,2016
"Masvingo",2016-08-03,0,15.05,25.5,4.6,2016
"Masvingo",2016-08-04,0,13.6,23.3,3.9,2016
"Masvingo",2016-08-05,0,13.6,22.2,5,2016
"Masvingo",2016-08-06,0,13.5,24.8,2.2,2016
"Masvingo",2016-08-07,0,15.8,27.1,4.5,2016
"Masvingo",2016-08-08,0,17.15,28.8,5.5,2016
"Masvingo",2016-08-09,0.5,14.85,18.1,11.6,2016
"Masvingo",2016-08-10,0,13.7,16.1,11.3,2016
"Masvingo",2016-08-11,0,14.1,19.9,8.3,2016
"Masvingo",2016-08-12,0,13.2,22.6,3.8,2016
"Masvingo",2016-08-13,0,14.7,25.5,3.9,2016
"Masvingo",2016-08-14,0,15.4,26.7,4.1,2016
"Masvingo",2016-08-15,0,17.3,24.7,9.9,2016
"Masvingo",2016-08-16,0,17.05,25.2,8.9,2016
"Masvingo",2016-08-17,0,18.55,28,9.1,2016
"Masvingo",2016-08-18,0,19.4,30,8.8,2016
"Masvingo",2016-08-19,0,15.9,18.9,12.9,2016
"Masvingo",2016-08-20,0,16.25,20,12.5,2016
"Masvingo",2016-08-21,0,18.1,25.1,11.1,2016
"Masvingo",2016-08-22,0,16.85,27.1,6.6,2016
"Masvingo",2016-08-23,0,17.25,28.4,6.1,2016
"Masvingo",2016-08-24,0,20.65,30.4,10.9,2016
"Masvingo",2016-08-25,0,21.2,31.7,10.7,2016
"Masvingo",2016-08-26,0,22.55,31.3,13.8,2016
"Masvingo",2016-08-27,0,20.4,29.2,11.6,2016
"Masvingo",2016-08-28,0,19.45,29.5,9.4,2016
"Masvingo",2016-08-29,1.3,19.05,27.2,10.9,2016
"Masvingo",2016-08-30,0,12.1,13.1,11.1,2016
"Masvingo",2016-08-31,0,13.7,17.4,10,2016
"Masvingo",2016-09-01,1,13.7,18.6,8.8,2016
"Masvingo",2016-09-02,0,13.6,18.2,9,2016
"Masvingo",2016-09-03,0,12.85,20.5,5.2,2016
"Masvingo",2016-09-04,0,13.8,23.8,3.8,2016
"Masvingo",2016-09-05,0,16,27.1,4.9,2016
"Masvingo",2016-09-06,0,19,30.3,7.7,2016
"Masvingo",2016-09-07,0,17.65,23.1,12.2,2016
"Masvingo",2016-09-08,0,18.3,25.5,11.1,2016
"Masvingo",2016-09-09,0,18.2,27.2,9.2,2016
"Masvingo",2016-09-10,0,18.1,30,6.2,2016
"Masvingo",2016-09-11,0,16.2,19.6,12.8,2016
"Masvingo",2016-09-12,0,17.7,23.3,12.1,2016
"Masvingo",2016-09-13,0,15.25,26.2,4.3,2016
"Masvingo",2016-09-14,0,18.75,31.1,6.4,2016
"Masvingo",2016-09-15,0.3,17,21.3,12.7,2016
"Masvingo",2016-09-16,0,10.15,13.4,6.9,2016
"Masvingo",2016-09-17,0,12.4,17.3,7.5,2016
"Masvingo",2016-09-18,0,10.45,12.9,8,2016
"Masvingo",2016-09-19,0,12.4,18.8,6,2016
"Masvingo",2016-09-20,0,12.55,22.3,2.8,2016
"Masvingo",2016-09-21,0,13.65,22.9,4.4,2016
"Masvingo",2016-09-22,0,15.05,23.2,6.9,2016
"Masvingo",2016-09-23,0,15.9,23.9,7.9,2016
"Masvingo",2016-09-24,0,16.2,25.6,6.8,2016
"Masvingo",2016-09-25,0,18.5,26.8,10.2,2016
"Masvingo",2016-09-26,0,19.3,28.1,10.5,2016
"Masvingo",2016-09-27,0,20.1,28.2,12,2016
"Masvingo",2016-09-28,0,19.3,28.3,10.3,2016
"Masvingo",2016-09-29,0,20.1,29.4,10.8,2016
"Masvingo",2016-09-30,0,19.35,23.9,14.8,2016
"Masvingo",2016-10-01,0,19.75,26.2,13.3,2016
"Masvingo",2016-10-02,0,18.7,27.8,9.6,2016
"Masvingo",2016-10-03,0,20.3,29.4,11.2,2016
"Masvingo",2016-10-04,0,22,30.7,13.3,2016
"Masvingo",2016-10-05,0,23,31.2,14.8,2016
"Masvingo",2016-10-06,0,22.2,29.4,15,2016
"Masvingo",2016-10-07,0,22.15,29.6,14.7,2016
"Masvingo",2016-10-08,0,22,31.3,12.7,2016
"Masvingo",2016-10-09,0,22.6,31.8,13.4,2016
"Masvingo",2016-10-10,0,23.85,34.4,13.3,2016
"Masvingo",2016-10-11,0,20.5,24.4,16.6,2016
"Masvingo",2016-10-12,0,20.4,23.8,17,2016
"Masvingo",2016-10-13,0,19.8,26.9,12.7,2016
"Masvingo",2016-10-14,0,20.05,29.2,10.9,2016
"Masvingo",2016-10-15,0,21.3,29.9,12.7,2016
"Masvingo",2016-10-16,0,22.3,32.7,11.9,2016
"Masvingo",2016-10-17,0,21.5,29.1,13.9,2016
"Masvingo",2016-10-18,0,23.85,31.2,16.5,2016
"Masvingo",2016-10-19,0,23.65,32.4,14.9,2016
"Masvingo",2016-10-20,1.5,23.6,31.7,15.5,2016
"Masvingo",2016-10-21,0.8,22.7,28.1,17.3,2016
"Masvingo",2016-10-22,2,23.6,29,18.2,2016
"Masvingo",2016-10-23,0,22.8,27.9,17.7,2016
"Masvingo",2016-10-24,0,22.65,30.5,14.8,2016
"Masvingo",2016-10-25,0,22.35,30.4,14.3,2016
"Masvingo",2016-10-26,0,21.75,29.7,13.8,2016
"Masvingo",2016-10-27,0,22.7,31.1,14.3,2016
"Masvingo",2016-10-28,0,22.9,33.4,12.4,2016
"Masvingo",2016-10-29,0,23.95,31.8,16.1,2016
"Masvingo",2016-10-30,0,25.3,35.8,14.8,2016
"Masvingo",2016-10-31,0,26.15,34.4,17.9,2016
"Masvingo",2016-11-01,0,25.35,32.3,18.4,2016
"Masvingo",2016-11-02,0,24.9,31.4,18.4,2016
"Masvingo",2016-11-03,9.7,24.25,32.4,16.1,2016
"Masvingo",2016-11-04,0,24.45,31.7,17.2,2016
"Masvingo",2016-11-05,2,24.7,31.8,17.6,2016
"Masvingo",2016-11-06,62.7,24.4,30.9,17.9,2016
"Masvingo",2016-11-07,0.3,23.2,29.4,17,2016
"Masvingo",2016-11-08,4.3,25.7,31.3,20.1,2016
"Masvingo",2016-11-09,0,22.1,26.1,18.1,2016
"Masvingo",2016-11-10,8.4,24.05,30.4,17.7,2016
"Masvingo",2016-11-11,23.1,22.4,27.1,17.7,2016
"Masvingo",2016-11-12,0,22.65,28.7,16.6,2016
"Masvingo",2016-11-13,0,23.85,30.4,17.3,2016
"Masvingo",2016-11-14,13.7,23.25,28.2,18.3,2016
"Masvingo",2016-11-15,0,16.9,18.8,15,2016
"Masvingo",2016-11-16,0,19.95,24.6,15.3,2016
"Masvingo",2016-11-17,0,21.85,28,15.7,2016
"Masvingo",2016-11-18,0,22.25,29.1,15.4,2016
"Masvingo",2016-11-19,0,22.9,30.4,15.4,2016
"Masvingo",2016-11-20,0,23.85,32.4,15.3,2016
"Masvingo",2016-11-21,0,25.5,30.4,20.6,2016
"Masvingo",2016-11-22,16.5,24.8,30.3,19.3,2016
"Masvingo",2016-11-23,0,18.9,21,16.8,2016
"Masvingo",2016-11-24,0,21.45,26.3,16.6,2016
"Masvingo",2016-11-25,33,21.9,26.6,17.2,2016
"Masvingo",2016-11-26,0,22.15,26.8,17.5,2016
"Masvingo",2016-11-27,1.3,22.5,26.7,18.3,2016
"Masvingo",2016-11-28,0,23.2,29.6,16.8,2016
"Masvingo",2016-11-29,0,22.25,27.8,16.7,2016
"Masvingo",2016-11-30,2.8,23.85,29.6,18.1,2016
"Masvingo",2016-12-01,0,22.1,26.7,17.5,2016
"Masvingo",2016-12-02,0,22.6,27.7,17.5,2016
"Masvingo",2016-12-03,0,23.85,31.1,16.6,2016
"Masvingo",2016-12-04,0,23.75,28.7,18.8,2016
"Masvingo",2016-12-05,0.5,23.05,29.3,16.8,2016
"Masvingo",2016-12-06,3.8,20.7,23.6,17.8,2016
"Masvingo",2016-12-07,0,20.35,26.7,14,2016
"Masvingo",2016-12-08,0,22,29.2,14.8,2016
"Masvingo",2016-12-09,0,23.5,31.1,15.9,2016
"Masvingo",2016-12-10,0,22.9,27.4,18.4,2016
"Masvingo",2016-12-11,0.8,20.3,24.7,15.9,2016
"Masvingo",2016-12-12,0,22.3,27.9,16.7,2016
"Masvingo",2016-12-13,0,23.65,31.9,15.4,2016
"Masvingo",2016-12-14,13.2,23,26.5,19.5,2016
"Masvingo",2016-12-15,0,22.45,28.3,16.6,2016
"Masvingo",2016-12-16,0,24.7,29.6,19.8,2016
"Masvingo",2016-12-17,3.3,21.5,23.8,19.2,2016
"Masvingo",2016-12-18,4.6,20.75,23.8,17.7,2016
"Masvingo",2016-12-19,0,18.55,20.5,16.6,2016
"Masvingo",2016-12-20,5.3,20.8,26.1,15.5,2016
"Masvingo",2016-12-21,0.8,21.7,26.1,17.3,2016
"Masvingo",2016-12-22,0,23,26.6,19.4,2016
"Masvingo",2016-12-23,0,23,29.4,16.6,2016
"Masvingo",2016-12-24,2.8,22.8,26.8,18.8,2016
"Masvingo",2016-12-25,0,23.3,29.9,16.7,2016
"Masvingo",2016-12-26,0,22.9,29.8,16,2016
"Masvingo",2016-12-27,0,22.35,29.7,15,2016
"Masvingo",2016-12-28,0,22,30.2,13.8,2016
"Masvingo",2016-12-29,0,22.15,30.6,13.7,2016
"Masvingo",2016-12-30,0,23.5,30.9,16.1,2016
"Masvingo",2016-12-31,0,22.25,31.2,13.3,2016
"Masvingo",2017-01-01,0.8,23.1,28.8,17.4,2017
"Masvingo",2017-01-02,0,23.3,27.8,18.8,2017
"Masvingo",2017-01-03,0,22.8,30.1,15.5,2017
"Masvingo",2017-01-04,0,24.4,31.7,17.1,2017
"Masvingo",2017-01-05,0,23.5,28.3,18.7,2017
"Masvingo",2017-01-06,0,23.65,30.6,16.7,2017
"Masvingo",2017-01-07,0,23.8,30.9,16.7,2017
"Masvingo",2017-01-08,0,23.7,31.1,16.3,2017
"Masvingo",2017-01-09,0,24.45,32.6,16.3,2017
"Masvingo",2017-01-10,0,26.3,34.4,18.2,2017
"Masvingo",2017-01-11,0.8,21.8,25.3,18.3,2017
"Masvingo",2017-01-12,16,22.15,26.1,18.2,2017
"Masvingo",2017-01-13,16,23.1,27.9,18.3,2017
"Masvingo",2017-01-14,63,23.05,28.4,17.7,2017
"Masvingo",2017-01-15,6.6,21.05,23.3,18.8,2017
"Masvingo",2017-01-16,1,20.75,23.7,17.8,2017
"Masvingo",2017-01-17,0,16.5,18.3,14.7,2017
"Masvingo",2017-01-18,0.3,17.65,20.5,14.8,2017
"Masvingo",2017-01-19,0,18,21.8,14.2,2017
"Masvingo",2017-01-20,0,17.65,24,11.3,2017
"Masvingo",2017-01-21,0,19.5,27.3,11.7,2017
"Masvingo",2017-01-22,7.4,21.6,29.4,13.8,2017
"Masvingo",2017-01-23,0,21.45,25.6,17.3,2017
"Masvingo",2017-01-24,0,22.15,27.2,17.1,2017
"Masvingo",2017-01-25,0,22.65,30.3,15,2017
"Masvingo",2017-01-26,0.3,21.8,27.3,16.3,2017
"Masvingo",2017-01-27,0,22.9,28.7,17.1,2017
"Masvingo",2017-01-28,0,22.95,29.3,16.6,2017
"Masvingo",2017-01-29,0,21.9,28.7,15.1,2017
"Masvingo",2017-01-30,0,21.7,28.9,14.5,2017
"Masvingo",2017-01-31,0,22.65,30,15.3,2017
"Masvingo",2017-02-01,0,24.15,30.4,17.9,2017
"Masvingo",2017-02-02,9.4,24.9,31.2,18.6,2017
"Masvingo",2017-02-03,57.2,22,26.1,17.9,2017
"Masvingo",2017-02-04,0,23.25,29.3,17.2,2017
"Masvingo",2017-02-05,0,24.2,31,17.4,2017
"Masvingo",2017-02-06,0.5,21.95,24.5,19.4,2017
"Masvingo",2017-02-07,1.3,19.95,22.7,17.2,2017
"Masvingo",2017-02-08,8.9,22.6,27.4,17.8,2017
"Masvingo",2017-02-09,0,21.6,24.4,18.8,2017
"Masvingo",2017-02-10,0,21.75,25.8,17.7,2017
"Masvingo",2017-02-11,0,22,28.6,15.4,2017
"Masvingo",2017-02-12,0,22.1,27.8,16.4,2017
"Masvingo",2017-02-13,9.4,21.3,24.3,18.3,2017
"Masvingo",2017-02-14,35.8,21.9,26.4,17.4,2017
"Masvingo",2017-02-15,0.5,23.15,28.9,17.4,2017
"Masvingo",2017-02-16,0,24.2,30.7,17.7,2017
"Masvingo",2017-02-17,0,24.7,31.6,17.8,2017
"Masvingo",2017-02-18,0,24.5,32.9,16.1,2017
"Masvingo",2017-02-19,0,25.2,32.8,17.6,2017
"Masvingo",2017-02-20,0,24.9,32.6,17.2,2017
"Masvingo",2017-02-21,0.3,24.95,30.5,19.4,2017
"Masvingo",2017-02-22,4.3,21.9,24.9,18.9,2017
"Masvingo",2017-02-23,0,23,28.3,17.7,2017
"Masvingo",2017-02-24,0,21.3,27.9,14.7,2017
"Masvingo",2017-02-25,7.1,21.2,26.7,15.7,2017
"Masvingo",2017-02-26,0.8,20.4,23.1,17.7,2017
"Masvingo",2017-02-27,0,19.75,24.9,14.6,2017
"Masvingo",2017-02-28,0,18.2,26.3,10.1,2017
"Masvingo",2017-03-01,0,20.25,28.4,12.1,2017
"Masvingo",2017-03-02,0,21.6,31,12.2,2017
"Masvingo",2017-03-03,0,21,28.3,13.7,2017
"Masvingo",2017-03-04,0,22.4,27.6,17.2,2017
"Masvingo",2017-03-05,0,22.5,29.9,15.1,2017
"Masvingo",2017-03-06,0,23.35,30.7,16,2017
"Masvingo",2017-03-07,0,24.4,32.2,16.6,2017
"Masvingo",2017-03-08,0.8,21.25,23.7,18.8,2017
"Masvingo",2017-03-09,0,18.7,21.6,15.8,2017
"Masvingo",2017-03-10,0,17.55,19.6,15.5,2017
"Masvingo",2017-03-11,0,20.6,26.1,15.1,2017
"Masvingo",2017-03-12,0,19.95,26.6,13.3,2017
"Masvingo",2017-03-13,0,21.2,26.4,16,2017
"Masvingo",2017-03-14,0,22.65,30.3,15,2017
"Masvingo",2017-03-15,0,20.85,28.9,12.8,2017
"Masvingo",2017-03-16,0,21.55,29.7,13.4,2017
"Masvingo",2017-03-17,0,21.3,29,13.6,2017
"Masvingo",2017-03-18,0,22.5,30,15,2017
"Masvingo",2017-03-19,2.3,21,26.1,15.9,2017
"Masvingo",2017-03-20,0,17.25,20.5,14,2017
"Masvingo",2017-03-21,0,19.35,25.6,13.1,2017
"Masvingo",2017-03-22,0,17.95,27,8.9,2017
"Masvingo",2017-03-23,0,19.45,28.3,10.6,2017
"Masvingo",2017-03-24,0,19.45,28.3,10.6,2017
"Masvingo",2017-03-25,0,19.15,27.1,11.2,2017
"Masvingo",2017-03-26,0,19.15,26.6,11.7,2017
"Masvingo",2017-03-27,0,21.3,29.6,13,2017
"Masvingo",2017-03-28,0,22.2,31.6,12.8,2017
"Masvingo",2017-03-29,1.3,22.95,30.7,15.2,2017
"Masvingo",2017-03-30,0,14.9,17,12.8,2017
"Masvingo",2017-03-31,0,16.6,21.9,11.3,2017
"Masvingo",2017-04-01,0,16.5,25.2,7.8,2017
"Masvingo",2017-04-02,0,17.35,23.4,11.3,2017
"Masvingo",2017-04-03,0,17.5,23.2,11.8,2017
"Masvingo",2017-04-04,0,17.85,23.9,11.8,2017
"Masvingo",2017-04-05,0,17.45,25.7,9.2,2017
"Masvingo",2017-04-06,0,17.75,26.1,9.4,2017
"Masvingo",2017-04-07,0,17.6,26.8,8.4,2017
"Masvingo",2017-04-08,0,20.25,29.4,11.1,2017
"Masvingo",2017-04-09,0,22.15,32.1,12.2,2017
"Masvingo",2017-04-10,0,22.45,32.8,12.1,2017
"Masvingo",2017-04-11,1,20.45,25.3,15.6,2017
"Masvingo",2017-04-12,1.5,17.3,20.2,14.4,2017
"Masvingo",2017-04-13,0,18,21.6,14.4,2017
"Masvingo",2017-04-14,0,18.35,24.5,12.2,2017
"Masvingo",2017-04-15,0,16.45,19,13.9,2017
"Masvingo",2017-04-16,0,16.55,20.3,12.8,2017
"Masvingo",2017-04-17,0,16.9,25.6,8.2,2017
"Masvingo",2017-04-18,0,19.65,28.2,11.1,2017
"Masvingo",2017-04-19,0,22.5,30.9,14.1,2017
"Masvingo",2017-04-20,4.3,22.7,30,15.4,2017
"Masvingo",2017-04-21,0,19.15,23.1,15.2,2017
"Masvingo",2017-04-22,0,21.05,26.2,15.9,2017
"Masvingo",2017-04-23,0,21.65,31,12.3,2017
"Masvingo",2017-04-24,0,21.4,29.9,12.9,2017
"Masvingo",2017-04-25,0,20.65,31.3,10,2017
"Masvingo",2017-04-26,0,20.7,31,10.4,2017
"Masvingo",2017-04-27,0,21.4,25.9,16.9,2017
"Masvingo",2017-04-28,0,21.1,26.3,15.9,2017
"Masvingo",2017-04-29,0,20.1,26.3,13.9,2017
"Masvingo",2017-04-30,0,18.95,27.4,10.5,2017
"Masvingo",2017-05-01,0,20.25,28.3,12.2,2017
"Masvingo",2017-05-02,0,20.25,28.9,11.6,2017
"Masvingo",2017-05-03,0,18.05,27.8,8.3,2017
"Masvingo",2017-05-04,0,18.75,27.6,9.9,2017
"Masvingo",2017-05-05,0,17.95,26.7,9.2,2017
"Masvingo",2017-05-06,0,16.6,26.3,6.9,2017
"Masvingo",2017-05-07,0,16.2,24.1,8.3,2017
"Masvingo",2017-05-08,0,16.05,24.1,8,2017
"Masvingo",2017-05-09,0,16.75,23.7,9.8,2017
"Masvingo",2017-05-10,0,15.8,23.6,8,2017
"Masvingo",2017-05-11,0,15.25,24.1,6.4,2017
"Masvingo",2017-05-12,0,14.7,22.8,6.6,2017
"Masvingo",2017-05-13,0,14.75,24.9,4.6,2017
"Masvingo",2017-05-14,0,15.85,25.6,6.1,2017
"Masvingo",2017-05-15,0,17.45,27.9,7,2017
"Masvingo",2017-05-16,0,18.35,28.5,8.2,2017
"Masvingo",2017-05-17,0,20.25,29.3,11.2,2017
"Masvingo",2017-05-18,0,21.75,29.9,13.6,2017
"Masvingo",2017-05-19,0,22.5,31.7,13.3,2017
"Masvingo",2017-05-20,0,22.95,31.6,14.3,2017
"Masvingo",2017-05-21,0,22.45,31.1,13.8,2017
"Masvingo",2017-05-22,0,15.25,22.2,8.3,2017
"Masvingo",2017-05-23,0,14.25,25.6,2.9,2017
"Masvingo",2017-05-24,0,15.45,23.2,7.7,2017
"Masvingo",2017-05-25,0,16.7,23.5,9.9,2017
"Masvingo",2017-05-26,0,16.2,25.8,6.6,2017
"Masvingo",2017-05-27,0,16.3,24.9,7.7,2017
"Masvingo",2017-05-28,0,14.3,24.2,4.4,2017
"Masvingo",2017-05-29,0,14.15,24.2,4.1,2017
"Masvingo",2017-05-30,0,15.75,27.1,4.4,2017
"Masvingo",2017-05-31,0,15.85,27.3,4.4,2017
"Masvingo",2017-06-01,0,14.4,22.7,6.1,2017
"Masvingo",2017-06-02,0,16.25,23.1,9.4,2017
"Masvingo",2017-06-03,0,16.95,23.3,10.6,2017
"Masvingo",2017-06-04,0,15.9,22.5,9.3,2017
"Masvingo",2017-06-05,0,12,19.4,4.6,2017
"Masvingo",2017-06-06,0,13,17.7,8.3,2017
"Masvingo",2017-06-07,0,11.85,19.9,3.8,2017
"Masvingo",2017-06-08,0.5,11.55,21.7,1.4,2017
"Masvingo",2017-06-09,0,13.1,17.3,8.9,2017
"Masvingo",2017-06-10,0,11.65,16.7,6.6,2017
"Masvingo",2017-06-11,0,12.8,18.9,6.7,2017
"Masvingo",2017-06-12,0,11.9,19.9,3.9,2017
"Masvingo",2017-06-13,0,11.85,20.9,2.8,2017
"Masvingo",2017-06-14,0,11.7,20.6,2.8,2017
"Masvingo",2017-06-15,0,10.55,20.5,0.6,2017
"Masvingo",2017-06-16,0,11.85,20.8,2.9,2017
"Masvingo",2017-06-17,0,12.45,22.6,2.3,2017
"Masvingo",2017-06-18,1,12.3,13.4,11.2,2017
"Masvingo",2017-06-19,2.5,9.65,11.2,8.1,2017
"Masvingo",2017-06-20,4.3,9.6,12.8,6.4,2017
"Masvingo",2017-06-21,1.5,10.2,13.2,7.2,2017
"Masvingo",2017-06-22,0,12,15.5,8.5,2017
"Masvingo",2017-06-23,0,9.35,16.9,1.8,2017
"Masvingo",2017-06-24,0,10.3,20,0.6,2017
"Masvingo",2017-06-25,0,12.1,22.6,1.6,2017
"Masvingo",2017-06-26,0,13.2,24.8,1.6,2017
"Masvingo",2017-06-27,0,13.35,24.4,2.3,2017
"Masvingo",2017-06-28,0,11.55,22.4,0.7,2017
"Masvingo",2017-06-29,0,12.7,24.4,1,2017
"Masvingo",2017-06-30,0,13.25,23.6,2.9,2017
"Masvingo",2017-07-01,0,12.55,22.4,2.7,2017
"Masvingo",2017-07-02,0,12.4,23.1,1.7,2017
"Masvingo",2017-07-03,0,13.05,23.9,2.2,2017
"Masvingo",2017-07-04,0,13.65,22.6,4.7,2017
"Masvingo",2017-07-05,0,12.15,21.4,2.9,2017
"Masvingo",2017-07-06,0,13.1,22.4,3.8,2017
"Masvingo",2017-07-07,0,14.65,20.7,8.6,2017
"Masvingo",2017-07-08,0,14.8,24.7,4.9,2017
"Masvingo",2017-07-09,0,15.15,25.9,4.4,2017
"Masvingo",2017-07-10,0,15.6,25.1,6.1,2017
"Masvingo",2017-07-11,0,14.5,23.2,5.8,2017
"Masvingo",2017-07-12,0,13.9,24.9,2.9,2017
"Masvingo",2017-07-13,0,13,21.8,4.2,2017
"Masvingo",2017-07-14,0,12,20.6,3.4,2017
"Masvingo",2017-07-15,0,13.1,22.3,3.9,2017
"Masvingo",2017-07-16,0,13.95,24.4,3.5,2017
"Masvingo",2017-07-17,0,15.35,24.5,6.2,2017
"Masvingo",2017-07-18,0,14.2,23.5,4.9,2017
"Masvingo",2017-07-19,0,13.8,23.8,3.8,2017
"Masvingo",2017-07-20,0,15.25,26,4.5,2017
"Masvingo",2017-07-21,0,16.35,26.1,6.6,2017
"Masvingo",2017-07-22,0,11.1,15.1,7.1,2017
"Masvingo",2017-07-23,0,9.15,15,3.3,2017
"Masvingo",2017-07-24,0,11.25,19.7,2.8,2017
"Masvingo",2017-07-25,0,11.5,21.6,1.4,2017
"Masvingo",2017-07-26,0,11.9,22.7,1.1,2017
"Masvingo",2017-07-27,0,12.9,23.8,2,2017
"Masvingo",2017-07-28,0,14.6,22.8,6.4,2017
"Masvingo",2017-07-29,0,12.7,23.7,1.7,2017
"Masvingo",2017-07-30,0,13.25,24.3,2.2,2017
"Masvingo",2017-07-31,0,13.75,23.2,4.3,2017
"Masvingo",2017-08-01,0,14.25,26.8,1.7,2017
"Masvingo",2017-08-02,0,16.05,27.6,4.5,2017
"Masvingo",2017-08-03,0,15.6,25.1,6.1,2017
"Masvingo",2017-08-04,0,17.5,28.8,6.2,2017
"Masvingo",2017-08-05,0,16.65,24.5,8.8,2017
"Masvingo",2017-08-06,0,15.4,26.2,4.6,2017
"Masvingo",2017-08-07,0,14.15,24.4,3.9,2017
"Masvingo",2017-08-08,0,14.85,24.4,5.3,2017
"Masvingo",2017-08-09,0,15.5,27.2,3.8,2017
"Masvingo",2017-08-10,0,16.1,27.7,4.5,2017
"Masvingo",2017-08-11,0,12.2,20.5,3.9,2017
"Masvingo",2017-08-12,0,14.15,17.2,11.1,2017
"Masvingo",2017-08-13,0,13.4,17.7,9.1,2017
"Masvingo",2017-08-14,0,13,18.4,7.6,2017
"Masvingo",2017-08-15,0,12,19.1,4.9,2017
"Masvingo",2017-08-16,0,12.8,20.5,5.1,2017
"Masvingo",2017-08-17,0,12.3,21.2,3.4,2017
"Masvingo",2017-08-18,0,13.2,19.8,6.6,2017
"Masvingo",2017-08-19,0,12.85,18.5,7.2,2017
"Masvingo",2017-08-20,0,13.2,22.2,4.2,2017
"Masvingo",2017-08-21,0,13.85,22.8,4.9,2017
"Masvingo",2017-08-22,0,14.95,25.4,4.5,2017
"Masvingo",2017-08-23,0.3,13.35,21.7,5,2017
"Masvingo",2017-08-24,0,15.4,19.9,10.9,2017
"Masvingo",2017-08-25,0,15.15,25.9,4.4,2017
"Masvingo",2017-08-26,0,16.8,26.9,6.7,2017
"Masvingo",2017-08-27,0,18.05,26.2,9.9,2017
"Masvingo",2017-08-28,0,18.95,29.5,8.4,2017
"Masvingo",2017-08-29,0,22.5,31.6,13.4,2017
"Masvingo",2017-08-30,0,19.65,26.9,12.4,2017
"Masvingo",2017-08-31,0,19.8,28.5,11.1,2017
"Masvingo",2017-09-01,0,20.8,32.4,9.2,2017
"Masvingo",2017-09-02,0,22.1,32.1,12.1,2017
"Masvingo",2017-09-03,0,21.05,28.8,13.3,2017
"Masvingo",2017-09-04,0,19.35,28.4,10.3,2017
"Masvingo",2017-09-05,0,19.35,28.6,10.1,2017
"Masvingo",2017-09-06,0,16.05,24.7,7.4,2017
"Masvingo",2017-09-07,0,19.55,26.1,13,2017
"Masvingo",2017-09-08,0,20.5,31.6,9.4,2017
"Masvingo",2017-09-09,0,18,26.4,9.6,2017
"Masvingo",2017-09-10,0,19.15,26.7,11.6,2017
"Masvingo",2017-09-11,0,18.9,28.9,8.9,2017
"Masvingo",2017-09-12,0,21.55,32,11.1,2017
"Masvingo",2017-09-13,0,22.1,32.8,11.4,2017
"Masvingo",2017-09-14,0,21.8,28.1,15.5,2017
"Masvingo",2017-09-15,0,18.95,25.3,12.6,2017
"Masvingo",2017-09-16,0,18.35,21.7,15,2017
"Masvingo",2017-09-17,0,18.45,23.6,13.3,2017
"Masvingo",2017-09-18,0.5,15.05,21.8,8.3,2017
"Masvingo",2017-09-19,10.7,18.65,24.9,12.4,2017
"Masvingo",2017-09-20,0,20.5,28.1,12.9,2017
"Masvingo",2017-09-21,0,21,29.4,12.6,2017
"Masvingo",2017-09-22,0,21.25,31.1,11.4,2017
"Masvingo",2017-09-23,0,21.95,32.1,11.8,2017
"Masvingo",2017-09-24,0,23.2,32.2,14.2,2017
"Masvingo",2017-09-25,0,23.7,32.3,15.1,2017
"Masvingo",2017-09-26,0,24.25,33.2,15.3,2017
"Masvingo",2017-09-27,0,19.8,23.1,16.5,2017
"Masvingo",2017-09-28,0.3,16.1,18.8,13.4,2017
"Masvingo",2017-09-29,0,16.55,20.7,12.4,2017
"Masvingo",2017-09-30,0,16.65,23.5,9.8,2017
"Masvingo",2017-10-01,0,17.75,27.2,8.3,2017
"Masvingo",2017-10-02,0,19.6,29.8,9.4,2017
"Masvingo",2017-10-03,0,21.45,31,11.9,2017
"Masvingo",2017-10-04,0,22.7,32.7,12.7,2017
"Masvingo",2017-10-05,0,21.8,32.3,11.3,2017
"Masvingo",2017-10-06,0,22.35,32.4,12.3,2017
"Masvingo",2017-10-07,0,22.45,32.7,12.2,2017
"Masvingo",2017-10-08,0,23.6,31.6,15.6,2017
"Masvingo",2017-10-09,0,23.3,32.7,13.9,2017
"Masvingo",2017-10-10,0,23.6,30.5,16.7,2017
"Masvingo",2017-10-11,0,20.95,26.9,15,2017
"Masvingo",2017-10-12,0,20.4,28.1,12.7,2017
"Masvingo",2017-10-13,0,22.85,30.6,15.1,2017
"Masvingo",2017-10-14,0,24.85,33.6,16.1,2017
"Masvingo",2017-10-15,2,25.4,34,16.8,2017
"Masvingo",2017-10-16,0,20.4,23.1,17.7,2017
"Masvingo",2017-10-17,4.6,23.05,31.9,14.2,2017
"Masvingo",2017-10-18,0,19.75,22.2,17.3,2017
"Masvingo",2017-10-19,0,22.95,28.9,17,2017
"Masvingo",2017-10-20,0,22.75,32.2,13.3,2017
"Masvingo",2017-10-21,0,22.85,32.2,13.5,2017
"Masvingo",2017-10-22,0,24.15,34.4,13.9,2017
"Masvingo",2017-10-23,0,26.05,36.9,15.2,2017
"Masvingo",2017-10-24,0,27.9,37.4,18.4,2017
"Masvingo",2017-10-25,0,28.3,37.7,18.9,2017
"Masvingo",2017-10-26,0,29.75,38.3,21.2,2017
"Masvingo",2017-10-27,0,28.3,36.6,20,2017
"Masvingo",2017-10-28,0,22.7,29.1,16.3,2017
"Masvingo",2017-10-29,0,25.55,34.9,16.2,2017
"Masvingo",2017-10-30,0.3,25.6,31.2,20,2017
"Masvingo",2017-10-31,0,22.6,28.1,17.1,2017
"Masvingo",2017-11-01,0,24.35,31.8,16.9,2017
"Masvingo",2017-11-02,0,25.25,32.2,18.3,2017
"Masvingo",2017-11-03,0,23.85,31.3,16.4,2017
"Masvingo",2017-11-04,0,25.05,33.4,16.7,2017
"Masvingo",2017-11-05,1.3,25.6,31.1,20.1,2017
"Masvingo",2017-11-06,0.5,20.55,22.8,18.3,2017
"Masvingo",2017-11-07,17.5,21.9,26.3,17.5,2017
"Masvingo",2017-11-08,3.3,18.55,19.9,17.2,2017
"Masvingo",2017-11-09,7.9,18.2,19.6,16.8,2017
"Masvingo",2017-11-10,7.9,16.05,16.6,15.5,2017
"Masvingo",2017-11-11,0.3,18.5,22.1,14.9,2017
"Masvingo",2017-11-12,0,20.3,25.1,15.5,2017
"Masvingo",2017-11-13,0,21.9,30.5,13.3,2017
"Masvingo",2017-11-14,0,22.7,29.3,16.1,2017
"Masvingo",2017-11-15,0.3,18.6,20.6,16.6,2017
"Masvingo",2017-11-16,0,19.2,26.2,12.2,2017
"Masvingo",2017-11-17,0,21.35,30,12.7,2017
"Masvingo",2017-11-18,0,24.3,33,15.6,2017
"Masvingo",2017-11-19,3.6,25.6,31.2,20,2017
"Masvingo",2017-11-20,0.5,24.55,30.7,18.4,2017
"Masvingo",2017-11-21,0,24.15,30.5,17.8,2017
"Masvingo",2017-11-22,6.1,23.3,27.2,19.4,2017
"Masvingo",2017-11-23,3.6,22.55,27.3,17.8,2017
"Masvingo",2017-11-24,0.8,19.9,23.4,16.4,2017
"Masvingo",2017-11-25,0,20.75,25.9,15.6,2017
"Masvingo",2017-11-26,0,21.05,29.9,12.2,2017
"Masvingo",2017-11-27,0,23.5,31.7,15.3,2017
"Masvingo",2017-11-28,23.9,23.35,30.9,15.8,2017
"Masvingo",2017-11-29,0,20.7,25.3,16.1,2017
"Masvingo",2017-11-30,0,21.6,26.6,16.6,2017
"Masvingo",2017-12-01,29.5,20.9,25.1,16.7,2017
"Masvingo",2017-12-02,0,21.15,26.8,15.5,2017
"Masvingo",2017-12-03,0,22.5,29.6,15.4,2017
"Masvingo",2017-12-04,7.9,23.75,31.1,16.4,2017
"Masvingo",2017-12-05,30.5,24.2,31.6,16.8,2017
"Masvingo",2017-12-06,0,21.7,25.2,18.2,2017
"Masvingo",2017-12-07,52.3,20.55,22.9,18.2,2017
"Masvingo",2017-12-08,8.1,21.3,25.7,16.9,2017
"Masvingo",2017-12-09,30.5,23.55,29.4,17.7,2017
"Masvingo",2017-12-10,54.1,22,26.2,17.8,2017
"Masvingo",2017-12-11,0.3,17.85,19.1,16.6,2017
"Masvingo",2017-12-12,0.5,19.7,23.3,16.1,2017
"Masvingo",2017-12-13,0,20.9,25.6,16.2,2017
"Masvingo",2017-12-14,4.6,23.1,29.3,16.9,2017
"Masvingo",2017-12-15,18.8,23.45,28.3,18.6,2017
"Masvingo",2017-12-16,10.2,24.25,30.2,18.3,2017
"Masvingo",2017-12-17,4.6,21.2,23.5,18.9,2017
"Masvingo",2017-12-18,0.8,17.2,18.3,16.1,2017
"Masvingo",2017-12-19,0,20.2,23.4,17,2017
"Masvingo",2017-12-20,1,21,27.2,14.8,2017
"Masvingo",2017-12-21,27.2,23.95,29,18.9,2017
"Masvingo",2017-12-22,112.8,24.95,30.6,19.3,2017
"Masvingo",2017-12-23,43.2,22.65,27.4,17.9,2017
"Masvingo",2017-12-24,0.8,22.25,26.7,17.8,2017
"Masvingo",2017-12-25,5.3,23.15,27.6,18.7,2017
"Masvingo",2017-12-26,2.3,23.5,27.7,19.3,2017
"Masvingo",2017-12-27,6.1,24.2,30.6,17.8,2017
"Masvingo",2017-12-28,0.5,23.7,28.4,19,2017
"Masvingo",2017-12-29,16.5,23.35,28.3,18.4,2017
"Masvingo",2017-12-30,23.4,22.85,26.8,18.9,2017
"Masvingo",2017-12-31,0.3,16.85,18.4,15.3,2017
"Karoi",2014-07-01,0,17.4,24.2,10.6,2014
"Karoi",2014-07-02,0,16.95,23.3,10.6,2014
"Karoi",2014-07-03,0,16.75,24.7,8.8,2014
"Karoi",2014-07-04,0,18.25,24.9,11.6,2014
"Karoi",2014-07-05,0,16.3,23.7,8.9,2014
"Karoi",2014-07-06,0,15.1,22.4,7.8,2014
"Karoi",2014-07-07,0,14.05,20.4,7.7,2014
"Karoi",2014-07-08,0,13.6,19.4,7.8,2014
"Karoi",2014-07-09,0,12.9,19.4,6.4,2014
"Karoi",2014-07-10,0,13.4,21,5.8,2014
"Karoi",2014-07-11,0,14.2,21.7,6.7,2014
"Karoi",2014-07-12,0,13.75,20.6,6.9,2014
"Karoi",2014-07-13,0,13.65,20.6,6.7,2014
"Karoi",2014-07-14,0,14.8,22.2,7.4,2014
"Karoi",2014-07-15,0,16.65,25,8.3,2014
"Karoi",2014-07-16,0,16.2,24.7,7.7,2014
"Karoi",2014-07-17,0,15.55,23.3,7.8,2014
"Karoi",2014-07-18,0,13.75,19.8,7.7,2014
"Karoi",2014-07-19,0,13.15,16.6,9.7,2014
"Karoi",2014-07-20,0,13.5,21.6,5.4,2014
"Karoi",2014-07-21,0,14.9,23.1,6.7,2014
"Karoi",2014-07-22,0,14.75,21.7,7.8,2014
"Karoi",2014-07-23,0,13.75,20.5,7,2014
"Karoi",2014-07-24,0,15.3,24,6.6,2014
"Karoi",2014-07-25,0,17.65,25.9,9.4,2014
"Karoi",2014-07-26,0,14.5,21.4,7.6,2014
"Karoi",2014-07-27,0,12.55,20.1,5,2014
"Karoi",2014-07-28,0,13.65,21.7,5.6,2014
"Karoi",2014-07-29,0,14.4,22.2,6.6,2014
"Karoi",2014-07-30,0,15.45,23.2,7.7,2014
"Karoi",2014-07-31,0,14.8,22.3,7.3,2014
"Karoi",2014-08-01,0,14.75,21.8,7.7,2014
"Karoi",2014-08-02,0,16.55,24.4,8.7,2014
"Karoi",2014-08-03,0,16.35,22.8,9.9,2014
"Karoi",2014-08-04,0,15.2,22.8,7.6,2014
"Karoi",2014-08-05,0,15.25,22.2,8.3,2014
"Karoi",2014-08-06,0,14.05,18.8,9.3,2014
"Karoi",2014-08-07,0,13.3,20.2,6.4,2014
"Karoi",2014-08-08,0,13.95,19.8,8.1,2014
"Karoi",2014-08-09,0,14.75,21.7,7.8,2014
"Karoi",2014-08-10,0,17.05,24.5,9.6,2014
"Karoi",2014-08-11,0,18.9,26.7,11.1,2014
"Karoi",2014-08-12,0,19.1,26.2,12,2014
"Karoi",2014-08-13,0,17.25,23.9,10.6,2014
"Karoi",2014-08-14,0,15.85,22.8,8.9,2014
"Karoi",2014-08-15,0,16.6,24.4,8.8,2014
"Karoi",2014-08-16,0,18.9,26.8,11,2014
"Karoi",2014-08-17,0,20.05,27.3,12.8,2014
"Karoi",2014-08-18,0,20,27.2,12.8,2014
"Karoi",2014-08-19,0,20.15,27.8,12.5,2014
"Karoi",2014-08-20,0,20.55,27.2,13.9,2014
"Karoi",2014-08-21,0,20.55,26.7,14.4,2014
"Karoi",2014-08-22,0,21.25,28.2,14.3,2014
"Karoi",2014-08-23,0,19.05,27.8,10.3,2014
"Karoi",2014-08-24,0,19.4,27.6,11.2,2014
"Karoi",2014-08-25,0,18.65,25.6,11.7,2014
"Karoi",2014-08-26,0,18.3,25.5,11.1,2014
"Karoi",2014-08-27,1.5,14.5,17.4,11.6,2014
"Karoi",2014-08-28,0,16.15,21.2,11.1,2014
"Karoi",2014-08-29,0,16.6,22.1,11.1,2014
"Karoi",2014-08-30,0,18.5,24.9,12.1,2014
"Karoi",2014-08-31,0,20.25,27.1,13.4,2014
"Karoi",2014-09-01,2.3,19.95,27.1,12.8,2014
"Karoi",2014-09-02,0,18.35,26.1,10.6,2014
"Karoi",2014-09-03,0,19.2,26.7,11.7,2014
"Karoi",2014-09-04,0,21.1,28.9,13.3,2014
"Karoi",2014-09-05,0,22.5,30.6,14.4,2014
"Karoi",2014-09-06,0,22.5,29.7,15.3,2014
"Karoi",2014-09-07,0,19.45,27,11.9,2014
"Karoi",2014-09-08,0,17.75,25.5,10,2014
"Karoi",2014-09-09,0,17.6,26,9.2,2014
"Karoi",2014-09-10,0,18.4,27.9,8.9,2014
"Karoi",2014-09-11,0,21.05,28.8,13.3,2014
"Karoi",2014-09-12,0,22.65,29.6,15.7,2014
"Karoi",2014-09-13,0,20.85,28.4,13.3,2014
"Karoi",2014-09-14,0,20.65,28.6,12.7,2014
"Karoi",2014-09-15,0,22,30.6,13.4,2014
"Karoi",2014-09-16,0,21.9,29.9,13.9,2014
"Karoi",2014-09-17,0,21.7,29.7,13.7,2014
"Karoi",2014-09-18,0,21.8,28.4,15.2,2014
"Karoi",2014-09-19,0,19.4,25.6,13.2,2014
"Karoi",2014-09-20,0,19.45,27.2,11.7,2014
"Karoi",2014-09-21,0,21.15,28.4,13.9,2014
"Karoi",2014-09-22,0,21.15,29.4,12.9,2014
"Karoi",2014-09-23,0,24.45,32.8,16.1,2014
"Karoi",2014-09-24,0,23.4,30.1,16.7,2014
"Karoi",2014-09-25,0,21.15,27.3,15,2014
"Karoi",2014-09-26,0,21.4,28.9,13.9,2014
"Karoi",2014-09-27,0,21.4,30,12.8,2014
"Karoi",2014-09-28,0,22.25,30,14.5,2014
"Karoi",2014-09-29,0,21.1,28.9,13.3,2014
"Karoi",2014-09-30,0,22.35,30.2,14.5,2014
"Karoi",2014-10-01,0,22.7,29.9,15.5,2014
"Karoi",2014-10-02,0,22.55,30.1,15,2014
"Karoi",2014-10-03,0,22.85,30,15.7,2014
"Karoi",2014-10-04,0,23.1,30.7,15.5,2014
"Karoi",2014-10-05,0,24.15,31.6,16.7,2014
"Karoi",2014-10-06,0,24.05,30.9,17.2,2014
"Karoi",2014-10-07,0,22.2,30,14.4,2014
"Karoi",2014-10-08,0,23.4,31.2,15.6,2014
"Karoi",2014-10-09,0,26.2,32.8,19.6,2014
"Karoi",2014-10-10,0,25.6,32.9,18.3,2014
"Karoi",2014-10-11,0,24.5,30.7,18.3,2014
"Karoi",2014-10-12,0,23.35,29.5,17.2,2014
"Karoi",2014-10-13,0.3,24.05,30.9,17.2,2014
"Karoi",2014-10-14,1.5,24.95,31.6,18.3,2014
"Karoi",2014-10-15,2.3,23.65,30.6,16.7,2014
"Karoi",2014-10-16,0,21.1,26.1,16.1,2014
"Karoi",2014-10-17,0,22.45,28.8,16.1,2014
"Karoi",2014-10-18,4.1,23.75,29.7,17.8,2014
"Karoi",2014-10-19,0,22.6,28.4,16.8,2014
"Karoi",2014-10-20,0,23.6,29.4,17.8,2014
"Karoi",2014-10-21,0,22.8,28.4,17.2,2014
"Karoi",2014-10-22,16,19.85,22.9,16.8,2014
"Karoi",2014-10-23,0.5,18,20.7,15.3,2014
"Karoi",2014-10-24,7.9,21.7,27.3,16.1,2014
"Karoi",2014-10-25,2.8,22.2,26.1,18.3,2014
"Karoi",2014-10-26,0,22,27.3,16.7,2014
"Karoi",2014-10-27,0,21.8,25.8,17.8,2014
"Karoi",2014-10-28,0,23.3,28.9,17.7,2014
"Karoi",2014-10-29,0,23.35,27.3,19.4,2014
"Karoi",2014-10-30,0,21.95,26.7,17.2,2014
"Karoi",2014-10-31,10.4,22.5,27.8,17.2,2014
"Karoi",2014-11-01,20.6,19.2,22.7,15.7,2014
"Karoi",2014-11-02,0,20.1,22.3,17.9,2014
"Karoi",2014-11-03,10.2,18.4,21.1,15.7,2014
"Karoi",2014-11-04,14,17.9,20.1,15.7,2014
"Karoi",2014-11-05,0,19.75,23.9,15.6,2014
"Karoi",2014-11-06,30.5,20.55,24.4,16.7,2014
"Karoi",2014-11-07,3,20.1,24.6,15.6,2014
"Karoi",2014-11-08,34.8,18.2,20.7,15.7,2014
"Karoi",2014-11-09,0,17.2,19.4,15,2014
"Karoi",2014-11-10,0,20.3,25,15.6,2014
"Karoi",2014-11-11,1,22.9,29.4,16.4,2014
"Karoi",2014-11-12,0,21.65,26,17.3,2014
"Karoi",2014-11-13,0,19.4,24.5,14.3,2014
"Karoi",2014-11-14,0,19.65,25.9,13.4,2014
"Karoi",2014-11-15,0,19.7,27.2,12.2,2014
"Karoi",2014-11-16,0,20.2,27.6,12.8,2014
"Karoi",2014-11-17,0,20.05,27.2,12.9,2014
"Karoi",2014-11-18,0,21.95,29.7,14.2,2014
"Karoi",2014-11-19,0,23.4,30.6,16.2,2014
"Karoi",2014-11-20,0,22.95,29.7,16.2,2014
"Karoi",2014-11-21,0,23.45,30,16.9,2014
"Karoi",2014-11-22,0,23.65,30.6,16.7,2014
"Karoi",2014-11-23,0,24.5,30.7,18.3,2014
"Karoi",2014-11-24,0,23,28.6,17.4,2014
"Karoi",2014-11-25,0,23.7,29.6,17.8,2014
"Karoi",2014-11-26,2,24,29.7,18.3,2014
"Karoi",2014-11-27,0,24.8,31.8,17.8,2014
"Karoi",2014-11-28,0,23.65,28.9,18.4,2014
"Karoi",2014-11-29,1.5,23.45,28.2,18.7,2014
"Karoi",2014-11-30,2.8,23,28.9,17.1,2014
"Karoi",2014-12-01,13.2,22.95,28.3,17.6,2014
"Karoi",2014-12-02,5.6,20,22.3,17.7,2014
"Karoi",2014-12-03,9.1,19.75,22.2,17.3,2014
"Karoi",2014-12-04,0,17.95,19.5,16.4,2014
"Karoi",2014-12-05,0,20.2,24.3,16.1,2014
"Karoi",2014-12-06,0,20.9,26.9,14.9,2014
"Karoi",2014-12-07,0,19.7,25.2,14.2,2014
"Karoi",2014-12-08,3.3,19.8,23.4,16.2,2014
"Karoi",2014-12-09,8.4,20.45,24.3,16.6,2014
"Karoi",2014-12-10,5.1,20.45,24.6,16.3,2014
"Karoi",2014-12-11,0,21.15,25.7,16.6,2014
"Karoi",2014-12-12,8.1,20.8,25,16.6,2014
"Karoi",2014-12-13,13.2,22.55,27.2,17.9,2014
"Karoi",2014-12-14,54.1,21.55,26.5,16.6,2014
"Karoi",2014-12-15,0.3,20.25,24.9,15.6,2014
"Karoi",2014-12-16,0,19.45,23.2,15.7,2014
"Karoi",2014-12-17,0,19,23.7,14.3,2014
"Karoi",2014-12-18,0,20.85,24.7,17,2014
"Karoi",2014-12-19,0,22.1,26.3,17.9,2014
"Karoi",2014-12-20,3.8,21.55,25.3,17.8,2014
"Karoi",2014-12-21,0,21.35,24.6,18.1,2014
"Karoi",2014-12-22,4.1,21.3,26.2,16.4,2014
"Karoi",2014-12-23,12.2,22.25,26.8,17.7,2014
"Karoi",2014-12-24,1.8,20.7,24.3,17.1,2014
"Karoi",2014-12-25,3.6,20.6,22.9,18.3,2014
"Karoi",2014-12-26,13,19.25,21.3,17.2,2014
"Karoi",2014-12-27,0.8,21.65,27,16.3,2014
"Karoi",2014-12-28,4.3,20.35,25.3,15.4,2014
"Karoi",2014-12-29,3.6,20.8,25.3,16.3,2014
"Karoi",2014-12-30,26.4,20.6,25.3,15.9,2014
"Karoi",2014-12-31,0,20.95,26.5,15.4,2014
"Karoi",2015-01-01,0.3,22.35,26,18.7,2015
"Karoi",2015-01-02,3.3,21.15,24.6,17.7,2015
"Karoi",2015-01-03,29.2,21.95,25.4,18.5,2015
"Karoi",2015-01-04,9.4,19.85,23.3,16.4,2015
"Karoi",2015-01-05,30.7,19.95,22.4,17.5,2015
"Karoi",2015-01-06,8.1,20.5,23.3,17.7,2015
"Karoi",2015-01-07,5.3,20.55,23.2,17.9,2015
"Karoi",2015-01-08,2.5,20,22.4,17.6,2015
"Karoi",2015-01-09,5.1,21,23.7,18.3,2015
"Karoi",2015-01-10,8.4,19.4,21.6,17.2,2015
"Karoi",2015-01-11,2.3,18.9,21.4,16.4,2015
"Karoi",2015-01-12,0,19.8,23.3,16.3,2015
"Karoi",2015-01-13,0,20.8,26.4,15.2,2015
"Karoi",2015-01-14,0,20.45,25.7,15.2,2015
"Karoi",2015-01-15,0,20.6,25.2,16,2015
"Karoi",2015-01-16,0,21.65,26.4,16.9,2015
"Karoi",2015-01-17,0,23.1,26.9,19.3,2015
"Karoi",2015-01-18,3.8,22.7,27.8,17.6,2015
"Karoi",2015-01-19,33.5,21.4,25.4,17.4,2015
"Karoi",2015-01-20,0,21.45,25.2,17.7,2015
"Karoi",2015-01-21,1.3,23.15,27.7,18.6,2015
"Karoi",2015-01-22,10.2,21.45,23.9,19,2015
"Karoi",2015-01-23,1.8,21.4,25.6,17.2,2015
"Karoi",2015-01-24,9.4,21.6,24.6,18.6,2015
"Karoi",2015-01-25,27.4,21.2,25.2,17.2,2015
"Karoi",2015-01-26,71.4,21.65,25.5,17.8,2015
"Karoi",2015-01-27,43.7,21.25,25,17.5,2015
"Karoi",2015-01-28,10.9,22.75,27.7,17.8,2015
"Karoi",2015-01-29,5.3,21.75,25.9,17.6,2015
"Karoi",2015-01-30,0.3,20.95,23.9,18,2015
"Karoi",2015-01-31,0,20.65,24.2,17.1,2015
"Karoi",2015-02-01,0,20.7,22.6,18.8,2015
"Karoi",2015-02-02,16,20.5,22.4,18.6,2015
"Karoi",2015-02-03,5.3,20.15,23.5,16.8,2015
"Karoi",2015-02-04,30.5,21.1,24.9,17.3,2015
"Karoi",2015-02-05,27.2,19.85,22.9,16.8,2015
"Karoi",2015-02-06,0,19.15,21.6,16.7,2015
"Karoi",2015-02-07,0,20.15,24.3,16,2015
"Karoi",2015-02-08,0,21.3,25.2,17.4,2015
"Karoi",2015-02-09,31,21.45,24.6,18.3,2015
"Karoi",2015-02-10,4.6,20.95,24.2,17.7,2015
"Karoi",2015-02-11,2.8,21.85,25.8,17.9,2015
"Karoi",2015-02-12,2,21.9,25.2,18.6,2015
"Karoi",2015-02-13,7.1,20.85,24.6,17.1,2015
"Karoi",2015-02-14,17.5,20.7,23.7,17.7,2015
"Karoi",2015-02-15,10.9,20.9,24.7,17.1,2015
"Karoi",2015-02-16,15.7,21.95,26.6,17.3,2015
"Karoi",2015-02-17,1.8,21.8,26.2,17.4,2015
"Karoi",2015-02-18,0,21.8,26.6,17,2015
"Karoi",2015-02-19,0,21.85,27,16.7,2015
"Karoi",2015-02-20,0,22.3,26.6,18,2015
"Karoi",2015-02-21,6.4,22.9,27.7,18.1,2015
"Karoi",2015-02-22,10.4,21.7,25.6,17.8,2015
"Karoi",2015-02-23,0,22.1,25.4,18.8,2015
"Karoi",2015-02-24,0.5,21.45,25.3,17.6,2015
"Karoi",2015-02-25,0,21.2,25.3,17.1,2015
"Karoi",2015-02-26,0,21.45,25.4,17.5,2015
"Karoi",2015-02-27,0,20.55,25.3,15.8,2015
"Karoi",2015-02-28,0,21.05,26.9,15.2,2015
"Karoi",NA,11.7,21.9,25.6,18.2,NA
"Karoi",2015-03-01,0.3,21.85,25.8,17.9,2015
"Karoi",2015-03-02,0,21.95,26.3,17.6,2015
"Karoi",2015-03-03,0,22.4,27.1,17.7,2015
"Karoi",2015-03-04,8.6,21.55,25.9,17.2,2015
"Karoi",2015-03-05,0,21.7,26,17.4,2015
"Karoi",2015-03-06,0,21.75,26.4,17.1,2015
"Karoi",2015-03-07,0,20.75,26.2,15.3,2015
"Karoi",2015-03-08,0,21,25.2,16.8,2015
"Karoi",2015-03-09,0,21.1,25.5,16.7,2015
"Karoi",2015-03-10,0,20.2,26.2,14.2,2015
"Karoi",2015-03-11,0,20.4,26.5,14.3,2015
"Karoi",2015-03-12,0,20.5,26.7,14.3,2015
"Karoi",2015-03-13,0,20.15,26.3,14,2015
"Karoi",2015-03-14,3.3,20.6,26.8,14.4,2015
"Karoi",2015-03-15,0,21.95,28.4,15.5,2015
"Karoi",2015-03-16,0,21.8,27.8,15.8,2015
"Karoi",2015-03-17,0,20.85,27.3,14.4,2015
"Karoi",2015-03-18,0,20,26.2,13.8,2015
"Karoi",2015-03-19,0,20.7,26.8,14.6,2015
"Karoi",2015-03-20,0,21.45,28.1,14.8,2015
"Karoi",2015-03-21,0,22.5,28.6,16.4,2015
"Karoi",2015-03-22,0,23.3,29.7,16.9,2015
"Karoi",2015-03-23,0,22.25,29.4,15.1,2015
"Karoi",2015-03-24,0,22.05,28.4,15.7,2015
"Karoi",2015-03-25,0,21.9,29,14.8,2015
"Karoi",2015-03-26,0,22.35,29.1,15.6,2015
"Karoi",2015-03-27,0,21.2,28.1,14.3,2015
"Karoi",2015-03-28,0,20.9,28,13.8,2015
"Karoi",2015-03-29,0,20.95,27.2,14.7,2015
"Karoi",2015-03-30,0,20.6,26.9,14.3,2015
"Karoi",2015-03-31,3,20.55,26.2,14.9,2015
"Karoi",2015-04-01,0,20.4,26.2,14.6,2015
"Karoi",2015-04-02,0,20.3,26.7,13.9,2015
"Karoi",2015-04-03,0,21.75,28.9,14.6,2015
"Karoi",2015-04-04,0,22.65,29.8,15.5,2015
"Karoi",2015-04-05,0,23.5,30.3,16.7,2015
"Karoi",2015-04-06,0,21.8,28.9,14.7,2015
"Karoi",2015-04-07,0,20.05,26.9,13.2,2015
"Karoi",2015-04-08,0,21.6,28.5,14.7,2015
"Karoi",2015-04-09,0,21.25,26.7,15.8,2015
"Karoi",2015-04-10,0,22.55,27.9,17.2,2015
"Karoi",2015-04-11,0,21.85,26.6,17.1,2015
"Karoi",2015-04-12,0,19.8,25.8,13.8,2015
"Karoi",2015-04-13,0,20.5,27.2,13.8,2015
"Karoi",2015-04-14,0,21.1,27.3,14.9,2015
"Karoi",2015-04-15,0,20.45,25.2,15.7,2015
"Karoi",2015-04-16,0,21.7,27.9,15.5,2015
"Karoi",2015-04-17,0,22.6,28.1,17.1,2015
"Karoi",2015-04-18,0,22.8,28,17.6,2015
"Karoi",2015-04-19,1.3,21.2,26.3,16.1,2015
"Karoi",2015-04-20,23.9,19.3,24.2,14.4,2015
"Karoi",2015-04-21,0.3,18.1,20.9,15.3,2015
"Karoi",2015-04-22,0,18,22.3,13.7,2015
"Karoi",2015-04-23,3,19.3,25,13.6,2015
"Karoi",2015-04-24,0,19.15,23.7,14.6,2015
"Karoi",2015-04-25,0,18.55,24.3,12.8,2015
"Karoi",2015-04-26,0,16.85,23.4,10.3,2015
"Karoi",2015-04-27,0,17.4,24.1,10.7,2015
"Karoi",2015-04-28,0,18.15,25.3,11,2015
"Karoi",2015-04-29,0,18.1,25.1,11.1,2015
"Karoi",2015-04-30,0,18.35,25.1,11.6,2015
"Karoi",2015-05-01,0,18.65,25.1,12.2,2015
"Karoi",2015-05-02,0,20.5,27.3,13.7,2015
"Karoi",2015-05-03,0,21.15,27.5,14.8,2015
"Karoi",2015-05-04,0,19.6,26.4,12.8,2015
"Karoi",2015-05-05,0,18.7,26.2,11.2,2015
"Karoi",2015-05-06,0,20.3,27.9,12.7,2015
"Karoi",2015-05-07,0,19.1,25.2,13,2015
"Karoi",2015-05-08,6.6,16,18.4,13.6,2015
"Karoi",2015-05-09,0,17.1,22.2,12,2015
"Karoi",2015-05-10,0,17.75,23.1,12.4,2015
"Karoi",2015-05-11,0,16.6,22.2,11,2015
"Karoi",2015-05-12,0,19.6,25.3,13.9,2015
"Karoi",2015-05-13,0,18.9,25.4,12.4,2015
"Karoi",2015-05-14,0,17.65,24.1,11.2,2015
"Karoi",2015-05-15,0,15.3,21.7,8.9,2015
"Karoi",2015-05-16,0,16.3,23.1,9.5,2015
"Karoi",2015-05-17,0,16.1,23,9.2,2015
"Karoi",2015-05-18,0,17.95,24,11.9,2015
"Karoi",2015-05-19,0,16.85,23.5,10.2,2015
"Karoi",2015-05-20,0,16.2,22.6,9.8,2015
"Karoi",2015-05-21,0,16.7,22.7,10.7,2015
"Karoi",2015-05-22,0,15.85,22.6,9.1,2015
"Karoi",2015-05-23,0,15.4,21.5,9.3,2015
"Karoi",2015-05-24,0,15.9,21,10.8,2015
"Karoi",2015-05-25,0,15.95,21.1,10.8,2015
"Karoi",2015-05-26,0,15.1,21.6,8.6,2015
"Karoi",2015-05-27,0,16.15,22.1,10.2,2015
"Karoi",2015-05-28,0,17.2,24.1,10.3,2015
"Karoi",2015-05-29,0,16.7,21.6,11.8,2015
"Karoi",2015-05-30,0,16.7,21.1,12.3,2015
"Karoi",2015-05-31,0,15.8,19.8,11.8,2015
"Karoi",2015-06-01,0,14.5,20.7,8.3,2015
"Karoi",2015-06-02,0,14.85,21.3,8.4,2015
"Karoi",2015-06-03,0.5,14.55,20.2,8.9,2015
"Karoi",2015-06-04,1.3,15.45,21.2,9.7,2015
"Karoi",2015-06-05,0.5,14.25,17.4,11.1,2015
"Karoi",2015-06-06,0,14.25,20.2,8.3,2015
"Karoi",2015-06-07,0,14.85,20.9,8.8,2015
"Karoi",2015-06-08,0,16.65,22,11.3,2015
"Karoi",2015-06-09,0,16,22.4,9.6,2015
"Karoi",2015-06-10,0,15.75,21.5,10,2015
"Karoi",2015-06-11,0.5,15.4,21.6,9.2,2015
"Karoi",2015-06-12,0,15.85,22.4,9.3,2015
"Karoi",2015-06-13,0,16.25,22.9,9.6,2015
"Karoi",2015-06-14,0,15.45,22.3,8.6,2015
"Karoi",2015-06-15,0,14.6,21.1,8.1,2015
"Karoi",2015-06-16,0,14.2,21.1,7.3,2015
"Karoi",2015-06-17,0,14.5,21.6,7.4,2015
"Karoi",2015-06-18,0,14.65,20.1,9.2,2015
"Karoi",2015-06-19,0,15.75,21.7,9.8,2015
"Karoi",2015-06-20,2,15.35,20.7,10,2015
"Karoi",2015-06-21,0,14.55,20.6,8.5,2015
"Karoi",2015-06-22,0,15.35,21.1,9.6,2015
"Karoi",2015-06-23,0,16.8,23.4,10.2,2015
"Karoi",2015-06-24,0,16.5,22.9,10.1,2015
"Karoi",2015-06-25,0,15.7,22.5,8.9,2015
"Karoi",2015-06-26,0,16,23.1,8.9,2015
"Karoi",2015-06-27,0,16.5,23.3,9.7,2015
"Karoi",2015-06-28,0,18.15,23.7,12.6,2015
"Karoi",2015-06-29,0,14,21.2,6.8,2015
"Karoi",2015-06-30,0,13.85,20,7.7,2015
"Karoi",2015-07-01,0,13.5,20.2,6.8,2015
"Karoi",2015-07-02,0,13,19.1,6.9,2015
"Karoi",2015-07-03,0,13.9,20.7,7.1,2015
"Karoi",2015-07-04,0,14.2,20.8,7.6,2015
"Karoi",2015-07-05,0,15.3,22.1,8.5,2015
"Karoi",2015-07-06,0,15.75,22.4,9.1,2015
"Karoi",2015-07-07,0,15.85,22.4,9.3,2015
"Karoi",2015-07-08,0,15,21.8,8.2,2015
"Karoi",2015-07-09,0,16.1,23.7,8.5,2015
"Karoi",2015-07-10,0,16.1,23.1,9.1,2015
"Karoi",2015-07-11,0,15.4,22,8.8,2015
"Karoi",2015-07-12,0,15.25,22.4,8.1,2015
"Karoi",2015-07-13,0,14.5,20.9,8.1,2015
"Karoi",2015-07-14,0,14.1,21.1,7.1,2015
"Karoi",2015-07-15,0,14.4,21.6,7.2,2015
"Karoi",2015-07-16,0,15.7,23.1,8.3,2015
"Karoi",2015-07-17,0,16.6,23.9,9.3,2015
"Karoi",2015-07-18,0,15.9,23,8.8,2015
"Karoi",2015-07-19,0,16.45,24.3,8.6,2015
"Karoi",2015-07-20,0,16.65,24.2,9.1,2015
"Karoi",2015-07-21,0,16.1,23.1,9.1,2015
"Karoi",2015-07-22,0,15.15,22.1,8.2,2015
"Karoi",2015-07-23,0,14.25,21.3,7.2,2015
"Karoi",2015-07-24,0,15.15,22.3,8,2015
"Karoi",2015-07-25,0,16.45,23.1,9.8,2015
"Karoi",2015-07-26,0,17.75,25.2,10.3,2015
"Karoi",2015-07-27,0,17.05,23.4,10.7,2015
"Karoi",2015-07-28,0,15.25,22.7,7.8,2015
"Karoi",2015-07-29,0,14.1,18.5,9.7,2015
"Karoi",2015-07-30,0,12.8,18.9,6.7,2015
"Karoi",2015-07-31,0,12.65,17.2,8.1,2015
"Karoi",2015-08-01,0,13.35,17.6,9.1,2015
"Karoi",2015-08-02,0,14.05,20.8,7.3,2015
"Karoi",2015-08-03,0,14.3,21.7,6.9,2015
"Karoi",2015-08-04,0,15.65,22.9,8.4,2015
"Karoi",2015-08-05,0,16.85,23.6,10.1,2015
"Karoi",2015-08-06,0,18.65,25.7,11.6,2015
"Karoi",2015-08-07,0,19.75,26.7,12.8,2015
"Karoi",2015-08-08,0,18.65,25.6,11.7,2015
"Karoi",2015-08-09,0,15.7,21.4,10,2015
"Karoi",2015-08-10,0,17.55,24.5,10.6,2015
"Karoi",2015-08-11,0,18.9,25.9,11.9,2015
"Karoi",2015-08-12,0,18.45,25.7,11.2,2015
"Karoi",2015-08-13,0,16.75,24.1,9.4,2015
"Karoi",2015-08-14,0,15.9,22.4,9.4,2015
"Karoi",2015-08-15,0,16.45,23.8,9.1,2015
"Karoi",2015-08-16,0,17.5,23.3,11.7,2015
"Karoi",2015-08-17,0,16.95,23.3,10.6,2015
"Karoi",2015-08-18,0,17.95,25.2,10.7,2015
"Karoi",2015-08-19,0,18.95,26.2,11.7,2015
"Karoi",2015-08-20,0,19.55,26.9,12.2,2015
"Karoi",2015-08-21,0,18.95,26.2,11.7,2015
"Karoi",2015-08-22,0,17.55,23.9,11.2,2015
"Karoi",2015-08-23,0,17.9,25.1,10.7,2015
"Karoi",2015-08-24,0,20.65,28.9,12.4,2015
"Karoi",2015-08-25,0,22.35,30.3,14.4,2015
"Karoi",2015-08-26,0,23.25,30.3,16.2,2015
"Karoi",2015-08-27,0,22.55,31.2,13.9,2015
"Karoi",2015-08-28,0,23.5,29.1,17.9,2015
"Karoi",2015-08-29,0,20.35,27.9,12.8,2015
"Karoi",2015-08-30,0,19.8,27.9,11.7,2015
"Karoi",2015-08-31,0,19,26.6,11.4,2015
"Karoi",2015-09-01,0,20.35,27,13.7,2015
"Karoi",2015-09-02,0,20.6,27.9,13.3,2015
"Karoi",2015-09-03,0,21.05,27.9,14.2,2015
"Karoi",2015-09-04,0,20.5,26.8,14.2,2015
"Karoi",2015-09-05,0,20.85,27.4,14.3,2015
"Karoi",2015-09-06,0,19.7,26.2,13.2,2015
"Karoi",2015-09-07,0,20.25,27.9,12.6,2015
"Karoi",2015-09-08,0,21.2,28.6,13.8,2015
"Karoi",2015-09-09,0,20.15,27.1,13.2,2015
"Karoi",2015-09-10,0,22.1,29.2,15,2015
"Karoi",2015-09-11,0,24.2,31.6,16.8,2015
"Karoi",2015-09-12,0,25.3,32.9,17.7,2015
"Karoi",2015-09-13,0,25.75,33.6,17.9,2015
"Karoi",2015-09-14,0,23.6,28.9,18.3,2015
"Karoi",2015-09-15,0,23.4,29.8,17,2015
"Karoi",2015-09-16,0,24.55,31.2,17.9,2015
"Karoi",2015-09-17,0,14.95,16.8,13.1,2015
"Karoi",2015-09-18,0,14.35,16.8,11.9,2015
"Karoi",2015-09-19,0,14.1,21.3,6.9,2015
"Karoi",2015-09-20,0,14.95,22.7,7.2,2015
"Karoi",2015-09-21,0,16.1,23.6,8.6,2015
"Karoi",2015-09-22,0,17.8,25.4,10.2,2015
"Karoi",2015-09-23,0,18.15,26.3,10,2015
"Karoi",2015-09-24,0,20.95,28.4,13.5,2015
"Karoi",2015-09-25,0,22.65,30,15.3,2015
"Karoi",2015-09-26,0,24.35,30.9,17.8,2015
"Karoi",2015-09-27,0,24.5,31.8,17.2,2015
"Karoi",2015-09-28,0,25.3,31,19.6,2015
"Karoi",2015-09-29,0,24.5,32.6,16.4,2015
"Karoi",2015-09-30,0,25.6,33.1,18.1,2015
"Karoi",2015-10-01,0,25.4,32.6,18.2,2015
"Karoi",2015-10-02,0,25.5,32.1,18.9,2015
"Karoi",2015-10-03,0,24.9,31.9,17.9,2015
"Karoi",2015-10-04,0,22.85,29.1,16.6,2015
"Karoi",2015-10-05,0,22.65,28.9,16.4,2015
"Karoi",2015-10-06,0,21.95,28.4,15.5,2015
"Karoi",2015-10-07,0,20.7,27.2,14.2,2015
"Karoi",2015-10-08,0,20.5,27.7,13.3,2015
"Karoi",2015-10-09,0,20.85,28.3,13.4,2015
"Karoi",2015-10-10,0,24.2,31.4,17,2015
"Karoi",2015-10-11,0,25.25,33.6,16.9,2015
"Karoi",2015-10-12,0,26.6,34.1,19.1,2015
"Karoi",2015-10-13,0,25,30.8,19.2,2015
"Karoi",2015-10-14,0,22.85,29.3,16.4,2015
"Karoi",2015-10-15,0,22.1,29.1,15.1,2015
"Karoi",2015-10-16,0,23.2,30,16.4,2015
"Karoi",2015-10-17,4.8,23.15,30,16.3,2015
"Karoi",2015-10-18,0,18.65,22.8,14.5,2015
"Karoi",2015-10-19,0,20.85,25.3,16.4,2015
"Karoi",2015-10-20,0,20.8,26.5,15.1,2015
"Karoi",2015-10-21,0,21.7,29,14.4,2015
"Karoi",2015-10-22,0,21.75,29.7,13.8,2015
"Karoi",2015-10-23,0,23.35,31.6,15.1,2015
"Karoi",2015-10-24,0,23.3,31.7,14.9,2015
"Karoi",2015-10-25,0,24.9,32.4,17.4,2015
"Karoi",2015-10-26,0,25.05,30.2,19.9,2015
"Karoi",2015-10-27,0,22.85,30.3,15.4,2015
"Karoi",2015-10-28,0,23.75,30.2,17.3,2015
"Karoi",2015-10-29,0.3,25.8,31.9,19.7,2015
"Karoi",2015-10-30,0,23.6,29.8,17.4,2015
"Karoi",2015-10-31,0,23.95,30.6,17.3,2015
"Karoi",2015-11-01,0,23.5,30.2,16.8,2015
"Karoi",2015-11-02,0,24.45,30.3,18.6,2015
"Karoi",2015-11-03,0,23.1,27.8,18.4,2015
"Karoi",2015-11-04,0.3,22.75,27.3,18.2,2015
"Karoi",2015-11-05,2,19.05,20.8,17.3,2015
"Karoi",2015-11-06,13.5,20.95,25.7,16.2,2015
"Karoi",2015-11-07,10.9,22.2,27.3,17.1,2015
"Karoi",2015-11-08,1.8,20.9,25.1,16.7,2015
"Karoi",2015-11-09,15.2,20.5,24.8,16.2,2015
"Karoi",2015-11-10,17.8,18.8,21.3,16.3,2015
"Karoi",2015-11-11,41.9,17.25,18.6,15.9,2015
"Karoi",2015-11-12,0,18.7,21.9,15.5,2015
"Karoi",2015-11-13,0,18,21.4,14.6,2015
"Karoi",2015-11-14,0,17.9,23.4,12.4,2015
"Karoi",2015-11-15,0,17.5,24.1,10.9,2015
"Karoi",2015-11-16,0,18.25,25.4,11.1,2015
"Karoi",2015-11-17,0,18.5,26.3,10.7,2015
"Karoi",2015-11-18,0,22.7,30.3,15.1,2015
"Karoi",2015-11-19,0,23.05,29.6,16.5,2015
"Karoi",2015-11-20,0,24.95,30.9,19,2015
"Karoi",2015-11-21,0,25,31.3,18.7,2015
"Karoi",2015-11-22,0,24.15,29.6,18.7,2015
"Karoi",2015-11-23,0,22,27.6,16.4,2015
"Karoi",2015-11-24,0.3,21.45,26.7,16.2,2015
"Karoi",2015-11-25,4.1,22.25,26.9,17.6,2015
"Karoi",2015-11-26,18,20.05,22.7,17.4,2015
"Karoi",2015-11-27,0,21.7,26.3,17.1,2015
"Karoi",2015-11-28,0,23.4,29.1,17.7,2015
"Karoi",2015-11-29,0,23.05,28.2,17.9,2015
"Karoi",2015-11-30,0,21.5,27.4,15.6,2015
"Karoi",2015-12-01,0,22.45,29.6,15.3,2015
"Karoi",2015-12-02,0,23.25,30,16.5,2015
"Karoi",2015-12-03,0,23.35,28.2,18.5,2015
"Karoi",2015-12-04,0,21.6,26.3,16.9,2015
"Karoi",2015-12-05,4.3,21.25,25.4,17.1,2015
"Karoi",2015-12-06,0,21.7,27.3,16.1,2015
"Karoi",2015-12-07,2.8,23.05,27.8,18.3,2015
"Karoi",2015-12-08,0,21.8,27.3,16.3,2015
"Karoi",2015-12-09,0,21.95,27.4,16.5,2015
"Karoi",2015-12-10,3,23.65,29.1,18.2,2015
"Karoi",2015-12-11,0,22.7,26.8,18.6,2015
"Karoi",2015-12-12,0,20.75,25.3,16.2,2015
"Karoi",2015-12-13,0,22.65,28.3,17,2015
"Karoi",2015-12-14,24.4,21.8,23.9,19.7,2015
"Karoi",2015-12-15,1,20.45,25,15.9,2015
"Karoi",2015-12-16,6.9,20.95,26.1,15.8,2015
"Karoi",2015-12-17,21.8,20.9,25.5,16.3,2015
"Karoi",2015-12-18,0,21.35,26.8,15.9,2015
"Karoi",2015-12-19,1.3,22.75,28.2,17.3,2015
"Karoi",2015-12-20,2,20.7,23.4,18,2015
"Karoi",2015-12-21,0.5,21.35,26.3,16.4,2015
"Karoi",2015-12-22,0,20.5,25.7,15.3,2015
"Karoi",2015-12-23,0,21,26.8,15.2,2015
"Karoi",2015-12-24,0,22.05,27.5,16.6,2015
"Karoi",2015-12-25,30,21.75,26.3,17.2,2015
"Karoi",2015-12-26,0,21.6,26.2,17,2015
"Karoi",2015-12-27,1.5,22.35,28.1,16.6,2015
"Karoi",2015-12-28,0,21.85,27.4,16.3,2015
"Karoi",2015-12-29,0.3,22.1,26.8,17.4,2015
"Karoi",2015-12-30,5.6,23,28.1,17.9,2015
"Karoi",2015-12-31,0,21.7,26.3,17.1,2015
"Karoi",2016-01-01,0,21.95,26.5,17.4,2016
"Karoi",2016-01-02,1.5,21.9,25.7,18.1,2016
"Karoi",2016-01-03,0.3,21.2,25.7,16.7,2016
"Karoi",2016-01-04,0,22.2,27.1,17.3,2016
"Karoi",2016-01-05,22.9,21.4,25.2,17.6,2016
"Karoi",2016-01-06,1.3,20.75,24.1,17.4,2016
"Karoi",2016-01-07,11.4,19.7,21.9,17.5,2016
"Karoi",2016-01-08,3.6,21.25,24.6,17.9,2016
"Karoi",2016-01-09,2.8,19.65,21.9,17.4,2016
"Karoi",2016-01-10,21.6,20.25,23.2,17.3,2016
"Karoi",2016-01-11,2.5,19.9,22.4,17.4,2016
"Karoi",2016-01-12,12.4,20.35,22.4,18.3,2016
"Karoi",2016-01-13,18.5,18.8,19.6,18,2016
"Karoi",2016-01-14,1.5,21.3,25.2,17.4,2016
"Karoi",2016-01-15,3.3,19.6,21.6,17.6,2016
"Karoi",2016-01-16,10.4,20.2,23,17.4,2016
"Karoi",2016-01-17,13.7,19.95,23.5,16.4,2016
"Karoi",2016-01-18,2.5,22,26.7,17.3,2016
"Karoi",2016-01-19,0,21.4,26.7,16.1,2016
"Karoi",2016-01-20,0,22.65,28.5,16.8,2016
"Karoi",2016-01-21,0,21.35,24.2,18.5,2016
"Karoi",2016-01-22,5.6,22.1,26.2,18,2016
"Karoi",2016-01-23,0.8,20.75,24.7,16.8,2016
"Karoi",2016-01-24,95.3,22.1,26.8,17.4,2016
"Karoi",2016-01-25,19.6,20.45,24.5,16.4,2016
"Karoi",2016-01-26,0,20.25,24.6,15.9,2016
"Karoi",2016-01-27,21.8,21.05,25.7,16.4,2016
"Karoi",2016-01-28,14,20.75,25.3,16.2,2016
"Karoi",2016-01-29,15.2,20.85,25.2,16.5,2016
"Karoi",2016-01-30,32.5,21.6,25.8,17.4,2016
"Karoi",2016-01-31,0.8,20.55,24.7,16.4,2016
"Karoi",2016-02-01,3.3,19.75,22.1,17.4,2016
"Karoi",2016-02-02,10.7,19.55,22.9,16.2,2016
"Karoi",2016-02-03,2,21,25.7,16.3,2016
"Karoi",2016-02-04,13,19.85,22.3,17.4,2016
"Karoi",2016-02-05,19.1,20.45,23.9,17,2016
"Karoi",2016-02-06,1.5,19.95,23.1,16.8,2016
"Karoi",2016-02-07,0,21.9,26.1,17.7,2016
"Karoi",2016-02-08,2.3,22.35,26.4,18.3,2016
"Karoi",2016-02-09,0.3,21.85,25.8,17.9,2016
"Karoi",2016-02-10,0,20.05,22.7,17.4,2016
"Karoi",2016-02-11,1,20.55,24.2,16.9,2016
"Karoi",2016-02-12,0,21.3,25,17.6,2016
"Karoi",2016-02-13,15,21.6,25.1,18.1,2016
"Karoi",2016-02-14,1.3,20.9,26.4,15.4,2016
"Karoi",2016-02-15,5.1,22.4,26.9,17.9,2016
"Karoi",2016-02-16,0.8,21.35,24.6,18.1,2016
"Karoi",2016-02-17,19.8,21.35,25.4,17.3,2016
"Karoi",2016-02-18,1,22.35,26.6,18.1,2016
"Karoi",2016-02-19,0,21.5,24.7,18.3,2016
"Karoi",2016-02-20,12.7,22.7,27.3,18.1,2016
"Karoi",2016-02-21,13.7,21.35,26.4,16.3,2016
"Karoi",2016-02-22,92.7,21.9,26.5,17.3,2016
"Karoi",2016-02-23,0,20.65,24.9,16.4,2016
"Karoi",2016-02-24,0,20.3,25.3,15.3,2016
"Karoi",2016-02-25,0,21.75,26.9,16.6,2016
"Karoi",2016-02-26,2.8,22.55,27,18.1,2016
"Karoi",2016-02-27,0.8,21.9,25.9,17.9,2016
"Karoi",2016-02-28,17.5,21.1,25.9,16.3,2016
"Karoi",2016-03-01,0,21.2,25.8,16.6,2016
"Karoi",2016-03-02,18.3,21.25,24.7,17.8,2016
"Karoi",2016-03-03,11.7,20.9,23.3,18.5,2016
"Karoi",2016-03-04,0.8,19.5,22.9,16.1,2016
"Karoi",2016-03-05,9.7,16.8,18.3,15.3,2016
"Karoi",2016-03-06,4.1,16,17.3,14.7,2016
"Karoi",2016-03-07,1.8,17.4,20.2,14.6,2016
"Karoi",2016-03-08,6.4,17.95,20.9,15,2016
"Karoi",2016-03-09,0.3,18.55,22.4,14.7,2016
"Karoi",2016-03-10,0.3,20.15,23.9,16.4,2016
"Karoi",2016-03-11,5.3,20.55,25.2,15.9,2016
"Karoi",2016-03-12,0.5,20.3,24.2,16.4,2016
"Karoi",2016-03-13,0.5,20.7,24.8,16.6,2016
"Karoi",2016-03-14,0,20.8,26.3,15.3,2016
"Karoi",2016-03-15,0,19.95,24.7,15.2,2016
"Karoi",2016-03-16,0,19.85,24.3,15.4,2016
"Karoi",2016-03-17,0,19.75,23.6,15.9,2016
"Karoi",2016-03-18,0,21.45,26.4,16.5,2016
"Karoi",2016-03-19,0,20.85,24.7,17,2016
"Karoi",2016-03-20,2.5,20.85,25.9,15.8,2016
"Karoi",2016-03-21,0.3,20.8,25.4,16.2,2016
"Karoi",2016-03-22,17.3,20.7,24.6,16.8,2016
"Karoi",2016-03-23,2.8,20.8,23.7,17.9,2016
"Karoi",2016-03-24,27.9,20.9,25.7,16.1,2016
"Karoi",2016-03-25,0,21.95,27,16.9,2016
"Karoi",2016-03-26,0,21.15,27,15.3,2016
"Karoi",2016-03-27,0,20.4,25.3,15.5,2016
"Karoi",2016-03-28,0,20.45,26.3,14.6,2016
"Karoi",2016-03-29,0,21.5,27.6,15.4,2016
"Karoi",2016-03-30,25.4,22.1,27.4,16.8,2016
"Karoi",2016-03-31,0,20.8,25.4,16.2,2016
"Karoi",2016-04-01,0,19.9,24.5,15.3,2016
"Karoi",2016-04-02,0,19.85,24.3,15.4,2016
"Karoi",2016-04-03,0,21.65,27.4,15.9,2016
"Karoi",2016-04-04,0,21.4,25.7,17.1,2016
"Karoi",2016-04-05,15.2,20.5,24.8,16.2,2016
"Karoi",2016-04-06,0,20.7,24.7,16.7,2016
"Karoi",2016-04-07,0,20.6,25,16.2,2016
"Karoi",2016-04-08,0,21.4,27.8,15,2016
"Karoi",2016-04-09,0,21.05,25.8,16.3,2016
"Karoi",2016-04-10,0,21.8,27.4,16.2,2016
"Karoi",2016-04-11,20.3,21.7,27,16.4,2016
"Karoi",2016-04-12,0,21.2,26.4,16,2016
"Karoi",2016-04-13,9.1,22.65,28,17.3,2016
"Karoi",2016-04-14,12.7,21.3,26.7,15.9,2016
"Karoi",2016-04-15,20.3,19.9,24.1,15.7,2016
"Karoi",2016-04-16,0,19.85,23.9,15.8,2016
"Karoi",2016-04-17,0,19.6,25.7,13.5,2016
"Karoi",2016-04-18,0,20.2,25.8,14.6,2016
"Karoi",2016-04-19,0,21.85,27.6,16.1,2016
"Karoi",2016-04-20,0,21.65,26.9,16.4,2016
"Karoi",2016-04-21,0,18.65,23.7,13.6,2016
"Karoi",2016-04-22,0,18.5,23.8,13.2,2016
"Karoi",2016-04-23,0,18.1,24.6,11.6,2016
"Karoi",2016-04-24,0,18.05,24,12.1,2016
"Karoi",2016-04-25,0,18.3,24.2,12.4,2016
"Karoi",2016-04-26,0,17.15,23.7,10.6,2016
"Karoi",2016-04-27,0,17.7,24.1,11.3,2016
"Karoi",2016-04-28,0,18.2,24.1,12.3,2016
"Karoi",2016-04-29,0,17.65,23.4,11.9,2016
"Karoi",2016-04-30,0,17.15,23.2,11.1,2016
"Karoi",2016-05-01,0,18.45,24.6,12.3,2016
"Karoi",2016-05-02,0,18.3,24.2,12.4,2016
"Karoi",2016-05-03,0,19.05,25.7,12.4,2016
"Karoi",2016-05-04,0,17.25,23.9,10.6,2016
"Karoi",2016-05-05,0,17.85,23.4,12.3,2016
"Karoi",2016-05-06,0,17.35,23.3,11.4,2016
"Karoi",2016-05-07,0,16.5,22.9,10.1,2016
"Karoi",2016-05-08,0,16.5,23,10,2016
"Karoi",2016-05-09,0,15.8,21.2,10.4,2016
"Karoi",2016-05-10,0,16,20.2,11.8,2016
"Karoi",2016-05-11,0,16.05,21.6,10.5,2016
"Karoi",2016-05-12,0,16.9,23,10.8,2016
"Karoi",2016-05-13,0,17.2,23.1,11.3,2016
"Karoi",2016-05-14,0,16.95,21.1,12.8,2016
"Karoi",2016-05-15,0,17.9,24.1,11.7,2016
"Karoi",2016-05-16,0,18.55,23.4,13.7,2016
"Karoi",2016-05-17,0,18.75,25.2,12.3,2016
"Karoi",2016-05-18,0,18.05,25.2,10.9,2016
"Karoi",2016-05-19,0,18.25,25.2,11.3,2016
"Karoi",2016-05-20,0,18.05,25.7,10.4,2016
"Karoi",2016-05-21,0,20.25,27.4,13.1,2016
"Karoi",2016-05-22,0,19.05,24.2,13.9,2016
"Karoi",2016-05-23,0,17.25,21.7,12.8,2016
"Karoi",2016-05-24,0,15.95,21.3,10.6,2016
"Karoi",2016-05-25,0,15.3,22.4,8.2,2016
"Karoi",2016-05-26,0,16.4,23.1,9.7,2016
"Karoi",2016-05-27,0,16.4,23.5,9.3,2016
"Karoi",2016-05-28,0,16.05,23.5,8.6,2016
"Karoi",2016-05-29,0,15.25,22.7,7.8,2016
"Karoi",2016-05-30,0,15.1,21.3,8.9,2016
"Karoi",2016-05-31,0,14.35,20.8,7.9,2016
"Karoi",2016-06-01,0,13.75,20.6,6.9,2016
"Karoi",2016-06-02,0,13.6,20.2,7,2016
"Karoi",2016-06-03,0,14.25,20.2,8.3,2016
"Karoi",2016-06-04,0,15.35,21.7,9,2016
"Karoi",2016-06-05,0,15.7,22.4,9,2016
"Karoi",2016-06-06,0,15.65,22.4,8.9,2016
"Karoi",2016-06-07,0,13.5,19.8,7.2,2016
"Karoi",2016-06-08,0,12.6,18.9,6.3,2016
"Karoi",2016-06-09,0,12.55,18.3,6.8,2016
"Karoi",2016-06-10,0,13,19.7,6.3,2016
"Karoi",2016-06-11,0,12.85,19.6,6.1,2016
"Karoi",2016-06-12,0,13.5,20.2,6.8,2016
"Karoi",2016-06-13,0,13.2,19.8,6.6,2016
"Karoi",2016-06-14,0,13.7,20.6,6.8,2016
"Karoi",2016-06-15,0,14.8,21.4,8.2,2016
"Karoi",2016-06-16,0,14.4,20.6,8.2,2016
"Karoi",2016-06-17,0,13.5,20.2,6.8,2016
"Karoi",2016-06-18,0,13.55,20.4,6.7,2016
"Karoi",2016-06-19,0,14.4,21.6,7.2,2016
"Karoi",2016-06-20,0,15.3,21.4,9.2,2016
"Karoi",2016-06-21,0,15.2,20.9,9.5,2016
"Karoi",2016-06-22,0,15.65,21.7,9.6,2016
"Karoi",2016-06-23,0,16.15,23.2,9.1,2016
"Karoi",2016-06-24,0,16.7,24,9.4,2016
"Karoi",2016-06-25,0,16.6,23,10.2,2016
"Karoi",2016-06-26,0,16.55,23.4,9.7,2016
"Karoi",2016-06-27,0,16.55,24.1,9,2016
"Karoi",2016-06-28,0,17.45,24.2,10.7,2016
"Karoi",2016-06-29,0,17.3,23.2,11.4,2016
"Karoi",2016-06-30,0,15.85,22.3,9.4,2016
"Karoi",2016-07-01,0,13.3,22.4,4.2,2016
"Karoi",2016-07-02,0,15.7,23.1,8.3,2016
"Karoi",2016-07-03,0,14.95,21.7,8.2,2016
"Karoi",2016-07-04,0,13.4,20.1,6.7,2016
"Karoi",2016-07-05,0,12.75,19.8,5.7,2016
"Karoi",2016-07-06,0,12.1,19.4,4.8,2016
"Karoi",2016-07-07,0,12.15,19.6,4.7,2016
"Karoi",2016-07-08,0,12.2,19.1,5.3,2016
"Karoi",2016-07-09,0,13.45,20.6,6.3,2016
"Karoi",2016-07-10,0,12.4,18.9,5.9,2016
"Karoi",2016-07-11,0,14.25,21.8,6.7,2016
"Karoi",2016-07-12,0,15.65,22.4,8.9,2016
"Karoi",2016-07-13,0,13.55,20.1,7,2016
"Karoi",2016-07-14,0,12.3,18.6,6,2016
"Karoi",2016-07-15,0,12.8,19.6,6,2016
"Karoi",2016-07-16,0,14.5,21.8,7.2,2016
"Karoi",2016-07-17,0,17,23.9,10.1,2016
"Karoi",2016-07-18,0,16.9,23.2,10.6,2016
"Karoi",2016-07-19,0,12.95,18.3,7.6,2016
"Karoi",2016-07-20,0,11.75,18.9,4.6,2016
"Karoi",2016-07-21,0,11.3,17.9,4.7,2016
"Karoi",2016-07-22,0,11.7,17.7,5.7,2016
"Karoi",2016-07-23,0,11.1,17.9,4.3,2016
"Karoi",2016-07-24,0,12.6,19.6,5.6,2016
"Karoi",2016-07-25,0,12.75,19.7,5.8,2016
"Karoi",2016-07-26,0,13.7,21.2,6.2,2016
"Karoi",2016-07-27,0,15.1,22,8.2,2016
"Karoi",2016-07-28,0,16.75,23.5,10,2016
"Karoi",2016-07-29,0,18.4,25.4,11.4,2016
"Karoi",2016-07-30,0,16.35,23.5,9.2,2016
"Karoi",2016-07-31,0,13.75,20.7,6.8,2016
"Karoi",2016-08-01,0,12.5,19.8,5.2,2016
"Karoi",2016-08-02,0,13.8,21.8,5.8,2016
"Karoi",2016-08-03,0,14.95,22.8,7.1,2016
"Karoi",2016-08-04,0,15.35,23.3,7.4,2016
"Karoi",2016-08-05,0,13.85,21.3,6.4,2016
"Karoi",2016-08-06,0,14.35,22.3,6.4,2016
"Karoi",2016-08-07,0,16.8,24.6,9,2016
"Karoi",2016-08-08,0,19.7,27.1,12.3,2016
"Karoi",2016-08-09,0,19.6,25.6,13.6,2016
"Karoi",2016-08-10,0,15.2,21.8,8.6,2016
"Karoi",2016-08-11,0,15.4,21.7,9.1,2016
"Karoi",2016-08-12,0,15.05,22.9,7.2,2016
"Karoi",2016-08-13,0,16.8,24.4,9.2,2016
"Karoi",2016-08-14,0,17.65,24.8,10.5,2016
"Karoi",2016-08-15,0,17.3,24.7,9.9,2016
"Karoi",2016-08-16,0,17.25,23.6,10.9,2016
"Karoi",2016-08-17,0,17.1,23.6,10.6,2016
"Karoi",2016-08-18,0,19.25,26.5,12,2016
"Karoi",2016-08-19,0,19.25,26.3,12.2,2016
"Karoi",2016-08-20,0,17.05,23.1,11,2016
"Karoi",2016-08-21,0,15.8,20.8,10.8,2016
"Karoi",2016-08-22,0,16.15,23.6,8.7,2016
"Karoi",2016-08-23,0,17.5,24.4,10.6,2016
"Karoi",2016-08-24,0,18.45,25.7,11.2,2016
"Karoi",2016-08-25,0,19.2,26.1,12.3,2016
"Karoi",2016-08-26,0,20,27.8,12.2,2016
"Karoi",2016-08-27,0,20,26.4,13.6,2016
"Karoi",2016-08-28,0,20.95,28.5,13.4,2016
"Karoi",2016-08-29,0,20.1,27.1,13.1,2016
"Karoi",2016-08-30,0,18.75,22.8,14.7,2016
"Karoi",2016-08-31,0,15.7,21.3,10.1,2016
"Karoi",2016-09-01,0,15,21.1,8.9,2016
"Karoi",2016-09-02,0,14.15,21.4,6.9,2016
"Karoi",2016-09-03,0,15.85,22.3,9.4,2016
"Karoi",2016-09-04,0,16.25,23.6,8.9,2016
"Karoi",2016-09-05,0,18.2,25.7,10.7,2016
"Karoi",2016-09-06,0,19.95,26.4,13.5,2016
"Karoi",2016-09-07,0,20.9,28.5,13.3,2016
"Karoi",2016-09-08,0,19.05,24.2,13.9,2016
"Karoi",2016-09-09,0,18.5,25.9,11.1,2016
"Karoi",2016-09-10,0,20,28.3,11.7,2016
"Karoi",2016-09-11,0,21.9,29.1,14.7,2016
"Karoi",2016-09-12,0,19,24.9,13.1,2016
"Karoi",2016-09-13,0,19.15,27.1,11.2,2016
"Karoi",2016-09-14,0,20.4,28,12.8,2016
"Karoi",2016-09-15,0,22.9,29.7,16.1,2016
"Karoi",2016-09-16,0,16.4,23.1,9.7,2016
"Karoi",2016-09-17,0,15.45,23.6,7.3,2016
"Karoi",2016-09-18,0,14.85,22,7.7,2016
"Karoi",2016-09-19,0,15.1,23.4,6.8,2016
"Karoi",2016-09-20,0,16.5,24.8,8.2,2016
"Karoi",2016-09-21,0,17.25,25.6,8.9,2016
"Karoi",2016-09-22,0,17.35,25.8,8.9,2016
"Karoi",2016-09-23,0,17.75,25.1,10.4,2016
"Karoi",2016-09-24,0,17.65,25.1,10.2,2016
"Karoi",2016-09-25,0,17.75,24.8,10.7,2016
"Karoi",2016-09-26,0,19.35,25.6,13.1,2016
"Karoi",2016-09-27,0,20.1,26.3,13.9,2016
"Karoi",2016-09-28,0,20.6,28.1,13.1,2016
"Karoi",2016-09-29,0,22,29.8,14.2,2016
"Karoi",2016-09-30,0,19.7,26.3,13.1,2016
"Karoi",2016-10-01,0,18.5,25.9,11.1,2016
"Karoi",2016-10-02,0,18.1,25.2,11,2016
"Karoi",2016-10-03,0,19.4,26.8,12,2016
"Karoi",2016-10-04,0,21.05,27.9,14.2,2016
"Karoi",2016-10-05,0,22.55,29.5,15.6,2016
"Karoi",2016-10-06,0,22.35,29.2,15.5,2016
"Karoi",2016-10-07,0,21.8,28.4,15.2,2016
"Karoi",2016-10-08,0,21.35,29,13.7,2016
"Karoi",2016-10-09,0,21.75,29.1,14.4,2016
"Karoi",2016-10-10,0.5,23,30.2,15.8,2016
"Karoi",2016-10-11,0,23.7,31.3,16.1,2016
"Karoi",2016-10-12,0,22.7,29.6,15.8,2016
"Karoi",2016-10-13,0,21.3,26.8,15.8,2016
"Karoi",2016-10-14,0,20.7,27.5,13.9,2016
"Karoi",2016-10-15,0,22.75,29.1,16.4,2016
"Karoi",2016-10-16,0,23,31.2,14.8,2016
"Karoi",2016-10-17,0,24.55,31.7,17.4,2016
"Karoi",2016-10-18,0,23.2,28.5,17.9,2016
"Karoi",2016-10-19,0,23.05,29.8,16.3,2016
"Karoi",2016-10-20,0,24,30.6,17.4,2016
"Karoi",2016-10-21,0,24.95,30.9,19,2016
"Karoi",2016-10-22,6.1,24.7,30.1,19.3,2016
"Karoi",2016-10-23,0,23.05,28.3,17.8,2016
"Karoi",2016-10-24,0,24.35,29.8,18.9,2016
"Karoi",2016-10-25,0,22.6,29.1,16.1,2016
"Karoi",2016-10-26,0,22.8,29.2,16.4,2016
"Karoi",2016-10-27,0,22.85,30.1,15.6,2016
"Karoi",2016-10-28,0,23.45,31.6,15.3,2016
"Karoi",2016-10-29,0,24.75,32.3,17.2,2016
"Karoi",2016-10-30,0,24.35,32.1,16.6,2016
"Karoi",2016-10-31,0,26.15,33.4,18.9,2016
"Karoi",2016-11-01,0,25.85,32.8,18.9,2016
"Karoi",2016-11-02,0,23.5,30.3,16.7,2016
"Karoi",2016-11-03,0,23.75,31.1,16.4,2016
"Karoi",2016-11-04,0,24.1,31.4,16.8,2016
"Karoi",2016-11-05,0,24.9,29.6,20.2,2016
"Karoi",2016-11-06,0,25.3,31.4,19.2,2016
"Karoi",2016-11-07,8.9,24.3,31.1,17.5,2016
"Karoi",2016-11-08,10.4,24.8,31.2,18.4,2016
"Karoi",2016-11-09,1.8,21.05,25.9,16.2,2016
"Karoi",2016-11-10,35.8,22.05,27.9,16.2,2016
"Karoi",2016-11-11,12.4,20.1,23.6,16.6,2016
"Karoi",2016-11-12,0,22.05,28.1,16,2016
"Karoi",2016-11-13,0,23.65,28.9,18.4,2016
"Karoi",2016-11-14,0,24.1,29.5,18.7,2016
"Karoi",2016-11-15,0,23.4,28.5,18.3,2016
"Karoi",2016-11-16,0,21.75,27.6,15.9,2016
"Karoi",2016-11-17,0,22.1,28,16.2,2016
"Karoi",2016-11-18,0,23.4,29.9,16.9,2016
"Karoi",2016-11-19,0.3,25,30.6,19.4,2016
"Karoi",2016-11-20,0,23.95,29.6,18.3,2016
"Karoi",2016-11-21,0,22.85,27.5,18.2,2016
"Karoi",2016-11-22,14,22.1,26.4,17.8,2016
"Karoi",2016-11-23,1.3,19.8,22.8,16.8,2016
"Karoi",2016-11-24,0,19.7,23.3,16.1,2016
"Karoi",2016-11-25,3.6,21.15,25.2,17.1,2016
"Karoi",2016-11-26,0,22.1,26.7,17.5,2016
"Karoi",2016-11-27,17.3,22.25,27.8,16.7,2016
"Karoi",2016-11-28,0,21.45,27.3,15.6,2016
"Karoi",2016-11-29,7.6,20.15,21.4,18.9,2016
"Karoi",2016-11-30,14.2,21.45,25.1,17.8,2016
"Karoi",2016-12-01,6.1,21.55,25.7,17.4,2016
"Karoi",2016-12-02,0,20.35,22.9,17.8,2016
"Karoi",2016-12-03,0,21.25,24.2,18.3,2016
"Karoi",2016-12-04,6.4,23.05,27.9,18.2,2016
"Karoi",2016-12-05,23.4,21.25,25.9,16.6,2016
"Karoi",2016-12-06,3,20.55,25,16.1,2016
"Karoi",2016-12-07,0,19.75,24.7,14.8,2016
"Karoi",2016-12-08,0,20.75,26.3,15.2,2016
"Karoi",2016-12-09,0,22.35,26.7,18,2016
"Karoi",2016-12-10,0.8,21.5,24.7,18.3,2016
"Karoi",2016-12-11,0,21.05,25.3,16.8,2016
"Karoi",2016-12-12,0,20.6,26.1,15.1,2016
"Karoi",2016-12-13,14.2,21.9,27.2,16.6,2016
"Karoi",2016-12-14,0,22.25,27.3,17.2,2016
"Karoi",2016-12-15,0,22.2,26.2,18.2,2016
"Karoi",2016-12-16,0,22.3,26.3,18.3,2016
"Karoi",2016-12-17,9.7,21,24.5,17.5,2016
"Karoi",2016-12-18,7.4,20.05,22.8,17.3,2016
"Karoi",2016-12-19,7.4,19.5,21.8,17.2,2016
"Karoi",2016-12-20,1.8,19.35,22,16.7,2016
"Karoi",2016-12-21,0,21.8,26.7,16.9,2016
"Karoi",2016-12-22,0,22.7,28.2,17.2,2016
"Karoi",2016-12-23,0.3,21.75,24.9,18.6,2016
"Karoi",2016-12-24,0.3,21.05,24.6,17.5,2016
"Karoi",2016-12-25,0,20.75,23.9,17.6,2016
"Karoi",2016-12-26,17,22.1,26.3,17.9,2016
"Karoi",2016-12-27,0,21.65,27.8,15.5,2016
"Karoi",2016-12-28,0,22,28.6,15.4,2016
"Karoi",2016-12-29,0,22.15,29.3,15,2016
"Karoi",2016-12-30,0,22.8,29.4,16.2,2016
"Karoi",2016-12-31,0,23.1,29.3,16.9,2016
"Karoi",2017-01-01,15.5,23.5,29.4,17.6,2017
"Karoi",2017-01-02,0,20.75,25.6,15.9,2017
"Karoi",2017-01-03,0,22,27.6,16.4,2017
"Karoi",2017-01-04,6.6,22.05,26.4,17.7,2017
"Karoi",2017-01-05,6.6,21.55,26.2,16.9,2017
"Karoi",2017-01-06,9.1,21.35,26.2,16.5,2017
"Karoi",2017-01-07,1.3,21.15,26.2,16.1,2017
"Karoi",2017-01-08,0,22.5,27.2,17.8,2017
"Karoi",2017-01-09,0,22.55,27.7,17.4,2017
"Karoi",2017-01-10,0,23.45,28.7,18.2,2017
"Karoi",2017-01-11,3,21.35,24.7,18,2017
"Karoi",2017-01-12,5.8,21.2,25.2,17.2,2017
"Karoi",2017-01-13,11.4,21.5,26.7,16.3,2017
"Karoi",2017-01-14,39.1,22.25,26.7,17.8,2017
"Karoi",2017-01-15,21.3,21.25,25.6,16.9,2017
"Karoi",2017-01-16,28.7,20.6,24.4,16.8,2017
"Karoi",2017-01-17,35.6,19.75,22.6,16.9,2017
"Karoi",2017-01-18,3.3,18.5,20.4,16.6,2017
"Karoi",2017-01-19,4.6,19.65,22.8,16.5,2017
"Karoi",2017-01-20,0.8,20.95,25.1,16.8,2017
"Karoi",2017-01-21,0,21.4,27.4,15.4,2017
"Karoi",2017-01-22,0,21.55,28.6,14.5,2017
"Karoi",2017-01-23,0,22.05,26.4,17.7,2017
"Karoi",2017-01-24,0,21.45,25.8,17.1,2017
"Karoi",2017-01-25,58.2,22.2,26.6,17.8,2017
"Karoi",2017-01-26,0,21.75,26.4,17.1,2017
"Karoi",2017-01-27,0,21.65,26,17.3,2017
"Karoi",2017-01-28,13.7,21.8,25.8,17.8,2017
"Karoi",2017-01-29,0,21.25,26.1,16.4,2017
"Karoi",2017-01-30,12.4,21.6,26.6,16.6,2017
"Karoi",2017-01-31,0,21.85,25.7,18,2017
"Karoi",2017-02-01,0,22.25,27.6,16.9,2017
"Karoi",2017-02-02,30,22.3,26.9,17.7,2017
"Karoi",2017-02-03,7.6,20.5,24.3,16.7,2017
"Karoi",2017-02-04,0,20.7,25.6,15.8,2017
"Karoi",2017-02-05,9.1,22.4,27.4,17.4,2017
"Karoi",2017-02-06,0.3,22.4,26.7,18.1,2017
"Karoi",2017-02-07,13,21.3,24.8,17.8,2017
"Karoi",2017-02-08,1.5,21,24.8,17.2,2017
"Karoi",2017-02-09,6.4,21.45,25.3,17.6,2017
"Karoi",2017-02-10,5.1,20.5,24.5,16.5,2017
"Karoi",2017-02-11,8.4,20.2,23,17.4,2017
"Karoi",2017-02-12,30.7,20.8,25.8,15.8,2017
"Karoi",2017-02-13,11.2,20.6,23.6,17.6,2017
"Karoi",2017-02-14,0,20.4,23.8,17,2017
"Karoi",2017-02-15,0,21.05,24.9,17.2,2017
"Karoi",2017-02-16,0,21.95,27.2,16.7,2017
"Karoi",2017-02-17,1.8,22.05,27.1,17,2017
"Karoi",2017-02-18,0,21.95,27.5,16.4,2017
"Karoi",2017-02-19,0,22.5,28.7,16.3,2017
"Karoi",2017-02-20,18.8,23.05,29.2,16.9,2017
"Karoi",2017-02-21,0,22.15,28.8,15.5,2017
"Karoi",2017-02-22,0,22.4,27.6,17.2,2017
"Karoi",2017-02-23,0.5,22.05,27.3,16.8,2017
"Karoi",2017-02-24,0.3,20.5,24.2,16.8,2017
"Karoi",2017-02-25,8.1,21.25,25.3,17.2,2017
"Karoi",2017-02-26,0,20.9,25.9,15.9,2017
"Karoi",2017-02-27,0,20.7,24.7,16.7,2017
"Karoi",2017-02-28,0,20.9,25.6,16.2,2017
"Karoi",2017-03-01,0,21.65,28.1,15.2,2017
"Karoi",2017-03-02,0,21.8,28.3,15.3,2017
"Karoi",2017-03-03,0,22.75,28.4,17.1,2017
"Karoi",2017-03-04,0,21.75,25.8,17.7,2017
"Karoi",2017-03-05,2,21.95,26.2,17.7,2017
"Karoi",2017-03-06,4.1,21.6,26.6,16.6,2017
"Karoi",2017-03-07,0,22.35,27.6,17.1,2017
"Karoi",2017-03-08,5.3,22.65,27.6,17.7,2017
"Karoi",2017-03-09,4.6,19.9,23.1,16.7,2017
"Karoi",2017-03-10,0.3,19.9,23.4,16.4,2017
"Karoi",2017-03-11,0,19.55,23.5,15.6,2017
"Karoi",2017-03-12,0,20.65,25.3,16,2017
"Karoi",2017-03-13,0,21.55,26.3,16.8,2017
"Karoi",2017-03-14,0,21.55,26.1,17,2017
"Karoi",2017-03-15,0.5,21.15,25.9,16.4,2017
"Karoi",2017-03-16,0,21.25,26.7,15.8,2017
"Karoi",2017-03-17,0,19.05,21.4,16.7,2017
"Karoi",2017-03-18,2.5,21.75,26.8,16.7,2017
"Karoi",2017-03-19,0,21.95,27.2,16.7,2017
"Karoi",2017-03-20,2,21.25,25.4,17.1,2017
"Karoi",2017-03-21,0,18.35,23.8,12.9,2017
"Karoi",2017-03-22,0,18.25,24.4,12.1,2017
"Karoi",2017-03-23,0,18.95,25.8,12.1,2017
"Karoi",2017-03-24,0,19,26.1,11.9,2017
"Karoi",2017-03-25,0,19.6,26.4,12.8,2017
"Karoi",2017-03-26,0,19.2,25.9,12.5,2017
"Karoi",2017-03-27,0,20.1,26.4,13.8,2017
"Karoi",2017-03-28,0,20.7,27.5,13.9,2017
"Karoi",2017-03-29,0,21.95,28.3,15.6,2017
"Karoi",2017-03-30,0,20.75,25.6,15.9,2017
"Karoi",2017-03-31,0,17.1,20.9,13.3,2017
"Karoi",2017-04-01,0,19.75,25.7,13.8,2017
"Karoi",2017-04-02,0,18.2,24.8,11.6,2017
"Karoi",2017-04-03,0,18.2,25,11.4,2017
"Karoi",2017-04-04,0,18.75,24.9,12.6,2017
"Karoi",2017-04-05,0,19.4,25.9,12.9,2017
"Karoi",2017-04-06,0,20.25,27.3,13.2,2017
"Karoi",2017-04-07,0,19.9,26.7,13.1,2017
"Karoi",2017-04-08,0,20.7,28.2,13.2,2017
"Karoi",2017-04-09,0,21.2,28.6,13.8,2017
"Karoi",2017-04-10,0,20.7,28.2,13.2,2017
"Karoi",2017-04-11,0,21.6,27.8,15.4,2017
"Karoi",2017-04-12,0,19.4,26.5,12.3,2017
"Karoi",2017-04-13,0,19.45,26.2,12.7,2017
"Karoi",2017-04-14,0,19,23.8,14.2,2017
"Karoi",2017-04-15,0,19.55,25.3,13.8,2017
"Karoi",2017-04-16,0,18.05,22.7,13.4,2017
"Karoi",2017-04-17,0,19.2,25.9,12.5,2017
"Karoi",2017-04-18,0,19.35,25.3,13.4,2017
"Karoi",2017-04-19,0,20.7,27.3,14.1,2017
"Karoi",2017-04-20,0,21.85,28.6,15.1,2017
"Karoi",2017-04-21,0,21.7,28.5,14.9,2017
"Karoi",2017-04-22,0,21.55,27.5,15.6,2017
"Karoi",2017-04-23,0,22.05,27.9,16.2,2017
"Karoi",2017-04-24,0,21.9,27.9,15.9,2017
"Karoi",2017-04-25,0,22.15,29.2,15.1,2017
"Karoi",2017-04-26,0,21.85,28.9,14.8,2017
"Karoi",2017-04-27,0,20.8,26.8,14.8,2017
"Karoi",2017-04-28,0,20.45,26.4,14.5,2017
"Karoi",2017-04-29,0,19.25,25.8,12.7,2017
"Karoi",2017-04-30,0,18.9,25.8,12,2017
"Karoi",2017-05-01,0,19.2,26.1,12.3,2017
"Karoi",2017-05-02,0,20.45,27.1,13.8,2017
"Karoi",2017-05-03,0,21.05,27.4,14.7,2017
"Karoi",2017-05-04,0.5,20.35,26.8,13.9,2017
"Karoi",2017-05-05,0,19.4,26.8,12,2017
"Karoi",2017-05-06,0,19,26.3,11.7,2017
"Karoi",2017-05-07,0,19.25,26.6,11.9,2017
"Karoi",2017-05-08,0,18.25,25.7,10.8,2017
"Karoi",2017-05-09,0,17.85,24.8,10.9,2017
"Karoi",2017-05-10,0,17.25,23.8,10.7,2017
"Karoi",2017-05-11,0,17,23.4,10.6,2017
"Karoi",2017-05-12,0,16.65,23.9,9.4,2017
"Karoi",2017-05-13,0,17.1,24.3,9.9,2017
"Karoi",2017-05-14,0,18.15,25.3,11,2017
"Karoi",2017-05-15,0,18.9,26.2,11.6,2017
"Karoi",2017-05-16,0,20.15,27.4,12.9,2017
"Karoi",2017-05-17,0,21.25,27.8,14.7,2017
"Karoi",2017-05-18,0,20.25,26.7,13.8,2017
"Karoi",2017-05-19,0,21.2,27.7,14.7,2017
"Karoi",2017-05-20,0,21.4,27.9,14.9,2017
"Karoi",2017-05-21,0,20.35,26.2,14.5,2017
"Karoi",2017-05-22,0,18.4,25.4,11.4,2017
"Karoi",2017-05-23,0,18.25,24.9,11.6,2017
"Karoi",2017-05-24,0,18.35,24.8,11.9,2017
"Karoi",2017-05-25,0,17.8,24,11.6,2017
"Karoi",2017-05-26,0,17.75,23.8,11.7,2017
"Karoi",2017-05-27,0,18.85,25.6,12.1,2017
"Karoi",2017-05-28,0,18.5,25.1,11.9,2017
"Karoi",2017-05-29,0,17.45,25,9.9,2017
"Karoi",2017-05-30,0,18.95,26.1,11.8,2017
"Karoi",2017-05-31,0,19.45,26.7,12.2,2017
"Karoi",2017-06-01,0,20.65,26.5,14.8,2017
"Karoi",2017-06-02,0,18.15,24.1,12.2,2017
"Karoi",2017-06-03,0,15.15,20.9,9.4,2017
"Karoi",2017-06-04,0,15.75,22.2,9.3,2017
"Karoi",2017-06-05,0,15.6,21.8,9.4,2017
"Karoi",2017-06-06,0,14.35,21.2,7.5,2017
"Karoi",2017-06-07,0,14.35,21.4,7.3,2017
"Karoi",2017-06-08,0,15.4,21.4,9.4,2017
"Karoi",2017-06-09,0,13.25,20.3,6.2,2017
"Karoi",2017-06-10,0,13.55,21.7,5.4,2017
"Karoi",2017-06-11,0,14.25,21.8,6.7,2017
"Karoi",2017-06-12,0,15.25,22.4,8.1,2017
"Karoi",2017-06-13,0,15.2,21.6,8.8,2017
"Karoi",2017-06-14,0,14.4,21.9,6.9,2017
"Karoi",2017-06-15,0,14.55,21.9,7.2,2017
"Karoi",2017-06-16,0,13.65,20.9,6.4,2017
"Karoi",2017-06-17,0,14.45,20.6,8.3,2017
"Karoi",2017-06-18,0,15.15,22.3,8,2017
"Karoi",2017-06-19,0,14.35,19.6,9.1,2017
"Karoi",2017-06-20,0,9.6,14.8,4.4,2017
"Karoi",2017-06-21,0,10.85,17.7,4,2017
"Karoi",2017-06-22,0,11.65,17.9,5.4,2017
"Karoi",2017-06-23,0,12.7,19,6.4,2017
"Karoi",2017-06-24,0,12.85,19.2,6.5,2017
"Karoi",2017-06-25,0,15.7,23.4,8,2017
"Karoi",2017-06-26,0,16.9,24,9.8,2017
"Karoi",2017-06-27,0,17.9,25.5,10.3,2017
"Karoi",2017-06-28,0,17.1,24.4,9.8,2017
"Karoi",2017-06-29,0,15.7,24.2,7.2,2017
"Karoi",2017-06-30,0,14.35,22.6,6.1,2017
"Karoi",2017-07-01,0,14.35,22.1,6.6,2017
"Karoi",2017-07-02,0,14.5,22.1,6.9,2017
"Karoi",2017-07-03,0,14.65,22.8,6.5,2017
"Karoi",2017-07-04,0,14.3,22.2,6.4,2017
"Karoi",2017-07-05,0,13.25,20.4,6.1,2017
"Karoi",2017-07-06,0,12.8,16.6,9,2017
"Karoi",2017-07-07,0,15.15,21.7,8.6,2017
"Karoi",2017-07-08,0,16.55,23.3,9.8,2017
"Karoi",2017-07-09,0,17.65,24.9,10.4,2017
"Karoi",2017-07-10,0,17.3,23.9,10.7,2017
"Karoi",2017-07-11,0,15.4,22.2,8.6,2017
"Karoi",2017-07-12,0,14.95,21.8,8.1,2017
"Karoi",2017-07-13,0,15.45,22.3,8.6,2017
"Karoi",2017-07-14,0,14.55,20.8,8.3,2017
"Karoi",2017-07-15,0,14,20.8,7.2,2017
"Karoi",2017-07-16,0,16.1,23.7,8.5,2017
"Karoi",2017-07-17,0,18.2,25.8,10.6,2017
"Karoi",2017-07-18,0,17.15,24.4,9.9,2017
"Karoi",2017-07-19,0,16.25,23.3,9.2,2017
"Karoi",2017-07-20,0,16,23.2,8.8,2017
"Karoi",2017-07-21,0,17.1,24.3,9.9,2017
"Karoi",2017-07-22,0,14.95,22.8,7.1,2017
"Karoi",2017-07-23,0,13.2,20.8,5.6,2017
"Karoi",2017-07-24,0,13.4,21.8,5,2017
"Karoi",2017-07-25,0,15.05,22.7,7.4,2017
"Karoi",2017-07-26,0,14.45,22.3,6.6,2017
"Karoi",2017-07-27,0,15.55,23.5,7.6,2017
"Karoi",2017-07-28,0,14.9,22.1,7.7,2017
"Karoi",2017-07-29,0,15.35,23.1,7.6,2017
"Karoi",2017-07-30,0,16.45,24.3,8.6,2017
"Karoi",2017-07-31,0,14.7,22.3,7.1,2017
"Karoi",2017-08-01,0,16.4,25.2,7.6,2017
"Karoi",2017-08-02,0,19.35,28.1,10.6,2017
"Karoi",2017-08-03,0,20.6,27,14.2,2017
"Karoi",2017-08-04,0,21.1,27.8,14.4,2017
"Karoi",2017-08-05,0,21.15,27.7,14.6,2017
"Karoi",2017-08-06,0,18.75,26.9,10.6,2017
"Karoi",2017-08-07,0,16.8,24.8,8.8,2017
"Karoi",2017-08-08,0,15.65,23.7,7.6,2017
"Karoi",2017-08-09,0,15.9,23.7,8.1,2017
"Karoi",2017-08-10,0,17.15,24.9,9.4,2017
"Karoi",2017-08-11,0,17,24.4,9.6,2017
"Karoi",2017-08-12,0,15.3,22.2,8.4,2017
"Karoi",2017-08-13,0,14.65,19.9,9.4,2017
"Karoi",2017-08-14,0,13.75,21.1,6.4,2017
"Karoi",2017-08-15,0,13.85,20.8,6.9,2017
"Karoi",2017-08-16,0,13.9,20.3,7.5,2017
"Karoi",2017-08-17,0,14,20.4,7.6,2017
"Karoi",2017-08-18,0,14.85,22,7.7,2017
"Karoi",2017-08-19,0,15.4,22.4,8.4,2017
"Karoi",2017-08-20,0,15.2,22.1,8.3,2017
"Karoi",2017-08-21,0,15.65,23,8.3,2017
"Karoi",2017-08-22,0,17.2,24.5,9.9,2017
"Karoi",2017-08-23,0,18.6,25.8,11.4,2017
"Karoi",2017-08-24,0,16.8,23.8,9.8,2017
"Karoi",2017-08-25,0,17.25,24.1,10.4,2017
"Karoi",2017-08-26,0,18.45,25.8,11.1,2017
"Karoi",2017-08-27,0,19.1,25.9,12.3,2017
"Karoi",2017-08-28,0,19.35,26.9,11.8,2017
"Karoi",2017-08-29,0,21.65,29.1,14.2,2017
"Karoi",2017-08-30,0,21.2,28.2,14.2,2017
"Karoi",2017-08-31,0,19.7,26.3,13.1,2017
"Karoi",2017-09-01,0,19.8,27.9,11.7,2017
"Karoi",2017-09-02,0,21.45,29.4,13.5,2017
"Karoi",2017-09-03,0,21.25,28.4,14.1,2017
"Karoi",2017-09-04,0,19.9,27.6,12.2,2017
"Karoi",2017-09-05,0,20.1,27.8,12.4,2017
"Karoi",2017-09-06,0,19.55,28.2,10.9,2017
"Karoi",2017-09-07,0,18.6,26,11.2,2017
"Karoi",2017-09-08,0,19.55,28.6,10.5,2017
"Karoi",2017-09-09,0,21.4,29.2,13.6,2017
"Karoi",2017-09-10,0,20.2,27.6,12.8,2017
"Karoi",2017-09-11,0,19.3,27.3,11.3,2017
"Karoi",2017-09-12,0,20.05,28.2,11.9,2017
"Karoi",2017-09-13,0,21.05,28.7,13.4,2017
"Karoi",2017-09-14,0,22.2,28.3,16.1,2017
"Karoi",2017-09-15,0,21.45,28.3,14.6,2017
"Karoi",2017-09-16,0,20.5,26.8,14.2,2017
"Karoi",2017-09-17,0,19.55,26.2,12.9,2017
"Karoi",2017-09-18,0,18.4,23.1,13.7,2017
"Karoi",2017-09-19,0,19.65,26.2,13.1,2017
"Karoi",2017-09-20,0,20.75,27.6,13.9,2017
"Karoi",2017-09-21,0,22.1,29.4,14.8,2017
"Karoi",2017-09-22,0,22.45,30.1,14.8,2017
"Karoi",2017-09-23,0,23.05,30.2,15.9,2017
"Karoi",2017-09-24,0,22.1,28.7,15.5,2017
"Karoi",2017-09-25,0,22.45,29.8,15.1,2017
"Karoi",2017-09-26,0,22.5,30.9,14.1,2017
"Karoi",2017-09-27,0,23.45,29.7,17.2,2017
"Karoi",2017-09-28,0,21.15,27.9,14.4,2017
"Karoi",2017-09-29,0,19.15,25.1,13.2,2017
"Karoi",2017-09-30,0,18,24,12,2017
"Karoi",2017-10-01,0,19.75,27.2,12.3,2017
"Karoi",2017-10-02,0,20.9,29.1,12.7,2017
"Karoi",2017-10-03,0,22.25,30.1,14.4,2017
"Karoi",2017-10-04,0,21.8,29.3,14.3,2017
"Karoi",2017-10-05,0,23.65,31.6,15.7,2017
"Karoi",2017-10-06,0,23.45,30.8,16.1,2017
"Karoi",2017-10-07,0,23.1,29.8,16.4,2017
"Karoi",2017-10-08,0,23.45,30.7,16.2,2017
"Karoi",2017-10-09,0,23.45,31.2,15.7,2017
"Karoi",2017-10-10,0,22.75,29.8,15.7,2017
"Karoi",2017-10-11,0,20.95,26.6,15.3,2017
"Karoi",2017-10-12,0.5,19.8,24.8,14.8,2017
"Karoi",2017-10-13,0,21.7,27.7,15.7,2017
"Karoi",2017-10-14,0,23.35,30.1,16.6,2017
"Karoi",2017-10-15,0,24.45,31.6,17.3,2017
"Karoi",2017-10-16,0,24.75,31.3,18.2,2017
"Karoi",2017-10-17,0,24.5,30.9,18.1,2017
"Karoi",2017-10-18,0,25.8,31.9,19.7,2017
"Karoi",2017-10-19,0,24.05,29.8,18.3,2017
"Karoi",2017-10-20,0,24.15,31.5,16.8,2017
"Karoi",2017-10-21,0,24.1,32.1,16.1,2017
"Karoi",2017-10-22,0,23.25,31.8,14.7,2017
"Karoi",2017-10-23,0,24.7,33.5,15.9,2017
"Karoi",2017-10-24,0,26.75,33.9,19.6,2017
"Karoi",2017-10-25,0,26.75,33.9,19.6,2017
"Karoi",2017-10-26,0,27.5,35.2,19.8,2017
"Karoi",2017-10-27,0,28.1,35.7,20.5,2017
"Karoi",2017-10-28,0,26.9,34.2,19.6,2017
"Karoi",2017-10-29,0,25.7,32.7,18.7,2017
"Karoi",2017-10-30,0,25.5,33.4,17.6,2017
"Karoi",2017-10-31,0,25.7,30.9,20.5,2017
"Karoi",2017-11-01,0,23.45,29.6,17.3,2017
"Karoi",2017-11-02,0,24.1,29.3,18.9,2017
"Karoi",2017-11-03,0,23.95,30.1,17.8,2017
"Karoi",2017-11-04,17.5,24.35,30.1,18.6,2017
"Karoi",2017-11-05,2,23.65,29.4,17.9,2017
"Karoi",2017-11-06,0,22,26,18,2017
"Karoi",2017-11-07,22.4,22.15,27.8,16.5,2017
"Karoi",2017-11-08,6.9,19.15,22.6,15.7,2017
"Karoi",2017-11-09,0,19.8,23.8,15.8,2017
"Karoi",2017-11-10,18.5,21.3,25.2,17.4,2017
"Karoi",2017-11-11,0,19.65,23.9,15.4,2017
"Karoi",2017-11-12,0,19.95,24.1,15.8,2017
"Karoi",2017-11-13,0.5,19.7,23.9,15.5,2017
"Karoi",2017-11-14,8.1,22.2,28.2,16.2,2017
"Karoi",2017-11-15,4.6,20.35,23.8,16.9,2017
"Karoi",2017-11-16,0,20,24.8,15.2,2017
"Karoi",2017-11-17,0,20.7,26.3,15.1,2017
"Karoi",2017-11-18,0,21.85,27,16.7,2017
"Karoi",2017-11-19,8.9,21.75,27.1,16.4,2017
"Karoi",2017-11-20,13.5,21.05,24.8,17.3,2017
"Karoi",2017-11-21,51.3,20.85,25.4,16.3,2017
"Karoi",2017-11-22,5.1,20.3,24.2,16.4,2017
"Karoi",2017-11-23,0.5,19.05,21.5,16.6,2017
"Karoi",2017-11-24,0,21.6,25.8,17.4,2017
"Karoi",2017-11-25,0,21.1,26.4,15.8,2017
"Karoi",2017-11-26,0,21.75,26.3,17.2,2017
"Karoi",2017-11-27,0,22,27.4,16.6,2017
"Karoi",2017-11-28,0,22.5,28.3,16.7,2017
"Karoi",2017-11-29,0.5,22.8,27.2,18.4,2017
"Karoi",2017-11-30,0,21.9,27.2,16.6,2017
"Karoi",2017-12-01,0,21.4,26.1,16.7,2017
"Karoi",2017-12-02,0,21.15,25.7,16.6,2017
"Karoi",2017-12-03,0,21.85,27.1,16.6,2017
"Karoi",2017-12-04,0,22.3,27.1,17.5,2017
"Karoi",2017-12-05,0,23.6,28.8,18.4,2017
"Karoi",2017-12-06,4.6,23.05,28.3,17.8,2017
"Karoi",2017-12-07,19.8,21.35,25.6,17.1,2017
"Karoi",2017-12-08,9.1,18.55,21.6,15.5,2017
"Karoi",2017-12-09,0.5,20.35,24.9,15.8,2017
"Karoi",2017-12-10,44.7,21.35,25.6,17.1,2017
"Karoi",2017-12-11,43.9,18.65,19.5,17.8,2017
"Karoi",2017-12-12,37.8,20.4,23.2,17.6,2017
"Karoi",2017-12-13,1,19.15,22.1,16.2,2017
"Karoi",2017-12-14,2.3,21.2,26.2,16.2,2017
"Karoi",2017-12-15,0,21.4,26,16.8,2017
"Karoi",2017-12-16,43.2,22.75,27.8,17.7,2017
"Karoi",2017-12-17,29.7,20.9,26,15.8,2017
"Karoi",2017-12-18,2.5,19.1,21.6,16.6,2017
"Karoi",2017-12-19,0,20.65,24.4,16.9,2017
"Karoi",2017-12-20,20.6,22,26,18,2017
"Karoi",2017-12-21,3.6,19.6,22.6,16.6,2017
"Karoi",2017-12-22,0,21.6,26.1,17.1,2017
"Karoi",2017-12-23,3.3,22,25.6,18.4,2017
"Karoi",2017-12-24,0,21.15,25.4,16.9,2017
"Karoi",2017-12-25,0,21.35,24.6,18.1,2017
"Karoi",2017-12-26,0,21.45,26.7,16.2,2017
"Karoi",2017-12-27,0,21.4,25.6,17.2,2017
"Karoi",2017-12-28,4.6,21.8,26.1,17.5,2017
"Karoi",2017-12-29,6.4,21.25,25.3,17.2,2017
"Karoi",2017-12-30,18.5,20.45,23.7,17.2,2017
"Karoi",2017-12-31,14.7,20.15,23.4,16.9,2017
"Chipinge",2014-07-01,0,17.5,23.7,11.3,2014
"Chipinge",2014-07-02,0,16.1,20.8,11.4,2014
"Chipinge",2014-07-03,0,16.15,22.3,10,2014
"Chipinge",2014-07-04,0,15.85,21.7,10,2014
"Chipinge",2014-07-05,0,14.15,19.7,8.6,2014
"Chipinge",2014-07-06,0,14,19.2,8.8,2014
"Chipinge",2014-07-07,0,12.25,15.8,8.7,2014
"Chipinge",2014-07-08,2.8,12.45,17.6,7.3,2014
"Chipinge",2014-07-09,0,11.5,15.4,7.6,2014
"Chipinge",2014-07-10,0,11.75,16.8,6.7,2014
"Chipinge",2014-07-11,0,12.9,18.5,7.3,2014
"Chipinge",2014-07-12,0,12.9,17.9,7.9,2014
"Chipinge",2014-07-13,0,13.45,19.1,7.8,2014
"Chipinge",2014-07-14,0,14.7,21.1,8.3,2014
"Chipinge",2014-07-15,0,16.75,22.9,10.6,2014
"Chipinge",2014-07-16,0,16.7,22.2,11.2,2014
"Chipinge",2014-07-17,5.1,12.9,18.4,7.4,2014
"Chipinge",2014-07-18,6.4,9.8,11.2,8.4,2014
"Chipinge",2014-07-19,0,10.1,13.9,6.3,2014
"Chipinge",2014-07-20,0,12.2,18,6.4,2014
"Chipinge",2014-07-21,0,14.35,19.9,8.8,2014
"Chipinge",2014-07-22,0,14.15,18,10.3,2014
"Chipinge",2014-07-23,0,13.15,18.5,7.8,2014
"Chipinge",2014-07-24,0,14.9,22,7.8,2014
"Chipinge",2014-07-25,0,19.35,25.6,13.1,2014
"Chipinge",2014-07-26,0,11.35,16.9,5.8,2014
"Chipinge",2014-07-27,0,11.9,17.2,6.6,2014
"Chipinge",2014-07-28,0,14,20.8,7.2,2014
"Chipinge",2014-07-29,0,17.3,19.7,14.9,2014
"Chipinge",2014-07-30,0,13.35,18.4,8.3,2014
"Chipinge",2014-07-31,0,11.65,16.6,6.7,2014
"Chipinge",2014-08-01,0,14.3,19.8,8.8,2014
"Chipinge",2014-08-02,0,16.8,24.2,9.4,2014
"Chipinge",2014-08-03,5.8,10.75,11.5,10,2014
"Chipinge",2014-08-04,0,14.8,21.9,7.7,2014
"Chipinge",2014-08-05,0,14.45,18.6,10.3,2014
"Chipinge",2014-08-06,3.6,12.25,16.1,8.4,2014
"Chipinge",2014-08-07,0,11.9,16.1,7.7,2014
"Chipinge",2014-08-08,0,12.65,17.7,7.6,2014
"Chipinge",2014-08-09,0,14.6,20.9,8.3,2014
"Chipinge",2014-08-10,0,16.45,23.4,9.5,2014
"Chipinge",2014-08-11,0,18,25,11,2014
"Chipinge",2014-08-12,0,19.1,24.2,14,2014
"Chipinge",2014-08-13,0,15,19.6,10.4,2014
"Chipinge",2014-08-14,0,14.25,20.1,8.4,2014
"Chipinge",2014-08-15,0,15.9,22.9,8.9,2014
"Chipinge",2014-08-16,0,17.35,25.8,8.9,2014
"Chipinge",2014-08-17,0,17.95,26,9.9,2014
"Chipinge",2014-08-18,0,19.5,28.3,10.7,2014
"Chipinge",2014-08-19,0,21.85,28.6,15.1,2014
"Chipinge",2014-08-20,2.3,16.75,24,9.5,2014
"Chipinge",2014-08-21,12.2,15.15,17.9,12.4,2014
"Chipinge",2014-08-22,0,12.95,16,9.9,2014
"Chipinge",2014-08-23,0,17.75,26.6,8.9,2014
"Chipinge",2014-08-24,0,15.45,21.7,9.2,2014
"Chipinge",2014-08-25,22.9,15.6,19.8,11.4,2014
"Chipinge",2014-08-26,25.7,13.9,16,11.8,2014
"Chipinge",2014-08-27,0,14.35,18.4,10.3,2014
"Chipinge",2014-08-28,0,14.5,20.1,8.9,2014
"Chipinge",2014-08-29,0,16.45,21.8,11.1,2014
"Chipinge",2014-08-30,2,17.15,23.6,10.7,2014
"Chipinge",2014-08-31,32,19.75,26.8,12.7,2014
"Chipinge",2014-09-01,26.9,15.6,16.1,15.1,2014
"Chipinge",2014-09-02,1,12.35,14.4,10.3,2014
"Chipinge",2014-09-03,0,16.9,23.2,10.6,2014
"Chipinge",2014-09-04,0,19.5,26.7,12.3,2014
"Chipinge",2014-09-05,0,17,22.3,11.7,2014
"Chipinge",2014-09-06,0,15.6,22.3,8.9,2014
"Chipinge",2014-09-07,0,16.9,23.3,10.5,2014
"Chipinge",2014-09-08,0,14.85,20.8,8.9,2014
"Chipinge",2014-09-09,0,16.75,23.6,9.9,2014
"Chipinge",2014-09-10,0,19.4,26.1,12.7,2014
"Chipinge",2014-09-11,0,21.9,30.4,13.4,2014
"Chipinge",2014-09-12,0,18.7,27.1,10.3,2014
"Chipinge",2014-09-13,0,18.65,23.9,13.4,2014
"Chipinge",2014-09-14,0,20.15,26.7,13.6,2014
"Chipinge",2014-09-15,0,21.2,28.5,13.9,2014
"Chipinge",2014-09-16,0,18.6,25.9,11.3,2014
"Chipinge",2014-09-17,0,20.25,28.7,11.8,2014
"Chipinge",2014-09-18,0,16.7,21.8,11.6,2014
"Chipinge",2014-09-19,0,18.3,24.4,12.2,2014
"Chipinge",2014-09-20,0,20.75,28.8,12.7,2014
"Chipinge",2014-09-21,0,19.35,26,12.7,2014
"Chipinge",2014-09-22,0,21.8,29.7,13.9,2014
"Chipinge",2014-09-23,5.8,23.3,29.7,16.9,2014
"Chipinge",2014-09-24,3.3,17.1,19.7,14.5,2014
"Chipinge",2014-09-25,0,18,22.2,13.8,2014
"Chipinge",2014-09-26,0,17.6,23.6,11.6,2014
"Chipinge",2014-09-27,0,19.55,26.3,12.8,2014
"Chipinge",2014-09-28,0,18.8,26.4,11.2,2014
"Chipinge",2014-09-29,0,17.95,25.6,10.3,2014
"Chipinge",2014-09-30,0,17.5,24.8,10.2,2014
"Chipinge",2014-10-01,0,19.1,24.8,13.4,2014
"Chipinge",2014-10-02,0,20.25,26.1,14.4,2014
"Chipinge",2014-10-03,0,20.55,28.3,12.8,2014
"Chipinge",2014-10-04,0,22,30.2,13.8,2014
"Chipinge",2014-10-05,0,21.55,29.2,13.9,2014
"Chipinge",2014-10-06,0,20.5,27.2,13.8,2014
"Chipinge",2014-10-07,0,20.9,30.7,11.1,2014
"Chipinge",2014-10-08,0,24.05,32,16.1,2014
"Chipinge",2014-10-09,0,26.15,34.9,17.4,2014
"Chipinge",2014-10-10,0,24.9,30.9,18.9,2014
"Chipinge",2014-10-11,0,20.55,26.2,14.9,2014
"Chipinge",2014-10-12,0,19.75,25.9,13.6,2014
"Chipinge",2014-10-13,45.7,21.95,28.8,15.1,2014
"Chipinge",2014-10-14,2.8,19.6,24.1,15.1,2014
"Chipinge",2014-10-15,0,22.25,28.3,16.2,2014
"Chipinge",2014-10-16,3.6,23.6,29.1,18.1,2014
"Chipinge",2014-10-17,6.9,21.75,27.8,15.7,2014
"Chipinge",2014-10-18,0,21.95,28.4,15.5,2014
"Chipinge",2014-10-19,0,21.4,26.8,16,2014
"Chipinge",2014-10-20,0,21,26.2,15.8,2014
"Chipinge",2014-10-21,0,20.05,24.4,15.7,2014
"Chipinge",2014-10-22,0.5,20,25.1,14.9,2014
"Chipinge",2014-10-23,0.3,19.2,22.7,15.7,2014
"Chipinge",2014-10-24,0,22.6,28.8,16.4,2014
"Chipinge",2014-10-25,0,21.7,26.6,16.8,2014
"Chipinge",2014-10-26,0,20.05,26.2,13.9,2014
"Chipinge",2014-10-27,0,21.85,27.4,16.3,2014
"Chipinge",2014-10-28,0.8,23.5,31.2,15.8,2014
"Chipinge",2014-10-29,26.7,21.05,23.8,18.3,2014
"Chipinge",2014-10-30,0.3,20,23.8,16.2,2014
"Chipinge",2014-10-31,24.6,20.55,23.7,17.4,2014
"Chipinge",2014-11-01,8.9,19.2,21.6,16.8,2014
"Chipinge",2014-11-02,0,13.25,15.1,11.4,2014
"Chipinge",2014-11-03,30.7,13.75,15.7,11.8,2014
"Chipinge",2014-11-04,5.8,15.05,17.2,12.9,2014
"Chipinge",2014-11-05,0,18.45,23.3,13.6,2014
"Chipinge",2014-11-06,25.7,21.5,26.4,16.6,2014
"Chipinge",2014-11-07,13.5,22.65,29.1,16.2,2014
"Chipinge",2014-11-08,0.8,13.3,14.6,12,2014
"Chipinge",2014-11-09,0,18.1,23.7,12.5,2014
"Chipinge",2014-11-10,0,21.05,28.3,13.8,2014
"Chipinge",2014-11-11,2.3,24.95,30.8,19.1,2014
"Chipinge",2014-11-12,0,16.75,21.4,12.1,2014
"Chipinge",2014-11-13,0,16.65,21.6,11.7,2014
"Chipinge",2014-11-14,0,17.7,22.8,12.6,2014
"Chipinge",2014-11-15,0,18.35,23.9,12.8,2014
"Chipinge",2014-11-16,0,18.4,23.7,13.1,2014
"Chipinge",2014-11-17,0,18.1,24.4,11.8,2014
"Chipinge",2014-11-18,0,22.3,29.6,15,2014
"Chipinge",2014-11-19,0,20.55,26.4,14.7,2014
"Chipinge",2014-11-20,0,22.1,29.1,15.1,2014
"Chipinge",2014-11-21,0,21.35,27.8,14.9,2014
"Chipinge",2014-11-22,0,21.25,29.7,12.8,2014
"Chipinge",2014-11-23,0,21.3,27.5,15.1,2014
"Chipinge",2014-11-24,0,22.35,29.3,15.4,2014
"Chipinge",2014-11-25,0,26.1,34.3,17.9,2014
"Chipinge",2014-11-26,0,27.65,33.3,22,2014
"Chipinge",2014-11-27,0,29.2,36.2,22.2,2014
"Chipinge",2014-11-28,0.5,19.75,21.8,17.7,2014
"Chipinge",2014-11-29,0,22.8,28.2,17.4,2014
"Chipinge",2014-11-30,0,22.6,27.9,17.3,2014
"Chipinge",2014-12-01,0,23.05,29.9,16.2,2014
"Chipinge",2014-12-02,52.8,23,27.6,18.4,2014
"Chipinge",2014-12-03,21.1,15.95,18.6,13.3,2014
"Chipinge",2014-12-04,5.1,16.8,19.1,14.5,2014
"Chipinge",2014-12-05,0,19.3,25.3,13.3,2014
"Chipinge",2014-12-06,65.5,21.25,27.3,15.2,2014
"Chipinge",2014-12-07,0,20.55,27.7,13.4,2014
"Chipinge",2014-12-08,0,24.35,31.6,17.1,2014
"Chipinge",2014-12-09,36.1,20.65,23.5,17.8,2014
"Chipinge",2014-12-10,8.9,20.4,23.4,17.4,2014
"Chipinge",2014-12-11,28.7,21.95,25.6,18.3,2014
"Chipinge",2014-12-12,0.5,23.35,28.3,18.4,2014
"Chipinge",2014-12-13,0.8,22.2,26,18.4,2014
"Chipinge",2014-12-14,3,20.7,24.6,16.8,2014
"Chipinge",2014-12-15,0,18.8,22.2,15.4,2014
"Chipinge",2014-12-16,0,18.75,23.6,13.9,2014
"Chipinge",2014-12-17,0,19.25,25.2,13.3,2014
"Chipinge",2014-12-18,0,22.05,28.6,15.5,2014
"Chipinge",2014-12-19,0,21.45,27.9,15,2014
"Chipinge",2014-12-20,0,22.9,30.3,15.5,2014
"Chipinge",2014-12-21,0,24.65,29.4,19.9,2014
"Chipinge",2014-12-22,12.2,23.6,29.4,17.8,2014
"Chipinge",2014-12-23,0.3,22.3,25.3,19.3,2014
"Chipinge",2014-12-24,0.5,20.9,25,16.8,2014
"Chipinge",2014-12-25,2,23.4,28.1,18.7,2014
"Chipinge",2014-12-26,15.5,22.75,27.1,18.4,2014
"Chipinge",2014-12-27,2,19.5,21.9,17.1,2014
"Chipinge",2014-12-28,0,18.2,21.9,14.5,2014
"Chipinge",2014-12-29,0,19.95,25.5,14.4,2014
"Chipinge",2014-12-30,8.9,19.75,24.4,15.1,2014
"Chipinge",2014-12-31,26.9,20.85,24.2,17.5,2014
"Chipinge",2015-01-01,59.9,19.4,20.3,18.5,2015
"Chipinge",2015-01-02,20.8,19,20.6,17.4,2015
"Chipinge",2015-01-03,23.6,20.85,23.8,17.9,2015
"Chipinge",2015-01-04,84.3,19.15,19.9,18.4,2015
"Chipinge",2015-01-05,11.2,20.15,22.5,17.8,2015
"Chipinge",2015-01-06,41.7,22.1,26.1,18.1,2015
"Chipinge",2015-01-07,8.9,19.75,20.6,18.9,2015
"Chipinge",2015-01-08,38.1,19.45,21.1,17.8,2015
"Chipinge",2015-01-09,21.6,17.55,20.4,14.7,2015
"Chipinge",2015-01-10,5.3,18.15,20.9,15.4,2015
"Chipinge",2015-01-11,0,18.4,22.7,14.1,2015
"Chipinge",2015-01-12,0,19.45,25,13.9,2015
"Chipinge",2015-01-13,0,19.15,25.5,12.8,2015
"Chipinge",2015-01-14,0,18.8,24.2,13.4,2015
"Chipinge",2015-01-15,3.8,21.25,26.8,15.7,2015
"Chipinge",2015-01-16,0,22.05,27.2,16.9,2015
"Chipinge",2015-01-17,0,22.35,27.4,17.3,2015
"Chipinge",2015-01-18,0,23.25,27.9,18.6,2015
"Chipinge",2015-01-19,0,23.35,27.8,18.9,2015
"Chipinge",2015-01-20,1,23.1,27.8,18.4,2015
"Chipinge",2015-01-21,20.3,25.1,30.6,19.6,2015
"Chipinge",2015-01-22,0.8,21.75,25.2,18.3,2015
"Chipinge",2015-01-23,2.5,22.4,26.6,18.2,2015
"Chipinge",2015-01-24,25.1,22.75,26.6,18.9,2015
"Chipinge",2015-01-25,21.6,20.95,23.1,18.8,2015
"Chipinge",2015-01-26,8.4,21.4,24.5,18.3,2015
"Chipinge",2015-01-27,0,22.15,26.2,18.1,2015
"Chipinge",2015-01-28,27.7,21.9,24.5,19.3,2015
"Chipinge",2015-01-29,39.4,20,22.2,17.8,2015
"Chipinge",2015-01-30,4.6,21.85,25.6,18.1,2015
"Chipinge",2015-01-31,0.8,21.35,24.6,18.1,2015
"Chipinge",2015-02-01,12.4,23.25,28.6,17.9,2015
"Chipinge",2015-02-02,22.6,20,22.7,17.3,2015
"Chipinge",2015-02-03,3.6,17.35,19.1,15.6,2015
"Chipinge",2015-02-04,0,17.8,21.1,14.5,2015
"Chipinge",2015-02-05,0,18.3,22.2,14.4,2015
"Chipinge",2015-02-06,0,18,23.7,12.3,2015
"Chipinge",2015-02-07,0,19.3,23.9,14.7,2015
"Chipinge",2015-02-08,10.7,22.15,27.4,16.9,2015
"Chipinge",2015-02-09,1.5,20.55,24.7,16.4,2015
"Chipinge",2015-02-10,6.9,20.6,23.5,17.7,2015
"Chipinge",2015-02-11,0,21.3,25.4,17.2,2015
"Chipinge",2015-02-12,23.4,21.75,26.1,17.4,2015
"Chipinge",2015-02-13,14.5,21.25,25.7,16.8,2015
"Chipinge",2015-02-14,2.8,20.2,23.2,17.2,2015
"Chipinge",2015-02-15,0.3,19.7,22.7,16.7,2015
"Chipinge",2015-02-16,2.5,20.55,24.9,16.2,2015
"Chipinge",2015-02-17,10.2,20.55,24.9,16.2,2015
"Chipinge",2015-02-18,0.8,20.6,25.4,15.8,2015
"Chipinge",2015-02-19,0.5,20.8,24.4,17.2,2015
"Chipinge",2015-02-20,0,21.2,26,16.4,2015
"Chipinge",2015-02-21,0,22.15,26.9,17.4,2015
"Chipinge",2015-02-22,0,22,26.3,17.7,2015
"Chipinge",2015-02-23,0,22.55,27.8,17.3,2015
"Chipinge",2015-02-24,1,21.45,25.1,17.8,2015
"Chipinge",2015-02-25,18,20.8,24.5,17.1,2015
"Chipinge",2015-02-26,29.2,18.8,22.2,15.4,2015
"Chipinge",2015-02-27,10.7,20.7,24.5,16.9,2015
"Chipinge",2015-02-28,6.4,21.1,25.8,16.4,2015
"Chipinge",NA,3.3,20.25,23.8,16.7,NA
"Chipinge",2015-03-01,6.4,20.3,23.2,17.4,2015
"Chipinge",2015-03-02,4.8,23.85,28.8,18.9,2015
"Chipinge",2015-03-03,0,21.6,23.5,19.7,2015
"Chipinge",2015-03-04,0.3,20.4,24.1,16.7,2015
"Chipinge",2015-03-05,0,20.2,24.7,15.7,2015
"Chipinge",2015-03-06,0,20.1,25.2,15,2015
"Chipinge",2015-03-07,0,20.05,24.6,15.5,2015
"Chipinge",2015-03-08,0,19.9,24.9,14.9,2015
"Chipinge",2015-03-09,0,19.75,25.1,14.4,2015
"Chipinge",2015-03-10,0,19.9,24.4,15.4,2015
"Chipinge",2015-03-11,0,18.95,24.5,13.4,2015
"Chipinge",2015-03-12,0,19.3,25.7,12.9,2015
"Chipinge",2015-03-13,8.4,18.65,23.9,13.4,2015
"Chipinge",2015-03-14,1.8,20.65,24,17.3,2015
"Chipinge",2015-03-15,0,20.8,24.9,16.7,2015
"Chipinge",2015-03-16,0,19.55,23.6,15.5,2015
"Chipinge",2015-03-17,0,18.8,23.4,14.2,2015
"Chipinge",2015-03-18,0.5,18.3,22.2,14.4,2015
"Chipinge",2015-03-19,0,19.2,23.8,14.6,2015
"Chipinge",2015-03-20,0,20,24.9,15.1,2015
"Chipinge",2015-03-21,0,20.6,26.7,14.5,2015
"Chipinge",2015-03-22,0,20.95,24.7,17.2,2015
"Chipinge",2015-03-23,0,21.9,28,15.8,2015
"Chipinge",2015-03-24,0,21.75,26.1,17.4,2015
"Chipinge",2015-03-25,0,22.8,28.9,16.7,2015
"Chipinge",2015-03-26,0,24,30.6,17.4,2015
"Chipinge",2015-03-27,0,21.05,26.4,15.7,2015
"Chipinge",2015-03-28,0,21.7,26.8,16.6,2015
"Chipinge",2015-03-29,0,20.2,24.2,16.2,2015
"Chipinge",2015-03-30,0,20.5,26.1,14.9,2015
"Chipinge",2015-03-31,0,20,24.3,15.7,2015
"Chipinge",2015-04-01,0,18.65,23.5,13.8,2015
"Chipinge",2015-04-02,0,20.45,26.7,14.2,2015
"Chipinge",2015-04-03,0,23.25,30.1,16.4,2015
"Chipinge",2015-04-04,0,24.75,31,18.5,2015
"Chipinge",2015-04-05,0,24.1,29.4,18.8,2015
"Chipinge",2015-04-06,0,21,26.3,15.7,2015
"Chipinge",2015-04-07,0,21.85,28.1,15.6,2015
"Chipinge",2015-04-08,0,20.4,26,14.8,2015
"Chipinge",2015-04-09,0,21.65,26.7,16.6,2015
"Chipinge",2015-04-10,0,20.65,26.2,15.1,2015
"Chipinge",2015-04-11,15.2,20.7,25.3,16.1,2015
"Chipinge",2015-04-12,0,17.85,21.9,13.8,2015
"Chipinge",2015-04-13,0,18.55,22.4,14.7,2015
"Chipinge",2015-04-14,0,18.9,23.6,14.2,2015
"Chipinge",2015-04-15,0,19.1,24.4,13.8,2015
"Chipinge",2015-04-16,0,21.95,28.8,15.1,2015
"Chipinge",2015-04-17,0,23.4,30.1,16.7,2015
"Chipinge",2015-04-18,27.9,22.35,27.5,17.2,2015
"Chipinge",2015-04-19,35.1,18.2,21.3,15.1,2015
"Chipinge",2015-04-20,13.5,15.45,16.9,14,2015
"Chipinge",2015-04-21,0,16.55,20.8,12.3,2015
"Chipinge",2015-04-22,1,17.7,22.8,12.6,2015
"Chipinge",2015-04-23,0.5,17.5,21.4,13.6,2015
"Chipinge",2015-04-24,0,17.55,22.1,13,2015
"Chipinge",2015-04-25,0,16.95,21.2,12.7,2015
"Chipinge",2015-04-26,0,16.4,20.1,12.7,2015
"Chipinge",2015-04-27,0,17.7,23.1,12.3,2015
"Chipinge",2015-04-28,0,16.95,22.1,11.8,2015
"Chipinge",2015-04-29,0,17.15,22.2,12.1,2015
"Chipinge",2015-04-30,0,17.55,22.4,12.7,2015
"Chipinge",2015-05-01,0,18.7,24.7,12.7,2015
"Chipinge",2015-05-02,0,21.35,28.5,14.2,2015
"Chipinge",2015-05-03,0,20.35,24.8,15.9,2015
"Chipinge",2015-05-04,0,19.65,25.9,13.4,2015
"Chipinge",2015-05-05,0,19.9,26,13.8,2015
"Chipinge",2015-05-06,0,21.95,29.2,14.7,2015
"Chipinge",2015-05-07,23.6,15.85,17.3,14.4,2015
"Chipinge",2015-05-08,10.4,11.75,12.9,10.6,2015
"Chipinge",2015-05-09,0.3,13.8,17.1,10.5,2015
"Chipinge",2015-05-10,0,16.25,21.2,11.3,2015
"Chipinge",2015-05-11,0,18.95,25.1,12.8,2015
"Chipinge",2015-05-12,0,19.95,24.7,15.2,2015
"Chipinge",2015-05-13,0,18,23.2,12.8,2015
"Chipinge",2015-05-14,0,17,21.7,12.3,2015
"Chipinge",2015-05-15,0,15.8,21.1,10.5,2015
"Chipinge",2015-05-16,0,16.55,21.9,11.2,2015
"Chipinge",2015-05-17,0,15.9,21.4,10.4,2015
"Chipinge",2015-05-18,0,16.05,20.4,11.7,2015
"Chipinge",2015-05-19,0,15.5,20.2,10.8,2015
"Chipinge",2015-05-20,0,15.85,20.5,11.2,2015
"Chipinge",2015-05-21,0,15.3,19.9,10.7,2015
"Chipinge",2015-05-22,0.5,14.55,17.9,11.2,2015
"Chipinge",2015-05-23,0.3,16.2,21.8,10.6,2015
"Chipinge",2015-05-24,4.6,13.3,14.4,12.2,2015
"Chipinge",2015-05-25,1.5,12.9,15.2,10.6,2015
"Chipinge",2015-05-26,15.7,12.7,14.2,11.2,2015
"Chipinge",2015-05-27,0.3,13.7,16.8,10.6,2015
"Chipinge",2015-05-28,2.5,14.75,18.1,11.4,2015
"Chipinge",2015-05-29,0,14.7,18.5,10.9,2015
"Chipinge",2015-05-30,0,14.6,18.6,10.6,2015
"Chipinge",2015-05-31,3.6,13.25,16.7,9.8,2015
"Chipinge",2015-06-01,0.3,14.1,18.2,10,2015
"Chipinge",2015-06-02,0,14.95,19.7,10.2,2015
"Chipinge",2015-06-03,17.3,15.2,18.3,12.1,2015
"Chipinge",2015-06-04,9.1,12.5,13.9,11.1,2015
"Chipinge",2015-06-05,5.3,12.6,15.3,9.9,2015
"Chipinge",2015-06-06,2.3,13.95,17.3,10.6,2015
"Chipinge",2015-06-07,0,15.25,19.4,11.1,2015
"Chipinge",2015-06-08,24.4,14.65,19.1,10.2,2015
"Chipinge",2015-06-09,0.8,14.05,17,11.1,2015
"Chipinge",2015-06-10,3.3,13.7,17.4,10,2015
"Chipinge",2015-06-11,11.7,13.75,15.8,11.7,2015
"Chipinge",2015-06-12,0,15.05,20.5,9.6,2015
"Chipinge",2015-06-13,0,15.25,19.5,11,2015
"Chipinge",2015-06-14,0,15.1,20.1,10.1,2015
"Chipinge",2015-06-15,0.3,13.8,18.7,8.9,2015
"Chipinge",2015-06-16,3.8,12.6,15.8,9.4,2015
"Chipinge",2015-06-17,1.5,14.8,18.3,11.3,2015
"Chipinge",2015-06-18,0,16.05,19.9,12.2,2015
"Chipinge",2015-06-19,0,15.2,18.3,12.1,2015
"Chipinge",2015-06-20,0,15.8,19.9,11.7,2015
"Chipinge",2015-06-21,0,14.8,19.6,10,2015
"Chipinge",2015-06-22,0,16.5,23.1,9.9,2015
"Chipinge",2015-06-23,0,17,22.8,11.2,2015
"Chipinge",2015-06-24,0,15.25,19.4,11.1,2015
"Chipinge",2015-06-25,0,15.15,20,10.3,2015
"Chipinge",2015-06-26,0,15.35,20.1,10.6,2015
"Chipinge",2015-06-27,0,16.15,22.2,10.1,2015
"Chipinge",2015-06-28,0,16.25,21.3,11.2,2015
"Chipinge",2015-06-29,0,15.1,19.6,10.6,2015
"Chipinge",2015-06-30,0,15.1,19.1,11.1,2015
"Chipinge",2015-07-01,0,13.45,18.2,8.7,2015
"Chipinge",2015-07-02,0,13.3,18.8,7.8,2015
"Chipinge",2015-07-03,0,14.15,19.2,9.1,2015
"Chipinge",2015-07-04,0,14.15,19.1,9.2,2015
"Chipinge",2015-07-05,0,15.7,22.2,9.2,2015
"Chipinge",2015-07-06,0,16.25,21.7,10.8,2015
"Chipinge",2015-07-07,0,15.1,19.6,10.6,2015
"Chipinge",2015-07-08,0,16.95,22.9,11,2015
"Chipinge",2015-07-09,0,18.45,24.1,12.8,2015
"Chipinge",2015-07-10,0,15.35,20.1,10.6,2015
"Chipinge",2015-07-11,0,15.65,20.7,10.6,2015
"Chipinge",2015-07-12,0,15.5,19.2,11.8,2015
"Chipinge",2015-07-13,0,15.1,19.4,10.8,2015
"Chipinge",2015-07-14,0,14.65,19.9,9.4,2015
"Chipinge",2015-07-15,0,15.3,20.2,10.4,2015
"Chipinge",2015-07-16,0,15.85,21.1,10.6,2015
"Chipinge",2015-07-17,0,16.25,21.6,10.9,2015
"Chipinge",2015-07-18,0,15.4,20.1,10.7,2015
"Chipinge",2015-07-19,0,16.7,23.5,9.9,2015
"Chipinge",2015-07-20,0,15.65,21.7,9.6,2015
"Chipinge",2015-07-21,0,14.9,18.6,11.2,2015
"Chipinge",2015-07-22,0,13.1,16.7,9.5,2015
"Chipinge",2015-07-23,0,14.25,18.6,9.9,2015
"Chipinge",2015-07-24,0,14.85,20.6,9.1,2015
"Chipinge",2015-07-25,0,17.25,23.8,10.7,2015
"Chipinge",2015-07-26,0,19.85,26.6,13.1,2015
"Chipinge",2015-07-27,16.3,15.35,19.6,11.1,2015
"Chipinge",2015-07-28,1.8,12.75,14.5,11,2015
"Chipinge",2015-07-29,1,11.7,15.6,7.8,2015
"Chipinge",2015-07-30,0,12.55,16.9,8.2,2015
"Chipinge",2015-07-31,0,12.8,17.5,8.1,2015
"Chipinge",2015-08-01,0,13.05,17.8,8.3,2015
"Chipinge",2015-08-02,0,11.95,15.6,8.3,2015
"Chipinge",2015-08-03,0,14.7,20.5,8.9,2015
"Chipinge",2015-08-04,0,15.75,21.6,9.9,2015
"Chipinge",2015-08-05,0,17.8,24.8,10.8,2015
"Chipinge",2015-08-06,0,19.55,26.3,12.8,2015
"Chipinge",2015-08-07,0,20.95,26.7,15.2,2015
"Chipinge",2015-08-08,12.7,15.95,19.7,12.2,2015
"Chipinge",2015-08-09,0.3,15,18.1,11.9,2015
"Chipinge",2015-08-10,0,17.4,23.9,10.9,2015
"Chipinge",2015-08-11,0,19.5,25.7,13.3,2015
"Chipinge",2015-08-12,0,17.95,23.1,12.8,2015
"Chipinge",2015-08-13,0,16.05,21.3,10.8,2015
"Chipinge",2015-08-14,0,15.8,20.7,10.9,2015
"Chipinge",2015-08-15,0,14.8,19.9,9.7,2015
"Chipinge",2015-08-16,0,15.6,20.8,10.4,2015
"Chipinge",2015-08-17,0,16.35,22.8,9.9,2015
"Chipinge",2015-08-18,0,17.85,24.6,11.1,2015
"Chipinge",2015-08-19,0,19.2,26.9,11.5,2015
"Chipinge",2015-08-20,0,20.3,27.3,13.3,2015
"Chipinge",2015-08-21,0,17.7,22.1,13.3,2015
"Chipinge",2015-08-22,0,16.65,21.9,11.4,2015
"Chipinge",2015-08-23,0,19.55,27.7,11.4,2015
"Chipinge",2015-08-24,0,22.95,28.7,17.2,2015
"Chipinge",2015-08-25,0,25.05,30.6,19.5,2015
"Chipinge",2015-08-26,0,20.55,27.3,13.8,2015
"Chipinge",2015-08-27,0,21.95,29.1,14.8,2015
"Chipinge",2015-08-28,0,18.05,23.3,12.8,2015
"Chipinge",2015-08-29,0,15.6,21.4,9.8,2015
"Chipinge",2015-08-30,0,15.2,22.3,8.1,2015
"Chipinge",2015-08-31,0,15.75,21.7,9.8,2015
"Chipinge",2015-09-01,0,17.3,22.8,11.8,2015
"Chipinge",2015-09-02,0,18.8,24.7,12.9,2015
"Chipinge",2015-09-03,0,18.35,21.8,14.9,2015
"Chipinge",2015-09-04,0,20.2,25.6,14.8,2015
"Chipinge",2015-09-05,0,16.75,20.2,13.3,2015
"Chipinge",2015-09-06,0,17.5,22.8,12.2,2015
"Chipinge",2015-09-07,0,18.8,25.1,12.5,2015
"Chipinge",2015-09-08,0,18.6,24.1,13.1,2015
"Chipinge",2015-09-09,0,19.45,27.1,11.8,2015
"Chipinge",2015-09-10,0,23,30,16,2015
"Chipinge",2015-09-11,0,23.85,32.6,15.1,2015
"Chipinge",2015-09-12,0,25.1,32.4,17.8,2015
"Chipinge",2015-09-13,0.5,21.9,24.4,19.4,2015
"Chipinge",2015-09-14,0.3,19.1,23.1,15.1,2015
"Chipinge",2015-09-15,18.5,24.2,33.9,14.5,2015
"Chipinge",2015-09-16,0.3,16.5,17.4,15.6,2015
"Chipinge",2015-09-17,3.3,12.3,16.1,8.5,2015
"Chipinge",2015-09-18,0,11.4,15.6,7.2,2015
"Chipinge",2015-09-19,0,12.05,16.8,7.3,2015
"Chipinge",2015-09-20,0,13.3,18.8,7.8,2015
"Chipinge",2015-09-21,0,14,20.2,7.8,2015
"Chipinge",2015-09-22,0,16,21.7,10.3,2015
"Chipinge",2015-09-23,0,18.3,25.1,11.5,2015
"Chipinge",2015-09-24,0,20.1,27.9,12.3,2015
"Chipinge",2015-09-25,0,21.15,27.7,14.6,2015
"Chipinge",2015-09-26,1.5,25.65,31.4,19.9,2015
"Chipinge",2015-09-27,0,23.4,28.2,18.6,2015
"Chipinge",2015-09-28,0,22.65,29.1,16.2,2015
"Chipinge",2015-09-29,0,24.15,31.1,17.2,2015
"Chipinge",2015-09-30,0,26.15,32.2,20.1,2015
"Chipinge",2015-10-01,0,24.4,30.5,18.3,2015
"Chipinge",2015-10-02,0,23.85,28.9,18.8,2015
"Chipinge",2015-10-03,0.3,19.2,21.7,16.7,2015
"Chipinge",2015-10-04,0,19.95,23.5,16.4,2015
"Chipinge",2015-10-05,0,19.5,23.3,15.7,2015
"Chipinge",2015-10-06,0,18.35,22.3,14.4,2015
"Chipinge",2015-10-07,0,17.85,22.9,12.8,2015
"Chipinge",2015-10-08,0,16.3,21.5,11.1,2015
"Chipinge",2015-10-09,0,20.7,27,14.4,2015
"Chipinge",2015-10-10,0,22.35,29.9,14.8,2015
"Chipinge",2015-10-11,0,26.35,34.1,18.6,2015
"Chipinge",2015-10-12,0,23.1,28.6,17.6,2015
"Chipinge",2015-10-13,0,19.8,24,15.6,2015
"Chipinge",2015-10-14,0,20.05,26.2,13.9,2015
"Chipinge",2015-10-15,0,21.25,27.3,15.2,2015
"Chipinge",2015-10-16,0,21.1,26.1,16.1,2015
"Chipinge",2015-10-17,0,19.75,26.2,13.3,2015
"Chipinge",2015-10-18,5.6,19.45,23.3,15.6,2015
"Chipinge",2015-10-19,0,19.35,24.3,14.4,2015
"Chipinge",2015-10-20,0,19.2,25.2,13.2,2015
"Chipinge",2015-10-21,0,20.15,25.8,14.5,2015
"Chipinge",2015-10-22,0,20.5,28,13,2015
"Chipinge",2015-10-23,0,22.7,29.6,15.8,2015
"Chipinge",2015-10-24,0,22.65,30.6,14.7,2015
"Chipinge",2015-10-25,0,23.4,30.6,16.2,2015
"Chipinge",2015-10-26,0,21.65,26.6,16.7,2015
"Chipinge",2015-10-27,0,21.25,27.2,15.3,2015
"Chipinge",2015-10-28,0,22.75,29.4,16.1,2015
"Chipinge",2015-10-29,40.6,24.5,29.9,19.1,2015
"Chipinge",2015-10-30,0,18.35,25.4,11.3,2015
"Chipinge",2015-10-31,0,20.7,26.3,15.1,2015
"Chipinge",2015-11-01,0,21.3,26.7,15.9,2015
"Chipinge",2015-11-02,5.1,21.75,26.8,16.7,2015
"Chipinge",2015-11-03,16.5,20.9,24.9,16.9,2015
"Chipinge",2015-11-04,0,20.35,25,15.7,2015
"Chipinge",2015-11-05,0,20.2,22.2,18.2,2015
"Chipinge",2015-11-06,3.3,20.05,23.4,16.7,2015
"Chipinge",2015-11-07,1,21.75,25.7,17.8,2015
"Chipinge",2015-11-08,67.6,19.45,21.4,17.5,2015
"Chipinge",2015-11-09,6.4,16.95,19.2,14.7,2015
"Chipinge",2015-11-10,4.6,19.05,22.2,15.9,2015
"Chipinge",2015-11-11,11.9,16.15,18.8,13.5,2015
"Chipinge",2015-11-12,6.1,14.35,17.8,10.9,2015
"Chipinge",2015-11-13,0,14.8,17.9,11.7,2015
"Chipinge",2015-11-14,0,15.95,19.9,12,2015
"Chipinge",2015-11-15,0,15.55,20.8,10.3,2015
"Chipinge",2015-11-16,0,16.3,21.5,11.1,2015
"Chipinge",2015-11-17,0,18.1,25.1,11.1,2015
"Chipinge",2015-11-18,0,21.35,30,12.7,2015
"Chipinge",2015-11-19,0,23.7,31.2,16.2,2015
"Chipinge",2015-11-20,0,25.35,32.8,17.9,2015
"Chipinge",2015-11-21,10.7,25.3,31.2,19.4,2015
"Chipinge",2015-11-22,1,21.05,25.5,16.6,2015
"Chipinge",2015-11-23,0,19.7,23.3,16.1,2015
"Chipinge",2015-11-24,11.9,20.05,23.5,16.6,2015
"Chipinge",2015-11-25,4.6,21.55,26.2,16.9,2015
"Chipinge",2015-11-26,9.7,18.95,20.6,17.3,2015
"Chipinge",2015-11-27,0,19.25,23.2,15.3,2015
"Chipinge",2015-11-28,0,21.15,26.2,16.1,2015
"Chipinge",2015-11-29,0,19.85,24.7,15,2015
"Chipinge",2015-11-30,0,20.55,25.5,15.6,2015
"Chipinge",2015-12-01,0,23.4,30.2,16.6,2015
"Chipinge",2015-12-02,10.2,22.6,29.1,16.1,2015
"Chipinge",2015-12-03,20.3,17.7,18.8,16.6,2015
"Chipinge",2015-12-04,0,16.65,19.7,13.6,2015
"Chipinge",2015-12-05,0,18.85,24.4,13.3,2015
"Chipinge",2015-12-06,0,22.8,29.1,16.5,2015
"Chipinge",2015-12-07,0,23.55,28.2,18.9,2015
"Chipinge",2015-12-08,0,19.65,24.2,15.1,2015
"Chipinge",2015-12-09,0,21.9,27.1,16.7,2015
"Chipinge",2015-12-10,21.8,22.4,27.6,17.2,2015
"Chipinge",2015-12-11,2.8,18.35,21.6,15.1,2015
"Chipinge",2015-12-12,0,19,22.8,15.2,2015
"Chipinge",2015-12-13,33.3,20.45,25.3,15.6,2015
"Chipinge",2015-12-14,21.6,17.5,19.4,15.6,2015
"Chipinge",2015-12-15,13.7,19.2,21.3,17.1,2015
"Chipinge",2015-12-16,78,20.15,23.7,16.6,2015
"Chipinge",2015-12-17,35.6,19.95,23.3,16.6,2015
"Chipinge",2015-12-18,4.8,21.1,24.4,17.8,2015
"Chipinge",2015-12-19,8.6,23.05,28.3,17.8,2015
"Chipinge",2015-12-20,2.8,15.95,17.3,14.6,2015
"Chipinge",2015-12-21,0,15.8,19.4,12.2,2015
"Chipinge",2015-12-22,0,17.5,23.7,11.3,2015
"Chipinge",2015-12-23,0,19.6,26.7,12.5,2015
"Chipinge",2015-12-24,0.5,20.4,27.7,13.1,2015
"Chipinge",2015-12-25,0,20,25,15,2015
"Chipinge",2015-12-26,0,22.05,29.1,15,2015
"Chipinge",2015-12-27,0,23.15,29.1,17.2,2015
"Chipinge",2015-12-28,0,22.5,28.3,16.7,2015
"Chipinge",2015-12-29,1.8,24.95,30.9,19,2015
"Chipinge",2015-12-30,0,22.1,25.7,18.5,2015
"Chipinge",2015-12-31,0,22.65,26.9,18.4,2015
"Chipinge",2016-01-01,0.8,20.9,23.6,18.2,2016
"Chipinge",2016-01-02,0,21.55,25.8,17.3,2016
"Chipinge",2016-01-03,4.6,21.85,25.9,17.8,2016
"Chipinge",2016-01-04,6.9,21.85,25.9,17.8,2016
"Chipinge",2016-01-05,34.3,20.35,23.8,16.9,2016
"Chipinge",2016-01-06,3.6,21.25,25.2,17.3,2016
"Chipinge",2016-01-07,36.6,21.35,24.8,17.9,2016
"Chipinge",2016-01-08,48.5,21.25,24.7,17.8,2016
"Chipinge",2016-01-09,9.4,22,25.9,18.1,2016
"Chipinge",2016-01-10,74.4,20.95,23.6,18.3,2016
"Chipinge",2016-01-11,18.5,20,22.3,17.7,2016
"Chipinge",2016-01-12,30,19.9,22,17.8,2016
"Chipinge",2016-01-13,65.8,18.45,19.7,17.2,2016
"Chipinge",2016-01-14,23.6,18.5,20,17,2016
"Chipinge",2016-01-15,0.8,20,23.1,16.9,2016
"Chipinge",2016-01-16,48.8,21.85,24.9,18.8,2016
"Chipinge",2016-01-17,1.8,20.6,24,17.2,2016
"Chipinge",2016-01-18,0,20.65,24.2,17.1,2016
"Chipinge",2016-01-19,6.6,22.7,28.7,16.7,2016
"Chipinge",2016-01-20,0,23.3,27.8,18.8,2016
"Chipinge",2016-01-21,0,22.3,25.7,18.9,2016
"Chipinge",2016-01-22,0.8,23,28.1,17.9,2016
"Chipinge",2016-01-23,8.6,23.85,29.1,18.6,2016
"Chipinge",2016-01-24,12.7,20.5,23.3,17.7,2016
"Chipinge",2016-01-25,0,20.25,23.2,17.3,2016
"Chipinge",2016-01-26,0,20.75,24.6,16.9,2016
"Chipinge",2016-01-27,17.8,21,24.9,17.1,2016
"Chipinge",2016-01-28,0.5,21.15,24.6,17.7,2016
"Chipinge",2016-01-29,0,21.65,25.9,17.4,2016
"Chipinge",2016-01-30,3,22.3,26.5,18.1,2016
"Chipinge",2016-01-31,0,21.45,25.1,17.8,2016
"Chipinge",2016-02-01,4.8,21.2,25.5,16.9,2016
"Chipinge",2016-02-02,30.2,21,25.2,16.8,2016
"Chipinge",2016-02-03,4.8,23.15,27.4,18.9,2016
"Chipinge",2016-02-04,20.1,20.1,21.9,18.3,2016
"Chipinge",2016-02-05,5.1,16.65,19.4,13.9,2016
"Chipinge",2016-02-06,1,17.7,21.1,14.3,2016
"Chipinge",2016-02-07,0,21.75,27.8,15.7,2016
"Chipinge",2016-02-08,0,24.05,30.6,17.5,2016
"Chipinge",2016-02-09,51.3,23.6,28.9,18.3,2016
"Chipinge",2016-02-10,25.4,20.7,25.7,15.7,2016
"Chipinge",2016-02-11,16.3,21.45,25.2,17.7,2016
"Chipinge",2016-02-12,28.2,20.6,24.6,16.6,2016
"Chipinge",2016-02-13,21.1,20.6,24,17.2,2016
"Chipinge",2016-02-14,15,22.25,26.6,17.9,2016
"Chipinge",2016-02-15,19.8,22.35,26.2,18.5,2016
"Chipinge",2016-02-16,0.5,20.45,23.5,17.4,2016
"Chipinge",2016-02-17,9.7,20.1,23.4,16.8,2016
"Chipinge",2016-02-18,6.4,20.45,23.1,17.8,2016
"Chipinge",2016-02-19,0.8,20.35,24.2,16.5,2016
"Chipinge",2016-02-20,0,22.85,27.9,17.8,2016
"Chipinge",2016-02-21,0,22,26.2,17.8,2016
"Chipinge",2016-02-22,0,19.25,22.9,15.6,2016
"Chipinge",2016-02-23,0,19.35,24.3,14.4,2016
"Chipinge",2016-02-24,0,21.1,26.6,15.6,2016
"Chipinge",2016-02-25,18,21.95,27.2,16.7,2016
"Chipinge",2016-02-26,12.7,22.8,27.9,17.7,2016
"Chipinge",2016-02-27,5.1,22.4,28.2,16.6,2016
"Chipinge",2016-02-28,3.8,22.3,26.8,17.8,2016
"Chipinge",2016-03-01,16.5,21.85,25.1,18.6,2016
"Chipinge",2016-03-02,26.2,20.2,22.8,17.6,2016
"Chipinge",2016-03-03,10.4,16.75,19.1,14.4,2016
"Chipinge",2016-03-04,1.3,15.8,17.3,14.3,2016
"Chipinge",2016-03-05,7.4,15.7,17.2,14.2,2016
"Chipinge",2016-03-06,2,16.25,18.2,14.3,2016
"Chipinge",2016-03-07,5.3,17.25,21.2,13.3,2016
"Chipinge",2016-03-08,0.8,17.3,20.7,13.9,2016
"Chipinge",2016-03-09,0.8,18.65,22.7,14.6,2016
"Chipinge",2016-03-10,1,18.85,22.8,14.9,2016
"Chipinge",2016-03-11,0,19.1,23.2,15,2016
"Chipinge",2016-03-12,0,19.4,23.9,14.9,2016
"Chipinge",2016-03-13,0,18.95,23.6,14.3,2016
"Chipinge",2016-03-14,0,19.4,24.4,14.4,2016
"Chipinge",2016-03-15,1,18.65,22.9,14.4,2016
"Chipinge",2016-03-16,0,18.6,22.1,15.1,2016
"Chipinge",2016-03-17,0,20.2,25.1,15.3,2016
"Chipinge",2016-03-18,43.7,22.75,28.4,17.1,2016
"Chipinge",2016-03-19,21.6,20.65,24.4,16.9,2016
"Chipinge",2016-03-20,26.7,19.75,21.6,17.9,2016
"Chipinge",2016-03-21,6.4,20.85,23.9,17.8,2016
"Chipinge",2016-03-22,10.7,20.05,22.9,17.2,2016
"Chipinge",2016-03-23,7.1,21.4,24.7,18.1,2016
"Chipinge",2016-03-24,9.9,21.55,25.9,17.2,2016
"Chipinge",2016-03-25,0,19.8,23.5,16.1,2016
"Chipinge",2016-03-26,0,19.65,24.6,14.7,2016
"Chipinge",2016-03-27,0,19.95,24.3,15.6,2016
"Chipinge",2016-03-28,14.7,21.3,25.9,16.7,2016
"Chipinge",2016-03-29,0,21.6,26.6,16.6,2016
"Chipinge",2016-03-30,13.7,19.9,22.7,17.1,2016
"Chipinge",2016-03-31,8.9,18.7,21.6,15.8,2016
"Chipinge",2016-04-01,0.8,17.8,21.1,14.5,2016
"Chipinge",2016-04-02,0,18.15,21,15.3,2016
"Chipinge",2016-04-03,7.6,19.35,23.1,15.6,2016
"Chipinge",2016-04-04,1.3,18.8,21.2,16.4,2016
"Chipinge",2016-04-05,11.2,18.1,21.2,15,2016
"Chipinge",2016-04-06,4.6,17.45,19.5,15.4,2016
"Chipinge",2016-04-07,0,19.45,25.2,13.7,2016
"Chipinge",2016-04-08,0,21.45,27.2,15.7,2016
"Chipinge",2016-04-09,0,22.4,28.1,16.7,2016
"Chipinge",2016-04-10,0.8,23.95,29.6,18.3,2016
"Chipinge",2016-04-11,0,21.6,26.4,16.8,2016
"Chipinge",2016-04-12,0,21.7,26.2,17.2,2016
"Chipinge",2016-04-13,0,24.25,29.4,19.1,2016
"Chipinge",2016-04-14,0,22.8,26.7,18.9,2016
"Chipinge",2016-04-15,0,21,25.1,16.9,2016
"Chipinge",2016-04-16,0,21,25.1,16.9,2016
"Chipinge",2016-04-17,0,20.75,27.2,14.3,2016
"Chipinge",2016-04-18,0,22.35,28.1,16.6,2016
"Chipinge",2016-04-19,1.3,22.95,29.8,16.1,2016
"Chipinge",2016-04-20,9.7,16.85,17.5,16.2,2016
"Chipinge",2016-04-21,0,15.3,18.3,12.3,2016
"Chipinge",2016-04-22,0,15.55,19.5,11.6,2016
"Chipinge",2016-04-23,0,16.4,21.2,11.6,2016
"Chipinge",2016-04-24,0,17,22.3,11.7,2016
"Chipinge",2016-04-25,0,16.4,21.1,11.7,2016
"Chipinge",2016-04-26,0,17.05,22.7,11.4,2016
"Chipinge",2016-04-27,0,17.8,22.9,12.7,2016
"Chipinge",2016-04-28,0,17.25,21.1,13.4,2016
"Chipinge",2016-04-29,1.3,16.7,20.2,13.2,2016
"Chipinge",2016-04-30,0,18.15,23.5,12.8,2016
"Chipinge",2016-05-01,0,18.7,24,13.4,2016
"Chipinge",2016-05-02,0,19.05,25,13.1,2016
"Chipinge",2016-05-03,0,17.25,22.3,12.2,2016
"Chipinge",2016-05-04,0,17.5,21.8,13.2,2016
"Chipinge",2016-05-05,0,17.2,22.3,12.1,2016
"Chipinge",2016-05-06,10.2,16.35,19.4,13.3,2016
"Chipinge",2016-05-07,0,15.35,18.4,12.3,2016
"Chipinge",2016-05-08,0,15.95,20,11.9,2016
"Chipinge",2016-05-09,0,16.05,20.2,11.9,2016
"Chipinge",2016-05-10,1,15.5,19.2,11.8,2016
"Chipinge",2016-05-11,0,15.7,20,11.4,2016
"Chipinge",2016-05-12,0,16.1,18.9,13.3,2016
"Chipinge",2016-05-13,0,16.45,20.7,12.2,2016
"Chipinge",2016-05-14,0,17.05,22.2,11.9,2016
"Chipinge",2016-05-15,0,18.1,23.3,12.9,2016
"Chipinge",2016-05-16,0,18.2,23.4,13,2016
"Chipinge",2016-05-17,0,19.5,24.6,14.4,2016
"Chipinge",2016-05-18,0,19.55,24.7,14.4,2016
"Chipinge",2016-05-19,0,18.6,23.8,13.4,2016
"Chipinge",2016-05-20,0,18.75,25.1,12.4,2016
"Chipinge",2016-05-21,0.5,20.45,27,13.9,2016
"Chipinge",2016-05-22,0,16.05,18.5,13.6,2016
"Chipinge",2016-05-23,0,14.75,18.3,11.2,2016
"Chipinge",2016-05-24,0,14.25,18.6,9.9,2016
"Chipinge",2016-05-25,0,15.65,21.7,9.6,2016
"Chipinge",2016-05-26,0,16.45,22.9,10,2016
"Chipinge",2016-05-27,0,17.8,23.3,12.3,2016
"Chipinge",2016-05-28,0,16.75,21.7,11.8,2016
"Chipinge",2016-05-29,0,16.25,22.4,10.1,2016
"Chipinge",2016-05-30,0,15,20.4,9.6,2016
"Chipinge",2016-05-31,0,14.25,19.2,9.3,2016
"Chipinge",2016-06-01,0,14.45,18.9,10,2016
"Chipinge",2016-06-02,0,15.2,19.9,10.5,2016
"Chipinge",2016-06-03,0,15.25,20.6,9.9,2016
"Chipinge",2016-06-04,0,15.45,20.3,10.6,2016
"Chipinge",2016-06-05,0,16.2,21.6,10.8,2016
"Chipinge",2016-06-06,0.5,16.75,22.8,10.7,2016
"Chipinge",2016-06-07,0,12.5,15.6,9.4,2016
"Chipinge",2016-06-08,0,12.5,16.7,8.3,2016
"Chipinge",2016-06-09,0,13.05,17.9,8.2,2016
"Chipinge",2016-06-10,0,12.45,17.2,7.7,2016
"Chipinge",2016-06-11,0,12.75,17.8,7.7,2016
"Chipinge",2016-06-12,0,13.2,18.1,8.3,2016
"Chipinge",2016-06-13,0,13.6,18.9,8.3,2016
"Chipinge",2016-06-14,0,14.5,20.6,8.4,2016
"Chipinge",2016-06-15,0,14.6,20.2,9,2016
"Chipinge",2016-06-16,0,13.3,17.7,8.9,2016
"Chipinge",2016-06-17,0,13.85,17.7,10,2016
"Chipinge",2016-06-18,0.8,14.25,18.3,10.2,2016
"Chipinge",2016-06-19,0.5,14.4,17.9,10.9,2016
"Chipinge",2016-06-20,0,15.9,21.2,10.6,2016
"Chipinge",2016-06-21,0,15.75,20.6,10.9,2016
"Chipinge",2016-06-22,0,16.45,20.6,12.3,2016
"Chipinge",2016-06-23,0,18.05,23.3,12.8,2016
"Chipinge",2016-06-24,0,15.2,20.3,10.1,2016
"Chipinge",2016-06-25,0,16.25,22.3,10.2,2016
"Chipinge",2016-06-26,0,16.5,22.8,10.2,2016
"Chipinge",2016-06-27,0,17.9,24.7,11.1,2016
"Chipinge",2016-06-28,0,15.05,19.8,10.3,2016
"Chipinge",2016-06-29,0,13.85,20.9,6.8,2016
"Chipinge",2016-06-30,0,14.65,21.1,8.2,2016
"Chipinge",2016-07-01,0,16.65,23.3,10,2016
"Chipinge",2016-07-02,0,18.05,23.9,12.2,2016
"Chipinge",2016-07-03,0.8,13.9,18.1,9.7,2016
"Chipinge",2016-07-04,0,13.1,16.7,9.5,2016
"Chipinge",2016-07-05,0,11.45,16.3,6.6,2016
"Chipinge",2016-07-06,0,12.4,17,7.8,2016
"Chipinge",2016-07-07,0,12.1,17.3,6.9,2016
"Chipinge",2016-07-08,0,12.5,17.4,7.6,2016
"Chipinge",2016-07-09,0,12.7,17.8,7.6,2016
"Chipinge",2016-07-10,0,14.85,20.2,9.5,2016
"Chipinge",2016-07-11,0,15.7,21.3,10.1,2016
"Chipinge",2016-07-12,3.8,14.8,19.7,9.9,2016
"Chipinge",2016-07-13,1.3,12.45,15.1,9.8,2016
"Chipinge",2016-07-14,0,12.95,17.7,8.2,2016
"Chipinge",2016-07-15,0,13.7,19.6,7.8,2016
"Chipinge",2016-07-16,0,15.6,22.3,8.9,2016
"Chipinge",2016-07-17,0,17.75,24.7,10.8,2016
"Chipinge",2016-07-18,4.6,15,18.4,11.6,2016
"Chipinge",2016-07-19,0,11.85,14.9,8.8,2016
"Chipinge",2016-07-20,0.5,11.35,14.9,7.8,2016
"Chipinge",2016-07-21,0,11.45,15.1,7.8,2016
"Chipinge",2016-07-22,0,11.65,15.5,7.8,2016
"Chipinge",2016-07-23,0,11.5,14.7,8.3,2016
"Chipinge",2016-07-24,0,13.2,18.1,8.3,2016
"Chipinge",2016-07-25,0,12.35,15.1,9.6,2016
"Chipinge",2016-07-26,0,13.5,17.5,9.5,2016
"Chipinge",2016-07-27,0,14.5,21.3,7.7,2016
"Chipinge",2016-07-28,0,17.3,24.6,10,2016
"Chipinge",2016-07-29,0,17.8,23.9,11.7,2016
"Chipinge",2016-07-30,0,11.8,16.4,7.2,2016
"Chipinge",2016-07-31,0,10.7,16.4,5,2016
"Chipinge",2016-08-01,0,12.25,18.3,6.2,2016
"Chipinge",2016-08-02,0,12.95,19.7,6.2,2016
"Chipinge",2016-08-03,0,15.4,22.3,8.5,2016
"Chipinge",2016-08-04,0,12.85,18.3,7.4,2016
"Chipinge",2016-08-05,0,13.6,19.4,7.8,2016
"Chipinge",2016-08-06,0,15.3,21.7,8.9,2016
"Chipinge",2016-08-07,0,17.4,25.6,9.2,2016
"Chipinge",2016-08-08,0,19.9,27.2,12.6,2016
"Chipinge",2016-08-09,13.2,14.85,17.7,12,2016
"Chipinge",2016-08-10,3,12,12.8,11.2,2016
"Chipinge",2016-08-11,0,13.55,16.8,10.3,2016
"Chipinge",2016-08-12,0,15.9,20.7,11.1,2016
"Chipinge",2016-08-13,0,17,23.3,10.7,2016
"Chipinge",2016-08-14,0,17.85,23.9,11.8,2016
"Chipinge",2016-08-15,0,16.75,21.2,12.3,2016
"Chipinge",2016-08-16,0,16.1,19.9,12.3,2016
"Chipinge",2016-08-17,0,18.9,27.2,10.6,2016
"Chipinge",2016-08-18,0.5,21.75,29.1,14.4,2016
"Chipinge",2016-08-19,9.4,14.6,15.1,14.1,2016
"Chipinge",2016-08-20,1,11.65,12.3,11,2016
"Chipinge",2016-08-21,0,14.4,18.6,10.2,2016
"Chipinge",2016-08-22,0,16.45,22.9,10,2016
"Chipinge",2016-08-23,0,16.5,24.7,8.3,2016
"Chipinge",2016-08-24,0,17,25.8,8.2,2016
"Chipinge",2016-08-25,0,18.8,27.2,10.4,2016
"Chipinge",2016-08-26,0,21.95,28.8,15.1,2016
"Chipinge",2016-08-27,0,19.7,26.6,12.8,2016
"Chipinge",2016-08-28,0,20.75,26.6,14.9,2016
"Chipinge",2016-08-29,49.5,19.8,25.2,14.4,2016
"Chipinge",2016-08-30,1.8,11.05,12.2,9.9,2016
"Chipinge",2016-08-31,3.3,13,16.9,9.1,2016
"Chipinge",2016-09-01,11.7,11.45,14.6,8.3,2016
"Chipinge",2016-09-02,2,13.1,16.8,9.4,2016
"Chipinge",2016-09-03,0,13.6,17.7,9.5,2016
"Chipinge",2016-09-04,0,14.9,21,8.8,2016
"Chipinge",2016-09-05,0,18.4,25.4,11.4,2016
"Chipinge",2016-09-06,0,20.65,27.9,13.4,2016
"Chipinge",2016-09-07,0,17.65,22.2,13.1,2016
"Chipinge",2016-09-08,0,17.1,21.9,12.3,2016
"Chipinge",2016-09-09,0,17.75,24.1,11.4,2016
"Chipinge",2016-09-10,0,20.55,26.8,14.3,2016
"Chipinge",2016-09-11,0,14.5,16.8,12.2,2016
"Chipinge",2016-09-12,0,16.25,21.3,11.2,2016
"Chipinge",2016-09-13,0,16.8,23.5,10.1,2016
"Chipinge",2016-09-14,0,20.1,27.3,12.9,2016
"Chipinge",2016-09-15,4.8,15.35,20.6,10.1,2016
"Chipinge",2016-09-16,1.3,8.1,9.6,6.6,2016
"Chipinge",2016-09-17,0.3,10.5,15.4,5.6,2016
"Chipinge",2016-09-18,0.5,10.9,14.4,7.4,2016
"Chipinge",2016-09-19,0,11.3,16.8,5.8,2016
"Chipinge",2016-09-20,0,13.25,19.4,7.1,2016
"Chipinge",2016-09-21,0,14,20.1,7.9,2016
"Chipinge",2016-09-22,0,14.25,20,8.5,2016
"Chipinge",2016-09-23,0,16.25,20.5,12,2016
"Chipinge",2016-09-24,0,15.7,21.4,10,2016
"Chipinge",2016-09-25,0,16.1,21.9,10.3,2016
"Chipinge",2016-09-26,0,18.75,24.9,12.6,2016
"Chipinge",2016-09-27,0,19.15,24.9,13.4,2016
"Chipinge",2016-09-28,0,17.3,25.1,9.5,2016
"Chipinge",2016-09-29,1.5,20,25.6,14.4,2016
"Chipinge",2016-09-30,3.6,17.05,20.7,13.4,2016
"Chipinge",2016-10-01,0,16.05,21.2,10.9,2016
"Chipinge",2016-10-02,0,17.3,23.4,11.2,2016
"Chipinge",2016-10-03,0,18.2,24.9,11.5,2016
"Chipinge",2016-10-04,0,19.6,26.1,13.1,2016
"Chipinge",2016-10-05,0,20.05,26.8,13.3,2016
"Chipinge",2016-10-06,0,19.45,25.2,13.7,2016
"Chipinge",2016-10-07,0,18.65,25.6,11.7,2016
"Chipinge",2016-10-08,0,19.75,27.2,12.3,2016
"Chipinge",2016-10-09,0,19.95,28,11.9,2016
"Chipinge",2016-10-10,0.8,23,31.7,14.3,2016
"Chipinge",2016-10-11,11.7,19.65,22.7,16.6,2016
"Chipinge",2016-10-12,10.9,16.5,18.5,14.5,2016
"Chipinge",2016-10-13,0,16.7,21.1,12.3,2016
"Chipinge",2016-10-14,0,18.5,24.4,12.6,2016
"Chipinge",2016-10-15,0,18.25,24.9,11.6,2016
"Chipinge",2016-10-16,0,22.15,29.4,14.9,2016
"Chipinge",2016-10-17,0,19.35,25.1,13.6,2016
"Chipinge",2016-10-18,0,20.1,25,15.2,2016
"Chipinge",2016-10-19,0,21.15,26.7,15.6,2016
"Chipinge",2016-10-20,0,22.15,29.9,14.4,2016
"Chipinge",2016-10-21,33.5,22.5,26.9,18.1,2016
"Chipinge",2016-10-22,0,21.65,26.1,17.2,2016
"Chipinge",2016-10-23,0,22.1,26.6,17.6,2016
"Chipinge",2016-10-24,0,19.65,25.6,13.7,2016
"Chipinge",2016-10-25,0,19.75,25.7,13.8,2016
"Chipinge",2016-10-26,0,18.85,24.9,12.8,2016
"Chipinge",2016-10-27,0,19.15,26.1,12.2,2016
"Chipinge",2016-10-28,0,21.25,28.1,14.4,2016
"Chipinge",2016-10-29,0,20.3,26.8,13.8,2016
"Chipinge",2016-10-30,0,23.45,31.1,15.8,2016
"Chipinge",2016-10-31,0,23.65,30.1,17.2,2016
"Chipinge",2016-11-01,0,20.85,26.8,14.9,2016
"Chipinge",2016-11-02,0,21.55,26.7,16.4,2016
"Chipinge",2016-11-03,0,21.65,27.7,15.6,2016
"Chipinge",2016-11-04,0,21.9,28.8,15,2016
"Chipinge",2016-11-05,0,23.3,28.9,17.7,2016
"Chipinge",2016-11-06,0,21.8,25.6,18,2016
"Chipinge",2016-11-07,0,23.35,27.9,18.8,2016
"Chipinge",2016-11-08,0.8,24.25,30.2,18.3,2016
"Chipinge",2016-11-09,3.6,22.45,27.1,17.8,2016
"Chipinge",2016-11-10,0,22.2,27.2,17.2,2016
"Chipinge",2016-11-11,38.1,21.45,26.3,16.6,2016
"Chipinge",2016-11-12,0,21.65,26.1,17.2,2016
"Chipinge",2016-11-13,0,21.7,27.2,16.2,2016
"Chipinge",2016-11-14,22.9,22.95,28.6,17.3,2016
"Chipinge",2016-11-15,2.5,18.15,21.2,15.1,2016
"Chipinge",2016-11-16,1.3,18.05,22.2,13.9,2016
"Chipinge",2016-11-17,0,18.45,22.2,14.7,2016
"Chipinge",2016-11-18,0,20.2,24.6,15.8,2016
"Chipinge",2016-11-19,0,21.4,26.6,16.2,2016
"Chipinge",2016-11-20,0,21.75,27.9,15.6,2016
"Chipinge",2016-11-21,0,24.5,30.1,18.9,2016
"Chipinge",2016-11-22,8.9,21.1,24.1,18.1,2016
"Chipinge",2016-11-23,7.1,17.25,18.3,16.2,2016
"Chipinge",2016-11-24,0.3,17.9,21,14.8,2016
"Chipinge",2016-11-25,0,19.7,22.8,16.6,2016
"Chipinge",2016-11-26,0,20.3,25.3,15.3,2016
"Chipinge",2016-11-27,33,22.15,26.6,17.7,2016
"Chipinge",2016-11-28,7.1,21.75,26.3,17.2,2016
"Chipinge",2016-11-29,105.7,20.6,24.1,17.1,2016
"Chipinge",2016-11-30,0,20.95,25.8,16.1,2016
"Chipinge",2016-12-01,2.3,21.8,26.1,17.5,2016
"Chipinge",2016-12-02,6.4,21.15,25.1,17.2,2016
"Chipinge",2016-12-03,3.6,23.7,28.6,18.8,2016
"Chipinge",2016-12-04,0,21.3,25.8,16.8,2016
"Chipinge",2016-12-05,9.9,21.95,26.1,17.8,2016
"Chipinge",2016-12-06,1.3,19.1,22.3,15.9,2016
"Chipinge",2016-12-07,0,19.15,23.4,14.9,2016
"Chipinge",2016-12-08,0,20.3,27.2,13.4,2016
"Chipinge",2016-12-09,0,22.25,29.4,15.1,2016
"Chipinge",2016-12-10,17.5,21.3,25.5,17.1,2016
"Chipinge",2016-12-11,10.9,17.15,20.4,13.9,2016
"Chipinge",2016-12-12,0,19.95,24.3,15.6,2016
"Chipinge",2016-12-13,0,23,29.2,16.8,2016
"Chipinge",2016-12-14,51.3,21.4,25.8,17,2016
"Chipinge",2016-12-15,34.5,21.55,26.1,17,2016
"Chipinge",2016-12-16,0,23.4,27.6,19.2,2016
"Chipinge",2016-12-17,8.1,21.35,24.9,17.8,2016
"Chipinge",2016-12-18,38.6,18.6,21.1,16.1,2016
"Chipinge",2016-12-19,4.1,16.7,18.5,14.9,2016
"Chipinge",2016-12-20,0,19.2,23.9,14.5,2016
"Chipinge",2016-12-21,0.5,22,27.6,16.4,2016
"Chipinge",2016-12-22,1,21.25,24.6,17.9,2016
"Chipinge",2016-12-23,0.8,23.3,28.2,18.4,2016
"Chipinge",2016-12-24,3.8,21.45,24.7,18.2,2016
"Chipinge",2016-12-25,0,21.25,25.3,17.2,2016
"Chipinge",2016-12-26,0,21.85,26,17.7,2016
"Chipinge",2016-12-27,0,21.65,26.6,16.7,2016
"Chipinge",2016-12-28,0,21.9,28.3,15.5,2016
"Chipinge",2016-12-29,0,22.65,28.7,16.6,2016
"Chipinge",2016-12-30,0,22.85,27.9,17.8,2016
"Chipinge",2016-12-31,0,22.9,28.6,17.2,2016
"Chipinge",2017-01-01,20.6,21.65,27.8,15.5,2017
"Chipinge",2017-01-02,0.5,19.75,22.8,16.7,2017
"Chipinge",2017-01-03,0,20.3,26.7,13.9,2017
"Chipinge",2017-01-04,0,23.3,28.8,17.8,2017
"Chipinge",2017-01-05,0,22.15,28.6,15.7,2017
"Chipinge",2017-01-06,0,21.35,26.6,16.1,2017
"Chipinge",2017-01-07,0,21.9,27.3,16.5,2017
"Chipinge",2017-01-08,0,21.4,26.6,16.2,2017
"Chipinge",2017-01-09,0,24.15,29.9,18.4,2017
"Chipinge",2017-01-10,8.6,25.2,32.3,18.1,2017
"Chipinge",2017-01-11,7.6,20.5,23.4,17.6,2017
"Chipinge",2017-01-12,16.8,21,24.3,17.7,2017
"Chipinge",2017-01-13,0,21.55,25.9,17.2,2017
"Chipinge",2017-01-14,0,22.3,26.8,17.8,2017
"Chipinge",2017-01-15,10.7,21.05,24.9,17.2,2017
"Chipinge",2017-01-16,7.1,19,21.4,16.6,2017
"Chipinge",2017-01-17,0.8,16.05,17.7,14.4,2017
"Chipinge",2017-01-18,0.8,16.15,18.9,13.4,2017
"Chipinge",2017-01-19,0,17.2,21.2,13.2,2017
"Chipinge",2017-01-20,0,18.35,23.4,13.3,2017
"Chipinge",2017-01-21,0,19.5,25.6,13.4,2017
"Chipinge",2017-01-22,20.8,22.6,27.3,17.9,2017
"Chipinge",2017-01-23,12.7,20.85,24.5,17.2,2017
"Chipinge",2017-01-24,0,20.55,24.4,16.7,2017
"Chipinge",2017-01-25,0,21.8,27.4,16.2,2017
"Chipinge",2017-01-26,1.3,21.15,24.9,17.4,2017
"Chipinge",2017-01-27,0,19.85,23.9,15.8,2017
"Chipinge",2017-01-28,0,20.9,25.7,16.1,2017
"Chipinge",2017-01-29,0,20.75,24.9,16.6,2017
"Chipinge",2017-01-30,0,20.5,26.6,14.4,2017
"Chipinge",2017-01-31,0,20.85,27.4,14.3,2017
"Chipinge",2017-02-01,0,21.7,27.8,15.6,2017
"Chipinge",2017-02-02,10.2,22.5,28.4,16.6,2017
"Chipinge",2017-02-03,2.5,19.6,22.8,16.4,2017
"Chipinge",2017-02-04,0,22.05,27.3,16.8,2017
"Chipinge",2017-02-05,0,23.75,29.2,18.3,2017
"Chipinge",2017-02-06,33,20.4,22.9,17.9,2017
"Chipinge",2017-02-07,10.2,19.75,22.3,17.2,2017
"Chipinge",2017-02-08,8.1,20.95,24.6,17.3,2017
"Chipinge",2017-02-09,13.7,20.25,23.3,17.2,2017
"Chipinge",2017-02-10,0,20.1,23.5,16.7,2017
"Chipinge",2017-02-11,0,20.9,26.2,15.6,2017
"Chipinge",2017-02-12,0,21.05,25.4,16.7,2017
"Chipinge",2017-02-13,0,19.75,24.9,14.6,2017
"Chipinge",2017-02-14,0,20.6,24.5,16.7,2017
"Chipinge",2017-02-15,4.3,21.7,26.1,17.3,2017
"Chipinge",2017-02-16,0,23.25,27.7,18.8,2017
"Chipinge",2017-02-17,0,23.25,29.2,17.3,2017
"Chipinge",2017-02-18,0,24.75,30.6,18.9,2017
"Chipinge",2017-02-19,0,25.95,32.2,19.7,2017
"Chipinge",2017-02-20,0,25,31.7,18.3,2017
"Chipinge",2017-02-21,11.7,23.2,28.3,18.1,2017
"Chipinge",2017-02-22,0,21.85,24.9,18.8,2017
"Chipinge",2017-02-23,0,22.05,26.3,17.8,2017
"Chipinge",2017-02-24,0,20.9,25.5,16.3,2017
"Chipinge",2017-02-25,4.8,20.5,25.3,15.7,2017
"Chipinge",2017-02-26,0,19.4,22.4,16.4,2017
"Chipinge",2017-02-27,0,19.35,23.8,14.9,2017
"Chipinge",2017-02-28,0,19.65,24.9,14.4,2017
"Chipinge",2017-03-01,0,20.9,26.8,15,2017
"Chipinge",2017-03-02,0,23.4,29.6,17.2,2017
"Chipinge",2017-03-03,0,20.75,26,15.5,2017
"Chipinge",2017-03-04,0,20.5,25.1,15.9,2017
"Chipinge",2017-03-05,0,21.4,26.2,16.6,2017
"Chipinge",2017-03-06,0,22,27.4,16.6,2017
"Chipinge",2017-03-07,0,24.25,31.6,16.9,2017
"Chipinge",2017-03-08,20.1,23.65,27.9,19.4,2017
"Chipinge",2017-03-09,24.4,15.5,16.8,14.2,2017
"Chipinge",2017-03-10,1.5,16.3,18.9,13.7,2017
"Chipinge",2017-03-11,0.8,18.05,21.3,14.8,2017
"Chipinge",2017-03-12,9.9,20.05,24.4,15.7,2017
"Chipinge",2017-03-13,0,19.8,23.9,15.7,2017
"Chipinge",2017-03-14,0,20.65,26.2,15.1,2017
"Chipinge",2017-03-15,0,20.75,25.9,15.6,2017
"Chipinge",2017-03-16,0,20.9,26.2,15.6,2017
"Chipinge",2017-03-17,0,20.55,25.7,15.4,2017
"Chipinge",2017-03-18,0,22.05,27.2,16.9,2017
"Chipinge",2017-03-19,8.9,21.5,26.1,16.9,2017
"Chipinge",2017-03-20,0.8,17,20.7,13.3,2017
"Chipinge",2017-03-21,0,16.9,21.4,12.4,2017
"Chipinge",2017-03-22,0,17.25,22.7,11.8,2017
"Chipinge",2017-03-23,0,17.8,23.3,12.3,2017
"Chipinge",2017-03-24,0,18.45,24.1,12.8,2017
"Chipinge",2017-03-25,7.1,18.5,23.3,13.7,2017
"Chipinge",2017-03-26,0,19.35,23.3,15.4,2017
"Chipinge",2017-03-27,0,19.8,26.3,13.3,2017
"Chipinge",2017-03-28,0,22.3,28.8,15.8,2017
"Chipinge",2017-03-29,28.7,21.3,27.2,15.4,2017
"Chipinge",2017-03-30,7.6,14.2,16.3,12.1,2017
"Chipinge",2017-03-31,0,15.5,19.7,11.3,2017
"Chipinge",2017-04-01,0,17.1,21.4,12.8,2017
"Chipinge",2017-04-02,0,16.35,20.7,12,2017
"Chipinge",2017-04-03,0,16.7,21.2,12.2,2017
"Chipinge",2017-04-04,0,17.3,21,13.6,2017
"Chipinge",2017-04-05,0,18.35,23.3,13.4,2017
"Chipinge",2017-04-06,0,17.85,22.8,12.9,2017
"Chipinge",2017-04-07,0,18.7,24.4,13,2017
"Chipinge",2017-04-08,0,20.4,26.4,14.4,2017
"Chipinge",2017-04-09,0,22.8,28.8,16.8,2017
"Chipinge",2017-04-10,0,22.2,30.4,14,2017
"Chipinge",2017-04-11,17.3,18.95,22.3,15.6,2017
"Chipinge",2017-04-12,8.9,16.45,18.3,14.6,2017
"Chipinge",2017-04-13,0,16.35,20.3,12.4,2017
"Chipinge",2017-04-14,0,17.25,22,12.5,2017
"Chipinge",2017-04-15,0.3,15.55,19.4,11.7,2017
"Chipinge",2017-04-16,0,16.35,20,12.7,2017
"Chipinge",2017-04-17,0,17.85,22.9,12.8,2017
"Chipinge",2017-04-18,0,18.5,23.8,13.2,2017
"Chipinge",2017-04-19,0,21.25,28.1,14.4,2017
"Chipinge",2017-04-20,21.6,22.75,27.7,17.8,2017
"Chipinge",2017-04-21,0,17.75,21.6,13.9,2017
"Chipinge",2017-04-22,0,19.2,24.6,13.8,2017
"Chipinge",2017-04-23,0,21.25,26.4,16.1,2017
"Chipinge",2017-04-24,0,21.2,25.8,16.6,2017
"Chipinge",2017-04-25,0,21.65,27.7,15.6,2017
"Chipinge",2017-04-26,0.5,21.1,26.7,15.5,2017
"Chipinge",2017-04-27,2,18.95,22.3,15.6,2017
"Chipinge",2017-04-28,0.8,18.1,21.6,14.6,2017
"Chipinge",2017-04-29,0,18.35,22.8,13.9,2017
"Chipinge",2017-04-30,0,18.4,23.2,13.6,2017
"Chipinge",2017-05-01,0,19.85,26.3,13.4,2017
"Chipinge",2017-05-02,0,21.25,27.7,14.8,2017
"Chipinge",2017-05-03,7.4,20.1,24.6,15.6,2017
"Chipinge",2017-05-04,0,18.1,23.5,12.7,2017
"Chipinge",2017-05-05,0,18.25,23.2,13.3,2017
"Chipinge",2017-05-06,0,18.5,23.6,13.4,2017
"Chipinge",2017-05-07,0,18.1,21.8,14.4,2017
"Chipinge",2017-05-08,0,16.55,21.7,11.4,2017
"Chipinge",2017-05-09,0,16.7,20.6,12.8,2017
"Chipinge",2017-05-10,0,16.1,20.8,11.4,2017
"Chipinge",2017-05-11,0,15.45,20.3,10.6,2017
"Chipinge",2017-05-12,0,15.15,20.4,9.9,2017
"Chipinge",2017-05-13,0,16.5,21.8,11.2,2017
"Chipinge",2017-05-14,0,17.4,23.8,11,2017
"Chipinge",2017-05-15,0,19.15,25.8,12.5,2017
"Chipinge",2017-05-16,0,19.8,26.7,12.9,2017
"Chipinge",2017-05-17,0,17.55,23.3,11.8,2017
"Chipinge",2017-05-18,0,20,27.2,12.8,2017
"Chipinge",2017-05-19,0,23.45,29.9,17,2017
"Chipinge",2017-05-20,0,23.4,29.7,17.1,2017
"Chipinge",2017-05-21,0,23.15,29.6,16.7,2017
"Chipinge",2017-05-22,0,16.7,22.2,11.2,2017
"Chipinge",2017-05-23,0,16.95,22.9,11,2017
"Chipinge",2017-05-24,0,17.45,22.7,12.2,2017
"Chipinge",2017-05-25,0,15.45,19.1,11.8,2017
"Chipinge",2017-05-26,0,16.85,23.1,10.6,2017
"Chipinge",2017-05-27,0,17.6,22.8,12.4,2017
"Chipinge",2017-05-28,0,16.9,22.1,11.7,2017
"Chipinge",2017-05-29,0,17.3,22.3,12.3,2017
"Chipinge",2017-05-30,0,17.8,25.5,10.1,2017
"Chipinge",2017-05-31,0,20.25,25.6,14.9,2017
"Chipinge",2017-06-01,0,17.25,22.3,12.2,2017
"Chipinge",2017-06-02,0.5,15.2,17.8,12.6,2017
"Chipinge",2017-06-03,0,15.35,19.5,11.2,2017
"Chipinge",2017-06-04,0,15.6,21.1,10.1,2017
"Chipinge",2017-06-05,0,13.7,18.4,9,2017
"Chipinge",2017-06-06,0,13.1,16.8,9.4,2017
"Chipinge",2017-06-07,0,14.6,20.1,9.1,2017
"Chipinge",2017-06-08,1,14.85,20.2,9.5,2017
"Chipinge",2017-06-09,0,12.85,16.7,9,2017
"Chipinge",2017-06-10,0.8,12.6,16.1,9.1,2017
"Chipinge",2017-06-11,0,14,18.6,9.4,2017
"Chipinge",2017-06-12,1.5,13.7,17.2,10.2,2017
"Chipinge",2017-06-13,0,14.2,18.5,9.9,2017
"Chipinge",2017-06-14,0,13.65,18.9,8.4,2017
"Chipinge",2017-06-15,0,13.3,18.5,8.1,2017
"Chipinge",2017-06-16,0,12.6,16.8,8.4,2017
"Chipinge",2017-06-17,0,15.3,21.2,9.4,2017
"Chipinge",2017-06-18,3.3,11.75,14,9.5,2017
"Chipinge",2017-06-19,4.1,9.3,11.3,7.3,2017
"Chipinge",2017-06-20,6.4,9.35,12.3,6.4,2017
"Chipinge",2017-06-21,2.3,10,13.6,6.4,2017
"Chipinge",2017-06-22,0,11.85,15.6,8.1,2017
"Chipinge",2017-06-23,0,12.15,16.7,7.6,2017
"Chipinge",2017-06-24,0,12.75,19.2,6.3,2017
"Chipinge",2017-06-25,0,15.95,22.8,9.1,2017
"Chipinge",2017-06-26,0,17.1,22.7,11.5,2017
"Chipinge",2017-06-27,0,17.3,23.4,11.2,2017
"Chipinge",2017-06-28,0,17,21.7,12.3,2017
"Chipinge",2017-06-29,0,16,21.7,10.3,2017
"Chipinge",2017-06-30,0,16.2,21.9,10.5,2017
"Chipinge",2017-07-01,0,14.55,20.2,8.9,2017
"Chipinge",2017-07-02,0,15.3,21.1,9.5,2017
"Chipinge",2017-07-03,0,15.9,21.8,10,2017
"Chipinge",2017-07-04,0,13.55,19.2,7.9,2017
"Chipinge",2017-07-05,0,13.05,18.8,7.3,2017
"Chipinge",2017-07-06,0,15.4,21.1,9.7,2017
"Chipinge",2017-07-07,0,15.7,21.7,9.7,2017
"Chipinge",2017-07-08,0,17.2,23.8,10.6,2017
"Chipinge",2017-07-09,0,17.9,24.4,11.4,2017
"Chipinge",2017-07-10,0,17.9,23.5,12.3,2017
"Chipinge",2017-07-11,0,15.2,20.6,9.8,2017
"Chipinge",2017-07-12,0,16.25,21.7,10.8,2017
"Chipinge",2017-07-13,0,15.15,18.9,11.4,2017
"Chipinge",2017-07-14,0,14.7,18.8,10.6,2017
"Chipinge",2017-07-15,0,15.05,20.1,10,2017
"Chipinge",2017-07-16,0,16.65,22.8,10.5,2017
"Chipinge",2017-07-17,0,18.35,23.9,12.8,2017
"Chipinge",2017-07-18,0,14.35,21.1,7.6,2017
"Chipinge",2017-07-19,0,15.35,20.7,10,2017
"Chipinge",2017-07-20,0,16.2,23.9,8.5,2017
"Chipinge",2017-07-21,0,18.3,24.9,11.7,2017
"Chipinge",2017-07-22,0,11.35,15.6,7.1,2017
"Chipinge",2017-07-23,0,8.55,14.6,2.5,2017
"Chipinge",2017-07-24,0,11.65,18.4,4.9,2017
"Chipinge",2017-07-25,0,14.15,19.5,8.8,2017
"Chipinge",2017-07-26,0,13.55,20.6,6.5,2017
"Chipinge",2017-07-27,0,16.5,22.9,10.1,2017
"Chipinge",2017-07-28,0,14.25,19.6,8.9,2017
"Chipinge",2017-07-29,0,15.9,22.6,9.2,2017
"Chipinge",2017-07-30,0,17.55,23.3,11.8,2017
"Chipinge",2017-07-31,0,14.05,20,8.1,2017
"Chipinge",2017-08-01,0,17.35,25.7,9,2017
"Chipinge",2017-08-02,0,20.1,27.4,12.8,2017
"Chipinge",2017-08-03,0,15.3,22.2,8.4,2017
"Chipinge",2017-08-04,0,19.85,28.3,11.4,2017
"Chipinge",2017-08-05,0,17.25,22.8,11.7,2017
"Chipinge",2017-08-06,0,17.2,23.9,10.5,2017
"Chipinge",2017-08-07,0,16.15,22.3,10,2017
"Chipinge",2017-08-08,0,15.4,21.2,9.6,2017
"Chipinge",2017-08-09,0,17.4,25.1,9.7,2017
"Chipinge",2017-08-10,0,18.75,26.1,11.4,2017
"Chipinge",2017-08-11,4.3,13.3,18.7,7.9,2017
"Chipinge",2017-08-12,0,12.3,15.4,9.2,2017
"Chipinge",2017-08-13,4.6,11.55,16.4,6.7,2017
"Chipinge",2017-08-14,0,12.55,16.7,8.4,2017
"Chipinge",2017-08-15,0,13.7,18.7,8.7,2017
"Chipinge",2017-08-16,0,13.65,18.9,8.4,2017
"Chipinge",2017-08-17,0,12.8,17.8,7.8,2017
"Chipinge",2017-08-18,0.8,13.2,17.6,8.8,2017
"Chipinge",2017-08-19,0.5,13.4,16.1,10.7,2017
"Chipinge",2017-08-20,0,15.35,21.1,9.6,2017
"Chipinge",2017-08-21,0,18.3,22.2,14.4,2017
"Chipinge",2017-08-22,0,17.7,24.2,11.2,2017
"Chipinge",2017-08-23,2.5,18.1,22.8,13.4,2017
"Chipinge",2017-08-24,0,13.45,16.8,10.1,2017
"Chipinge",2017-08-25,0,16.95,24.2,9.7,2017
"Chipinge",2017-08-26,0,18,25.3,10.7,2017
"Chipinge",2017-08-27,0,16.05,22.3,9.8,2017
"Chipinge",2017-08-28,0,18.25,25.5,11,2017
"Chipinge",2017-08-29,0,22.1,29.8,14.4,2017
"Chipinge",2017-08-30,0,17.95,23.1,12.8,2017
"Chipinge",2017-08-31,0,18,23.4,12.6,2017
"Chipinge",2017-09-01,0,22.55,30.6,14.5,2017
"Chipinge",2017-09-02,0,24.35,31.2,17.5,2017
"Chipinge",2017-09-03,0,18.75,26.1,11.4,2017
"Chipinge",2017-09-04,0,19.45,26,12.9,2017
"Chipinge",2017-09-05,0,19.15,26.1,12.2,2017
"Chipinge",2017-09-06,0,19.45,25.2,13.7,2017
"Chipinge",2017-09-07,0,17.45,21,13.9,2017
"Chipinge",2017-09-08,0,20.2,27.6,12.8,2017
"Chipinge",2017-09-09,0,21,27.4,14.6,2017
"Chipinge",2017-09-10,0,16.3,22.2,10.4,2017
"Chipinge",2017-09-11,0.3,17.35,24,10.7,2017
"Chipinge",2017-09-12,0,18.75,26.4,11.1,2017
"Chipinge",2017-09-13,0,20.2,29.8,10.6,2017
"Chipinge",2017-09-14,0,19.85,25.3,14.4,2017
"Chipinge",2017-09-15,1,18.6,23.3,13.9,2017
"Chipinge",2017-09-16,0,16.25,18.9,13.6,2017
"Chipinge",2017-09-17,0,17.35,21.1,13.6,2017
"Chipinge",2017-09-18,2.3,16.25,21.7,10.8,2017
"Chipinge",2017-09-19,0,17.7,23.3,12.1,2017
"Chipinge",2017-09-20,0,19.5,25.6,13.4,2017
"Chipinge",2017-09-21,0,21.3,28.2,14.4,2017
"Chipinge",2017-09-22,0,21.45,28.2,14.7,2017
"Chipinge",2017-09-23,0,20.35,28.1,12.6,2017
"Chipinge",2017-09-24,0,19.95,27.3,12.6,2017
"Chipinge",2017-09-25,0,23.1,31.1,15.1,2017
"Chipinge",2017-09-26,0,22.95,31.1,14.8,2017
"Chipinge",2017-09-27,0.5,19.65,24.7,14.6,2017
"Chipinge",2017-09-28,7.4,14.15,15,13.3,2017
"Chipinge",2017-09-29,0.5,15.25,19.4,11.1,2017
"Chipinge",2017-09-30,0,16.05,20.7,11.4,2017
"Chipinge",2017-10-01,0,16.9,23.8,10,2017
"Chipinge",2017-10-02,0,19.95,27.1,12.8,2017
"Chipinge",2017-10-03,0,19.55,27.2,11.9,2017
"Chipinge",2017-10-04,0,21.85,30.1,13.6,2017
"Chipinge",2017-10-05,0,23.15,28.4,17.9,2017
"Chipinge",2017-10-06,0,21.8,29.8,13.8,2017
"Chipinge",2017-10-07,0,21.15,29.9,12.4,2017
"Chipinge",2017-10-08,0,22.05,28.4,15.7,2017
"Chipinge",2017-10-09,0,21.9,29.4,14.4,2017
"Chipinge",2017-10-10,0,20.05,26.6,13.5,2017
"Chipinge",2017-10-11,0,19.55,24.5,14.6,2017
"Chipinge",2017-10-12,2,20.2,25.6,14.8,2017
"Chipinge",2017-10-13,2.3,21.75,28.4,15.1,2017
"Chipinge",2017-10-14,0,24.1,30.5,17.7,2017
"Chipinge",2017-10-15,0,25.9,32.9,18.9,2017
"Chipinge",2017-10-16,0,21.45,27.3,15.6,2017
"Chipinge",2017-10-17,0.3,22.65,29.6,15.7,2017
"Chipinge",2017-10-18,0.5,20.6,25.1,16.1,2017
"Chipinge",2017-10-19,0,19.7,23.8,15.6,2017
"Chipinge",2017-10-20,0,21.55,27.5,15.6,2017
"Chipinge",2017-10-21,0,21.2,28.6,13.8,2017
"Chipinge",2017-10-22,0,24.15,32.1,16.2,2017
"Chipinge",2017-10-23,0,27.35,35.8,18.9,2017
"Chipinge",2017-10-24,0,25.55,32.7,18.4,2017
"Chipinge",2017-10-25,0,28.05,36.7,19.4,2017
"Chipinge",2017-10-26,0,29.5,37,22,2017
"Chipinge",2017-10-27,0,29.7,36.1,23.3,2017
"Chipinge",2017-10-28,0,22.85,28.4,17.3,2017
"Chipinge",2017-10-29,0,24.25,31.8,16.7,2017
"Chipinge",2017-10-30,40.4,23.15,29.6,16.7,2017
"Chipinge",2017-10-31,1.3,20.35,24.6,16.1,2017
"Chipinge",2017-11-01,0,22.25,27.6,16.9,2017
"Chipinge",2017-11-02,0,22.3,27.9,16.7,2017
"Chipinge",2017-11-03,0,21.35,27.2,15.5,2017
"Chipinge",2017-11-04,5.3,22.1,28.9,15.3,2017
"Chipinge",2017-11-05,0,22,28.4,15.6,2017
"Chipinge",2017-11-06,0,21.1,23.4,18.8,2017
"Chipinge",2017-11-07,0,23.6,29.3,17.9,2017
"Chipinge",2017-11-08,8.6,20.05,22.9,17.2,2017
"Chipinge",2017-11-09,8.4,18.55,21.4,15.7,2017
"Chipinge",2017-11-10,51.3,17.25,17.8,16.7,2017
"Chipinge",2017-11-11,10.7,17,19.3,14.7,2017
"Chipinge",2017-11-12,0,17.65,21.4,13.9,2017
"Chipinge",2017-11-13,0,18.4,24.5,12.3,2017
"Chipinge",2017-11-14,27.2,21.5,27.9,15.1,2017
"Chipinge",2017-11-15,1,16.45,20.1,12.8,2017
"Chipinge",2017-11-16,0,18.9,23.4,14.4,2017
"Chipinge",2017-11-17,0,19.8,25.8,13.8,2017
"Chipinge",2017-11-18,0,22.1,29.7,14.5,2017
"Chipinge",2017-11-19,0.8,22.15,28.7,15.6,2017
"Chipinge",2017-11-20,2.5,23.9,28.9,18.9,2017
"Chipinge",2017-11-21,37.3,23.7,28.7,18.7,2017
"Chipinge",2017-11-22,56.6,21.15,25.6,16.7,2017
"Chipinge",2017-11-23,16.5,20.15,23.6,16.7,2017
"Chipinge",2017-11-24,4.8,17.95,20,15.9,2017
"Chipinge",2017-11-25,0,18.3,22.4,14.2,2017
"Chipinge",2017-11-26,0,20.5,26.1,14.9,2017
"Chipinge",2017-11-27,0,22.2,27.8,16.6,2017
"Chipinge",2017-11-28,4.1,22.7,29.3,16.1,2017
"Chipinge",2017-11-29,0.8,20.45,24.6,16.3,2017
"Chipinge",2017-11-30,1,20.65,24.6,16.7,2017
"Chipinge",2017-12-01,1.3,20,23.6,16.4,2017
"Chipinge",2017-12-02,0,19.4,24.4,14.4,2017
"Chipinge",2017-12-03,0,20.4,26.1,14.7,2017
"Chipinge",2017-12-04,0,21.15,27.2,15.1,2017
"Chipinge",2017-12-05,0,22.45,30.3,14.6,2017
"Chipinge",2017-12-06,19.3,22.65,27.8,17.5,2017
"Chipinge",2017-12-07,13.7,19.2,22,16.4,2017
"Chipinge",2017-12-08,5.3,17.75,19.9,15.6,2017
"Chipinge",2017-12-09,23.6,19.95,24.3,15.6,2017
"Chipinge",2017-12-10,68.8,20.95,24.1,17.8,2017
"Chipinge",2017-12-11,16,17.05,18.4,15.7,2017
"Chipinge",2017-12-12,9.1,19.15,21.8,16.5,2017
"Chipinge",2017-12-13,0,19.7,23.6,15.8,2017
"Chipinge",2017-12-14,0,20.55,24.7,16.4,2017
"Chipinge",2017-12-15,0.5,22.85,28.9,16.8,2017
"Chipinge",2017-12-16,22.6,25.05,29.4,20.7,2017
"Chipinge",2017-12-17,109.5,18.5,18.9,18.1,2017
"Chipinge",2017-12-18,2,17,18.9,15.1,2017
"Chipinge",2017-12-19,0,18.4,21.7,15.1,2017
"Chipinge",2017-12-20,2.5,20.4,25.1,15.7,2017
"Chipinge",2017-12-21,0,23.75,28.7,18.8,2017
"Chipinge",2017-12-22,15,25.65,30.9,20.4,2017
"Chipinge",2017-12-23,2,19.6,21.7,17.5,2017
"Chipinge",2017-12-24,0,20.65,23.4,17.9,2017
"Chipinge",2017-12-25,0.3,22.1,26.3,17.9,2017
"Chipinge",2017-12-26,0,22.3,26.8,17.8,2017
"Chipinge",2017-12-27,0,22.45,27.8,17.1,2017
"Chipinge",2017-12-28,0.8,22.2,26.7,17.7,2017
"Chipinge",2017-12-29,10.9,24.1,29.6,18.6,2017
"Chipinge",2017-12-30,112,22.35,26.5,18.2,2017
"Chipinge",2017-12-31,22.9,16.35,17.8,14.9,2017
