"station","latitude","longitude","Year","precipitation","DATE"
"Arcturus",-17.78,31.32,2017,2025,2017-01-01
"Arcturus",-17.78,31.32,2017,2512,2017-02-01
"Arcturus",-17.78,31.32,2017,578,2017-03-01
"Arcturus",-17.78,31.32,2017,401,2017-04-01
"Arcturus",-17.78,31.32,2018,8,2018-10-01
"Arcturus",-17.78,31.32,2018,768,2018-11-01
"Arcturus",-17.78,31.32,2018,783,2018-12-01
"Arcturus",-17.78,31.32,2020,806,2020-01-01
"Arcturus",-17.78,31.32,2020,998,2020-02-01
"Arcturus",-17.78,31.32,2020,1142,2020-03-01
"Arcturus",-17.78,31.32,2020,76,2020-04-01
"Arcturus",-17.78,31.32,2020,90,2020-10-01
"Arcturus",-17.78,31.32,2020,589,2020-11-01
"Arcturus",-17.78,31.32,2020,1411,2020-12-01
"Arcturus",-17.78,31.32,2019,731,2019-01-01
"Arcturus",-17.78,31.32,2019,80,2019-02-01
"Arcturus",-17.78,31.32,2019,927,2019-03-01
"Arcturus",-17.78,31.32,2019,690,2019-04-01
"Arcturus",-17.78,31.32,2019,25,2019-10-01
"Arcturus",-17.78,31.32,2019,646,2019-11-01
"Arcturus",-17.78,31.32,2019,1500,2019-12-01
"Arcturus",-17.78,31.32,2021,1358,2021-01-01
"Arcturus",-17.78,31.32,2021,2050,2021-02-01
"Arcturus",-17.78,31.32,2021,863,2021-03-01
"Arcturus",-17.78,31.32,2021,801,2021-04-01
"Arcturus",-17.78,31.32,2021,315,2021-10-01
"Arcturus",-17.78,31.32,2021,1740,2021-11-01
"Arcturus",-17.78,31.32,2021,1240,2021-12-01
"Arcturus",-17.78,31.32,2023,2139,2023-01-01
"Arcturus",-17.78,31.32,2023,692,2023-02-01
"Arcturus",-17.78,31.32,2023,255,2023-03-01
"Arcturus",-17.78,31.32,2023,433,2023-04-01
"Arcturus",-17.78,31.32,2023,473,2023-10-01
"Arcturus",-17.78,31.32,2023,248,2023-11-01
"Arcturus",-17.78,31.32,2023,1435,2023-12-01
"Arcturus",-17.78,31.32,2022,1784,2022-01-01
"Arcturus",-17.78,31.32,2022,787,2022-02-01
"Arcturus",-17.78,31.32,2022,102,2022-03-01
"Arcturus",-17.78,31.32,2022,75,2022-04-01
"Arcturus",-17.78,31.32,2022,244,2022-10-01
"Arcturus",-17.78,31.32,2022,527,2022-11-01
"Arcturus",-17.78,31.32,2022,1392,2022-12-01
"Arcturus",-17.78,31.32,2024,3495,2024-01-01
"Arcturus",-17.78,31.32,2024,1530,2024-02-01
"Arcturus",-17.78,31.32,2024,1607,2024-03-01
"Arcturus",-17.78,31.32,2024,145,2024-04-01
"Arupanga",-19.56,29.32,2017,240,2017-01-01
"Arupanga",-19.56,29.32,2017,1910,2017-02-01
"Arupanga",-19.56,29.32,2017,400,2017-03-01
"Arupanga",-19.56,29.32,2017,210,2017-04-01
"Arupanga",-19.56,29.32,2017,0,2017-05-01
"Arupanga",-19.56,29.32,2017,50,2017-06-01
"Arupanga",-19.56,29.32,2017,0,2017-07-01
"Arupanga",-19.56,29.32,2017,90,2017-08-01
"Arupanga",-19.56,29.32,2017,20,2017-09-01
"Arupanga",-19.56,29.32,2017,340,2017-10-01
"Arupanga",-19.56,29.32,2017,920,2017-11-01
"Arupanga",-19.56,29.32,2017,590,2017-12-01
"Arupanga",-19.56,29.32,2018,2940,2018-01-01
"Arupanga",-19.56,29.32,2018,520,2018-02-01
"Arupanga",-19.56,29.32,2018,400,2018-03-01
"Arupanga",-19.56,29.32,2018,640,2018-04-01
"Arupanga",-19.56,29.32,2018,80,2018-05-01
"Arupanga",-19.56,29.32,2018,0,2018-06-01
"Arupanga",-19.56,29.32,2018,0,2018-07-01
"Arupanga",-19.56,29.32,2018,50,2018-08-01
"Arupanga",-19.56,29.32,2018,60,2018-09-01
"Arupanga",-19.56,29.32,2018,120,2018-10-01
"Arupanga",-19.56,29.32,2018,190,2018-11-01
"Arupanga",-19.56,29.32,2018,1440,2018-12-01
"Arupanga",-19.56,29.32,2020,1470,2020-01-01
"Arupanga",-19.56,29.32,2020,820,2020-02-01
"Arupanga",-19.56,29.32,2020,2280,2020-03-01
"Arupanga",-19.56,29.32,2020,0,2020-04-01
"Arupanga",-19.56,29.32,2020,70,2020-05-01
"Arupanga",-19.56,29.32,2020,0,2020-06-01
"Banket",-17.32,30.4,2017,2180,2017-01-01
"Banket",-17.32,30.4,2017,3427,2017-02-01
"Banket",-17.32,30.4,2017,785,2017-03-01
"Banket",-17.32,30.4,2017,50,2017-04-01
"Banket",-17.32,30.4,2017,3,2017-05-01
"Banket",-17.32,30.4,2017,0,2017-06-01
"Banket",-17.32,30.4,2017,27,2017-08-01
"Banket",-17.32,30.4,2017,12,2017-09-01
"Banket",-17.32,30.4,2017,369,2017-10-01
"Banket",-17.32,30.4,2017,936,2017-11-01
"Banket",-17.32,30.4,2017,892,2017-12-01
"Banket",-17.32,30.4,2018,3660,2018-01-01
"Banket",-17.32,30.4,2018,1457,2018-02-01
"Banket",-17.32,30.4,2018,501,2018-04-01
"Banket",-17.32,30.4,2018,35,2018-05-01
"Banket",-17.32,30.4,2018,0,2018-06-01
"Banket",-17.32,30.4,2018,0,2018-07-01
"Banket",-17.32,30.4,2018,1765,2018-10-01
"Banket",-17.32,30.4,2018,1821,2018-11-01
"Banket",-17.32,30.4,2018,1390,2018-12-01
"Banket",-17.32,30.4,2020,1946,2020-01-01
"Banket",-17.32,30.4,2020,1483,2020-02-01
"Banket",-17.32,30.4,2020,20,2020-03-01
"Banket",-17.32,30.4,2020,0,2020-04-01
"Banket",-17.32,30.4,2020,420,2020-10-01
"Banket",-17.32,30.4,2020,645,2020-11-01
"Banket",-17.32,30.4,2020,1250,2020-12-01
"Banket",-17.32,30.4,2019,1146,2019-01-01
"Banket",-17.32,30.4,2019,810,2019-02-01
"Banket",-17.32,30.4,2019,1300,2019-03-01
"Banket",-17.32,30.4,2019,370,2019-04-01
"Banket",-17.32,30.4,2019,50,2019-10-01
"Banket",-17.32,30.4,2019,500,2019-11-01
"Banket",-17.32,30.4,2019,1800,2019-12-01
"Banket",-17.32,30.4,2021,1225,2021-01-01
"Banket",-17.32,30.4,2021,1578,2021-02-01
"Banket",-17.32,30.4,2021,1345,2021-03-01
"Banket",-17.32,30.4,2021,830,2021-04-01
"Banket",-17.32,30.4,2021,370,2021-10-01
"Banket",-17.32,30.4,2021,860,2021-11-01
"Banket",-17.32,30.4,2021,860,2021-12-01
"Banket",-17.32,30.4,2023,2670,2023-01-01
"Banket",-17.32,30.4,2023,565,2023-02-01
"Banket",-17.32,30.4,2023,230,2023-03-01
"Banket",-17.32,30.4,2023,235,2023-04-01
"Banket",-17.32,30.4,2023,1170,2023-10-01
"Banket",-17.32,30.4,2023,160,2023-11-01
"Banket",-17.32,30.4,2023,1335,2023-12-01
"Banket",-17.32,30.4,2022,950,2022-01-01
"Banket",-17.32,30.4,2022,1270,2022-02-01
"Banket",-17.32,30.4,2022,90,2022-03-01
"Banket",-17.32,30.4,2022,80,2022-04-01
"Banket",-17.32,30.4,2022,210,2022-10-01
"Banket",-17.32,30.4,2022,795,2022-11-01
"Banket",-17.32,30.4,2022,1250,2022-12-01
"Banket",-17.32,30.4,2024,3491,2024-01-01
"Banket",-17.32,30.4,2024,1750,2024-02-01
"Banket",-17.32,30.4,2024,1065,2024-03-01
"Banket",-17.32,30.4,2024,110,2024-04-01
"Beatrice",-18.27,30.85,2017,692,2017-01-01
"Beatrice",-18.27,30.85,2017,2095,2017-02-01
"Beatrice",-18.27,30.85,2017,499,2017-03-01
"Beatrice",-18.27,30.85,2017,480,2017-04-01
"Beatrice",-18.27,30.85,2018,55,2018-10-01
"Beatrice",-18.27,30.85,2018,853,2018-11-01
"Beatrice",-18.27,30.85,2018,1182,2018-12-01
"Beatrice",-18.27,30.85,2020,679,2020-01-01
"Beatrice",-18.27,30.85,2020,1740,2020-02-01
"Beatrice",-18.27,30.85,2020,573,2020-03-01
"Beatrice",-18.27,30.85,2020,0,2020-04-01
"Beatrice",-18.27,30.85,2020,81,2020-10-01
"Beatrice",-18.27,30.85,2020,732,2020-11-01
"Beatrice",-18.27,30.85,2020,831,2020-12-01
"Beatrice",-18.27,30.85,2019,668,2019-01-01
"Beatrice",-18.27,30.85,2019,160,2019-02-01
"Beatrice",-18.27,30.85,2019,622,2019-03-01
"Beatrice",-18.27,30.85,2019,0,2019-04-01
"Beatrice",-18.27,30.85,2019,0,2019-10-01
"Beatrice",-18.27,30.85,2019,333,2019-11-01
"Beatrice",-18.27,30.85,2019,2032,2019-12-01
"Beatrice",-18.27,30.85,2021,1215,2021-01-01
"Beatrice",-18.27,30.85,2021,1914,2021-02-01
"Beatrice",-18.27,30.85,2021,165,2021-03-01
"Beatrice",-18.27,30.85,2021,538,2021-04-01
"Beatrice",-18.27,30.85,2021,225,2021-10-01
"Beatrice",-18.27,30.85,2021,935,2021-11-01
"Beatrice",-18.27,30.85,2021,1290,2021-12-01
"Beatrice",-18.27,30.85,2023,1747,2023-01-01
"Beatrice",-18.27,30.85,2023,1029,2023-02-01
"Beatrice",-18.27,30.85,2023,360,2023-03-01
"Beatrice",-18.27,30.85,2023,80,2023-04-01
"Beatrice",-18.27,30.85,2023,904,2023-10-01
"Beatrice",-18.27,30.85,2023,115,2023-11-01
"Beatrice",-18.27,30.85,2023,1610,2023-12-01
"Beatrice",-18.27,30.85,2022,850,2022-01-01
"Beatrice",-18.27,30.85,2022,40,2022-02-01
"Beatrice",-18.27,30.85,2022,65,2022-03-01
"Beatrice",-18.27,30.85,2022,0,2022-04-01
"Beatrice",-18.27,30.85,2022,130,2022-10-01
"Beatrice",-18.27,30.85,2022,850,2022-11-01
"Beatrice",-18.27,30.85,2022,1540,2022-12-01
"Beatrice",-18.27,30.85,2024,2275,2024-01-01
"Beatrice",-18.27,30.85,2024,735,2024-02-01
"Beatrice",-18.27,30.85,2024,330,2024-03-01
"Beatrice",-18.27,30.85,2024,0,2024-04-01
"Beitbridge",-22.217,30,2017,0,2017-01-01
"Beitbridge",-22.217,30,2017,325,2017-02-01
"Beitbridge",-22.217,30,2017,174,2017-03-01
"Beitbridge",-22.217,30,2017,94,2017-04-01
"Beitbridge",-22.217,30,2017,0,2017-05-01
"Beitbridge",-22.217,30,2017,183,2017-06-01
"Beitbridge",-22.217,30,2017,5,2017-07-01
"Beitbridge",-22.217,30,2017,0,2017-08-01
"Beitbridge",-22.217,30,2017,0,2017-09-01
"Beitbridge",-22.217,30,2017,596,2017-10-01
"Beitbridge",-22.217,30,2017,879,2017-11-01
"Beitbridge",-22.217,30,2017,591,2017-12-01
"Beitbridge",-22.217,30,2018,955,2018-01-01
"Beitbridge",-22.217,30,2018,738,2018-02-01
"Beitbridge",-22.13,29.59,2018,400,2018-03-01
"Beitbridge",-22.22,30,2018,61,2018-04-01
"Beitbridge",-22.22,30,2018,0,2018-05-01
"Beitbridge",-22.22,30,2018,0,2018-06-01
"Beitbridge",-22.13,29.59,2018,0,2018-07-01
"Beitbridge",-22.22,30,2018,0,2018-08-01
"Beitbridge",-22.22,30,2018,0,2018-09-01
"Beitbridge",-22.22,30,2018,10,2018-10-01
"Beitbridge",-22.22,30,2018,89,2018-11-01
"Beitbridge",-22.22,30,2018,596,2018-12-01
"Beitbridge",-22.22,30,2020,1206,2020-01-01
"Beitbridge",-22.22,30,2020,398,2020-02-01
"Beitbridge",-22.22,30,2020,677,2020-03-01
"Beitbridge",-22.22,30,2020,12,2020-04-01
"Beitbridge",-22.13,29.59,2020,160,2020-05-01
"Beitbridge",-22.13,29.59,2020,20,2020-06-01
"Beitbridge",-22.22,30,2020,19,2020-10-01
"Beitbridge",-22.22,30,2020,355,2020-11-01
"Beitbridge",-22.22,30,2020,148,2020-12-01
"Beitbridge",-22.22,30,2019,202,2019-01-01
"Beitbridge",-22.22,30,2019,552,2019-02-01
"Beitbridge",-22.22,30,2019,254,2019-03-01
"Beitbridge",-22.22,30,2019,0,2019-04-01
"Beitbridge",-22.22,30,2019,169,2019-10-01
"Beitbridge",-22.22,30,2019,384,2019-11-01
"Beitbridge",-22.22,30,2019,489,2019-12-01
"Beitbridge",-22.22,30,2021,653,2021-01-01
"Beitbridge",-22.22,30,2021,317,2021-02-01
"Beitbridge",-22.22,30,2021,41,2021-03-01
"Beitbridge",-22.22,30,2021,131,2021-04-01
"Beitbridge",-22.22,30,2021,55,2021-10-01
"Beitbridge",-22.22,30,2021,1813,2021-11-01
"Beitbridge",-22.22,30,2021,397,2021-12-01
"Beitbridge",-22.22,30,2023,96,2023-01-01
"Beitbridge",-22.22,30,2023,276,2023-02-01
"Beitbridge",-22.22,30,2023,100,2023-03-01
"Beitbridge",-22.22,30,2023,0,2023-04-01
"Beitbridge",-22.22,30,2023,218,2023-10-01
"Beitbridge",-22.22,30,2023,187,2023-11-01
"Beitbridge",-22.22,30,2023,670,2023-12-01
"Beitbridge",-22.22,30,2022,350,2022-01-01
"Beitbridge",-22.22,30,2022,512,2022-02-01
"Beitbridge",-22.22,30,2022,290,2022-03-01
"Beitbridge",-22.22,30,2022,215,2022-04-01
"Beitbridge",-22.22,30,2022,23,2022-10-01
"Beitbridge",-22.22,30,2022,88,2022-11-01
"Beitbridge",-22.22,30,2022,132,2022-12-01
"Beitbridge",-22.22,30,2024,1232,2024-01-01
"Beitbridge",-22.22,30,2024,2301,2024-02-01
"Beitbridge",-22.22,30,2024,183,2024-03-01
"Beitbridge",-22.22,30,2024,3,2024-04-01
"Beitbridge",-22.22,30,2024,160,2024-05-01
"Beitbridge",-22.22,30,2024,0,2024-06-01
"Beitbridge",-22.22,30,2024,498,2024-07-01
"Beitbridge",-22.22,30,2024,31,2024-09-01
"Beitbridge",-22.22,30,2024,54,2024-10-01
"Bikita",-20.07,31.72,2017,677,2017-01-01
"Bikita",-20.07,31.72,2017,2586,2017-02-01
"Bikita",-20.07,31.72,2017,1020,2017-03-01
"Bikita",-20.07,31.72,2017,813,2017-04-01
"Bikita",-20.07,31.72,2018,102,2018-10-01
"Bikita",-20.07,31.72,2018,783,2018-11-01
"Bikita",-20.07,31.72,2018,1135,2018-12-01
"Bikita",-20.07,31.72,2020,760,2020-01-01
"Bikita",-20.07,31.72,2020,1519,2020-02-01
"Bikita",-20.07,31.72,2020,1928,2020-03-01
"Bikita",-20.07,31.72,2020,55,2020-04-01
"Bikita",-20.07,31.72,2020,174,2020-10-01
"Bikita",-20.07,31.72,2020,1079,2020-11-01
"Bikita",-20.07,31.72,2020,660,2020-12-01
"Bikita",-20.07,31.72,2019,189,2019-01-01
"Bikita",-20.07,31.72,2019,185,2019-02-01
"Bikita",-20.07,31.72,2019,230,2019-03-01
"Bikita",-20.07,31.72,2019,49,2019-04-01
"Bikita",-20.07,31.72,2019,450,2019-10-01
"Bikita",-20.07,31.72,2019,371,2019-11-01
"Bikita",-20.07,31.72,2019,2936,2019-12-01
"Bikita",-20.07,31.72,2021,2342,2021-01-01
"Bikita",-20.07,31.72,2021,2998,2021-02-01
"Bikita",-20.07,31.72,2021,279,2021-03-01
"Bikita",-20.07,31.72,2021,855,2021-04-01
"Bikita",-20.07,31.72,2021,0,2021-10-01
"Bikita",-20.07,31.72,2021,1594,2021-11-01
"Bikita",-20.07,31.72,2021,2403,2021-12-01
"Bikita",-20.07,31.72,2023,3462,2023-01-01
"Bikita",-20.07,31.72,2023,690,2023-02-01
"Bikita",-20.07,31.72,2023,331,2023-03-01
"Bikita",-20.07,31.72,2023,121,2023-04-01
"Bikita",-20.07,31.72,2023,665,2023-10-01
"Bikita",-20.07,31.72,2023,230,2023-11-01
"Bikita",-20.07,31.72,2023,2488,2023-12-01
"Bikita",-20.07,31.72,2022,1597,2022-01-01
"Bikita",-20.07,31.72,2022,1812,2022-02-01
"Bikita",-20.07,31.72,2022,360,2022-03-01
"Bikita",-20.07,31.72,2022,130,2022-04-01
"Bikita",-20.07,31.72,2022,342,2022-10-01
"Bikita",-20.07,31.72,2022,690,2022-11-01
"Bikita",-20.07,31.72,2022,1086,2022-12-01
"Bikita",-20.07,31.72,2024,7463,2024-01-01
"Bikita",-20.07,31.72,2024,2196,2024-02-01
"Bikita",-20.07,31.72,2024,1195,2024-03-01
"Bikita",-20.07,31.72,2024,460,2024-04-01
"Bindura",-17.32,31.32,2017,1920,2017-01-01
"Bindura",-17.32,31.32,2017,3515,2017-02-01
"Bindura",-17.32,31.32,2017,357,2017-03-01
"Bindura",-17.32,31.32,2017,31,2017-04-01
"Bindura",-17.32,31.32,2018,10,2018-10-01
"Bindura",-17.32,31.32,2018,875,2018-11-01
"Bindura",-17.32,31.32,2018,1605,2018-12-01
"Bindura",-17.32,31.32,2020,1360,2020-01-01
"Bindura",-17.32,31.32,2020,1750,2020-02-01
"Bindura",-17.32,31.32,2020,1415,2020-03-01
"Bindura",-17.32,31.32,2020,55,2020-04-01
"Bindura",-17.32,31.32,2020,77,2020-10-01
"Bindura",-17.32,31.32,2020,1310,2020-11-01
"Bindura",-17.32,31.32,2020,980,2020-12-01
"Bindura",-17.32,31.32,2019,1643,2019-01-01
"Bindura",-17.32,31.32,2019,50,2019-02-01
"Bindura",-17.32,31.32,2019,660,2019-03-01
"Bindura",-17.32,31.32,2019,370,2019-04-01
"Bindura",-17.32,31.32,2019,0,2019-10-01
"Bindura",-17.32,31.32,2019,605,2019-11-01
"Bindura",-17.32,31.32,2019,2615,2019-12-01
"Bindura",-17.32,31.32,2021,2066,2021-01-01
"Bindura",-17.32,31.32,2021,3214,2021-02-01
"Bindura",-17.32,31.32,2021,1195,2021-03-01
"Bindura",-17.32,31.32,2021,390,2021-04-01
"Bindura",-17.32,31.32,2021,60,2021-10-01
"Bindura",-17.32,31.32,2021,809,2021-11-01
"Bindura",-17.32,31.32,2021,1390,2021-12-01
"Bindura",-17.32,31.32,2023,3838,2023-01-01
"Bindura",-17.32,31.32,2023,1828,2023-02-01
"Bindura",-17.32,31.32,2023,30,2023-03-01
"Bindura",-17.32,31.32,2023,50,2023-04-01
"Bindura",-17.32,31.32,2023,840,2023-10-01
"Bindura",-17.32,31.32,2023,0,2023-11-01
"Bindura",-17.32,31.32,2023,2590,2023-12-01
"Bindura",-17.32,31.32,2022,1610,2022-01-01
"Bindura",-17.32,31.32,2022,1490,2022-02-01
"Bindura",-17.32,31.32,2022,45,2022-03-01
"Bindura",-17.32,31.32,2022,70,2022-04-01
"Bindura",-17.32,31.32,2022,65,2022-10-01
"Bindura",-17.32,31.32,2022,315,2022-11-01
"Bindura",-17.32,31.32,2022,1785,2022-12-01
"Bindura",-17.32,31.32,2024,3050,2024-01-01
"Bindura",-17.32,31.32,2024,1895,2024-02-01
"Bindura",-17.32,31.32,2024,665,2024-03-01
"Bindura",-17.32,31.32,2024,225,2024-04-01
"Binga",-17.62,27.33,2017,1681,2017-01-01
"Binga",-17.62,27.33,2017,5854,2017-02-01
"Binga",-17.62,27.33,2017,605,2017-03-01
"Binga",-17.62,27.33,2017,453,2017-04-01
"Binga",-17.62,27.33,2017,0,2017-05-01
"Binga",-17.62,27.33,2017,0,2017-06-01
"Binga",-17.62,27.33,2017,0,2017-07-01
"Binga",-17.62,27.33,2017,0,2017-08-01
"Binga",-17.62,27.33,2017,0,2017-09-01
"Binga",-17.62,27.33,2017,54,2017-10-01
"Binga",-17.62,27.33,2017,300,2017-11-01
"Binga",-17.62,27.33,2017,947,2017-12-01
"Binga",-17.62,27.33,2018,1084,2018-01-01
"Binga",-17.62,27.33,2018,1567,2018-02-01
"Binga",-17.62,27.33,2018,242,2018-04-01
"Binga",-17.62,27.33,2018,0,2018-05-01
"Binga",-17.62,27.33,2018,0,2018-06-01
"Binga",-17.62,27.33,2018,0,2018-08-01
"Binga",-17.62,27.33,2018,0,2018-09-01
"Binga",-17.62,27.33,2018,0,2018-10-01
"Binga",-17.62,27.33,2018,242,2018-11-01
"Binga",-17.62,27.33,2018,418,2018-12-01
"Binga",-17.62,27.33,2020,1763,2020-01-01
"Binga",-17.62,27.33,2020,989,2020-02-01
"Binga",-17.62,27.33,2020,1717,2020-03-01
"Binga",-17.62,27.33,2020,0,2020-04-01
"Binga",-17.62,27.33,2020,18,2020-10-01
"Binga",-17.62,27.33,2020,527,2020-11-01
"Binga",-17.62,27.33,2020,703,2020-12-01
"Binga",-17.62,27.33,2019,341,2019-01-01
"Binga",-17.62,27.33,2019,139,2019-02-01
"Binga",-17.62,27.33,2019,1082,2019-03-01
"Binga",-17.62,27.33,2019,44,2019-04-01
"Binga",-17.62,27.33,2019,50,2019-10-01
"Binga",-17.62,27.33,2019,209,2019-11-01
"Binga",-17.62,27.33,2019,2835,2019-12-01
"Binga",-17.62,27.33,2021,994,2021-01-01
"Binga",-17.62,27.33,2021,3038,2021-02-01
"Binga",-17.62,27.33,2021,237,2021-03-01
"Binga",-17.62,27.33,2021,40,2021-04-01
"Binga",-17.62,27.33,2021,0,2021-10-01
"Binga",-17.62,27.33,2021,914,2021-11-01
"Binga",-17.62,27.33,2021,1240,2021-12-01
"Binga",-17.62,27.33,2023,2143,2023-01-01
"Binga",-17.62,27.33,2023,607,2023-02-01
"Binga",-17.62,27.33,2023,95,2023-03-01
"Binga",-17.62,27.33,2023,0,2023-04-01
"Binga",-17.62,27.33,2023,161,2023-10-01
"Binga",-17.62,27.33,2023,178,2023-11-01
"Binga",-17.62,27.33,2023,309,2023-12-01
"Binga",-17.62,27.33,2022,432,2022-01-01
"Binga",-17.62,27.33,2022,328,2022-02-01
"Binga",-17.62,27.33,2022,112,2022-03-01
"Binga",-17.62,27.33,2022,62,2022-04-01
"Binga",-17.62,27.33,2022,61,2022-10-01
"Binga",-17.62,27.33,2022,1992,2022-11-01
"Binga",-17.62,27.33,2022,679,2022-12-01
"Binga",-17.62,27.33,2024,2104,2024-01-01
"Binga",-17.62,27.33,2024,2174,2024-02-01
"Binga",-17.62,27.33,2024,323,2024-03-01
"Binga",-17.62,27.33,2024,0,2024-04-01
"Buffalo Range",-21.017,31.583,2017,412,2017-01-01
"Buffalo Range",-21.017,31.583,2017,895,2017-02-01
"Buffalo Range",-21.017,31.583,2017,204,2017-03-01
"Buffalo Range",-21.017,31.583,2017,497,2017-04-01
"Buffalo Range",-21.017,31.583,2017,5,2017-05-01
"Buffalo Range",-21.017,31.583,2017,91,2017-06-01
"Buffalo Range",-21.017,31.583,2017,0,2017-07-01
"Buffalo Range",-21.017,31.583,2017,43,2017-08-01
"Buffalo Range",-21.017,31.583,2017,0,2017-09-01
"Buffalo Range",-21.017,31.583,2017,450,2017-10-01
"Buffalo Range",-21.017,31.583,2017,578,2017-11-01
"Buffalo Range",-21.017,31.583,2017,1077,2017-12-01
"Buffalo Range",-21.017,31.583,2018,1473,2018-01-01
"Buffalo Range",-21.017,31.583,2018,291,2018-02-01
"Buffalo Range",-21,31.4,2018,187,2018-04-01
"Buffalo Range",-21,31.4,2018,9,2018-05-01
"Buffalo Range",-21,31.4,2018,0,2018-06-01
"Buffalo Range",-21,31.4,2018,46,2018-08-01
"Buffalo Range",-21,31.4,2018,273,2018-09-01
"Buffalo Range",-21.02,31.58,2018,450,2018-10-01
"Buffalo Range",-21.02,31.58,2018,578,2018-11-01
"Buffalo Range",-21.02,31.58,2018,1077,2018-12-01
"Buffalo Range",-21.02,31.58,2020,1473,2020-01-01
"Buffalo Range",-21.02,31.58,2020,291,2020-02-01
"Buffalo Range",-21.02,31.58,2020,211,2020-03-01
"Buffalo Range",-21.02,31.58,2020,187,2020-04-01
"Buffalo Range",-21.02,31.58,2020,13,2020-10-01
"Buffalo Range",-21.02,31.58,2020,107,2020-11-01
"Buffalo Range",-21.02,31.58,2020,242,2020-12-01
"Buffalo Range",-21.02,31.58,2019,323,2019-01-01
"Buffalo Range",-21.02,31.58,2019,0,2019-02-01
"Buffalo Range",-21.02,31.58,2019,487,2019-03-01
"Buffalo Range",-21.02,31.58,2019,17,2019-04-01
"Buffalo Range",-21.02,31.58,2019,204,2019-10-01
"Buffalo Range",-21.02,31.58,2019,510,2019-11-01
"Buffalo Range",-21.02,31.58,2019,2012,2019-12-01
"Buffalo Range",-21.02,31.58,2021,2407,2021-01-01
"Buffalo Range",-21.02,31.58,2021,2429,2021-02-01
"Buffalo Range",-21.02,31.58,2021,135,2021-03-01
"Buffalo Range",-21.02,31.58,2021,207,2021-04-01
"Buffalo Range",-21.02,31.58,2021,75,2021-10-01
"Buffalo Range",-21.02,31.58,2021,1829,2021-11-01
"Buffalo Range",-21.02,31.58,2021,1621,2021-12-01
"Buffalo Range",-21.02,31.58,2023,1151,2023-01-01
"Buffalo Range",-21.02,31.58,2023,318,2023-02-01
"Buffalo Range",-21.02,31.58,2023,119,2023-03-01
"Buffalo Range",-21.02,31.58,2023,0,2023-04-01
"Buffalo Range",-21.02,31.58,2023,254,2023-10-01
"Buffalo Range",-21.02,31.58,2023,86,2023-11-01
"Buffalo Range",-21.02,31.58,2023,827,2023-12-01
"Buffalo Range",-21.02,31.58,2022,563,2022-01-01
"Buffalo Range",-21.02,31.58,2022,2262,2022-02-01
"Buffalo Range",-21.02,31.58,2022,382,2022-03-01
"Buffalo Range",-21.02,31.58,2022,97,2022-04-01
"Buffalo Range",-21.02,31.58,2022,41,2022-10-01
"Buffalo Range",-21.02,31.58,2022,548,2022-11-01
"Buffalo Range",-21.02,31.58,2022,106,2022-12-01
"Buffalo Range",-21.02,31.58,2024,3157,2024-01-01
"Buffalo Range",-21.02,31.58,2024,1431,2024-02-01
"Buffalo Range",-21.02,31.58,2024,207,2024-03-01
"Buffalo Range",-21.02,31.58,2024,340,2024-04-01
"Buffalo Range",-21.02,31.58,2024,152,2024-05-01
"Buffalo Range",-21.02,31.58,2024,9,2024-06-01
"Buffalo Range",-21.02,31.58,2024,340,2024-07-01
"Buffalo Range",-21.02,31.58,2024,16,2024-09-01
"Buffalo Range",-21.02,31.58,2024,20,2024-10-01
"Buffalo Range",-21.02,31.58,2024,541,2024-11-01
"Buhera",-19.32,31.43,2017,937,2017-01-01
"Buhera",-19.32,31.43,2017,2600,2017-02-01
"Buhera",-19.32,31.43,2017,558,2017-03-01
"Buhera",-19.32,31.43,2017,354,2017-04-01
"Buhera",-19.32,31.43,2017,0,2017-05-01
"Buhera",-19.32,31.43,2017,40,2017-06-01
"Buhera",-19.32,31.43,2017,0,2017-07-01
"Buhera",-19.32,31.43,2017,271,2017-08-01
"Buhera",-19.32,31.43,2017,18,2017-09-01
"Buhera",-19.32,31.43,2017,1077,2017-10-01
"Buhera",-19.32,31.43,2017,584,2017-11-01
"Buhera",-19.32,31.43,2017,684,2017-12-01
"Buhera",-19.32,31.43,2018,3210,2018-01-01
"Buhera",-19.32,31.43,2018,1758,2018-02-01
"Buhera",-19.32,31.43,2018,176,2018-04-01
"Buhera",-19.32,31.43,2018,5,2018-05-01
"Buhera",-19.32,31.43,2018,36,2018-06-01
"Buhera",-19.32,31.43,2018,0,2018-07-01
"Buhera",-19.32,31.43,2018,117,2018-10-01
"Buhera",-19.32,31.43,2018,582,2018-11-01
"Buhera",-19.32,31.43,2018,1182,2018-12-01
"Buhera",-19.32,31.43,2020,541,2020-01-01
"Buhera",-19.32,31.43,2020,1315,2020-02-01
"Buhera",-19.32,31.43,2020,538,2020-03-01
"Buhera",-19.32,31.43,2020,0,2020-04-01
"Buhera",-19.32,31.43,2020,126,2020-10-01
"Buhera",-19.32,31.43,2020,605,2020-11-01
"Buhera",-19.32,31.43,2020,703,2020-12-01
"Buhera",-19.32,31.43,2019,1945,2019-01-01
"Buhera",-19.32,31.43,2019,517,2019-02-01
"Buhera",-19.32,31.43,2019,763,2019-03-01
"Buhera",-19.32,31.43,2019,122,2019-04-01
"Buhera",-19.32,31.43,2019,54,2019-10-01
"Buhera",-19.32,31.43,2019,1184,2019-11-01
"Buhera",-19.32,31.43,2019,3046,2019-12-01
"Buhera",-19.32,31.43,2021,1951,2021-01-01
"Buhera",-19.32,31.43,2021,707,2021-02-01
"Buhera",-19.32,31.43,2021,64,2021-03-01
"Buhera",-19.32,31.43,2021,544,2021-04-01
"Buhera",-19.32,31.43,2021,3,2021-10-01
"Buhera",-19.32,31.43,2021,2006,2021-11-01
"Buhera",-19.32,31.43,2021,751,2021-12-01
"Buhera",-19.32,31.43,2023,1554,2023-01-01
"Buhera",-19.32,31.43,2023,602,2023-02-01
"Buhera",-19.32,31.43,2023,15,2023-03-01
"Buhera",-19.32,31.43,2023,313,2023-04-01
"Buhera",-19.32,31.43,2023,771,2023-10-01
"Buhera",-19.32,31.43,2023,119,2023-11-01
"Buhera",-19.32,31.43,2023,1617,2023-12-01
"Buhera",-19.32,31.43,2022,621,2022-01-01
"Buhera",-19.32,31.43,2022,261,2022-02-01
"Buhera",-19.32,31.43,2022,812,2022-03-01
"Buhera",-19.32,31.43,2022,18,2022-04-01
"Buhera",-19.32,31.43,2022,206,2022-10-01
"Buhera",-19.32,31.43,2022,1442,2022-11-01
"Buhera",-19.32,31.43,2022,1696,2022-12-01
"Buhera",-19.32,31.43,2024,3477,2024-01-01
"Buhera",-19.32,31.43,2024,933,2024-02-01
"Buhera",-19.32,31.43,2024,264,2024-03-01
"Buhera",-19.32,31.43,2024,11,2024-04-01
"Bulawayo",-20.15,28.62,2017,429,2017-01-01
"Bulawayo",-20.15,28.62,2017,1126,2017-02-01
"Bulawayo",-20.15,28.62,2017,162,2017-03-01
"Bulawayo",-20.15,28.62,2017,266,2017-04-01
"Bulawayo",-20.15,28.62,2017,0,2017-05-01
"Bulawayo",-20.15,28.62,2017,0,2017-06-01
"Bulawayo",-20.15,28.62,2017,0,2017-07-01
"Bulawayo",-20.15,28.62,2017,0,2017-08-01
"Bulawayo",-20.15,28.62,2017,0,2017-09-01
"Bulawayo",-20.15,28.62,2017,770,2017-10-01
"Bulawayo",-20.15,28.62,2017,1580,2017-11-01
"Bulawayo",-20.15,28.62,2017,580,2017-12-01
"Bulawayo",-20.15,28.62,2018,1430,2018-01-01
"Bulawayo",-20.15,28.62,2018,910,2018-02-01
"Bulawayo",-20.15,28.62,2018,70,2018-03-01
"Bulawayo",-20.15,28.62,2018,310,2018-04-01
"Bulawayo",-20.15,28.62,2018,70,2018-05-01
"Bulawayo",-20.15,28.62,2018,0,2018-06-01
"Bulawayo",-20.15,28.62,2018,0,2018-07-01
"Bulawayo",-20.15,28.62,2018,0,2018-08-01
"Bulawayo",-20.15,28.62,2018,0,2018-09-01
"Bulawayo",-20.15,28.62,2018,335,2018-10-01
"Bulawayo",-20.15,28.62,2018,205,2018-11-01
"Bulawayo",-20.15,28.62,2018,1483,2018-12-01
"Bulawayo",-20.15,28.62,2020,1375,2020-01-01
"Bulawayo",-20.15,28.62,2020,667,2020-02-01
"Bulawayo",-20.15,28.62,2020,1955,2020-03-01
"Bulawayo",-20.15,28.62,2020,0,2020-04-01
"Bulawayo",-20.15,28.62,2020,0,2020-05-01
"Bulawayo",-20.15,28.62,2020,0,2020-06-01
"Bulawayo",-20.15,28.62,2020,0,2020-07-01
"Bulawayo",-20.15,28.62,2020,0,2020-08-01
"Bulawayo",-20.15,28.62,2020,0,2020-09-01
"Bulawayo",-20.15,28.62,2020,11,2020-10-01
"Bulawayo",-20.15,28.62,2020,884,2020-11-01
"Bulawayo",-20.15,28.62,2020,1120,2020-12-01
"Bulawayo",-20.15,28.62,2019,772,2019-01-01
"Bulawayo",-20.15,28.62,2019,277,2019-02-01
"Bulawayo",-20.15,28.62,2019,380,2019-03-01
"Bulawayo",-20.15,28.62,2019,5,2019-04-01
"Bulawayo",-20.15,28.62,2019,0,2019-05-01
"Bulawayo",-20.15,28.62,2019,0,2019-06-01
"Bulawayo",-20.15,28.62,2019,0,2019-07-01
"Bulawayo",-20.15,28.62,2019,0,2019-08-01
"Bulawayo",-20.15,28.62,2019,0,2019-09-01
"Bulawayo",-20.15,28.62,2019,266,2019-10-01
"Bulawayo",-20.15,28.62,2019,805,2019-11-01
"Bulawayo",-20.15,28.62,2019,2051,2019-12-01
"Bulawayo",-20.15,28.62,2021,1021,2021-01-01
"Bulawayo",-20.15,28.62,2021,973,2021-02-01
"Bulawayo",-20.15,28.62,2021,681,2021-03-01
"Bulawayo",-20.15,28.62,2021,307,2021-04-01
"Bulawayo",-20.15,28.62,2021,20,2021-05-01
"Bulawayo",-20.15,28.62,2021,0,2021-06-01
"Bulawayo",-20.15,28.62,2021,50,2021-07-01
"Bulawayo",-20.15,28.62,2021,0,2021-08-01
"Bulawayo",-20.15,28.62,2021,330,2021-09-01
"Bulawayo",-20.15,28.62,2021,0,2021-10-01
"Bulawayo",-20.15,28.62,2021,2111,2021-11-01
"Bulawayo",-20.15,28.62,2021,1157,2021-12-01
"Bulawayo",-20.15,28.62,2023,564,2023-01-01
"Bulawayo",-20.15,28.62,2023,522,2023-02-01
"Bulawayo",-20.15,28.62,2023,3,2023-03-01
"Bulawayo",-20.15,28.62,2023,3,2023-04-01
"Bulawayo",-20.15,28.62,2023,120,2023-05-01
"Bulawayo",-20.15,28.62,2023,0,2023-06-01
"Bulawayo",-20.15,28.62,2023,0,2023-07-01
"Bulawayo",-20.15,28.62,2023,0,2023-08-01
"Bulawayo",-20.15,28.62,2023,0,2023-09-01
"Bulawayo",-20.15,28.62,2023,406,2023-10-01
"Bulawayo",-20.15,28.62,2023,225,2023-11-01
"Bulawayo",-20.15,28.62,2023,333,2023-12-01
"Bulawayo",-20.15,28.62,2022,854,2022-01-01
"Bulawayo",-20.15,28.62,2022,819,2022-02-01
"Bulawayo",-20.15,28.62,2022,759,2022-03-01
"Bulawayo",-20.15,28.62,2022,100,2022-04-01
"Bulawayo",-20.15,28.62,2022,70,2022-05-01
"Bulawayo",-20.15,28.62,2022,0,2022-06-01
"Bulawayo",-20.15,28.62,2022,0,2022-07-01
"Bulawayo",-20.15,28.62,2022,0,2022-08-01
"Bulawayo",-20.15,28.62,2022,0,2022-09-01
"Bulawayo",-20.15,28.62,2022,72,2022-10-01
"Bulawayo",-20.15,28.62,2022,872,2022-11-01
"Bulawayo",-20.15,28.62,2022,1580,2022-12-01
"Bulawayo",-20.15,28.62,2024,2615,2024-01-01
"Bulawayo",-20.15,28.62,2024,1616,2024-02-01
"Bulawayo",-20.15,28.62,2024,190,2024-03-01
"Bulawayo",-20.15,28.62,2024,0,2024-04-01
"Bulawayo",-20.15,28.62,2024,370,2024-05-01
"Bulawayo",-20.15,28.62,2024,0,2024-06-01
"Bulawayo",-20.15,28.62,2024,950,2024-07-01
"Bulawayo",-20.15,28.62,2024,0,2024-08-01
"Bulawayo",-20.15,28.62,2024,30,2024-09-01
"Bulawayo",-20.15,28.62,2024,50,2024-10-01
"Bulawayo",-20.15,28.62,2024,2000,2024-11-01
"Bulawayo",-20.15,28.62,2024,1685,2024-12-01
"Bulawayo",-20.15,28.62,2016,2110,2016-01-01
"Bulawayo",-20.15,28.62,2016,350,2016-02-01
"Bulawayo",-20.15,28.62,2016,1310,2016-03-01
"Bulawayo",-20.15,28.62,2016,665,2016-04-01
"Bulawayo",-20.15,28.62,2016,0,2016-05-01
"Bulawayo",-20.15,28.62,2016,0,2016-06-01
"Bulawayo",-20.15,28.62,2016,0,2016-07-01
"Bulawayo",-20.15,28.62,2016,0,2016-08-01
"Bulawayo",-20.15,28.62,2016,630,2016-09-01
"Bulawayo",-20.15,28.62,2016,390,2016-10-01
"Bulawayo",-20.15,28.62,2016,540,2016-11-01
"Bulawayo",-20.15,28.62,2016,760,2016-12-01
"Bulawayo",-20.15,28.62,2015,2220,2015-01-01
"Bulawayo",-20.15,28.62,2015,30,2015-02-01
"Bulawayo",-20.15,28.62,2015,208,2015-03-01
"Bulawayo",-20.15,28.62,2015,110,2015-04-01
"Bulawayo",-20.15,28.62,2015,0,2015-05-01
"Bulawayo",-20.15,28.62,2015,0,2015-06-01
"Bulawayo",-20.15,28.62,2015,0,2015-07-01
"Bulawayo",-20.15,28.62,2015,0,2015-08-01
"Bulawayo",-20.15,28.62,2015,20,2015-09-01
"Bulawayo",-20.15,28.62,2015,30,2015-10-01
"Bulawayo",-20.15,28.62,2015,900,2015-11-01
"Bulawayo",-20.15,28.62,2015,1000,2015-12-01
"Bulawayo",-20.15,28.6167,2015,230,2015-01-01
"Bulawayo",-20.15,28.6167,2015,990,2015-02-01
"Bulawayo",-20.15,28.6167,2015,1070,2015-03-01
"Bulawayo",-20.15,28.6167,2015,520,2015-04-01
"Bulawayo",-20.15,28.6167,2015,0,2015-05-01
"Bulawayo",-20.15,28.6167,2015,0,2015-06-01
"Bulawayo",-20.15,28.6167,2015,0,2015-08-01
"Bulawayo",-20.15,28.6167,2015,170,2015-09-01
"Bulawayo",-20.15,28.6167,2015,0,2015-10-01
"Bulawayo",-20.15,28.6167,2015,480,2015-11-01
"Bulawayo",-20.15,28.6167,2015,680,2015-12-01
"Bulawayo",-20.15,28.6167,2016,610,2016-01-01
"Bulawayo",-20.15,28.6167,2016,680,2016-02-01
"Bulawayo",-20.15,28.6167,2016,2200,2016-03-01
"Bulawayo",-20.15,28.6167,2016,10,2016-04-01
"Bulawayo",-20.15,28.6167,2016,30,2016-05-01
"Bulawayo",-20.15,28.6167,2016,0,2016-06-01
"Bulawayo",-20.15,28.6167,2016,10,2016-07-01
"Bulawayo",-20.15,28.6167,2016,0,2016-08-01
"Bulawayo",-20.15,28.6167,2016,130,2016-10-01
"Bulawayo",-20.15,28.6167,2016,600,2016-11-01
"Bulawayo",-20.15,28.6167,2016,1160,2016-12-01
"Bulawayo",-20.15,28.6167,2017,2700,2017-01-01
"Bulawayo",-20.15,28.6167,2017,3180,2017-02-01
"Bulawayo",-20.15,28.6167,2017,210,2017-03-01
"Bulawayo",-20.15,28.6167,2017,310,2017-04-01
"Bulawayo",-20.15,28.6167,2017,0,2017-05-01
"Bulawayo",-20.15,28.6167,2017,0,2017-06-01
"Bulawayo",-20.15,28.6167,2017,0,2017-07-01
"Bulawayo",-20.15,28.6167,2017,0,2017-08-01
"Bulawayo",-20.15,28.6167,2017,0,2017-09-01
"Centenary",-16.73,31.12,2017,2890,2017-01-01
"Centenary",-16.73,31.12,2017,3236,2017-02-01
"Centenary",-16.73,31.12,2017,2059,2017-03-01
"Centenary",-16.73,31.12,2017,0,2017-04-01
"Centenary",-16.73,31.12,2018,0,2018-10-01
"Centenary",-16.73,31.12,2018,658,2018-11-01
"Centenary",-16.73,31.12,2018,1282,2018-12-01
"Centenary",-16.73,31.12,2020,3317,2020-01-01
"Centenary",-16.73,31.12,2020,2165,2020-02-01
"Centenary",-16.73,31.12,2020,285,2020-03-01
"Centenary",-16.73,31.12,2020,260,2020-04-01
"Centenary",-16.73,31.12,2020,0,2020-10-01
"Centenary",-16.73,31.12,2020,385,2020-11-01
"Centenary",-16.73,31.12,2020,1330,2020-12-01
"Centenary",-16.73,31.12,2019,845,2019-01-01
"Centenary",-16.73,31.12,2019,420,2019-02-01
"Centenary",-16.73,31.12,2019,1215,2019-03-01
"Centenary",-16.73,31.12,2019,135,2019-04-01
"Centenary",-16.73,31.12,2019,0,2019-10-01
"Centenary",-16.73,31.12,2019,1115,2019-11-01
"Centenary",-16.73,31.12,2019,980,2019-12-01
"Centenary",-16.73,31.12,2021,2115,2021-01-01
"Centenary",-16.73,31.12,2021,3370,2021-02-01
"Centenary",-16.73,31.12,2021,801,2021-03-01
"Centenary",-16.73,31.12,2021,415,2021-04-01
"Centenary",-16.73,31.12,2021,80,2021-10-01
"Centenary",-16.73,31.12,2021,1035,2021-11-01
"Centenary",-16.73,31.12,2021,610,2021-12-01
"Centenary",-16.73,31.12,2023,1975,2023-01-01
"Centenary",-16.73,31.12,2023,2816,2023-02-01
"Centenary",-16.73,31.12,2023,240,2023-03-01
"Centenary",-16.73,31.12,2023,15,2023-04-01
"Centenary",-16.73,31.12,2023,375,2023-10-01
"Centenary",-16.73,31.12,2023,15,2023-11-01
"Centenary",-16.73,31.12,2023,2585,2023-12-01
"Centenary",-16.73,31.12,2022,1650,2022-01-01
"Centenary",-16.73,31.12,2022,1160,2022-02-01
"Centenary",-16.73,31.12,2022,145,2022-03-01
"Centenary",-16.73,31.12,2022,0,2022-04-01
"Centenary",-16.73,31.12,2022,195,2022-10-01
"Centenary",-16.73,31.12,2022,390,2022-11-01
"Centenary",-16.73,31.12,2022,1469,2022-12-01
"Centenary",-16.73,31.12,2024,1542,2024-01-01
"Centenary",-16.73,31.12,2024,1978,2024-02-01
"Centenary",-16.73,31.12,2024,1110,2024-03-01
"Centenary",-16.73,31.12,2024,50,2024-04-01
"Chakari",-18.07,29.85,2017,1746,2017-01-01
"Chakari",-18.07,29.85,2017,2348,2017-02-01
"Chakari",-18.07,29.85,2017,466,2017-03-01
"Chakari",-18.07,29.85,2017,400,2017-04-01
"Chakari",-18.07,29.85,2018,31,2018-10-01
"Chakari",-18.07,29.85,2018,531,2018-11-01
"Chakari",-18.07,29.85,2018,604,2018-12-01
"Chakari",-18.07,29.85,2020,1534,2020-01-01
"Chakari",-18.07,29.85,2020,910,2020-02-01
"Chakari",-18.07,29.85,2020,810,2020-03-01
"Chakari",-18.07,29.85,2020,0,2020-04-01
"Chakari",-18.07,29.85,2020,840,2020-10-01
"Chakari",-18.07,29.85,2020,765,2020-11-01
"Chakari",-18.07,29.85,2020,2037,2020-12-01
"Chakari",-18.07,29.85,2019,458,2019-01-01
"Chakari",-18.07,29.85,2019,280,2019-02-01
"Chakari",-18.07,29.85,2019,1510,2019-03-01
"Chakari",-18.07,29.85,2019,295,2019-04-01
"Chakari",-18.07,29.85,2019,85,2019-10-01
"Chakari",-18.07,29.85,2019,1052,2019-11-01
"Chakari",-18.07,29.85,2019,1325,2019-12-01
"Chakari",-18.07,29.85,2021,1887,2021-01-01
"Chakari",-18.07,29.85,2021,1910,2021-02-01
"Chakari",-18.07,29.85,2021,1325,2021-03-01
"Chakari",-18.07,29.85,2021,265,2021-04-01
"Chakari",-18.07,29.85,2021,10,2021-10-01
"Chakari",-18.07,29.85,2021,912,2021-11-01
"Chakari",-18.07,29.85,2021,1335,2021-12-01
"Chakari",-18.07,29.85,2023,1113,2023-01-01
"Chakari",-18.07,29.85,2023,459,2023-02-01
"Chakari",-18.07,29.85,2023,15,2023-03-01
"Chakari",-18.07,29.85,2023,150,2023-04-01
"Chakari",-18.07,29.85,2023,621,2023-10-01
"Chakari",-18.07,29.85,2023,147,2023-11-01
"Chakari",-18.07,29.85,2023,1601,2023-12-01
"Chakari",-18.07,29.85,2022,940,2022-01-01
"Chakari",-18.07,29.85,2022,558,2022-02-01
"Chakari",-18.07,29.85,2022,50,2022-03-01
"Chakari",-18.07,29.85,2022,265,2022-04-01
"Chakari",-18.07,29.85,2022,306,2022-10-01
"Chakari",-18.07,29.85,2022,261,2022-11-01
"Chakari",-18.07,29.85,2022,1274,2022-12-01
"Chakari",-18.07,29.85,2024,2510,2024-01-01
"Chakari",-18.07,29.85,2024,1213,2024-02-01
"Chakari",-18.07,29.85,2024,84,2024-03-01
"Chakari",-18.07,29.85,2024,0,2024-04-01
"Chegutu Police",-18.2,30.2,2017,2084,2017-01-01
"Chegutu Police",-18.2,30.2,2017,2420,2017-02-01
"Chegutu Police",-18.2,30.2,2017,786,2017-03-01
"Chegutu Police",-18.2,30.2,2017,376,2017-04-01
"Chegutu Police",-18.2,30.2,2017,0,2017-05-01
"Chegutu Police",-18.2,30.2,2017,0,2017-06-01
"Chibero",-18.1,30.6,2017,1770,2017-01-01
"Chibero",-18.1,30.6,2017,2820,2017-02-01
"Chibero",-18.1,30.6,2017,470,2017-03-01
"Chibero",-18.1,30.6,2017,300,2017-04-01
"Chibero",-18.1,30.6,2017,0,2017-05-01
"Chibero",-18.1,30.6,2017,0,2017-06-01
"Chibero",-18.1,30.6,2017,0,2017-07-01
"Chibero",-18.1,30.6,2017,338,2017-08-01
"Chibero",-18.1,30.6,2017,0,2017-09-01
"Chibero",-18.1,30.6,2017,766,2017-10-01
"Chibero",-18.1,30.6,2017,713,2017-11-01
"Chibero",-18.1,30.6,2017,830,2017-12-01
"Chibero",-18.1,30.6,2018,2640,2018-01-01
"Chibero",-18.1,30.6,2018,1902,2018-02-01
"Chibero",-18.1,30.6,2018,827,2018-04-01
"Chibero",-18.1,30.6,2018,9,2018-05-01
"Chibero",-18.1,30.6,2018,3,2018-06-01
"Chibero",-18.1,30.6,2018,0,2018-07-01
"Chibero",-18.1,30.6,2018,29,2018-10-01
"Chikore Mission",-20.27,32.31,2018,500,2018-02-01
"Chikore Mission",-20.27,32.31,2018,130,2018-03-01
"Chikore Mission",-20.27,32.31,2018,110,2018-04-01
"Chikore Mission",-20.27,32.31,2018,120,2018-05-01
"Chikore Mission",-20.27,32.31,2018,110,2018-06-01
"Chikore Mission",-20.27,32.31,2018,30,2018-07-01
"Chikore Mission",-20.27,32.31,2018,160,2018-08-01
"Chikore Mission",-20.27,32.31,2018,210,2018-09-01
"Chikore Mission",-20.27,32.31,2018,20,2018-10-01
"Chikore Mission",-20.27,32.31,2020,2840,2020-02-01
"Chikore Mission",-20.27,32.31,2020,1840,2020-03-01
"Chinhoyi",-17.37,30.2,2017,3603,2017-01-01
"Chinhoyi",-17.37,30.2,2017,3709,2017-02-01
"Chinhoyi",-17.37,30.2,2017,956,2017-03-01
"Chinhoyi",-17.37,30.2,2017,107,2017-04-01
"Chinhoyi",-17.37,30.2,2017,0,2017-05-01
"Chinhoyi",-17.37,30.2,2017,0,2017-06-01
"Chinhoyi",-17.37,30.2,2017,0,2017-07-01
"Chinhoyi",-17.37,30.2,2017,330,2017-08-01
"Chinhoyi",-17.37,30.2,2017,0,2017-09-01
"Chinhoyi",-17.37,30.2,2017,312,2017-10-01
"Chinhoyi",-17.37,30.2,2017,424,2017-11-01
"Chinhoyi",-17.37,30.2,2017,885,2017-12-01
"Chinhoyi",-17.37,30.2,2018,1781,2018-01-01
"Chinhoyi",-17.37,30.2,2018,2324,2018-02-01
"Chinhoyi",-17.21,30.12,2018,500,2018-03-01
"Chinhoyi",-17.37,30.2,2018,509,2018-04-01
"Chinhoyi",-17.37,30.2,2018,3,2018-05-01
"Chinhoyi",-17.37,30.2,2018,0,2018-06-01
"Chinhoyi",-17.37,30.2,2018,0,2018-07-01
"Chinhoyi",-17.21,30.12,2018,70,2018-08-01
"Chinhoyi",-17.21,30.12,2018,30,2018-09-01
"Chinhoyi",-17.37,30.2,2018,412,2018-10-01
"Chinhoyi",-17.37,30.2,2018,1069,2018-11-01
"Chinhoyi",-17.37,30.2,2018,1849,2018-12-01
"Chinhoyi",-17.37,30.2,2020,1661,2020-01-01
"Chinhoyi",-17.37,30.2,2020,2014,2020-02-01
"Chinhoyi",-17.37,30.2,2020,681,2020-03-01
"Chinhoyi",-17.37,30.2,2020,3,2020-04-01
"Chinhoyi",-17.21,30.12,2020,0,2020-05-01
"Chinhoyi",-17.21,30.12,2020,0,2020-06-01
"Chinhoyi",-17.37,30.2,2020,1160,2020-10-01
"Chinhoyi",-17.37,30.2,2020,533,2020-11-01
"Chinhoyi",-17.37,30.2,2020,1636,2020-12-01
"Chinhoyi",-17.37,30.2,2019,1036,2019-01-01
"Chinhoyi",-17.37,30.2,2019,132,2019-02-01
"Chinhoyi",-17.37,30.2,2019,649,2019-03-01
"Chinhoyi",-17.37,30.2,2019,148,2019-04-01
"Chinhoyi",-17.37,30.2,2019,3,2019-10-01
"Chinhoyi",-17.37,30.2,2019,740,2019-11-01
"Chinhoyi",-17.37,30.2,2019,2055,2019-12-01
"Chinhoyi",-17.37,30.2,2021,1015,2021-01-01
"Chinhoyi",-17.37,30.2,2021,2420,2021-02-01
"Chinhoyi",-17.37,30.2,2021,1081,2021-03-01
"Chinhoyi",-17.37,30.2,2021,1030,2021-04-01
"Chinhoyi",-17.37,30.2,2021,152,2021-10-01
"Chinhoyi",-17.37,30.2,2021,787,2021-11-01
"Chinhoyi",-17.37,30.2,2021,1502,2021-12-01
"Chinhoyi",-17.37,30.2,2023,1268,2023-01-01
"Chinhoyi",-17.37,30.2,2023,633,2023-02-01
"Chinhoyi",-17.37,30.2,2023,476,2023-03-01
"Chinhoyi",-17.37,30.2,2023,285,2023-04-01
"Chinhoyi",-17.37,30.2,2023,1389,2023-10-01
"Chinhoyi",-17.37,30.2,2023,132,2023-11-01
"Chinhoyi",-17.37,30.2,2023,1516,2023-12-01
"Chinhoyi",-17.37,30.2,2022,643,2022-01-01
"Chinhoyi",-17.37,30.2,2022,1154,2022-02-01
"Chinhoyi",-17.37,30.2,2022,151,2022-03-01
"Chinhoyi",-17.37,30.2,2022,5,2022-04-01
"Chinhoyi",-17.37,30.2,2022,323,2022-10-01
"Chinhoyi",-17.37,30.2,2022,818,2022-11-01
"Chinhoyi",-17.37,30.2,2022,1007,2022-12-01
"Chinhoyi",-17.37,30.2,2024,3308,2024-01-01
"Chinhoyi",-17.37,30.2,2024,2119,2024-02-01
"Chinhoyi",-17.37,30.2,2024,1008,2024-03-01
"Chinhoyi",-17.37,30.2,2024,224,2024-04-01
"Chipinge",-20.2,32.616,2017,1525,2017-01-01
"Chipinge",-20.2,32.616,2017,1936,2017-02-01
"Chipinge",-20.2,32.616,2017,1404,2017-03-01
"Chipinge",-20.2,32.616,2017,590,2017-04-01
"Chipinge",-20.2,32.616,2017,43,2017-05-01
"Chipinge",-20.2,32.616,2017,85,2017-06-01
"Chipinge",-20.2,32.616,2017,1,2017-07-01
"Chipinge",-20.2,32.616,2017,356,2017-08-01
"Chipinge",-20.2,32.616,2017,183,2017-09-01
"Chipinge",-20.2,32.616,2017,1093,2017-10-01
"Chipinge",-20.2,32.616,2017,1228,2017-11-01
"Chipinge",-20.2,32.616,2017,2242,2017-12-01
"Chipinge",-20.2,32.616,2018,4263,2018-01-01
"Chipinge",-20.2,32.616,2018,1020,2018-02-01
"Chipinge",-20.2,32.6167,2018,920,2018-03-01
"Chipinge",-20.2,32.6167,2018,620,2018-04-01
"Chipinge",-20.2,32.6167,2018,160,2018-05-01
"Chipinge",-20.2,32.6167,2018,740,2018-06-01
"Chipinge",-20.2,32.6167,2018,140,2018-07-01
"Chipinge",-20.2,32.6167,2018,90,2018-08-01
"Chipinge",-20.2,32.6167,2018,570,2018-09-01
"Chipinge",-20.2,32.6167,2018,600,2018-10-01
"Chipinge",-20.2,32.6167,2018,1150,2018-11-01
"Chipinge",-20.2,32.6167,2018,2040,2018-12-01
"Chipinge",-20.2,32.6167,2020,852,2020-01-01
"Chipinge",-20.2,32.6167,2020,2195,2020-02-01
"Chipinge",-20.2,32.6167,2020,1565,2020-03-01
"Chipinge",-20.2,32.6167,2020,150,2020-04-01
"Chipinge",-20.2,32.6167,2020,478,2020-05-01
"Chipinge",-20.2,32.6167,2020,17,2020-06-01
"Chipinge",-20.2,32.6167,2020,12,2020-07-01
"Chipinge",-20.2,32.6167,2020,40,2020-08-01
"Chipinge",-20.2,32.6167,2020,260,2020-09-01
"Chipinge",-20.2,32.6167,2020,34,2020-10-01
"Chipinge",-20.2,32.6167,2020,601,2020-11-01
"Chipinge",-20.2,32.6167,2020,633,2020-12-01
"Chipinge",-20.2,32.6167,2019,770,2019-01-01
"Chipinge",-20.2,32.6167,2019,514,2019-02-01
"Chipinge",-20.2,32.6167,2019,167,2019-03-01
"Chipinge",-20.2,32.6167,2019,131,2019-04-01
"Chipinge",-20.2,32.6167,2019,3,2019-05-01
"Chipinge",-20.2,32.6167,2019,93,2019-06-01
"Chipinge",-20.2,32.6167,2019,27,2019-07-01
"Chipinge",-20.2,32.6167,2019,161,2019-08-01
"Chipinge",-20.2,32.6167,2019,1,2019-09-01
"Chipinge",-20.2,32.6167,2019,212,2019-10-01
"Chipinge",-20.2,32.6167,2019,532,2019-11-01
"Chipinge",-20.2,32.6167,2019,2915,2019-12-01
"Chipinge",-20.2,32.6167,2021,1410,2021-01-01
"Chipinge",-20.2,32.6167,2021,3344,2021-02-01
"Chipinge",-20.2,32.6167,2021,458,2021-03-01
"Chipinge",-20.2,32.6167,2021,335,2021-04-01
"Chipinge",-20.2,32.6167,2021,7,2021-05-01
"Chipinge",-20.2,32.6167,2021,127,2021-06-01
"Chipinge",-20.2,32.6167,2021,588,2021-07-01
"Chipinge",-20.2,32.6167,2021,282,2021-08-01
"Chipinge",-20.2,32.6167,2021,9,2021-09-01
"Chipinge",-20.2,32.6167,2021,383,2021-10-01
"Chipinge",-20.2,32.6167,2021,2026,2021-11-01
"Chipinge",-20.2,32.6167,2021,1898,2021-12-01
"Chipinge",-20.2,32.6167,2023,3327,2023-01-01
"Chipinge",-20.2,32.6167,2023,1055,2023-02-01
"Chipinge",-20.2,32.6167,2023,304,2023-03-01
"Chipinge",-20.2,32.6167,2023,327,2023-04-01
"Chipinge",-20.2,32.6167,2023,0,2023-05-01
"Chipinge",-20.2,32.6167,2023,7,2023-06-01
"Chipinge",-20.2,32.6167,2023,80,2023-07-01
"Chipinge",-20.2,32.6167,2023,96,2023-08-01
"Chipinge",-20.2,32.6167,2023,264,2023-09-01
"Chipinge",-20.2,32.6167,2023,1089,2023-10-01
"Chipinge",-20.2,32.6167,2023,132,2023-11-01
"Chipinge",-20.2,32.6167,2023,2796,2023-12-01
"Chipinge",-20.2,32.6167,2022,442,2022-01-01
"Chipinge",-20.2,32.6167,2022,2144,2022-02-01
"Chipinge",-20.2,32.6167,2022,513,2022-03-01
"Chipinge",-20.2,32.6167,2022,200,2022-04-01
"Chipinge",-20.2,32.6167,2022,662,2022-05-01
"Chipinge",-20.2,32.6167,2022,46,2022-06-01
"Chipinge",-20.2,32.6167,2022,172,2022-07-01
"Chipinge",-20.2,32.6167,2022,244,2022-08-01
"Chipinge",-20.2,32.6167,2022,63,2022-09-01
"Chipinge",-20.2,32.6167,2022,383,2022-10-01
"Chipinge",-20.2,32.6167,2022,663,2022-11-01
"Chipinge",-20.2,32.6167,2022,615,2022-12-01
"Chipinge",-20.2,32.6167,2024,4721,2024-01-01
"Chipinge",-20.2,32.616,2024,3001,2024-02-01
"Chipinge",-20.2,32.6167,2024,698,2024-03-01
"Chipinge",-20.2,32.6167,2024,338,2024-04-01
"Chipinge",-20.2,32.6167,2024,557,2024-05-01
"Chipinge",-20.2,32.6167,2024,552,2024-06-01
"Chipinge",-20.2,32.6167,2024,713,2024-07-01
"Chipinge",-20.2,32.6167,2024,155,2024-08-01
"Chipinge",-20.2,32.6167,2024,171,2024-09-01
"Chipinge",-20.2,32.6167,2024,48,2024-10-01
"Chipinge",-20.2,32.6167,2024,1150,2024-11-01
"Chipinge",-20.2,32.6167,2024,2389,2024-12-01
"Chipinge",-20.2,32.616,2016,3707,2016-01-01
"Chipinge",-20.2,32.6167,2016,2681,2016-02-01
"Chipinge",-20.2,32.6167,2016,2294,2016-03-01
"Chipinge",-20.2,32.6167,2016,863,2016-04-01
"Chipinge",-20.2,32.6167,2016,40,2016-05-01
"Chipinge",-20.2,32.6167,2016,0,2016-06-01
"Chipinge",-20.2,32.6167,2016,412,2016-07-01
"Chipinge",-20.2,32.6167,2016,0,2016-08-01
"Chipinge",-20.2,32.6167,2016,556,2016-09-01
"Chipinge",-20.2,32.6167,2016,537,2016-10-01
"Chipinge",-20.2,32.6167,2016,885,2016-11-01
"Chipinge",-20.2,32.6167,2016,951,2016-12-01
"Chipinge",-20.2,32.6167,2015,762,2015-01-01
"Chipinge",-20.2,32.6167,2015,936,2015-02-01
"Chipinge",-20.2,32.6167,2015,1555,2015-03-01
"Chipinge",-20.2,32.6167,2015,292,2015-04-01
"Chipinge",-20.2,32.6167,2015,30,2015-05-01
"Chipinge",-20.2,32.6167,2015,79,2015-06-01
"Chipinge",-20.2,32.6167,2015,345,2015-07-01
"Chipinge",-20.2,32.6167,2015,317,2015-08-01
"Chipinge",-20.2,32.6167,2015,141,2015-09-01
"Chipinge",-20.2,32.6167,2015,790,2015-10-01
"Chipinge",-20.2,32.6167,2015,1358,2015-11-01
"Chipinge",-20.2,32.6167,2015,2116,2015-12-01
"Chipinge",-20.2,32.6167,2015,1080,2015-01-01
"Chipinge",-20.2,32.6167,2015,1080,2015-02-01
"Chipinge",-20.2,32.6167,2015,520,2015-03-01
"Chipinge",-20.2,32.6167,2015,1110,2015-04-01
"Chipinge",-20.2,32.6167,2015,120,2015-05-01
"Chipinge",-20.2,32.6167,2015,30,2015-06-01
"Chipinge",-20.2,32.6167,2015,30,2015-07-01
"Chipinge",-20.2,32.6167,2015,0,2015-08-01
"Chipinge",-20.2,32.6167,2015,0,2015-09-01
"Chipinge",-20.2,32.6167,2015,1220,2015-10-01
"Chipinge",-20.2,32.6167,2015,860,2015-11-01
"Chipinge",-20.2,32.6167,2015,1220,2015-12-01
"Chipinge",-20.2,32.6167,2016,340,2016-02-01
"Chisengu",-19.88,32.88,2017,3320,2017-01-01
"Chisengu",-19.88,32.88,2017,2858,2017-02-01
"Chisengu",-19.88,32.88,2017,1427,2017-03-01
"Chisengu",-19.88,32.88,2017,1308,2017-04-01
"Chisengu",-19.88,32.88,2017,130,2017-05-01
"Chisengu",-19.88,32.88,2017,370,2017-06-01
"Chisengu",-19.88,32.88,2017,157,2017-07-01
"Chisengu",-19.88,32.88,2017,762,2017-08-01
"Chisengu",-19.88,32.88,2017,204,2017-09-01
"Chisengu",-19.88,32.88,2017,1187,2017-10-01
"Chisengu",-19.88,32.88,2017,999,2017-11-01
"Chisengu",-19.88,32.88,2017,2933,2017-12-01
"Chisengu",-19.88,32.88,2018,3379,2018-01-01
"Chisengu",-19.88,32.88,2018,1331,2018-02-01
"Chisengu",-19.48,32.52,2018,530,2018-03-01
"Chisengu",-19.88,32.88,2018,919,2018-04-01
"Chisengu",-19.88,32.88,2018,501,2018-05-01
"Chisengu",-19.88,32.88,2018,562,2018-06-01
"Chisengu",-19.88,32.88,2018,21,2018-07-01
"Chisengu",-19.48,32.52,2018,330,2018-08-01
"Chisengu",-19.48,32.52,2018,150,2018-09-01
"Chisengu",-19.88,32.88,2018,152,2018-10-01
"Chisengu",-19.88,32.88,2018,1256,2018-11-01
"Chisengu",-19.88,32.88,2018,2546,2018-12-01
"Chisengu",-19.88,32.88,2020,1973,2020-01-01
"Chisengu",-19.88,32.88,2020,2763,2020-02-01
"Chisengu",-19.88,32.88,2020,1903,2020-03-01
"Chisengu",-19.88,32.88,2020,152,2020-04-01
"Chisengu",-19.48,32.52,2020,240,2020-05-01
"Chisengu",-19.48,32.52,2020,0,2020-06-01
"Chisengu",-19.88,32.88,2020,38,2020-10-01
"Chisengu",-19.88,32.88,2020,1434,2020-11-01
"Chisengu",-19.88,32.88,2020,960,2020-12-01
"Chisengu",-19.88,32.88,2019,1682,2019-01-01
"Chisengu",-19.88,32.88,2019,126,2019-02-01
"Chisengu",-19.88,32.88,2019,478,2019-03-01
"Chisengu",-19.88,32.88,2019,84,2019-04-01
"Chisengu",-19.88,32.88,2019,140,2019-10-01
"Chisengu",-19.88,32.88,2019,1612,2019-11-01
"Chisengu",-19.88,32.88,2019,3334,2019-12-01
"Chisengu",-19.88,32.88,2021,1969,2021-01-01
"Chisengu",-19.88,32.88,2021,3877,2021-02-01
"Chisengu",-19.88,32.88,2021,997,2021-03-01
"Chisengu",-19.88,32.88,2021,445,2021-04-01
"Chisengu",-19.88,32.88,2021,247,2021-10-01
"Chisengu",-19.88,32.88,2021,2684,2021-11-01
"Chisengu",-19.88,32.88,2021,1644,2021-12-01
"Chisengu",-19.88,32.88,2023,3466,2023-01-01
"Chisengu",-19.88,32.88,2023,1176,2023-02-01
"Chisengu",-19.88,32.88,2023,500,2023-03-01
"Chisengu",-19.88,32.88,2023,327,2023-04-01
"Chisengu",-19.88,32.88,2023,1104,2023-10-01
"Chisengu",-19.88,32.88,2023,282,2023-11-01
"Chisengu",-19.88,32.88,2023,2597,2023-12-01
"Chisengu",-19.88,32.88,2022,1307,2022-01-01
"Chisengu",-19.88,32.88,2022,1490,2022-02-01
"Chisengu",-19.88,32.88,2022,1674,2022-03-01
"Chisengu",-19.88,32.88,2022,528,2022-04-01
"Chisengu",-19.88,32.88,2022,550,2022-10-01
"Chisengu",-19.88,32.88,2022,923,2022-11-01
"Chisengu",-19.88,32.88,2022,1769,2022-12-01
"Chisengu",-19.88,32.88,2024,4982,2024-01-01
"Chisengu",-19.88,32.88,2024,4469,2024-02-01
"Chisengu",-19.88,32.88,2024,1150,2024-03-01
"Chisengu",-19.88,32.88,2024,1357,2024-04-01
"Chisumbanje",-20.8,32.23,2017,163,2017-01-01
"Chisumbanje",-20.8,32.23,2017,1007,2017-02-01
"Chisumbanje",-20.8,32.23,2017,289,2017-03-01
"Chisumbanje",-20.8,32.23,2017,372,2017-04-01
"Chisumbanje",-20.8,32.23,2017,10,2017-05-01
"Chisumbanje",-20.8,32.23,2017,160,2017-06-01
"Chisumbanje",-20.8,32.23,2017,2,2017-07-01
"Chisumbanje",-20.8,32.23,2017,92,2017-08-01
"Chisumbanje",-20.8,32.23,2017,31,2017-09-01
"Chisumbanje",-20.8,32.23,2017,430,2017-10-01
"Chisumbanje",-20.8,32.23,2017,398,2017-11-01
"Chisumbanje",-20.8,32.23,2017,1217,2017-12-01
"Chisumbanje",-20.8,32.23,2018,2700,2018-01-01
"Chisumbanje",-20.8,32.23,2018,104,2018-02-01
"Chisumbanje",-20.8,32.23,2018,247,2018-04-01
"Chisumbanje",-20.8,32.23,2018,5,2018-05-01
"Chisumbanje",-20.8,32.23,2018,9,2018-06-01
"Chisumbanje",-20.8,32.23,2018,0,2018-10-01
"Chisumbanje",-20.8,32.23,2018,310,2018-11-01
"Chisumbanje",-20.8,32.23,2018,331,2018-12-01
"Chisumbanje",-20.8,32.23,2020,510,2020-01-01
"Chisumbanje",-20.8,32.23,2020,1578,2020-02-01
"Chisumbanje",-20.8,32.23,2020,1156,2020-03-01
"Chisumbanje",-20.8,32.23,2020,187,2020-04-01
"Chisumbanje",-20.8,32.23,2020,40,2020-10-01
"Chisumbanje",-20.8,32.23,2020,149,2020-11-01
"Chisumbanje",-20.8,32.23,2020,240,2020-12-01
"Chisumbanje",-20.8,32.23,2019,67,2019-01-01
"Chisumbanje",-20.8,32.23,2019,13,2019-02-01
"Chisumbanje",-20.8,32.23,2019,125,2019-03-01
"Chisumbanje",-20.8,32.23,2019,44,2019-04-01
"Chisumbanje",-20.8,32.23,2019,145,2019-10-01
"Chisumbanje",-20.8,32.23,2019,170,2019-11-01
"Chisumbanje",-20.8,32.23,2019,1767,2019-12-01
"Chisumbanje",-20.8,32.23,2021,524,2021-01-01
"Chisumbanje",-20.8,32.23,2021,2264,2021-02-01
"Chisumbanje",-20.8,32.23,2021,30,2021-03-01
"Chisumbanje",-20.8,32.23,2021,202,2021-04-01
"Chisumbanje",-20.8,32.23,2021,400,2021-10-01
"Chisumbanje",-20.8,32.23,2021,1093,2021-11-01
"Chisumbanje",-20.8,32.23,2021,801,2021-12-01
"Chisumbanje",-20.8,32.23,2023,1112,2023-01-01
"Chisumbanje",-20.8,32.23,2023,365,2023-02-01
"Chisumbanje",-20.8,32.23,2023,230,2023-03-01
"Chisumbanje",-20.8,32.23,2023,331,2023-04-01
"Chisumbanje",-20.8,32.23,2023,387,2023-10-01
"Chisumbanje",-20.8,32.23,2023,143,2023-11-01
"Chisumbanje",-20.8,32.23,2023,1705,2023-12-01
"Chisumbanje",-20.8,32.23,2022,600,2022-01-01
"Chisumbanje",-20.8,32.23,2022,1697,2022-02-01
"Chisumbanje",-20.8,32.23,2022,59,2022-03-01
"Chisumbanje",-20.8,32.23,2022,64,2022-04-01
"Chisumbanje",-20.8,32.23,2022,100,2022-10-01
"Chisumbanje",-20.8,32.23,2022,265,2022-11-01
"Chisumbanje",-20.8,32.23,2022,373,2022-12-01
"Chisumbanje",-20.8,32.23,2024,4167,2024-01-01
"Chisumbanje",-20.8,32.23,2024,1579,2024-02-01
"Chisumbanje",-20.8,32.23,2024,180,2024-03-01
"Chisumbanje",-20.8,32.23,2024,460,2024-04-01
"Cincession Rail",-17.4,30.95,2017,2319,2017-01-01
"Cincession Rail",-17.4,30.95,2017,4858,2017-02-01
"Cincession Rail",-17.4,30.95,2017,940,2017-03-01
"Cincession Rail",-17.4,30.95,2017,219,2017-04-01
"Cincession Rail",-17.4,30.95,2018,495,2018-10-01
"Cincession Rail",-17.4,30.95,2018,800,2018-11-01
"Cincession Rail",-17.4,30.95,2018,1125,2018-12-01
"Cincession Rail",-17.4,30.95,2020,1130,2020-01-01
"Cincession Rail",-17.4,30.95,2020,1765,2020-02-01
"Cincession Rail",-17.4,30.95,2020,1310,2020-03-01
"Cincession Rail",-17.4,30.95,2020,190,2020-04-01
"Cincession Rail",-17.4,30.95,2020,75,2020-10-01
"Cincession Rail",-17.4,30.95,2020,700,2020-11-01
"Cincession Rail",-17.4,30.95,2020,1260,2020-12-01
"Cincession Rail",-17.4,30.95,2019,1315,2019-01-01
"Cincession Rail",-17.4,30.95,2019,101,2019-02-01
"Cincession Rail",-17.4,30.95,2019,629,2019-03-01
"Cincession Rail",-17.4,30.95,2019,280,2019-04-01
"Cincession Rail",-17.4,30.95,2019,0,2019-10-01
"Cincession Rail",-17.4,30.95,2019,455,2019-11-01
"Cincession Rail",-17.4,30.95,2019,2610,2019-12-01
"Cincession Rail",-17.4,30.95,2021,1570,2021-01-01
"Cincession Rail",-17.4,30.95,2021,2182,2021-02-01
"Cincession Rail",-17.4,30.95,2021,1225,2021-03-01
"Cincession Rail",-17.4,30.95,2021,740,2021-04-01
"Cincession Rail",-17.4,30.95,2021,96,2021-10-01
"Cincession Rail",-17.4,30.95,2021,1345,2021-11-01
"Cincession Rail",-17.4,30.95,2021,730,2021-12-01
"Cincession Rail",-17.4,30.95,2023,2520,2023-01-01
"Cincession Rail",-17.4,30.95,2023,1535,2023-02-01
"Cincession Rail",-17.4,30.95,2023,350,2023-03-01
"Cincession Rail",-17.4,30.95,2023,65,2023-04-01
"Cincession Rail",-17.4,30.95,2023,491,2023-10-01
"Cincession Rail",-17.4,30.95,2023,50,2023-11-01
"Cincession Rail",-17.4,30.95,2023,1699,2023-12-01
"Cincession Rail",-17.4,30.95,2022,1465,2022-01-01
"Cincession Rail",-17.4,30.95,2022,1330,2022-02-01
"Cincession Rail",-17.4,30.95,2022,165,2022-03-01
"Cincession Rail",-17.4,30.95,2022,100,2022-04-01
"Cincession Rail",-17.4,30.95,2022,346,2022-10-01
"Cincession Rail",-17.4,30.95,2022,610,2022-11-01
"Cincession Rail",-17.4,30.95,2022,1050,2022-12-01
"Cincession Rail",-17.4,30.95,2024,3335,2024-01-01
"Cincession Rail",-17.4,30.95,2024,1456,2024-02-01
"Cincession Rail",-17.4,30.95,2024,395,2024-03-01
"Cincession Rail",-17.4,30.95,2024,75,2024-04-01
"Darwendale Rail",-17.72,30.55,2017,2311,2017-01-01
"Darwendale Rail",-17.72,30.55,2017,2963,2017-02-01
"Darwendale Rail",-17.72,30.55,2017,514,2017-03-01
"Darwendale Rail",-17.72,30.55,2017,131,2017-04-01
"Darwendale Rail",-17.72,30.55,2018,810,2018-10-01
"Darwendale Rail",-17.72,30.55,2018,1131,2018-11-01
"Darwendale Rail",-17.72,30.55,2018,1627,2018-12-01
"Darwendale Rail",-17.72,30.55,2020,1297,2020-01-01
"Darwendale Rail",-17.72,30.55,2020,1686,2020-02-01
"Darwendale Rail",-17.72,30.55,2020,467,2020-03-01
"Darwendale Rail",-17.72,30.55,2020,0,2020-04-01
"Darwendale Rail",-17.72,30.55,2020,378,2020-10-01
"Darwendale Rail",-17.72,30.55,2020,880,2020-11-01
"Darwendale Rail",-17.72,30.55,2020,1769,2020-12-01
"Darwendale Rail",-17.72,30.55,2019,1464,2019-01-01
"Darwendale Rail",-17.72,30.55,2019,76,2019-02-01
"Darwendale Rail",-17.72,30.55,2019,1251,2019-03-01
"Darwendale Rail",-17.72,30.55,2019,237,2019-04-01
"Darwendale Rail",-17.72,30.55,2019,0,2019-10-01
"Darwendale Rail",-17.72,30.55,2019,845,2019-11-01
"Darwendale Rail",-17.72,30.55,2019,1517,2019-12-01
"Darwendale Rail",-17.72,30.55,2021,2079,2021-01-01
"Darwendale Rail",-17.72,30.55,2021,2005,2021-02-01
"Darwendale Rail",-17.72,30.55,2021,1644,2021-03-01
"Darwendale Rail",-17.72,30.55,2021,144,2021-04-01
"Darwendale Rail",-17.72,30.55,2021,99,2021-10-01
"Darwendale Rail",-17.72,30.55,2021,1349,2021-11-01
"Darwendale Rail",-17.72,30.55,2021,995,2021-12-01
"Darwendale Rail",-17.72,30.55,2023,1941,2023-01-01
"Darwendale Rail",-17.72,30.55,2023,326,2023-02-01
"Darwendale Rail",-17.72,30.55,2023,129,2023-03-01
"Darwendale Rail",-17.72,30.55,2023,241,2023-04-01
"Darwendale Rail",-17.72,30.55,2023,1359,2023-10-01
"Darwendale Rail",-17.72,30.55,2023,247,2023-11-01
"Darwendale Rail",-17.72,30.55,2023,1981,2023-12-01
"Darwendale Rail",-17.72,30.55,2022,1577,2022-01-01
"Darwendale Rail",-17.72,30.55,2022,451,2022-02-01
"Darwendale Rail",-17.72,30.55,2022,151,2022-03-01
"Darwendale Rail",-17.72,30.55,2022,184,2022-04-01
"Darwendale Rail",-17.72,30.55,2022,227,2022-10-01
"Darwendale Rail",-17.72,30.55,2022,486,2022-11-01
"Darwendale Rail",-17.72,30.55,2022,1228,2022-12-01
"Darwendale Rail",-17.72,30.55,2024,2940,2024-01-01
"Darwendale Rail",-17.72,30.55,2024,1813,2024-02-01
"Darwendale Rail",-17.72,30.55,2024,822,2024-03-01
"Darwendale Rail",-17.72,30.55,2024,230,2024-04-01
"Dete",-18.633,27,2017,1646,2017-01-01
"Dete",-18.633,27,2017,1006,2017-02-01
"Dete",-18.633,27,2017,253,2017-03-01
"Dete",-18.633,27,2017,497,2017-04-01
"Dete",-18.633,27,2017,0,2017-05-01
"Dete",-18.63,27,2017,0,2017-06-01
"Dete",-18.633,27,2017,0,2017-07-01
"Dete",-18.633,27,2017,0,2017-08-01
"Dete",-18.633,27,2017,0,2017-09-01
"Dete",-18.633,27,2017,386,2017-10-01
"Dete",-18.633,27,2017,914,2017-11-01
"Dete",-18.633,27,2017,392,2017-12-01
"Dete",-18.633,27,2018,1473,2018-01-01
"Dete",-18.633,27,2018,1755,2018-02-01
"Dete",-18.63,27,2018,247,2018-04-01
"Dete",-18.63,27,2018,0,2018-05-01
"Dete",-18.63,27,2018,0,2018-06-01
"Dete",-18.63,27,2018,0,2018-07-01
"Dete",-18.63,27,2018,0,2018-08-01
"Dete",-18.63,27,2018,0,2018-09-01
"Dete",-18.63,27,2018,101,2018-10-01
"Dete",-18.63,27,2018,123,2018-11-01
"Dete",-18.63,27,2018,1048,2018-12-01
"Dete",-18.63,27,2020,1739,2020-01-01
"Dete",-18.63,27,2020,750,2020-02-01
"Dete",-18.63,27,2020,588,2020-03-01
"Dete",-18.63,27,2020,0,2020-04-01
"Dete",-18.63,27,2020,383,2020-10-01
"Dete",-18.63,27,2020,329,2020-11-01
"Dete",-18.63,27,2020,2743,2020-12-01
"Dete",-18.63,27,2019,1002,2019-01-01
"Dete",-18.63,27,2019,198,2019-02-01
"Dete",-18.63,27,2019,813,2019-03-01
"Dete",-18.63,27,2019,202,2019-04-01
"Dete",-18.63,27,2019,414,2019-10-01
"Dete",-18.63,27,2019,359,2019-11-01
"Dete",-18.63,27,2019,1354,2019-12-01
"Dete",-18.63,27,2021,1016,2021-01-01
"Dete",-18.63,27,2021,1405,2021-02-01
"Dete",-18.63,27,2021,711,2021-03-01
"Dete",-18.63,27,2021,126,2021-04-01
"Dete",-18.63,27,2021,92,2021-10-01
"Dete",-18.63,27,2021,1763,2021-11-01
"Dete",-18.63,27,2021,400,2021-12-01
"Dete",-18.63,27,2023,1078,2023-01-01
"Dete",-18.63,27,2023,1123,2023-02-01
"Dete",-18.63,27,2023,3,2023-03-01
"Dete",-18.63,27,2023,27,2023-04-01
"Dete",-18.63,27,2023,866,2023-10-01
"Dete",-18.63,27,2023,107,2023-11-01
"Dete",-18.63,27,2023,580,2023-12-01
"Dete",-18.63,27,2022,493,2022-01-01
"Dete",-18.63,27,2022,836,2022-02-01
"Dete",-18.63,27,2022,282,2022-03-01
"Dete",-18.63,27,2022,112,2022-04-01
"Dete",-18.63,27,2022,6,2022-10-01
"Dete",-18.63,27,2022,236,2022-11-01
"Dete",-18.63,27,2022,1021,2022-12-01
"Dete",-18.63,27,2024,2493,2024-01-01
"Dete",-18.63,27,2024,1424,2024-02-01
"Dete",-18.63,27,2024,724,2024-03-01
"Dete",-18.63,27,2024,151,2024-04-01
"Dete",-18.63,27,2024,120,2024-05-01
"Dete",-18.63,27,2024,0,2024-06-01
"Dete",-18.63,27,2024,0,2024-07-01
"Dete",-18.63,27,2024,0,2024-08-01
"Dete",-18.63,27,2024,0,2024-09-01
"Dete",-18.63,27,2024,8,2024-10-01
"Doma",-16.75,30.23,2017,3193,2017-01-01
"Doma",-16.75,30.23,2017,4147,2017-02-01
"Doma",-16.75,30.23,2017,1017,2017-03-01
"Doma",-16.75,30.23,2017,80,2017-04-01
"Doma",-16.75,30.23,2018,0,2018-10-01
"Doma",-16.75,30.23,2018,1276,2018-11-01
"Doma",-16.75,30.23,2018,1301,2018-12-01
"Doma",-16.75,30.23,2020,1825,2020-01-01
"Doma",-16.75,30.23,2020,934,2020-02-01
"Doma",-16.75,30.23,2020,1522,2020-03-01
"Doma",-16.75,30.23,2020,0,2020-04-01
"Doma",-16.75,30.23,2020,50,2020-10-01
"Doma",-16.75,30.23,2020,310,2020-11-01
"Doma",-16.75,30.23,2020,906,2020-12-01
"Doma",-16.75,30.23,2019,927,2019-01-01
"Doma",-16.75,30.23,2019,450,2019-02-01
"Doma",-16.75,30.23,2019,625,2019-03-01
"Doma",-16.75,30.23,2019,160,2019-04-01
"Doma",-16.75,30.23,2019,31,2019-10-01
"Doma",-16.75,30.23,2019,747,2019-11-01
"Doma",-16.75,30.23,2019,1298,2019-12-01
"Doma",-16.75,30.23,2021,1719,2021-01-01
"Doma",-16.75,30.23,2021,2393,2021-02-01
"Doma",-16.75,30.23,2021,2074,2021-03-01
"Doma",-16.75,30.23,2021,521,2021-04-01
"Doma",-16.75,30.23,2021,230,2021-10-01
"Doma",-16.75,30.23,2021,1667,2021-11-01
"Doma",-16.75,30.23,2021,1042,2021-12-01
"Doma",-16.75,30.23,2023,2795,2023-01-01
"Doma",-16.75,30.23,2023,1415,2023-02-01
"Doma",-16.75,30.23,2023,370,2023-03-01
"Doma",-16.75,30.23,2023,290,2023-04-01
"Doma",-16.75,30.23,2023,715,2023-10-01
"Doma",-16.75,30.23,2023,170,2023-11-01
"Doma",-16.75,30.23,2023,1755,2023-12-01
"Doma",-16.75,30.23,2022,1220,2022-01-01
"Doma",-16.75,30.23,2022,1275,2022-02-01
"Doma",-16.75,30.23,2022,535,2022-03-01
"Doma",-16.75,30.23,2022,0,2022-04-01
"Doma",-16.75,30.23,2022,0,2022-10-01
"Doma",-16.75,30.23,2022,500,2022-11-01
"Doma",-16.75,30.23,2022,0,2022-12-01
"Doma",-16.75,30.23,2024,1177,2024-01-01
"Doma",-16.75,30.23,2024,0,2024-02-01
"Doma",-16.75,30.23,2024,0,2024-03-01
"Doma",-16.75,30.23,2024,0,2024-04-01
"Enkeldoorn",-19.01,30.54,2017,610,2017-01-01
"Enkeldoorn",-19.01,30.54,2017,2460,2017-02-01
"Enkeldoorn",-19.01,30.54,2017,210,2017-03-01
"Enkeldoorn",-19.01,30.54,2017,210,2017-04-01
"Enkeldoorn",-19.01,30.54,2017,0,2017-05-01
"Enkeldoorn",-19.01,30.54,2017,30,2017-06-01
"Enkeldoorn",-19.01,30.54,2017,10,2017-07-01
"Enkeldoorn",-19.01,30.54,2017,290,2017-08-01
"Enkeldoorn",-19.01,30.54,2017,0,2017-09-01
"Enkeldoorn",-19.01,30.54,2017,420,2017-10-01
"Enkeldoorn",-19.01,30.54,2017,900,2017-11-01
"Enkeldoorn",-19.01,30.54,2017,720,2017-12-01
"Enkeldoorn",-19.01,30.54,2018,2100,2018-01-01
"Enkeldoorn",-19.01,30.54,2018,1890,2018-02-01
"Enkeldoorn",-19.01,30.54,2018,630,2018-03-01
"Enkeldoorn",-19.01,30.54,2018,240,2018-04-01
"Enkeldoorn",-19.01,30.54,2018,10,2018-05-01
"Enkeldoorn",-19.01,30.54,2018,30,2018-06-01
"Enkeldoorn",-19.01,30.54,2018,0,2018-07-01
"Enkeldoorn",-19.01,30.54,2018,30,2018-08-01
"Enkeldoorn",-19.01,30.54,2018,10,2018-09-01
"Enkeldoorn",-19.01,30.54,2018,20,2018-10-01
"Enkeldoorn",-19.01,30.54,2018,820,2018-11-01
"Enkeldoorn",-19.01,30.54,2018,1370,2018-12-01
"Enkeldoorn",-19.01,30.54,2020,1040,2020-01-01
"Enkeldoorn",-19.01,30.54,2020,1890,2020-02-01
"Enkeldoorn",-19.01,30.54,2020,890,2020-03-01
"Enkeldoorn",-19.01,30.54,2020,0,2020-04-01
"Enkeldoorn",-19.01,30.54,2020,90,2020-05-01
"Enkeldoorn",-19.01,30.54,2020,0,2020-06-01
"Enkeldoorn",-19.01,30.54,2020,0,2020-07-01
"Enkeldoorn",-19.01,30.54,2020,0,2020-08-01
"Enkeldoorn",-19.01,30.54,2020,0,2020-09-01
"Enkeldoorn",-19.01,30.54,2020,240,2020-10-01
"Enkeldoorn",-19.01,30.54,2020,830,2020-11-01
"Enkeldoorn",-19.01,30.54,2020,880,2020-12-01
"Enkeldoorn",-19.01,30.54,2019,770,2019-01-01
"Enkeldoorn",-19.01,30.54,2019,120,2019-02-01
"Enkeldoorn",-19.01,30.54,2019,420,2019-03-01
"Enkeldoorn",-19.01,30.54,2019,130,2019-04-01
"Enkeldoorn",-19.01,30.54,2019,0,2019-05-01
"Enkeldoorn",-19.01,30.54,2019,20,2019-06-01
"Enkeldoorn",-19.01,30.54,2019,0,2019-07-01
"Enkeldoorn",-19.01,30.54,2019,0,2019-08-01
"Enkeldoorn",-19.01,30.54,2019,0,2019-09-01
"Enkeldoorn",-19.01,30.54,2019,60,2019-10-01
"Enkeldoorn",-19.01,30.54,2019,1320,2019-11-01
"Enkeldoorn",-19.01,30.54,2019,3470,2019-12-01
"Enkeldoorn",-19.01,30.54,2021,1480,2021-01-01
"Enkeldoorn",-19.01,30.54,2021,2270,2021-02-01
"Enkeldoorn",-19.01,30.54,2021,630,2021-03-01
"Enkeldoorn",-19.01,30.54,2021,240,2021-04-01
"Enkeldoorn",-19.01,30.54,2021,0,2021-05-01
"Enkeldoorn",-19.01,30.54,2021,10,2021-06-01
"Enkeldoorn",-19.01,30.54,2021,90,2021-07-01
"Enkeldoorn",-19.01,30.54,2021,0,2021-08-01
"Enkeldoorn",-19.01,30.54,2021,10,2021-09-01
"Enkeldoorn",-19.01,30.54,2021,590,2021-10-01
"Enkeldoorn",-19.01,30.54,2021,1840,2021-11-01
"Enkeldoorn",-19.01,30.54,2021,1950,2021-12-01
"Enkeldoorn",-19.01,30.54,2023,1960,2023-01-01
"Enkeldoorn",-19.01,30.54,2023,210,2023-02-01
"Enkeldoorn",-19.01,30.54,2023,110,2023-03-01
"Enkeldoorn",-19.01,30.54,2023,0,2023-04-01
"Enkeldoorn",-19.01,30.54,2023,30,2023-05-01
"Enkeldoorn",-19.01,30.54,2023,0,2023-06-01
"Enkeldoorn",-19.01,30.54,2023,0,2023-07-01
"Enkeldoorn",-19.01,30.54,2023,0,2023-08-01
"Enkeldoorn",-19.01,30.54,2023,40,2023-09-01
"Enkeldoorn",-19.01,30.54,2023,450,2023-10-01
"Enkeldoorn",-19.01,30.54,2023,270,2023-11-01
"Enkeldoorn",-19.01,30.54,2023,1490,2023-12-01
"Enkeldoorn",-19.01,30.54,2022,620,2022-01-01
"Enkeldoorn",-19.01,30.54,2022,210,2022-02-01
"Enkeldoorn",-19.01,30.54,2022,300,2022-03-01
"Enkeldoorn",-19.01,30.54,2022,20,2022-04-01
"Enkeldoorn",-19.01,30.54,2022,50,2022-05-01
"Enkeldoorn",-19.01,30.54,2022,0,2022-06-01
"Enkeldoorn",-19.01,30.54,2022,0,2022-07-01
"Enkeldoorn",-19.01,30.54,2022,0,2022-08-01
"Enkeldoorn",-19.01,30.54,2022,0,2022-09-01
"Enkeldoorn",-19.01,30.54,2022,700,2022-10-01
"Enkeldoorn",-19.01,30.54,2022,570,2022-11-01
"Enkeldoorn",-19.01,30.54,2022,2550,2022-12-01
"Enkeldoorn",-19.01,30.54,2024,2200,2024-01-01
"Enkeldoorn",-19.01,30.54,2024,0,2024-02-01
"Enkeldoorn",-19.01,30.54,2024,110,2024-03-01
"Enkeldoorn",-19.01,30.54,2024,0,2024-04-01
"Enkeldoorn",-19.01,30.54,2024,0,2024-05-01
"Enkeldoorn",-19.01,30.54,2024,0,2024-06-01
"Enkeldoorn",-19.01,30.54,2024,0,2024-07-01
"Enkeldoorn",-19.01,30.54,2024,0,2024-08-01
"Enkeldoorn",-19.01,30.54,2024,0,2024-09-01
"Enkeldoorn",-19.01,30.54,2024,0,2024-10-01
"Enkeldoorn",-19.01,30.54,2024,910,2024-11-01
"Enkeldoorn",-19.01,30.54,2024,1300,2024-12-01
"Enkeldoorn",-19.01,30.54,2016,4000,2016-01-01
"Esigodini Institute",-20.35,28.95,2017,725,2017-01-01
"Esigodini Institute",-20.35,28.95,2017,1806,2017-02-01
"Esigodini Institute",-20.35,28.95,2017,125,2017-03-01
"Esigodini Institute",-20.35,28.95,2017,158,2017-04-01
"Esigodini Institute",-20.35,28.95,2018,105,2018-10-01
"Esigodini Institute",-20.35,28.95,2018,195,2018-11-01
"Esigodini Institute",-20.35,28.95,2018,844,2018-12-01
"Esigodini Institute",-20.35,28.95,2020,1573,2020-01-01
"Esigodini Institute",-20.35,28.95,2020,663,2020-02-01
"Esigodini Institute",-20.35,28.95,2020,2145,2020-03-01
"Esigodini Institute",-20.35,28.95,2020,0,2020-04-01
"Esigodini Institute",-20.35,28.95,2020,65,2020-10-01
"Esigodini Institute",-20.35,28.95,2020,619,2020-11-01
"Esigodini Institute",-20.35,28.95,2020,262,2020-12-01
"Esigodini Institute",-20.35,28.95,2019,532,2019-01-01
"Esigodini Institute",-20.35,28.95,2019,0,2019-02-01
"Esigodini Institute",-20.35,28.95,2019,545,2019-03-01
"Esigodini Institute",-20.35,28.95,2019,0,2019-04-01
"Esigodini Institute",-20.35,28.95,2019,81,2019-10-01
"Esigodini Institute",-20.35,28.95,2019,810,2019-11-01
"Esigodini Institute",-20.35,28.95,2019,3039,2019-12-01
"Esigodini Institute",-20.35,28.95,2021,1281,2021-01-01
"Esigodini Institute",-20.35,28.95,2021,901,2021-02-01
"Esigodini Institute",-20.35,28.95,2021,330,2021-03-01
"Esigodini Institute",-20.35,28.95,2021,310,2021-04-01
"Esigodini Institute",-20.35,28.95,2021,0,2021-10-01
"Esigodini Institute",-20.35,28.95,2021,1965,2021-11-01
"Esigodini Institute",-20.35,28.95,2021,1720,2021-12-01
"Esigodini Institute",-20.35,28.95,2023,470,2023-01-01
"Esigodini Institute",-20.35,28.95,2023,715,2023-02-01
"Esigodini Institute",-20.35,28.95,2023,0,2023-03-01
"Esigodini Institute",-20.35,28.95,2023,0,2023-04-01
"Esigodini Institute",-20.35,28.95,2023,657,2023-10-01
"Esigodini Institute",-20.35,28.95,2023,423,2023-11-01
"Esigodini Institute",-20.35,28.95,2023,1035,2023-12-01
"Esigodini Institute",-20.35,28.95,2022,470,2022-01-01
"Esigodini Institute",-20.35,28.95,2022,1188,2022-02-01
"Esigodini Institute",-20.35,28.95,2022,358,2022-03-01
"Esigodini Institute",-20.35,28.95,2022,254,2022-04-01
"Esigodini Institute",-20.35,28.95,2022,73,2022-10-01
"Esigodini Institute",-20.35,28.95,2022,734,2022-11-01
"Esigodini Institute",-20.35,28.95,2022,1230,2022-12-01
"Esigodini Institute",-20.35,28.95,2024,2694,2024-01-01
"Esigodini Institute",-20.35,28.95,2024,2226,2024-02-01
"Esigodini Institute",-20.35,28.95,2024,210,2024-03-01
"Esigodini Institute",-20.35,28.95,2024,52,2024-04-01
"Exeter",-17.8,31.9,2017,2273,2017-01-01
"Exeter",-17.8,31.9,2017,2764,2017-02-01
"Exeter",-17.8,31.9,2017,797,2017-03-01
"Exeter",-17.8,31.9,2017,223,2017-04-01
"Exeter",-17.8,31.9,2017,426,2017-05-01
"Exeter",-17.8,31.9,2017,0,2017-06-01
"Fairview",-17.9,31.9,2017,1350,2017-01-01
"Fairview",-17.9,31.9,2017,2915,2017-02-01
"Fairview",-17.9,31.9,2017,1244,2017-03-01
"Fairview",-17.9,31.9,2017,172,2017-04-01
"Fairview",-17.9,31.9,2017,181,2017-05-01
"Fairview",-17.9,31.9,2017,0,2017-06-01
"Figtree",-20.37,28.33,2017,625,2017-01-01
"Figtree",-20.37,28.33,2017,1625,2017-02-01
"Figtree",-20.37,28.33,2017,175,2017-03-01
"Figtree",-20.37,28.33,2017,275,2017-04-01
"Figtree",-20.37,28.33,2018,440,2018-10-01
"Figtree",-20.37,28.33,2018,60,2018-11-01
"Figtree",-20.37,28.33,2018,1230,2018-12-01
"Figtree",-20.37,28.33,2020,1710,2020-01-01
"Figtree",-20.37,28.33,2020,900,2020-02-01
"Figtree",-20.37,28.33,2020,2390,2020-03-01
"Figtree",-20.37,28.33,2020,0,2020-04-01
"Figtree",-20.37,28.33,2020,85,2020-10-01
"Figtree",-20.37,28.33,2020,760,2020-11-01
"Figtree",-20.37,28.33,2020,494,2020-12-01
"Figtree",-20.37,28.33,2019,1345,2019-01-01
"Figtree",-20.37,28.33,2019,110,2019-02-01
"Figtree",-20.37,28.33,2019,982,2019-03-01
"Figtree",-20.37,28.33,2019,90,2019-04-01
"Figtree",-20.37,28.33,2019,186,2019-10-01
"Figtree",-20.37,28.33,2019,730,2019-11-01
"Figtree",-20.37,28.33,2019,2150,2019-12-01
"Figtree",-20.37,28.33,2021,1010,2021-01-01
"Figtree",-20.37,28.33,2021,1360,2021-02-01
"Figtree",-20.37,28.33,2021,490,2021-03-01
"Figtree",-20.37,28.33,2021,290,2021-04-01
"Figtree",-20.37,28.33,2021,0,2021-10-01
"Figtree",-20.37,28.33,2021,1835,2021-11-01
"Figtree",-20.37,28.33,2021,770,2021-12-01
"Figtree",-20.37,28.33,2023,600,2023-01-01
"Figtree",-20.37,28.33,2023,390,2023-02-01
"Figtree",-20.37,28.33,2023,0,2023-03-01
"Figtree",-20.37,28.33,2023,0,2023-04-01
"Figtree",-20.37,28.33,2023,420,2023-10-01
"Figtree",-20.37,28.33,2023,495,2023-11-01
"Figtree",-20.37,28.33,2023,755,2023-12-01
"Figtree",-20.37,28.33,2022,900,2022-01-01
"Figtree",-20.37,28.33,2022,1015,2022-02-01
"Figtree",-20.37,28.33,2022,1420,2022-03-01
"Figtree",-20.37,28.33,2022,70,2022-04-01
"Figtree",-20.37,28.33,2022,0,2022-10-01
"Figtree",-20.37,28.33,2022,610,2022-11-01
"Figtree",-20.37,28.33,2022,1065,2022-12-01
"Figtree",-20.37,28.33,2024,2580,2024-01-01
"Figtree",-20.37,28.33,2024,1340,2024-02-01
"Figtree",-20.37,28.33,2024,115,2024-03-01
"Figtree",-20.37,28.33,2024,0,2024-04-01
"Filabusi",-20.55,29.28,2017,370,2017-01-01
"Filabusi",-20.55,29.28,2017,1570,2017-02-01
"Filabusi",-20.55,29.28,2017,350,2017-03-01
"Filabusi",-20.55,29.28,2017,295,2017-04-01
"Filabusi",-20.55,29.28,2017,0,2017-05-01
"Filabusi",-20.55,29.28,2017,0,2017-06-01
"Filabusi",-20.33,29.17,2017,0,2017-07-01
"Filabusi",-20.33,29.17,2017,0,2017-08-01
"Filabusi",-20.33,29.17,2017,0,2017-09-01
"Filabusi",-20.33,29.17,2017,390,2017-10-01
"Filabusi",-20.33,29.17,2017,670,2017-11-01
"Filabusi",-20.33,29.17,2017,550,2017-12-01
"Filabusi",-20.33,29.17,2018,2620,2018-01-01
"Filabusi",-20.33,29.17,2018,610,2018-02-01
"Filabusi",-20.33,29.17,2018,200,2018-03-01
"Filabusi",-20.33,29.17,2018,230,2018-04-01
"Filabusi",-20.33,29.17,2018,0,2018-05-01
"Filabusi",-20.33,29.17,2018,0,2018-06-01
"Filabusi",-20.33,29.17,2018,0,2018-07-01
"Filabusi",-20.33,29.17,2018,0,2018-08-01
"Filabusi",-20.33,29.17,2018,0,2018-09-01
"Filabusi",-20.55,29.28,2018,0,2018-10-01
"Filabusi",-20.55,29.28,2018,115,2018-11-01
"Filabusi",-20.55,29.28,2018,1008,2018-12-01
"Filabusi",-20.55,29.28,2020,1530,2020-01-01
"Filabusi",-20.55,29.28,2020,1250,2020-02-01
"Filabusi",-20.55,29.28,2020,1820,2020-03-01
"Filabusi",-20.55,29.28,2020,0,2020-04-01
"Filabusi",-20.33,29.17,2020,0,2020-05-01
"Filabusi",-20.33,29.17,2020,0,2020-06-01
"Filabusi",-20.33,29.17,2020,0,2020-07-01
"Filabusi",-20.33,29.17,2020,0,2020-08-01
"Filabusi",-20.33,29.17,2020,0,2020-09-01
"Filabusi",-20.55,29.28,2020,220,2020-10-01
"Filabusi",-20.55,29.28,2020,735,2020-11-01
"Filabusi",-20.55,29.28,2020,150,2020-12-01
"Filabusi",-20.55,29.28,2019,1030,2019-01-01
"Filabusi",-20.55,29.28,2019,0,2019-02-01
"Filabusi",-20.55,29.28,2019,515,2019-03-01
"Filabusi",-20.55,29.28,2019,0,2019-04-01
"Filabusi",-20.33,29.17,2019,0,2019-05-01
"Filabusi",-20.33,29.17,2019,0,2019-06-01
"Filabusi",-20.33,29.17,2019,0,2019-07-01
"Filabusi",-20.33,29.17,2019,0,2019-08-01
"Filabusi",-20.33,29.17,2019,0,2019-09-01
"Filabusi",-20.55,29.28,2019,135,2019-10-01
"Filabusi",-20.55,29.28,2019,440,2019-11-01
"Filabusi",-20.55,29.28,2019,2694,2019-12-01
"Filabusi",-20.55,29.28,2021,697,2021-01-01
"Filabusi",-20.55,29.28,2021,1525,2021-02-01
"Filabusi",-20.55,29.28,2021,50,2021-03-01
"Filabusi",-20.55,29.28,2021,50,2021-04-01
"Filabusi",-20.33,29.17,2021,0,2021-05-01
"Filabusi",-20.33,29.17,2021,90,2021-06-01
"Filabusi",-20.33,29.17,2021,160,2021-07-01
"Filabusi",-20.33,29.17,2021,0,2021-08-01
"Filabusi",-20.33,29.17,2021,0,2021-09-01
"Filabusi",-20.55,29.28,2021,0,2021-10-01
"Filabusi",-20.55,29.28,2021,1590,2021-11-01
"Filabusi",-20.55,29.28,2021,999,2021-12-01
"Filabusi",-20.55,29.28,2023,695,2023-01-01
"Filabusi",-20.55,29.28,2023,195,2023-02-01
"Filabusi",-20.55,29.28,2023,2,2023-03-01
"Filabusi",-20.55,29.28,2023,0,2023-04-01
"Filabusi",-20.33,29.17,2023,0,2023-05-01
"Filabusi",-20.33,29.17,2023,0,2023-06-01
"Filabusi",-20.33,29.17,2023,0,2023-07-01
"Filabusi",-20.33,29.17,2023,0,2023-08-01
"Filabusi",-20.33,29.17,2023,0,2023-09-01
"Filabusi",-20.55,29.28,2023,610,2023-10-01
"Filabusi",-20.55,29.28,2023,176,2023-11-01
"Filabusi",-20.55,29.28,2023,820,2023-12-01
"Filabusi",-20.55,29.28,2022,320,2022-01-01
"Filabusi",-20.55,29.28,2022,1005,2022-02-01
"Filabusi",-20.55,29.28,2022,750,2022-03-01
"Filabusi",-20.55,29.28,2022,306,2022-04-01
"Filabusi",-20.33,29.17,2022,0,2022-05-01
"Filabusi",-20.33,29.17,2022,0,2022-06-01
"Filabusi",-20.33,29.17,2022,0,2022-07-01
"Filabusi",-20.33,29.17,2022,0,2022-08-01
"Filabusi",-20.33,29.17,2022,0,2022-09-01
"Filabusi",-20.55,29.28,2022,270,2022-10-01
"Filabusi",-20.55,29.28,2022,1635,2022-11-01
"Filabusi",-20.55,29.28,2022,1180,2022-12-01
"Filabusi",-20.55,29.28,2024,2810,2024-01-01
"Filabusi",-20.55,29.28,2024,1649,2024-02-01
"Filabusi",-20.55,29.28,2024,430,2024-03-01
"Filabusi",-20.55,29.28,2024,0,2024-04-01
"Fort Rixon",-20.02,29.27,2017,110,2017-01-01
"Fort Rixon",-20.02,29.27,2017,3075,2017-02-01
"Fort Rixon",-20.02,29.27,2017,395,2017-03-01
"Fort Rixon",-20.02,29.27,2017,250,2017-04-01
"Fort Rixon",-20.02,29.27,2018,160,2018-10-01
"Fort Rixon",-20.02,29.27,2018,190,2018-11-01
"Fort Rixon",-20.02,29.27,2018,2685,2018-12-01
"Fort Rixon",-20.02,29.27,2020,830,2020-01-01
"Fort Rixon",-20.02,29.27,2020,950,2020-02-01
"Fort Rixon",-20.02,29.27,2020,1805,2020-03-01
"Fort Rixon",-20.02,29.27,2020,0,2020-04-01
"Fort Rixon",-20.02,29.27,2020,140,2020-10-01
"Fort Rixon",-20.02,29.27,2020,630,2020-11-01
"Fort Rixon",-20.02,29.27,2020,1115,2020-12-01
"Fort Rixon",-20.02,29.27,2019,1665,2019-01-01
"Fort Rixon",-20.02,29.27,2019,20,2019-02-01
"Fort Rixon",-20.02,29.27,2019,460,2019-03-01
"Fort Rixon",-20.02,29.27,2019,60,2019-04-01
"Fort Rixon",-20.02,29.27,2019,125,2019-10-01
"Fort Rixon",-20.02,29.27,2019,812,2019-11-01
"Fort Rixon",-20.02,29.27,2019,3588,2019-12-01
"Fort Rixon",-20.02,29.27,2021,1025,2021-01-01
"Fort Rixon",-20.02,29.27,2021,1552,2021-02-01
"Fort Rixon",-20.02,29.27,2021,787,2021-03-01
"Fort Rixon",-20.02,29.27,2021,100,2021-04-01
"Fort Rixon",-20.02,29.27,2021,42,2021-10-01
"Fort Rixon",-20.02,29.27,2021,1518,2021-11-01
"Fort Rixon",-20.02,29.27,2021,1296,2021-12-01
"Fort Rixon",-20.02,29.27,2023,315,2023-01-01
"Fort Rixon",-20.02,29.27,2023,981,2023-02-01
"Fort Rixon",-20.02,29.27,2023,0,2023-03-01
"Fort Rixon",-20.02,29.27,2023,0,2023-04-01
"Fort Rixon",-20.02,29.27,2023,610,2023-10-01
"Fort Rixon",-20.02,29.27,2023,170,2023-11-01
"Fort Rixon",-20.02,29.27,2023,670,2023-12-01
"Fort Rixon",-20.02,29.27,2022,450,2022-01-01
"Fort Rixon",-20.02,29.27,2022,605,2022-02-01
"Fort Rixon",-20.02,29.27,2022,440,2022-03-01
"Fort Rixon",-20.02,29.27,2022,400,2022-04-01
"Fort Rixon",-20.02,29.27,2022,133,2022-10-01
"Fort Rixon",-20.02,29.27,2022,1147,2022-11-01
"Fort Rixon",-20.02,29.27,2022,1285,2022-12-01
"Fort Rixon",-20.02,29.27,2024,3105,2024-01-01
"Fort Rixon",-20.02,29.27,2024,2295,2024-02-01
"Fort Rixon",-20.02,29.27,2024,95,2024-03-01
"Fort Rixon",-20.02,29.27,2024,0,2024-04-01
"Fothergill",-16.7,28.67,2021,0,2021-10-01
"Fothergill",-16.7,28.67,2021,0,2021-11-01
"Fothergill",-16.7,28.67,2021,0,2021-12-01
"Fothergill",-16.7,28.67,2023,0,2023-01-01
"Fothergill",-16.7,28.67,2023,0,2023-02-01
"Fothergill",-16.7,28.67,2023,0,2023-03-01
"Fothergill",-16.7,28.67,2023,0,2023-04-01
"Fothergill",-16.7,28.67,2023,240,2023-10-01
"Fothergill",-16.7,28.67,2023,338,2023-11-01
"Fothergill",-16.7,28.67,2023,551,2023-12-01
"Fothergill",-16.7,28.67,2022,451,2022-01-01
"Fothergill",-16.7,28.67,2022,782,2022-02-01
"Fothergill",-16.7,28.67,2022,290,2022-03-01
"Fothergill",-16.7,28.67,2022,225,2022-04-01
"Fothergill",-16.7,28.67,2022,125,2022-10-01
"Fothergill",-16.7,28.67,2022,993,2022-11-01
"Fothergill",-16.7,28.67,2022,710,2022-12-01
"Fothergill",-16.7,28.67,2024,2700,2024-01-01
"Fothergill",-16.7,28.67,2024,1795,2024-02-01
"Fothergill",-16.7,28.67,2024,140,2024-03-01
"Fothergill",-16.7,28.67,2024,25,2024-04-01
"Glendale",-17.52,31.05,2017,1575,2017-01-01
"Glendale",-17.52,31.05,2017,3668,2017-02-01
"Glendale",-17.52,31.05,2017,679,2017-03-01
"Glendale",-17.52,31.05,2017,215,2017-04-01
"Glendale",-17.52,31.05,2017,0,2017-06-01
"Glendale",-17.52,31.05,2018,475,2018-10-01
"Glendale",-17.52,31.05,2018,1063,2018-11-01
"Glendale",-17.52,31.05,2018,1052,2018-12-01
"Glendale",-17.52,31.05,2020,1535,2020-01-01
"Glendale",-17.52,31.05,2020,1250,2020-02-01
"Glendale",-17.52,31.05,2020,935,2020-03-01
"Glendale",-17.52,31.05,2020,50,2020-04-01
"Glendale",-17.52,31.05,2020,6,2020-10-01
"Glendale",-17.52,31.05,2020,815,2020-11-01
"Glendale",-17.52,31.05,2020,808,2020-12-01
"Glendale",-17.52,31.05,2019,1650,2019-01-01
"Glendale",-17.52,31.05,2019,130,2019-02-01
"Glendale",-17.52,31.05,2019,598,2019-03-01
"Glendale",-17.52,31.05,2019,246,2019-04-01
"Glendale",-17.52,31.05,2019,0,2019-10-01
"Glendale",-17.52,31.05,2019,765,2019-11-01
"Glendale",-17.52,31.05,2019,1878,2019-12-01
"Glendale",-17.52,31.05,2021,1254,2021-01-01
"Glendale",-17.52,31.05,2021,1873,2021-02-01
"Glendale",-17.52,31.05,2021,1231,2021-03-01
"Glendale",-17.52,31.05,2021,650,2021-04-01
"Glendale",-17.52,31.05,2021,0,2021-10-01
"Glendale",-17.52,31.05,2021,940,2021-11-01
"Glendale",-17.52,31.05,2021,840,2021-12-01
"Glendale",-17.52,31.05,2023,2220,2023-01-01
"Glendale",-17.52,31.05,2023,1220,2023-02-01
"Glendale",-17.52,31.05,2023,180,2023-03-01
"Glendale",-17.52,31.05,2023,204,2023-04-01
"Glendale",-17.52,31.05,2023,595,2023-10-01
"Glendale",-17.52,31.05,2023,40,2023-11-01
"Glendale",-17.52,31.05,2023,1720,2023-12-01
"Glendale",-17.52,31.05,2022,1325,2022-01-01
"Glendale",-17.52,31.05,2022,1266,2022-02-01
"Glendale",-17.52,31.05,2022,70,2022-03-01
"Glendale",-17.52,31.05,2022,120,2022-04-01
"Glendale",-17.52,31.05,2022,40,2022-10-01
"Glendale",-17.52,31.05,2022,478,2022-11-01
"Glendale",-17.52,31.05,2022,1009,2022-12-01
"Glendale",-17.52,31.05,2024,2565,2024-01-01
"Glendale",-17.52,31.05,2024,1975,2024-02-01
"Glendale",-17.52,31.05,2024,339,2024-03-01
"Glendale",-17.52,31.05,2024,115,2024-04-01
"Gokwe",-18.217,28.933,2017,2066,2017-01-01
"Gokwe",-18.217,28.933,2017,2310,2017-02-01
"Gokwe",-18.217,28.933,2017,595,2017-03-01
"Gokwe",-18.217,28.933,2017,126,2017-04-01
"Gokwe",-18.217,28.933,2017,34,2017-05-01
"Gokwe",-18.217,28.933,2017,0,2017-06-01
"Gokwe",-18.217,28.933,2017,0,2017-07-01
"Gokwe",-18.217,28.933,2017,29,2017-08-01
"Gokwe",-18.217,28.933,2017,0,2017-09-01
"Gokwe",-18.217,28.933,2017,266,2017-10-01
"Gokwe",-18.217,28.933,2017,579,2017-11-01
"Gokwe",-18.217,28.933,2017,795,2017-12-01
"Gokwe",-18.217,28.933,2018,2826,2018-01-01
"Gokwe",-18.217,28.933,2018,1798,2018-02-01
"Gokwe",-18.12,28.56,2018,700,2018-03-01
"Gokwe",-18.12,28.56,2018,620,2018-04-01
"Gokwe",-18.12,28.56,2018,50,2018-05-01
"Gokwe",-18.12,28.56,2018,0,2018-06-01
"Gokwe",-18.12,28.56,2018,0,2018-07-01
"Gokwe",-18.12,28.56,2018,0,2018-08-01
"Gokwe",-18.12,28.56,2018,10,2018-09-01
"Gokwe",-18.12,28.56,2018,110,2018-10-01
"Gokwe",-18.12,28.56,2018,400,2018-11-01
"Gokwe",-18.12,28.56,2018,810,2018-12-01
"Gokwe",-18.12,28.56,2020,1660,2020-01-01
"Gokwe",-18.12,28.56,2020,740,2020-02-01
"Gokwe",-18.12,28.56,2020,1150,2020-03-01
"Gokwe",-18.12,28.56,2020,0,2020-04-01
"Gokwe",-18.12,28.56,2020,20,2020-05-01
"Gokwe",-18.12,28.56,2020,0,2020-06-01
"Gokwe",-18.12,28.56,2020,0,2020-07-01
"Gokwe",-18.12,28.56,2020,0,2020-08-01
"Gokwe",-18.12,28.56,2020,0,2020-09-01
"Gokwe",-18.12,28.56,2020,550,2020-10-01
"Gokwe",-18.12,28.56,2020,490,2020-11-01
"Gokwe",-18.12,28.56,2020,1570,2020-12-01
"Gokwe",-18.12,28.56,2019,1060,2019-01-01
"Gokwe",-18.12,28.56,2019,140,2019-02-01
"Gokwe",-18.12,28.56,2019,1380,2019-03-01
"Gokwe",-18.12,28.56,2019,70,2019-04-01
"Gokwe",-18.12,28.56,2019,0,2019-05-01
"Gokwe",-18.12,28.56,2019,0,2019-06-01
"Gokwe",-18.12,28.56,2019,0,2019-07-01
"Gokwe",-18.12,28.56,2019,0,2019-08-01
"Gokwe",-18.12,28.56,2019,0,2019-09-01
"Gokwe",-18.12,28.56,2019,70,2019-10-01
"Gokwe",-18.12,28.56,2019,410,2019-11-01
"Gokwe",-18.12,28.56,2019,1850,2019-12-01
"Gokwe",-18.12,28.56,2021,810,2021-01-01
"Gokwe",-18.12,28.56,2021,1560,2021-02-01
"Gokwe",-18.12,28.56,2021,1030,2021-03-01
"Gokwe",-18.12,28.56,2021,670,2021-04-01
"Gokwe",-18.12,28.56,2021,0,2021-05-01
"Gokwe",-18.12,28.56,2021,0,2021-06-01
"Gokwe",-18.12,28.56,2021,20,2021-07-01
"Gokwe",-18.12,28.56,2021,10,2021-08-01
"Gokwe",-18.12,28.56,2021,120,2021-09-01
"Gokwe",-18.12,28.56,2021,0,2021-10-01
"Gokwe",-18.12,28.56,2021,1680,2021-11-01
"Gokwe",-18.12,28.56,2021,1180,2021-12-01
"Gokwe",-18.12,28.56,2023,1870,2023-01-01
"Gokwe",-18.12,28.56,2023,1460,2023-02-01
"Gokwe",-18.12,28.56,2023,20,2023-03-01
"Gokwe",-18.12,28.56,2023,0,2023-04-01
"Gokwe",-18.12,28.56,2023,20,2023-05-01
"Gokwe",-18.12,28.56,2023,0,2023-06-01
"Gokwe",-18.12,28.56,2023,0,2023-07-01
"Gokwe",-18.12,28.56,2023,0,2023-08-01
"Gokwe",-18.12,28.56,2023,0,2023-09-01
"Gokwe",-18.12,28.56,2023,470,2023-10-01
"Gokwe",-18.12,28.56,2023,280,2023-11-01
"Gokwe",-18.12,28.56,2023,900,2023-12-01
"Gokwe",-18.12,28.56,2022,700,2022-01-01
"Gokwe",-18.12,28.56,2022,400,2022-02-01
"Gokwe",-18.12,28.56,2022,510,2022-03-01
"Gokwe",-18.12,28.56,2022,40,2022-04-01
"Gokwe",-18.12,28.56,2022,0,2022-05-01
"Gokwe",-18.12,28.56,2022,0,2022-06-01
"Gokwe",-18.12,28.56,2022,0,2022-07-01
"Gokwe",-18.12,28.56,2022,10,2022-08-01
"Gokwe",-18.12,28.56,2022,0,2022-09-01
"Gokwe",-18.12,28.56,2022,240,2022-10-01
"Gokwe",-18.12,28.56,2022,1520,2022-11-01
"Gokwe",-18.12,28.56,2022,1540,2022-12-01
"Gokwe",-18.12,28.56,2024,3330,2024-01-01
"Gokwe",-18.12,28.56,2024,0,2024-02-01
"Gokwe",-18.12,28.56,2024,0,2024-03-01
"Gokwe",-18.12,28.56,2024,0,2024-04-01
"Gokwe",-18.12,28.56,2024,0,2024-05-01
"Gokwe",-18.12,28.56,2024,0,2024-06-01
"Gokwe",-18.12,28.56,2024,0,2024-07-01
"Gokwe",-18.12,28.56,2024,0,2024-08-01
"Gokwe",-18.12,28.56,2024,0,2024-09-01
"Gokwe",-18.12,28.56,2024,10,2024-10-01
"Gokwe",-18.12,28.56,2024,1680,2024-11-01
"Gokwe",-18.12,28.56,2024,920,2024-12-01
"Gokwe",-18.12,28.56,2016,3540,2016-01-01
"Gutu",-19.63,31.15,2017,365,2017-01-01
"Gutu",-19.63,31.15,2017,2775,2017-02-01
"Gutu",-19.63,31.15,2017,455,2017-03-01
"Gutu",-19.63,31.15,2017,1090,2017-04-01
"Gutu",-19.63,31.15,2018,0,2018-10-01
"Gutu",-19.63,31.15,2018,1105,2018-11-01
"Gutu",-19.63,31.15,2018,1260,2018-12-01
"Gutu",-19.63,31.15,2020,360,2020-01-01
"Gutu",-19.63,31.15,2020,1045,2020-02-01
"Gutu",-19.63,31.15,2020,810,2020-03-01
"Gutu",-19.63,31.15,2020,0,2020-04-01
"Gutu",-19.63,31.15,2020,135,2020-10-01
"Gutu",-19.63,31.15,2020,780,2020-11-01
"Gutu",-19.63,31.15,2020,365,2020-12-01
"Gutu",-19.63,31.15,2019,1060,2019-01-01
"Gutu",-19.63,31.15,2019,100,2019-02-01
"Gutu",-19.63,31.15,2019,600,2019-03-01
"Gutu",-19.63,31.15,2019,130,2019-04-01
"Gutu",-19.63,31.15,2019,260,2019-10-01
"Gutu",-19.63,31.15,2019,445,2019-11-01
"Gutu",-19.63,31.15,2019,3038,2019-12-01
"Gutu",-19.63,31.15,2021,2074,2021-01-01
"Gutu",-19.63,31.15,2021,2185,2021-02-01
"Gutu",-19.63,31.15,2021,394,2021-03-01
"Gutu",-19.63,31.15,2021,130,2021-04-01
"Gutu",-19.63,31.15,2021,0,2021-10-01
"Gutu",-19.63,31.15,2021,2615,2021-11-01
"Gutu",-19.63,31.15,2021,1698,2021-12-01
"Gutu",-19.63,31.15,2023,2570,2023-01-01
"Gutu",-19.63,31.15,2023,365,2023-02-01
"Gutu",-19.63,31.15,2023,165,2023-03-01
"Gutu",-19.63,31.15,2023,0,2023-04-01
"Gutu",-19.63,31.15,2023,501,2023-10-01
"Gutu",-19.63,31.15,2023,80,2023-11-01
"Gutu",-19.63,31.15,2023,1688,2023-12-01
"Gutu",-19.63,31.15,2022,939,2022-01-01
"Gutu",-19.63,31.15,2022,469,2022-02-01
"Gutu",-19.63,31.15,2022,818,2022-03-01
"Gutu",-19.63,31.15,2022,190,2022-04-01
"Gutu",-19.63,31.15,2022,195,2022-10-01
"Gutu",-19.63,31.15,2022,780,2022-11-01
"Gutu",-19.63,31.15,2022,1580,2022-12-01
"Gutu",-19.63,31.15,2024,4890,2024-01-01
"Gutu",-19.63,31.15,2024,1050,2024-02-01
"Gutu",-19.63,31.15,2024,147,2024-03-01
"Gutu",-19.63,31.15,2024,139,2024-04-01
"Gwanda",-20.95,29.02,2017,266,2017-01-01
"Gwanda",-20.95,29.02,2017,1276,2017-02-01
"Gwanda",-20.95,29.02,2017,233,2017-03-01
"Gwanda",-20.95,29.02,2017,281,2017-04-01
"Gwanda",-20.95,29.02,2018,385,2018-10-01
"Gwanda",-20.95,29.02,2018,264,2018-11-01
"Gwanda",-20.95,29.02,2018,744,2018-12-01
"Gwanda",-20.95,29.02,2020,638,2020-01-01
"Gwanda",-20.95,29.02,2020,916,2020-02-01
"Gwanda",-20.95,29.02,2020,1816,2020-03-01
"Gwanda",-20.95,29.02,2020,0,2020-04-01
"Gwanda",-20.95,29.02,2020,0,2020-10-01
"Gwanda",-20.95,29.02,2020,560,2020-11-01
"Gwanda",-20.95,29.02,2020,205,2020-12-01
"Gwanda",-20.95,29.02,2019,544,2019-01-01
"Gwanda",-20.95,29.02,2019,160,2019-02-01
"Gwanda",-20.95,29.02,2019,259,2019-03-01
"Gwanda",-20.95,29.02,2019,33,2019-04-01
"Gwanda",-20.95,29.02,2019,112,2019-10-01
"Gwanda",-20.95,29.02,2019,723,2019-11-01
"Gwanda",-20.95,29.02,2019,1524,2019-12-01
"Gwanda",-20.95,29.02,2021,905,2021-01-01
"Gwanda",-20.95,29.02,2021,784,2021-02-01
"Gwanda",-20.95,29.02,2021,10,2021-03-01
"Gwanda",-20.95,29.02,2021,152,2021-04-01
"Gwanda",-20.95,29.02,2021,20,2021-10-01
"Gwanda",-20.95,29.02,2021,1763,2021-11-01
"Gwanda",-20.95,29.02,2021,1294,2021-12-01
"Gwanda",-20.95,29.02,2023,211,2023-01-01
"Gwanda",-20.95,29.02,2023,431,2023-02-01
"Gwanda",-20.95,29.02,2023,0,2023-03-01
"Gwanda",-20.95,29.02,2023,0,2023-04-01
"Gwanda",-20.95,29.02,2023,530,2023-10-01
"Gwanda",-20.95,29.02,2023,301,2023-11-01
"Gwanda",-20.95,29.02,2023,978,2023-12-01
"Gwanda",-20.95,29.02,2022,578,2022-01-01
"Gwanda",-20.95,29.02,2022,1262,2022-02-01
"Gwanda",-20.95,29.02,2022,1558,2022-03-01
"Gwanda",-20.95,29.02,2022,13,2022-04-01
"Gwanda",-20.95,29.02,2022,312,2022-10-01
"Gwanda",-20.95,29.02,2022,1543,2022-11-01
"Gwanda",-20.95,29.02,2022,456,2022-12-01
"Gwanda",-20.95,29.02,2024,1861,2024-01-01
"Gwanda",-20.95,29.02,2024,1768,2024-02-01
"Gwanda",-20.95,29.02,2024,111,2024-03-01
"Gwanda",-20.95,29.02,2024,54,2024-04-01
"Gweru",-19.45,29.85,2017,262,2017-01-01
"Gweru",-19.45,29.85,2017,2557,2017-02-01
"Gweru",-19.45,29.85,2017,524,2017-03-01
"Gweru",-19.45,29.85,2017,79,2017-04-01
"Gweru",-19.45,29.85,2017,0,2017-05-01
"Gweru",-19.45,29.85,2017,36,2017-06-01
"Gweru",-19.45,29.85,2018,797,2018-04-01
"Gweru",-19.45,29.85,2018,26,2018-05-01
"Gweru",-19.45,29.85,2018,0,2018-06-01
"Gweru",-19.45,29.85,2018,0,2018-07-01
"Gweru",-19.45,29.85,2018,9,2018-08-01
"Gweru",-19.45,29.85,2018,15,2018-09-01
"Gweru",-19.45,29.85,2018,125,2018-10-01
"Gweru",-19.45,29.85,2018,639,2018-11-01
"Gweru",-19.45,29.85,2018,1042,2018-12-01
"Gweru",-19.45,29.85,2020,1366,2020-01-01
"Gweru",-19.45,29.85,2020,1286,2020-02-01
"Gweru",-19.45,29.85,2020,1078,2020-03-01
"Gweru",-19.45,29.85,2020,0,2020-04-01
"Gweru",-19.45,29.85,2020,281,2020-10-01
"Gweru",-19.45,29.85,2020,613,2020-11-01
"Gweru",-19.45,29.85,2020,269,2020-12-01
"Gweru",-19.45,29.85,2019,1602,2019-01-01
"Gweru",-19.45,29.85,2019,49,2019-02-01
"Gweru",-19.45,29.85,2019,574,2019-03-01
"Gweru",-19.45,29.85,2019,91,2019-04-01
"Gweru",-19.45,29.85,2019,389,2019-10-01
"Gweru",-19.45,29.85,2019,1807,2019-11-01
"Gweru",-19.45,29.85,2019,2308,2019-12-01
"Gweru",-19.45,29.85,2021,564,2021-01-01
"Gweru",-19.45,29.85,2021,2194,2021-02-01
"Gweru",-19.45,29.85,2021,168,2021-03-01
"Gweru",-19.45,29.85,2021,40,2021-04-01
"Gweru",-19.45,29.85,2021,4,2021-10-01
"Gweru",-19.45,29.85,2021,1700,2021-11-01
"Gweru",-19.45,29.85,2021,2395,2021-12-01
"Gweru",-19.45,29.85,2023,906,2023-01-01
"Gweru",-19.45,29.85,2023,763,2023-02-01
"Gweru",-19.45,29.85,2023,28,2023-03-01
"Gweru",-19.45,29.85,2023,0,2023-04-01
"Gweru",-19.45,29.85,2023,468,2023-10-01
"Gweru",-19.45,29.85,2023,117,2023-11-01
"Gweru",-19.45,29.85,2023,1835,2023-12-01
"Gweru",-19.45,29.85,2022,868,2022-01-01
"Gweru",-19.45,29.85,2022,399,2022-02-01
"Gweru",-19.45,29.85,2022,639,2022-03-01
"Gweru",-19.45,29.85,2022,71,2022-04-01
"Gweru",-19.45,29.85,2022,211,2022-10-01
"Gweru",-19.45,29.85,2022,795,2022-11-01
"Gweru",-19.45,29.85,2022,1809,2022-12-01
"Gweru",-19.45,29.85,2024,2533,2024-01-01
"Gweru",-19.45,29.85,2024,1783,2024-02-01
"Gweru",-19.45,29.85,2024,152,2024-03-01
"Gweru",-19.45,29.85,2024,0,2024-04-01
"Gweru",-19.45,29.85,2024,404,2024-05-01
"Gweru",-19.45,29.85,2024,7,2024-06-01
"Gweru",-19.45,29.85,2024,40,2024-07-01
"Gweru",-19.45,29.85,2024,0,2024-08-01
"Gweru",-19.45,29.85,2024,0,2024-09-01
"Gweru",-19.45,29.85,2024,0,2024-10-01
"Headlands",-18.17,32.03,2017,790,2017-01-01
"Headlands",-18.17,32.03,2017,2400,2017-02-01
"Headlands",-18.17,32.03,2017,440,2017-03-01
"Headlands",-18.17,32.03,2017,210,2017-04-01
"Headlands",-18.17,32.03,2017,70,2017-05-01
"Headlands",-18.17,32.03,2017,0,2017-06-01
"Headlands",-18.17,32.03,2017,0,2017-07-01
"Headlands",-18.17,32.03,2017,0,2017-08-01
"Headlands",-18.17,32.03,2017,0,2017-09-01
"Headlands",-18.17,32.03,2017,710,2017-10-01
"Headlands",-18.17,32.03,2017,460,2017-11-01
"Headlands",-18.17,32.03,2017,1100,2017-12-01
"Headlands",-18.17,32.03,2018,2440,2018-01-01
"Headlands",-18.17,32.03,2018,1980,2018-02-01
"Headlands",-18.17,32.03,2018,860,2018-03-01
"Headlands",-18.17,32.03,2018,740,2018-04-01
"Headlands",-18.17,32.03,2018,0,2018-05-01
"Headlands",-18.17,32.03,2018,0,2018-06-01
"Headlands",-18.17,32.03,2018,0,2018-07-01
"Headlands",-18.17,32.03,2018,0,2018-08-01
"Headlands",-18.17,32.03,2018,0,2018-09-01
"Headlands",-18.17,32.03,2018,0,2018-10-01
"Headlands",-18.17,32.03,2018,710,2018-11-01
"Headlands",-18.17,32.03,2018,1270,2018-12-01
"Headlands",-18.17,32.03,2020,1480,2020-01-01
"Headlands",-18.17,32.03,2020,970,2020-02-01
"Headlands",-18.17,32.03,2020,240,2020-03-01
"Headlands",-18.17,32.03,2020,0,2020-04-01
"Headlands",-18.17,32.03,2020,10,2020-05-01
"Headlands",-18.17,32.03,2020,0,2020-06-01
"Headlands",-18.17,32.03,2020,0,2020-07-01
"Headlands",-18.17,32.03,2020,0,2020-08-01
"Headlands",-18.17,32.03,2020,120,2020-09-01
"Headlands",-18.17,32.03,2020,50,2020-10-01
"Headlands",-18.17,32.03,2020,790,2020-11-01
"Headlands",-18.17,32.03,2020,550,2020-12-01
"Headlands",-18.17,32.03,2019,1160,2019-01-01
"Headlands",-18.17,32.03,2019,350,2019-02-01
"Headlands",-18.17,32.03,2019,810,2019-03-01
"Headlands",-18.17,32.03,2019,620,2019-04-01
"Headlands",-18.17,32.03,2019,100,2019-05-01
"Headlands",-18.17,32.03,2019,0,2019-06-01
"Headlands",-18.17,32.03,2019,0,2019-07-01
"Headlands",-18.17,32.03,2019,0,2019-08-01
"Headlands",-18.17,32.03,2019,0,2019-09-01
"Headlands",-18.17,32.03,2019,40,2019-10-01
"Headlands",-18.17,32.03,2019,1270,2019-11-01
"Headlands",-18.17,32.03,2019,2730,2019-12-01
"Headlands",-18.17,32.03,2021,1300,2021-01-01
"Headlands",-18.17,32.03,2021,1290,2021-02-01
"Headlands",-18.17,32.03,2021,500,2021-03-01
"Headlands",-18.17,32.03,2021,400,2021-04-01
"Headlands",-18.17,32.03,2021,0,2021-05-01
"Headlands",-18.17,32.03,2021,0,2021-06-01
"Headlands",-18.17,32.03,2021,0,2021-07-01
"Headlands",-18.17,32.03,2021,0,2021-08-01
"Headlands",-18.17,32.03,2021,0,2021-09-01
"Headlands",-18.17,32.03,2021,330,2021-10-01
"Headlands",-18.17,32.03,2021,1660,2021-11-01
"Headlands",-18.17,32.03,2021,1350,2021-12-01
"Headlands",-18.17,32.03,2023,1880,2023-01-01
"Headlands",-18.17,32.03,2023,610,2023-02-01
"Headlands",-18.17,32.03,2023,120,2023-03-01
"Headlands",-18.17,32.03,2023,140,2023-04-01
"Headlands",-18.17,32.03,2023,160,2023-05-01
"Headlands",-18.17,32.03,2023,0,2023-06-01
"Headlands",-18.17,32.03,2023,0,2023-07-01
"Headlands",-18.17,32.03,2023,0,2023-08-01
"Headlands",-18.17,32.03,2023,0,2023-09-01
"Headlands",-18.17,32.03,2023,550,2023-10-01
"Headlands",-18.17,32.03,2023,170,2023-11-01
"Headlands",-18.17,32.03,2023,1540,2023-12-01
"Headlands",-18.17,32.03,2022,1010,2022-01-01
"Headlands",-18.17,32.03,2022,310,2022-02-01
"Headlands",-18.17,32.03,2022,150,2022-03-01
"Headlands",-18.17,32.03,2022,100,2022-04-01
"Headlands",-18.17,32.03,2022,20,2022-05-01
"Headlands",-18.17,32.03,2022,30,2022-06-01
"Headlands",-18.17,32.03,2022,0,2022-07-01
"Headlands",-18.17,32.03,2022,0,2022-08-01
"Headlands",-18.17,32.03,2022,0,2022-09-01
"Headlands",-18.17,32.03,2022,400,2022-10-01
"Headlands",-18.17,32.03,2022,730,2022-11-01
"Headlands",-18.17,32.03,2022,1520,2022-12-01
"Headlands",-18.17,32.03,2024,2690,2024-01-01
"Headlands",-18.17,32.03,2024,0,2024-02-01
"Headlands",-18.17,32.03,2024,0,2024-03-01
"Headlands",-18.17,32.03,2024,0,2024-04-01
"Headlands",-18.17,32.03,2024,0,2024-05-01
"Headlands",-18.17,32.03,2024,0,2024-06-01
"Headlands",-18.17,32.03,2024,0,2024-07-01
"Headlands",-18.17,32.03,2024,0,2024-08-01
"Headlands",-18.17,32.03,2024,0,2024-09-01
"Headlands",-18.17,32.03,2024,0,2024-10-01
"Headlands",-18.17,32.03,2024,1050,2024-11-01
"Headlands",-18.17,32.03,2024,1530,2024-12-01
"Headlands",-18.17,32.03,2016,2500,2016-01-01
"Henderson",-17.58,30.97,2017,2270,2017-01-01
"Henderson",-17.58,30.97,2017,2719,2017-02-01
"Henderson",-17.58,30.97,2017,906,2017-03-01
"Henderson",-17.58,30.97,2017,322,2017-04-01
"Henderson",-17.58,30.97,2017,10,2017-05-01
"Henderson",-17.58,30.97,2017,0,2017-06-01
"Henderson",-17.58,30.97,2017,0,2017-07-01
"Henderson",-17.58,30.97,2017,0,2017-08-01
"Henderson",-17.58,30.97,2017,0,2017-09-01
"Henderson",-17.58,30.97,2017,0,2017-10-01
"Henderson",-17.58,30.97,2017,0,2017-11-01
"Henderson",-17.58,30.97,2017,1936,2017-12-01
"Henderson",-17.58,30.97,2018,2582,2018-01-01
"Henderson",-17.58,30.97,2018,2716,2018-02-01
"Henderson",-17.58,30.97,2018,643,2018-04-01
"Henderson",-17.58,30.97,2018,0,2018-05-01
"Henderson",-17.58,30.97,2018,0,2018-06-01
"Henderson",-17.58,30.97,2018,0,2018-07-01
"Henderson",-17.58,30.97,2018,99,2018-10-01
"Henderson",-17.58,30.97,2018,787,2018-11-01
"Henderson",-17.58,30.97,2018,999,2018-12-01
"Henderson",-17.58,30.97,2020,1672,2020-01-01
"Henderson",-17.58,30.97,2020,1127,2020-02-01
"Henderson",-17.58,30.97,2020,1998,2020-03-01
"Henderson",-17.58,30.97,2020,36,2020-04-01
"Henderson",-17.58,30.97,2020,113,2020-10-01
"Henderson",-17.58,30.97,2020,1171,2020-11-01
"Henderson",-17.58,30.97,2020,870,2020-12-01
"Henderson",-17.58,30.97,2019,1392,2019-01-01
"Henderson",-17.58,30.97,2019,40,2019-02-01
"Henderson",-17.58,30.97,2019,981,2019-03-01
"Henderson",-17.58,30.97,2019,351,2019-04-01
"Henderson",-17.58,30.97,2019,19,2019-10-01
"Henderson",-17.58,30.97,2019,492,2019-11-01
"Henderson",-17.58,30.97,2019,1616,2019-12-01
"Henderson",-17.58,30.97,2021,2238,2021-01-01
"Henderson",-17.58,30.97,2021,1362,2021-02-01
"Henderson",-17.58,30.97,2021,851,2021-03-01
"Henderson",-17.58,30.97,2021,432,2021-04-01
"Henderson",-17.58,30.97,2021,186,2021-10-01
"Henderson",-17.58,30.97,2021,760,2021-11-01
"Henderson",-17.58,30.97,2021,664,2021-12-01
"Henderson",-17.58,30.97,2023,3151,2023-01-01
"Henderson",-17.58,30.97,2023,1282,2023-02-01
"Henderson",-17.58,30.97,2023,1038,2023-03-01
"Henderson",-17.58,30.97,2023,587,2023-04-01
"Henderson",-17.58,30.97,2023,647,2023-10-01
"Henderson",-17.58,30.97,2023,76,2023-11-01
"Henderson",-17.58,30.97,2023,1972,2023-12-01
"Henderson",-17.58,30.97,2022,593,2022-01-01
"Henderson",-17.58,30.97,2022,383,2022-02-01
"Henderson",-17.58,30.97,2022,66,2022-03-01
"Henderson",-17.58,30.97,2022,46,2022-04-01
"Henderson",-17.58,30.97,2022,287,2022-10-01
"Henderson",-17.58,30.97,2022,416,2022-11-01
"Henderson",-17.58,30.97,2022,1775,2022-12-01
"Henderson",-17.58,30.97,2024,3355,2024-01-01
"Henderson",-17.58,30.97,2024,2227,2024-02-01
"Henderson",-17.58,30.97,2024,1006,2024-03-01
"Henderson",-17.58,30.97,2024,306,2024-04-01
"Home Park",-18.1,31.45,2017,1020,2017-01-01
"Home Park",-18.1,31.45,2017,3020,2017-02-01
"Home Park",-18.1,31.45,2017,480,2017-03-01
"Home Park",-18.1,31.45,2017,550,2017-04-01
"Home Park",-18.1,31.45,2017,30,2017-05-01
"Home Park",-18.1,31.45,2017,0,2017-06-01
"Home Park",-18.1,31.45,2017,0,2017-07-01
"Home Park",-18.1,31.45,2017,30,2017-08-01
"Home Park",-18.1,31.45,2017,0,2017-09-01
"Home Park",-18.1,31.45,2017,820,2017-10-01
"Home Park",-18.1,31.45,2017,480,2017-11-01
"Home Park",-18.1,31.45,2017,1940,2017-12-01
"Home Park",-18.1,31.45,2018,2760,2018-01-01
"Home Park",-18.1,31.45,2018,3080,2018-02-01
"Home Park",-18.1,31.45,2018,1220,2018-03-01
"Home Park",-18.1,31.45,2018,1160,2018-04-01
"Home Park",-18.1,31.45,2018,50,2018-05-01
"Home Park",-18.1,31.45,2018,110,2018-06-01
"Home Park",-18.1,31.45,2018,0,2018-07-01
"Home Park",-18.1,31.45,2018,0,2018-08-01
"Home Park",-18.1,31.45,2018,0,2018-09-01
"Home Park",-18.1,31.45,2018,50,2018-10-01
"Home Park",-18.1,31.45,2018,770,2018-11-01
"Home Park",-18.1,31.45,2018,830,2018-12-01
"Home Park",-18.1,31.45,2020,1370,2020-01-01
"Home Park",-18.1,31.45,2020,900,2020-02-01
"Home Park",-18.1,31.45,2020,400,2020-03-01
"Home Park",-18.1,31.45,2020,0,2020-04-01
"Home Park",-18.1,31.45,2020,40,2020-05-01
"Home Park",-18.1,31.45,2020,0,2020-06-01
"Hope Fountain",-20.16,28.39,2017,980,2017-01-01
"Hope Fountain",-20.16,28.39,2017,1710,2017-02-01
"Hope Fountain",-20.16,28.39,2017,300,2017-03-01
"Hope Fountain",-20.16,28.39,2017,260,2017-04-01
"Hope Fountain",-20.16,28.39,2017,0,2017-05-01
"Hope Fountain",-20.16,28.39,2017,30,2017-06-01
"Hope Fountain",-20.16,28.39,2017,0,2017-07-01
"Hope Fountain",-20.16,28.39,2017,0,2017-08-01
"Hope Fountain",-20.16,28.39,2017,0,2017-09-01
"Hope Fountain",-20.16,28.39,2017,770,2017-10-01
"Hope Fountain",-20.16,28.39,2017,650,2017-11-01
"Hope Fountain",-20.16,28.39,2017,200,2017-12-01
"Hope Fountain",-20.16,28.39,2018,2180,2018-01-01
"Hope Fountain",-20.16,28.39,2018,860,2018-02-01
"Hope Fountain",-20.16,28.39,2018,350,2018-03-01
"Hope Fountain",-20.16,28.39,2018,360,2018-04-01
"Hope Fountain",-20.16,28.39,2018,0,2018-05-01
"Hope Fountain",-20.16,28.39,2018,0,2018-06-01
"Hope Fountain",-20.16,28.39,2018,0,2018-07-01
"Hope Fountain",-20.16,28.39,2018,0,2018-08-01
"Hope Fountain",-20.16,28.39,2018,0,2018-09-01
"Hope Fountain",-20.16,28.39,2018,860,2018-10-01
"Hope Fountain",-20.16,28.39,2018,140,2018-11-01
"Hope Fountain",-20.16,28.39,2018,1710,2018-12-01
"Hope Fountain",-20.16,28.39,2020,410,2020-01-01
"Hope Fountain",-20.16,28.39,2020,1790,2020-02-01
"Hope Fountain",-20.16,28.39,2020,1770,2020-03-01
"Hope Fountain",-20.16,28.39,2020,0,2020-04-01
"Hope Fountain",-20.16,28.39,2020,0,2020-05-01
"Hope Fountain",-20.16,28.39,2020,0,2020-06-01
"Hwange",-18.21,26.29,2017,1650,2017-01-01
"Hwange",-18.21,26.29,2017,1010,2017-02-01
"Hwange",-18.21,26.29,2017,250,2017-03-01
"Hwange",-18.21,26.29,2017,500,2017-04-01
"Hwange",-18.21,26.29,2017,0,2017-05-01
"Hwange",-18.21,26.29,2017,0,2017-06-01
"Hwange",-18.21,26.29,2017,0,2017-07-01
"Hwange",-18.21,26.29,2017,0,2017-08-01
"Hwange",-18.21,26.29,2017,0,2017-09-01
"Hwange",-18.21,26.29,2017,200,2017-10-01
"Hwange",-18.21,26.29,2017,530,2017-11-01
"Hwange",-18.21,26.29,2017,620,2017-12-01
"Hwange",-18.21,26.29,2018,1740,2018-01-01
"Hwange",-18.21,26.29,2018,1580,2018-02-01
"Hwange",-18.21,26.29,2018,340,2018-03-01
"Hwange",-18.21,26.29,2018,450,2018-04-01
"Hwange",-18.21,26.29,2018,0,2018-05-01
"Hwange",-18.21,26.29,2018,0,2018-06-01
"Hwange",-18.21,26.29,2018,0,2018-07-01
"Hwange",-18.21,26.29,2018,0,2018-08-01
"Hwange",-18.21,26.29,2018,0,2018-09-01
"Hwange",-18.21,26.29,2018,0,2018-10-01
"Hwange",-18.21,26.29,2018,230,2018-11-01
"Hwange",-18.21,26.29,2018,350,2018-12-01
"Hwange",-18.21,26.29,2020,1740,2020-01-01
"Hwange",-18.21,26.29,2020,750,2020-02-01
"Hwange",-18.21,26.29,2020,590,2020-03-01
"Hwange",-18.21,26.29,2020,0,2020-04-01
"Hwange",-18.21,26.29,2020,0,2020-05-01
"Hwange",-18.21,26.29,2020,0,2020-06-01
"Hwange",-18.21,26.29,2020,0,2020-07-01
"Hwange",-18.21,26.29,2020,0,2020-08-01
"Hwange",-18.21,26.29,2020,0,2020-09-01
"Hwange",-18.21,26.29,2020,380,2020-10-01
"Hwange",-18.21,26.29,2020,330,2020-11-01
"Hwange",-18.21,26.29,2020,2740,2020-12-01
"Hwange",-18.21,26.29,2019,1000,2019-01-01
"Hwange",-18.21,26.29,2019,200,2019-02-01
"Hwange",-18.21,26.29,2019,810,2019-03-01
"Hwange",-18.21,26.29,2019,200,2019-04-01
"Hwange",-18.21,26.29,2019,0,2019-05-01
"Hwange",-18.21,26.29,2019,0,2019-06-01
"Hwange",-18.21,26.29,2019,0,2019-07-01
"Hwange",-18.21,26.29,2019,0,2019-08-01
"Hwange",-18.21,26.29,2019,0,2019-09-01
"Hwange",-18.21,26.29,2019,410,2019-10-01
"Hwange",-18.21,26.29,2019,360,2019-11-01
"Hwange",-18.21,26.29,2019,1350,2019-12-01
"Hwange",-18.21,26.29,2021,1020,2021-01-01
"Hwange",-18.21,26.29,2021,1410,2021-02-01
"Hwange",-18.21,26.29,2021,710,2021-03-01
"Hwange",-18.21,26.29,2021,130,2021-04-01
"Hwange",-18.21,26.29,2021,0,2021-05-01
"Hwange",-18.21,26.29,2021,0,2021-06-01
"Hwange",-18.21,26.29,2021,30,2021-07-01
"Hwange",-18.21,26.29,2021,0,2021-08-01
"Hwange",-18.21,26.29,2021,70,2021-09-01
"Hwange",-18.21,26.29,2021,90,2021-10-01
"Hwange",-18.21,26.29,2021,1760,2021-11-01
"Hwange",-18.21,26.29,2021,400,2021-12-01
"Hwange",-18.21,26.29,2023,1080,2023-01-01
"Hwange",-18.21,26.29,2023,1120,2023-02-01
"Hwange",-18.21,26.29,2023,0,2023-03-01
"Hwange",-18.21,26.29,2023,30,2023-04-01
"Hwange",-18.21,26.29,2023,0,2023-05-01
"Hwange",-18.21,26.29,2023,0,2023-06-01
"Hwange",-18.21,26.29,2023,0,2023-07-01
"Hwange",-18.21,26.29,2023,0,2023-08-01
"Hwange",-18.21,26.29,2023,0,2023-09-01
"Hwange",-18.21,26.29,2023,220,2023-10-01
"Hwange",-18.21,26.29,2023,290,2023-11-01
"Hwange",-18.21,26.29,2023,1050,2023-12-01
"Hwange",-18.21,26.29,2022,520,2022-01-01
"Hwange",-18.21,26.29,2022,790,2022-02-01
"Hwange",-18.21,26.29,2022,310,2022-03-01
"Hwange",-18.21,26.29,2022,0,2022-04-01
"Hwange",-18.21,26.29,2022,230,2022-05-01
"Hwange",-18.21,26.29,2022,0,2022-06-01
"Hwange",-18.21,26.29,2022,0,2022-07-01
"Hwange",-18.21,26.29,2022,0,2022-08-01
"Hwange",-18.21,26.29,2022,0,2022-09-01
"Hwange",-18.21,26.29,2022,10,2022-10-01
"Hwange",-18.21,26.29,2022,240,2022-11-01
"Hwange",-18.21,26.29,2022,1020,2022-12-01
"Hwange",-18.21,26.29,2024,2490,2024-01-01
"Hwange",-18.21,26.29,2024,0,2024-02-01
"Hwange",-18.21,26.29,2024,0,2024-03-01
"Hwange",-18.21,26.29,2024,0,2024-04-01
"Hwange",-18.21,26.29,2024,0,2024-05-01
"Hwange",-18.21,26.29,2024,0,2024-06-01
"Hwange",-18.21,26.29,2024,0,2024-07-01
"Hwange",-18.21,26.29,2024,0,2024-08-01
"Hwange",-18.21,26.29,2024,0,2024-09-01
"Hwange",-18.21,26.29,2024,0,2024-10-01
"Hwange",-18.21,26.29,2024,610,2024-11-01
"Hwange",-18.21,26.29,2024,680,2024-12-01
"Hwange",-18.21,26.29,2016,3430,2016-01-01
"Hwange",-18.37,26.48,2017,1821,2017-01-01
"Hwange",-18.37,26.48,2017,973,2017-02-01
"Hwange",-18.37,26.48,2017,571,2017-03-01
"Hwange",-18.37,26.48,2017,717,2017-04-01
"Hwange",-18.37,26.48,2017,0,2017-05-01
"Hwange",-18.37,26.48,2017,0,2017-06-01
"Hwange",-18.37,26.48,2018,39,2018-10-01
"Hwange",-18.37,26.48,2018,425,2018-11-01
"Hwange",-18.37,26.48,2018,559,2018-12-01
"Hwange",-18.37,26.48,2020,1242,2020-01-01
"Hwange",-18.37,26.48,2020,1118,2020-02-01
"Hwange",-18.37,26.48,2020,566,2020-03-01
"Hwange",-18.37,26.48,2020,0,2020-04-01
"Hwange",-18.37,26.48,2020,139,2020-10-01
"Hwange",-18.37,26.48,2020,848,2020-11-01
"Hwange",-18.37,26.48,2020,2480,2020-12-01
"Hwange",-18.37,26.48,2019,506,2019-01-01
"Hwange",-18.37,26.48,2019,165,2019-02-01
"Hwange",-18.37,26.48,2019,695,2019-03-01
"Hwange",-18.37,26.48,2019,80,2019-04-01
"Hwange",-18.37,26.48,2019,279,2019-10-01
"Hwange",-18.37,26.48,2019,934,2019-11-01
"Hwange",-18.37,26.48,2019,1290,2019-12-01
"Hwange",-18.37,26.48,2021,1628,2021-01-01
"Hwange",-18.37,26.48,2021,2827,2021-02-01
"Hwange",-18.37,26.48,2021,1063,2021-03-01
"Hwange",-18.37,26.48,2021,178,2021-04-01
"Hwange",-18.37,26.48,2021,15,2021-10-01
"Hwange",-18.37,26.48,2021,1730,2021-11-01
"Hwange",-18.37,26.48,2021,860,2021-12-01
"Hwange",-18.37,26.48,2023,2378,2023-01-01
"Hwange",-18.37,26.48,2023,695,2023-02-01
"Hwange",-18.37,26.48,2023,285,2023-03-01
"Hwange",-18.37,26.48,2023,40,2023-04-01
"Hwange",-18.37,26.48,2023,217,2023-10-01
"Hwange",-18.37,26.48,2023,293,2023-11-01
"Hwange",-18.37,26.48,2023,1054,2023-12-01
"Hwange",-18.37,26.48,2022,515,2022-01-01
"Hwange",-18.37,26.48,2022,785,2022-02-01
"Hwange",-18.37,26.48,2022,305,2022-03-01
"Hwange",-18.37,26.48,2022,0,2022-04-01
"Hwange",-18.37,26.48,2022,145,2022-10-01
"Hwange",-18.37,26.48,2022,350,2022-11-01
"Hwange",-18.37,26.48,2022,1188,2022-12-01
"Hwange",-18.37,26.48,2024,2646,2024-01-01
"Hwange",-18.37,26.48,2024,1719,2024-02-01
"Hwange",-18.37,26.48,2024,545,2024-03-01
"Hwange",-18.37,26.48,2024,0,2024-04-01
"Inyanga",-18.12,32.43,2017,1780,2017-01-01
"Inyanga",-18.12,32.43,2017,3750,2017-02-01
"Inyanga",-18.12,32.43,2017,840,2017-03-01
"Inyanga",-18.12,32.43,2017,580,2017-04-01
"Inyanga",-18.12,32.43,2017,50,2017-05-01
"Inyanga",-18.12,32.43,2017,180,2017-06-01
"Inyanga",-18.12,32.43,2017,30,2017-07-01
"Inyanga",-18.12,32.43,2017,120,2017-08-01
"Inyanga",-18.12,32.43,2017,0,2017-09-01
"Inyanga",-18.12,32.43,2017,830,2017-10-01
"Inyanga",-18.12,32.43,2017,900,2017-11-01
"Inyanga",-18.12,32.43,2017,4910,2017-12-01
"Inyanga",-18.12,32.43,2018,3830,2018-01-01
"Inyanga",-18.12,32.43,2018,1680,2018-02-01
"Inyanga",-18.12,32.43,2018,1350,2018-03-01
"Inyanga",-18.12,32.43,2018,1640,2018-04-01
"Inyanga",-18.12,32.43,2018,350,2018-05-01
"Inyanga",-18.12,32.43,2018,290,2018-06-01
"Inyanga",-18.12,32.43,2018,20,2018-07-01
"Inyanga",-18.12,32.43,2018,270,2018-08-01
"Inyanga",-18.12,32.43,2018,30,2018-09-01
"Inyanga",-18.12,32.43,2018,30,2018-10-01
"Inyanga",-18.12,32.43,2018,1770,2018-11-01
"Inyanga",-18.12,32.43,2018,1810,2018-12-01
"Inyanga",-18.12,32.43,2020,2000,2020-01-01
"Inyanga",-18.12,32.43,2020,1400,2020-02-01
"Inyanga",-18.12,32.43,2020,1520,2020-03-01
"Inyanga",-18.12,32.43,2020,130,2020-04-01
"Inyanga",-18.12,32.43,2020,60,2020-05-01
"Inyanga",-18.12,32.43,2020,20,2020-06-01
"Inyanga Downs",-18.2,32.9,2017,3247,2017-01-01
"Inyanga Downs",-18.2,32.9,2017,4844,2017-02-01
"Inyanga Downs",-18.2,32.9,2017,424,2017-03-01
"Inyanga Downs",-18.2,32.9,2017,840,2017-04-01
"Inyanga Downs",-18.2,32.9,2017,148,2017-05-01
"Inyanga Downs",-18.2,32.9,2017,0,2017-06-01
"Inyati",-19.41,28.51,2017,870,2017-01-01
"Inyati",-19.41,28.51,2017,1550,2017-02-01
"Inyati",-19.41,28.51,2017,440,2017-03-01
"Inyati",-19.41,28.51,2017,770,2017-04-01
"Inyati",-19.41,28.51,2017,0,2017-05-01
"Inyati",-19.41,28.51,2017,50,2017-06-01
"Inyati",-19.41,28.51,2017,0,2017-07-01
"Inyati",-19.41,28.51,2017,90,2017-08-01
"Inyati",-19.41,28.51,2017,0,2017-09-01
"Inyati",-19.41,28.51,2017,480,2017-10-01
"Inyati",-19.41,28.51,2017,1530,2017-11-01
"Inyati",-19.41,28.51,2017,410,2017-12-01
"Inyati",-19.41,28.51,2018,1620,2018-01-01
"Inyati",-19.41,28.51,2018,630,2018-02-01
"Inyati",-19.41,28.51,2018,200,2018-03-01
"Inyati",-19.41,28.51,2018,130,2018-04-01
"Inyati",-19.41,28.51,2018,110,2018-05-01
"Inyati",-19.41,28.51,2018,0,2018-06-01
"Inyati",-19.41,28.51,2018,0,2018-07-01
"Inyati",-19.41,28.51,2018,0,2018-08-01
"Inyati",-19.41,28.51,2018,0,2018-09-01
"Inyati",-19.41,28.51,2018,200,2018-10-01
"Inyati",-19.41,28.51,2018,270,2018-11-01
"Inyati",-19.41,28.51,2018,1570,2018-12-01
"Inyati",-19.41,28.51,2020,1110,2020-01-01
"Inyati",-19.41,28.51,2020,1460,2020-02-01
"Inyati",-19.41,28.51,2020,2230,2020-03-01
"Inyati",-19.41,28.51,2020,0,2020-04-01
"Inyati",-19.41,28.51,2020,0,2020-05-01
"Inyati",-19.41,28.51,2020,0,2020-06-01
"Inyati",-19.41,28.51,2020,0,2020-07-01
"Inyati",-19.41,28.51,2020,0,2020-08-01
"Inyati",-19.41,28.51,2020,0,2020-09-01
"Inyati",-19.41,28.51,2020,540,2020-10-01
"Inyati",-19.41,28.51,2020,430,2020-11-01
"Inyati",-19.41,28.51,2020,890,2020-12-01
"Inyati",-19.41,28.51,2019,1430,2019-01-01
"Inyati",-19.41,28.51,2019,0,2019-02-01
"Inyati",-19.41,28.51,2019,610,2019-03-01
"Inyati",-19.41,28.51,2019,150,2019-04-01
"Inyati",-19.41,28.51,2019,0,2019-05-01
"Inyati",-19.41,28.51,2019,0,2019-06-01
"Inyati",-19.41,28.51,2019,0,2019-07-01
"Inyati",-19.41,28.51,2019,0,2019-08-01
"Inyati",-19.41,28.51,2019,0,2019-09-01
"Inyati",-19.41,28.51,2019,150,2019-10-01
"Inyati",-19.41,28.51,2019,360,2019-11-01
"Inyati",-19.41,28.51,2019,1300,2019-12-01
"Inyati",-19.41,28.51,2021,730,2021-01-01
"Inyati",-19.41,28.51,2021,1190,2021-02-01
"Inyati",-19.41,28.51,2021,430,2021-03-01
"Inyati",-19.41,28.51,2021,270,2021-04-01
"Inyati",-19.41,28.51,2021,0,2021-05-01
"Inyati",-19.41,28.51,2021,0,2021-06-01
"Inyati",-19.41,28.51,2021,0,2021-07-01
"Inyati",-19.41,28.51,2021,0,2021-08-01
"Inyati",-19.41,28.51,2021,220,2021-09-01
"Inyati",-19.41,28.51,2021,0,2021-10-01
"Inyati",-19.41,28.51,2021,1890,2021-11-01
"Inyati",-19.41,28.51,2021,0,2021-12-01
"Inyati",-19.41,28.51,2023,980,2023-01-01
"Inyati",-19.41,28.51,2023,570,2023-02-01
"Inyati",-19.41,28.51,2023,0,2023-03-01
"Inyati",-19.41,28.51,2023,0,2023-04-01
"Inyati",-19.41,28.51,2023,0,2023-05-01
"Inyati",-19.41,28.51,2023,0,2023-06-01
"Inyati",-19.41,28.51,2023,0,2023-07-01
"Inyati",-19.41,28.51,2023,0,2023-08-01
"Inyati",-19.41,28.51,2023,0,2023-09-01
"Inyati",-19.41,28.51,2023,690,2023-10-01
"Inyati",-19.41,28.51,2023,130,2023-11-01
"Inyati",-19.41,28.51,2023,1430,2023-12-01
"Inyati",-19.41,28.51,2022,480,2022-01-01
"Inyati",-19.41,28.51,2022,770,2022-02-01
"Inyati",-19.41,28.51,2022,170,2022-03-01
"Inyati",-19.41,28.51,2022,460,2022-04-01
"Inyati",-19.41,28.51,2022,80,2022-05-01
"Inyati",-19.41,28.51,2022,0,2022-06-01
"Inyati",-19.41,28.51,2022,0,2022-07-01
"Inyati",-19.41,28.51,2022,0,2022-08-01
"Inyati",-19.41,28.51,2022,0,2022-09-01
"Inyati",-19.41,28.51,2022,0,2022-10-01
"Inyati",-19.41,28.51,2022,860,2022-11-01
"Inyati",-19.41,28.51,2022,1830,2022-12-01
"Inyati",-19.41,28.51,2024,3120,2024-01-01
"Inyati",-19.41,28.51,2024,0,2024-02-01
"Inyati",-19.41,28.51,2024,0,2024-03-01
"Inyati",-19.41,28.51,2024,0,2024-04-01
"Inyati",-19.41,28.51,2024,0,2024-05-01
"Inyati",-19.41,28.51,2024,0,2024-06-01
"Inyati",-19.41,28.51,2024,0,2024-07-01
"Inyati",-19.41,28.51,2024,0,2024-08-01
"Inyati",-19.41,28.51,2024,0,2024-09-01
"Inyati",-19.41,28.51,2024,10,2024-10-01
"Inyati",-19.41,28.51,2024,990,2024-11-01
"Inyati",-19.41,28.51,2024,1150,2024-12-01
"Inyati",-19.41,28.51,2016,2240,2016-01-01
"Kadoma",-18.32,29.88,2017,1814,2017-01-01
"Kadoma",-18.32,29.88,2017,2096,2017-02-01
"Kadoma",-18.32,29.88,2017,408,2017-03-01
"Kadoma",-18.32,29.88,2017,117,2017-04-01
"Kadoma",-18.32,29.88,2017,50,2017-05-01
"Kadoma",-18.32,29.88,2017,0,2017-06-01
"Kadoma",-18.32,29.88,2017,0,2017-07-01
"Kadoma",-18.32,29.88,2017,56,2017-08-01
"Kadoma",-18.32,29.88,2017,0,2017-09-01
"Kadoma",-18.32,29.88,2017,567,2017-10-01
"Kadoma",-18.32,29.88,2017,935,2017-11-01
"Kadoma",-18.32,29.88,2017,527,2017-12-01
"Kadoma",-18.32,29.88,2018,3874,2018-01-01
"Kadoma",-18.32,29.88,2018,1950,2018-02-01
"Kadoma",-18.32,29.88,2018,684,2018-04-01
"Kadoma",-18.32,29.88,2018,0,2018-05-01
"Kadoma",-18.32,29.88,2018,9,2018-06-01
"Kadoma",-18.32,29.88,2018,0,2018-07-01
"Kadoma",-18.32,29.88,2018,95,2018-10-01
"Kadoma",-18.32,29.88,2018,631,2018-11-01
"Kadoma",-18.32,29.88,2018,1076,2018-12-01
"Kadoma",-18.32,29.88,2020,2028,2020-01-01
"Kadoma",-18.32,29.88,2020,1035,2020-02-01
"Kadoma",-18.32,29.88,2020,1786,2020-03-01
"Kadoma",-18.32,29.88,2020,29,2020-04-01
"Kadoma",-18.32,29.88,2020,788,2020-10-01
"Kadoma",-18.32,29.88,2020,552,2020-11-01
"Kadoma",-18.32,29.88,2020,2113,2020-12-01
"Kadoma",-18.32,29.88,2019,1007,2019-01-01
"Kadoma",-18.32,29.88,2019,36,2019-02-01
"Kadoma",-18.32,29.88,2019,1259,2019-03-01
"Kadoma",-18.32,29.88,2019,165,2019-04-01
"Kadoma",-18.32,29.88,2019,32,2019-10-01
"Kadoma",-18.32,29.88,2019,699,2019-11-01
"Kadoma",-18.32,29.88,2019,1259,2019-12-01
"Kadoma",-18.32,29.88,2021,1284,2021-01-01
"Kadoma",-18.32,29.88,2021,2151,2021-02-01
"Kadoma",-18.32,29.88,2021,563,2021-03-01
"Kadoma",-18.32,29.88,2021,333,2021-04-01
"Kadoma",-18.32,29.88,2021,54,2021-10-01
"Kadoma",-18.32,29.88,2021,1151,2021-11-01
"Kadoma",-18.32,29.88,2021,878,2021-12-01
"Kadoma",-18.32,29.88,2023,1612,2023-01-01
"Kadoma",-18.32,29.88,2023,528,2023-02-01
"Kadoma",-18.32,29.88,2023,97,2023-03-01
"Kadoma",-18.32,29.88,2023,10,2023-04-01
"Kadoma",-18.32,29.88,2023,619,2023-10-01
"Kadoma",-18.32,29.88,2023,170,2023-11-01
"Kadoma",-18.32,29.88,2023,2370,2023-12-01
"Kadoma",-18.32,29.88,2022,901,2022-01-01
"Kadoma",-18.32,29.88,2022,85,2022-02-01
"Kadoma",-18.32,29.88,2022,184,2022-03-01
"Kadoma",-18.32,29.88,2022,189,2022-04-01
"Kadoma",-18.32,29.88,2022,413,2022-10-01
"Kadoma",-18.32,29.88,2022,417,2022-11-01
"Kadoma",-18.32,29.88,2022,1780,2022-12-01
"Kadoma",-18.32,29.88,2024,1833,2024-01-01
"Kadoma",-18.32,29.88,2024,598,2024-02-01
"Kadoma",-18.32,29.88,2024,98,2024-03-01
"Kadoma",-18.32,29.88,2024,76,2024-04-01
"Kanyemba",-15.67,30.37,2017,1570,2017-01-01
"Kanyemba",-15.67,30.37,2017,5501,2017-02-01
"Kanyemba",-15.67,30.37,2017,1842,2017-03-01
"Kanyemba",-15.67,30.37,2017,0,2017-04-01
"Kanyemba",-15.67,30.37,2017,0,2017-05-01
"Kanyemba",-15.67,30.37,2017,0,2017-06-01
"Kanyemba",-15.67,30.37,2018,45,2018-04-01
"Kanyemba",-15.67,30.37,2018,0,2018-05-01
"Kanyemba",-15.67,30.37,2018,0,2018-06-01
"Kanyemba",-15.67,30.37,2018,0,2018-07-01
"Kanyemba",-15.67,30.37,2018,72,2018-10-01
"Kanyemba",-15.67,30.37,2018,269,2018-11-01
"Kanyemba",-15.67,30.37,2018,1332,2018-12-01
"Kanyemba",-15.67,30.37,2020,1509,2020-01-01
"Kanyemba",-15.67,30.37,2020,697,2020-02-01
"Kanyemba",-15.67,30.37,2020,298,2020-03-01
"Kanyemba",-15.67,30.37,2020,60,2020-04-01
"Kanyemba",-15.67,30.37,2020,0,2020-10-01
"Kanyemba",-15.67,30.37,2020,308,2020-11-01
"Kanyemba",-15.67,30.37,2020,960,2020-12-01
"Kanyemba",-15.67,30.37,2019,2067,2019-01-01
"Kanyemba",-15.67,30.37,2019,111,2019-02-01
"Kanyemba",-15.67,30.37,2019,280,2019-03-01
"Kanyemba",-15.67,30.37,2019,0,2019-04-01
"Kanyemba",-15.67,30.37,2019,0,2019-10-01
"Kanyemba",-15.67,30.37,2019,542,2019-11-01
"Kanyemba",-15.67,30.37,2019,2715,2019-12-01
"Kanyemba",-15.67,30.37,2021,2196,2021-01-01
"Kanyemba",-15.67,30.37,2021,1212,2021-02-01
"Kanyemba",-15.67,30.37,2021,312,2021-03-01
"Kanyemba",-15.67,30.37,2021,408,2021-04-01
"Kanyemba",-15.67,30.37,2021,0,2021-10-01
"Kanyemba",-15.67,30.37,2021,1550,2021-11-01
"Kanyemba",-15.67,30.37,2021,386,2021-12-01
"Kanyemba",-15.67,30.37,2023,2100,2023-01-01
"Kanyemba",-15.67,30.37,2023,1112,2023-02-01
"Kanyemba",-15.67,30.37,2023,6,2023-03-01
"Kanyemba",-15.67,30.37,2023,0,2023-04-01
"Kanyemba",-15.67,30.37,2023,723,2023-10-01
"Kanyemba",-15.67,30.37,2023,49,2023-11-01
"Kanyemba",-15.67,30.37,2023,1664,2023-12-01
"Kanyemba",-15.67,30.37,2022,889,2022-01-01
"Kanyemba",-15.67,30.37,2022,1798,2022-02-01
"Kanyemba",-15.67,30.37,2022,56,2022-03-01
"Kanyemba",-15.67,30.37,2022,0,2022-04-01
"Kanyemba",-15.67,30.37,2022,30,2022-10-01
"Kanyemba",-15.67,30.37,2022,219,2022-11-01
"Kanyemba",-15.67,30.37,2022,1973,2022-12-01
"Kanyemba",-15.67,30.37,2024,1293,2024-01-01
"Kanyemba",-15.67,30.37,2024,1213,2024-02-01
"Kanyemba",-15.67,30.37,2024,466,2024-03-01
"Kanyemba",-15.67,30.37,2024,22,2024-04-01
"Kariba",-16.517,28.883,2017,2662,2017-01-01
"Kariba",-16.517,28.883,2017,2611,2017-02-01
"Kariba",-16.517,28.883,2017,991,2017-03-01
"Kariba",-16.517,28.883,2017,45,2017-04-01
"Kariba",-16.517,28.883,2017,0,2017-05-01
"Kariba",-16.517,28.883,2017,0,2017-06-01
"Kariba",-16.517,28.883,2017,0,2017-07-01
"Kariba",-16.517,28.883,2017,0,2017-08-01
"Kariba",-16.517,28.883,2017,0,2017-09-01
"Kariba",-16.517,28.883,2017,67,2017-10-01
"Kariba",-16.517,28.883,2017,141,2017-11-01
"Kariba",-16.517,28.883,2017,1271,2017-12-01
"Kariba",-16.517,28.883,2018,1225,2018-01-01
"Kariba",-16.517,28.883,2018,1640,2018-02-01
"Kariba",-16.52,28.76,2018,226,2018-04-01
"Kariba",-16.52,28.76,2018,5,2018-05-01
"Kariba",-16.52,28.76,2018,0,2018-06-01
"Kariba",-16.52,28.76,2018,0,2018-07-01
"Kariba",-16.52,28.76,2018,0,2018-08-01
"Kariba",-16.52,28.76,2018,0,2018-09-01
"Kariba",-16.52,28.76,2018,326,2018-10-01
"Kariba",-16.52,28.76,2018,474,2018-11-01
"Kariba",-16.52,28.76,2018,1698,2018-12-01
"Kariba",-16.52,28.76,2020,1212,2020-01-01
"Kariba",-16.52,28.76,2020,1002,2020-02-01
"Kariba",-16.52,28.76,2020,695,2020-03-01
"Kariba",-16.52,28.76,2020,0,2020-04-01
"Kariba",-16.52,28.76,2020,347,2020-10-01
"Kariba",-16.52,28.76,2020,596,2020-11-01
"Kariba",-16.52,28.76,2020,951,2020-12-01
"Kariba",-16.52,28.76,2019,1491,2019-01-01
"Kariba",-16.52,28.76,2019,179,2019-02-01
"Kariba",-16.52,28.76,2019,1195,2019-03-01
"Kariba",-16.52,28.76,2019,27,2019-04-01
"Kariba",-16.52,28.76,2019,0,2019-10-01
"Kariba",-16.52,28.76,2019,645,2019-11-01
"Kariba",-16.52,28.76,2019,2264,2019-12-01
"Kariba",-16.52,28.76,2021,867,2021-01-01
"Kariba",-16.52,28.76,2021,1269,2021-02-01
"Kariba",-16.52,28.76,2021,1005,2021-03-01
"Kariba",-16.52,28.76,2021,189,2021-04-01
"Kariba",-16.52,28.76,2021,5,2021-10-01
"Kariba",-16.52,28.76,2021,819,2021-11-01
"Kariba",-16.52,28.76,2021,1074,2021-12-01
"Kariba",-16.52,28.76,2023,2903,2023-01-01
"Kariba",-16.52,28.76,2023,857,2023-02-01
"Kariba",-16.52,28.76,2023,170,2023-03-01
"Kariba",-16.52,28.76,2023,97,2023-04-01
"Kariba",-16.52,28.76,2023,186,2023-10-01
"Kariba",-16.52,28.76,2023,120,2023-11-01
"Kariba",-16.52,28.76,2023,705,2023-12-01
"Kariba",-16.52,28.76,2022,605,2022-01-01
"Kariba",-16.52,28.76,2022,454,2022-02-01
"Kariba",-16.52,28.76,2022,478,2022-03-01
"Kariba",-16.52,28.76,2022,178,2022-04-01
"Kariba",-16.52,28.76,2022,185,2022-10-01
"Kariba",-16.52,28.76,2022,348,2022-11-01
"Kariba",-16.52,28.76,2022,867,2022-12-01
"Kariba",-16.52,28.76,2024,2807,2024-01-01
"Kariba",-16.52,28.76,2024,1824,2024-02-01
"Kariba",-16.52,28.76,2024,288,2024-03-01
"Kariba",-16.52,28.76,2024,244,2024-04-01
"Karoi",-16.833,29.617,2017,3298,2017-01-01
"Karoi",-16.833,29.617,2017,4276,2017-02-01
"Karoi",-16.833,29.617,2017,1895,2017-03-01
"Karoi",-16.833,29.617,2017,162,2017-04-01
"Karoi",-16.833,29.617,2017,235,2017-05-01
"Karoi",-16.833,29.617,2017,0,2017-06-01
"Karoi",-16.833,29.617,2017,0,2017-07-01
"Karoi",-16.833,29.617,2017,28,2017-08-01
"Karoi",-16.833,29.617,2017,0,2017-09-01
"Karoi",-16.833,29.617,2017,34,2017-10-01
"Karoi",-16.833,29.617,2017,119,2017-11-01
"Karoi",-16.833,29.617,2017,2292,2017-12-01
"Karoi",-16.833,29.617,2018,2227,2018-01-01
"Karoi",-16.833,29.617,2018,3262,2018-02-01
"Karoi",-16.83,29.62,2018,451,2018-04-01
"Karoi",-16.83,29.62,2018,10,2018-05-01
"Karoi",-16.83,29.62,2018,0,2018-06-01
"Karoi",-16.83,29.62,2018,0,2018-07-01
"Karoi",-16.83,29.62,2018,0,2018-08-01
"Karoi",-16.83,29.62,2018,22,2018-09-01
"Karoi",-16.83,29.62,2018,44,2018-10-01
"Karoi",-16.83,29.62,2018,1609,2018-11-01
"Karoi",-16.83,29.62,2018,1260,2018-12-01
"Karoi",-16.83,29.62,2020,925,2020-01-01
"Karoi",-16.83,29.62,2020,1759,2020-02-01
"Karoi",-16.83,29.62,2020,1634,2020-03-01
"Karoi",-16.83,29.62,2020,1,2020-04-01
"Karoi",-16.83,29.62,2020,287,2020-10-01
"Karoi",-16.83,29.62,2020,559,2020-11-01
"Karoi",-16.83,29.62,2020,759,2020-12-01
"Karoi",-16.83,29.62,2019,1350,2019-01-01
"Karoi",-16.83,29.62,2019,774,2019-02-01
"Karoi",-16.83,29.62,2019,861,2019-03-01
"Karoi",-16.83,29.62,2019,323,2019-04-01
"Karoi",-16.83,29.62,2019,11,2019-10-01
"Karoi",-16.83,29.62,2019,552,2019-11-01
"Karoi",-16.83,29.62,2019,2085,2019-12-01
"Karoi",-16.83,29.62,2021,2205,2021-01-01
"Karoi",-16.83,29.62,2021,2403,2021-02-01
"Karoi",-16.83,29.62,2021,1865,2021-03-01
"Karoi",-16.83,29.62,2021,159,2021-04-01
"Karoi",-16.83,29.62,2021,224,2021-10-01
"Karoi",-16.83,29.62,2021,1875,2021-11-01
"Karoi",-16.83,29.62,2021,873,2021-12-01
"Karoi",-16.83,29.62,2023,2377,2023-01-01
"Karoi",-16.83,29.62,2023,1201,2023-02-01
"Karoi",-16.83,29.62,2023,687,2023-03-01
"Karoi",-16.83,29.62,2023,605,2023-04-01
"Karoi",-16.83,29.62,2023,437,2023-10-01
"Karoi",-16.83,29.62,2023,414,2023-11-01
"Karoi",-16.83,29.62,2023,1067,2023-12-01
"Karoi",-16.83,29.62,2022,676,2022-01-01
"Karoi",-16.83,29.62,2022,1560,2022-02-01
"Karoi",-16.83,29.62,2022,291,2022-03-01
"Karoi",-16.83,29.62,2022,5,2022-04-01
"Karoi",-16.83,29.62,2022,117,2022-10-01
"Karoi",-16.83,29.62,2022,750,2022-11-01
"Karoi",-16.83,29.62,2022,1482,2022-12-01
"Karoi",-16.83,29.62,2024,2489,2024-01-01
"Karoi",-16.83,29.62,2024,1535,2024-02-01
"Karoi",-16.83,29.62,2024,966,2024-03-01
"Karoi",-16.83,29.62,2024,128,2024-04-01
"Karoi",-16.83,29.62,2024,380,2024-05-01
"Karoi",-16.83,29.62,2024,0,2024-06-01
"Karoi",-16.83,29.62,2024,2,2024-07-01
"Karoi",-16.83,29.62,2024,0,2024-08-01
"Karoi",-16.83,29.62,2024,60,2024-09-01
"Karoi",-16.83,29.62,2024,0,2024-10-01
"Karoi",-16.83,29.62,2024,491,2024-11-01
"Kezi",-20.56,28.28,2017,850,2017-01-01
"Kezi",-20.56,28.28,2017,850,2017-02-01
"Kezi",-20.56,28.28,2017,90,2017-03-01
"Kezi",-20.56,28.28,2017,260,2017-04-01
"Kezi",-20.56,28.28,2017,0,2017-05-01
"Kezi",-20.56,28.28,2017,60,2017-06-01
"Kezi",-20.56,28.28,2017,0,2017-07-01
"Kezi",-20.56,28.28,2017,20,2017-08-01
"Kezi",-20.56,28.28,2017,0,2017-09-01
"Kezi",-20.56,28.28,2017,230,2017-10-01
"Kezi",-20.56,28.28,2017,900,2017-11-01
"Kezi",-20.56,28.28,2017,300,2017-12-01
"Kezi",-20.56,28.28,2018,1030,2018-01-01
"Kezi",-20.56,28.28,2018,510,2018-02-01
"Kezi",-20.56,28.28,2018,280,2018-03-01
"Kezi",-20.56,28.28,2018,180,2018-04-01
"Kezi",-20.56,28.28,2018,30,2018-05-01
"Kezi",-20.56,28.28,2018,0,2018-06-01
"Kezi",-20.56,28.28,2018,0,2018-07-01
"Kezi",-20.56,28.28,2018,0,2018-08-01
"Kezi",-20.56,28.28,2018,0,2018-09-01
"Kezi",-20.56,28.28,2018,90,2018-10-01
"Kezi",-20.56,28.28,2018,230,2018-11-01
"Kezi",-20.56,28.28,2018,1450,2018-12-01
"Kezi",-20.56,28.28,2020,1450,2020-01-01
"Kezi",-20.56,28.28,2020,1150,2020-02-01
"Kezi",-20.56,28.28,2020,1580,2020-03-01
"Kezi",-20.56,28.28,2020,0,2020-04-01
"Kezi",-20.56,28.28,2020,0,2020-05-01
"Kezi",-20.56,28.28,2020,0,2020-06-01
"Kezi",-20.56,28.28,2020,0,2020-07-01
"Kezi",-20.56,28.28,2020,0,2020-08-01
"Kezi",-20.56,28.28,2020,0,2020-09-01
"Kezi",-20.56,28.28,2020,20,2020-10-01
"Kezi",-20.56,28.28,2020,390,2020-11-01
"Kezi",-20.56,28.28,2020,370,2020-12-01
"Kezi",-20.56,28.28,2019,710,2019-01-01
"Kezi",-20.56,28.28,2019,150,2019-02-01
"Kezi",-20.56,28.28,2019,300,2019-03-01
"Kezi",-20.56,28.28,2019,10,2019-04-01
"Kezi",-20.56,28.28,2019,390,2019-05-01
"Kezi",-20.56,28.28,2019,20,2019-06-01
"Kezi",-20.56,28.28,2019,0,2019-07-01
"Kezi",-20.56,28.28,2019,0,2019-08-01
"Kezi",-20.56,28.28,2019,0,2019-09-01
"Kezi",-20.56,28.28,2019,440,2019-10-01
"Kezi",-20.56,28.28,2019,260,2019-11-01
"Kezi",-20.56,28.28,2019,1880,2019-12-01
"Kezi",-20.56,28.28,2021,630,2021-01-01
"Kezi",-20.56,28.28,2021,1080,2021-02-01
"Kezi",-20.56,28.28,2021,10,2021-03-01
"Kezi",-20.56,28.28,2021,260,2021-04-01
"Kezi",-20.56,28.28,2021,0,2021-05-01
"Kezi",-20.56,28.28,2021,0,2021-06-01
"Kezi",-20.56,28.28,2021,180,2021-07-01
"Kezi",-20.56,28.28,2021,0,2021-08-01
"Kezi",-20.56,28.28,2021,70,2021-09-01
"Kezi",-20.56,28.28,2021,50,2021-10-01
"Kezi",-20.56,28.28,2021,2150,2021-11-01
"Kezi",-20.56,28.28,2021,1120,2021-12-01
"Kezi",-20.56,28.28,2023,330,2023-01-01
"Kezi",-20.56,28.28,2023,1090,2023-02-01
"Kezi",-20.56,28.28,2023,0,2023-03-01
"Kezi",-20.56,28.28,2023,0,2023-04-01
"Kezi",-20.56,28.28,2023,0,2023-05-01
"Kezi",-20.56,28.28,2023,0,2023-06-01
"Kezi",-20.56,28.28,2023,0,2023-07-01
"Kezi",-20.56,28.28,2023,0,2023-08-01
"Kezi",-20.56,28.28,2023,0,2023-09-01
"Kezi",-20.56,28.28,2023,600,2023-10-01
"Kezi",-20.56,28.28,2023,420,2023-11-01
"Kezi",-20.56,28.28,2023,470,2023-12-01
"Kezi",-20.56,28.28,2022,400,2022-01-01
"Kezi",-20.56,28.28,2022,1700,2022-02-01
"Kezi",-20.56,28.28,2022,1640,2022-03-01
"Kezi",-20.56,28.28,2022,100,2022-04-01
"Kezi",-20.56,28.28,2022,200,2022-05-01
"Kezi",-20.56,28.28,2022,0,2022-06-01
"Kezi",-20.56,28.28,2022,0,2022-07-01
"Kezi",-20.56,28.28,2022,0,2022-08-01
"Kezi",-20.56,28.28,2022,0,2022-09-01
"Kezi",-20.56,28.28,2022,0,2022-10-01
"Kezi",-20.56,28.28,2022,910,2022-11-01
"Kezi",-20.56,28.28,2022,1080,2022-12-01
"Kezi",-20.56,28.28,2024,3190,2024-01-01
"Kezi",-20.56,28.28,2024,0,2024-02-01
"Kezi",-20.56,28.28,2024,0,2024-03-01
"Kezi",-20.56,28.28,2024,0,2024-04-01
"Kezi",-20.56,28.28,2024,0,2024-05-01
"Kezi",-20.56,28.28,2024,0,2024-06-01
"Kezi",-20.56,28.28,2024,230,2024-07-01
"Kezi",-20.56,28.28,2024,0,2024-08-01
"Kezi",-20.56,28.28,2024,0,2024-09-01
"Kezi",-20.56,28.28,2024,100,2024-10-01
"Kezi",-20.56,28.28,2024,1580,2024-11-01
"Kezi",-20.56,28.28,2024,290,2024-12-01
"Kezi",-20.56,28.28,2016,1420,2016-01-01
"Khami Rail",-20.27,28.45,2017,650,2017-01-01
"Khami Rail",-20.27,28.45,2017,1580,2017-02-01
"Khami Rail",-20.27,28.45,2017,160,2017-03-01
"Khami Rail",-20.27,28.45,2017,220,2017-04-01
"Khami Rail",-20.27,28.45,2018,135,2018-10-01
"Khami Rail",-20.27,28.45,2018,240,2018-11-01
"Khami Rail",-20.27,28.45,2018,1290,2018-12-01
"Khami Rail",-20.27,28.45,2020,1202,2020-01-01
"Khami Rail",-20.27,28.45,2020,899,2020-02-01
"Khami Rail",-20.27,28.45,2020,2270,2020-03-01
"Khami Rail",-20.27,28.45,2020,0,2020-04-01
"Khami Rail",-20.27,28.45,2020,35,2020-10-01
"Khami Rail",-20.27,28.45,2020,780,2020-11-01
"Khami Rail",-20.27,28.45,2020,470,2020-12-01
"Khami Rail",-20.27,28.45,2019,768,2019-01-01
"Khami Rail",-20.27,28.45,2019,105,2019-02-01
"Khami Rail",-20.27,28.45,2019,820,2019-03-01
"Khami Rail",-20.27,28.45,2019,32,2019-04-01
"Khami Rail",-20.27,28.45,2019,300,2019-10-01
"Khami Rail",-20.27,28.45,2019,690,2019-11-01
"Khami Rail",-20.27,28.45,2019,2190,2019-12-01
"Khami Rail",-20.27,28.45,2021,1080,2021-01-01
"Khami Rail",-20.27,28.45,2021,1300,2021-02-01
"Khami Rail",-20.27,28.45,2021,760,2021-03-01
"Khami Rail",-20.27,28.45,2021,490,2021-04-01
"Khami Rail",-20.27,28.45,2021,0,2021-10-01
"Khami Rail",-20.27,28.45,2021,1530,2021-11-01
"Khami Rail",-20.27,28.45,2021,1066,2021-12-01
"Khami Rail",-20.27,28.45,2023,415,2023-01-01
"Khami Rail",-20.27,28.45,2023,430,2023-02-01
"Khami Rail",-20.27,28.45,2023,0,2023-03-01
"Khami Rail",-20.27,28.45,2023,0,2023-04-01
"Khami Rail",-20.27,28.45,2023,454,2023-10-01
"Khami Rail",-20.27,28.45,2023,320,2023-11-01
"Khami Rail",-20.27,28.45,2023,720,2023-12-01
"Khami Rail",-20.27,28.45,2022,1010,2022-01-01
"Khami Rail",-20.27,28.45,2022,1400,2022-02-01
"Khami Rail",-20.27,28.45,2022,1020,2022-03-01
"Khami Rail",-20.27,28.45,2022,300,2022-04-01
"Khami Rail",-20.27,28.45,2022,280,2022-10-01
"Khami Rail",-20.27,28.45,2022,1260,2022-11-01
"Khami Rail",-20.27,28.45,2022,1179,2022-12-01
"Khami Rail",-20.27,28.45,2024,2805,2024-01-01
"Khami Rail",-20.27,28.45,2024,1240,2024-02-01
"Khami Rail",-20.27,28.45,2024,225,2024-03-01
"Khami Rail",-20.27,28.45,2024,0,2024-04-01
"Kwekwe",-18.93,29.83,2017,1388,2017-01-01
"Kwekwe",-18.93,29.83,2017,1949,2017-02-01
"Kwekwe",-18.93,29.83,2017,101,2017-03-01
"Kwekwe",-18.93,29.83,2017,416,2017-04-01
"Kwekwe",-18.93,29.83,2017,0,2017-05-01
"Kwekwe",-18.93,29.83,2017,0,2017-06-01
"Kwekwe",-18.56,29.48,2017,0,2017-07-01
"Kwekwe",-18.56,29.48,2017,70,2017-08-01
"Kwekwe",-18.56,29.48,2017,0,2017-09-01
"Kwekwe",-18.56,29.48,2017,210,2017-10-01
"Kwekwe",-18.56,29.48,2017,920,2017-11-01
"Kwekwe",-18.56,29.48,2017,890,2017-12-01
"Kwekwe",-18.56,29.48,2018,3280,2018-01-01
"Kwekwe",-18.56,29.48,2018,1280,2018-02-01
"Kwekwe",-18.56,29.48,2018,220,2018-03-01
"Kwekwe",-18.93,29.83,2018,507,2018-04-01
"Kwekwe",-18.93,29.83,2018,61,2018-05-01
"Kwekwe",-18.93,29.83,2018,0,2018-06-01
"Kwekwe",-18.93,29.83,2018,0,2018-07-01
"Kwekwe",-18.93,29.83,2018,0,2018-08-01
"Kwekwe",-18.93,29.83,2018,3,2018-09-01
"Kwekwe",-18.93,29.83,2018,7,2018-10-01
"Kwekwe",-18.93,29.83,2018,320,2018-11-01
"Kwekwe",-18.93,29.83,2018,1458,2018-12-01
"Kwekwe",-18.93,29.83,2020,1771,2020-01-01
"Kwekwe",-18.93,29.83,2020,829,2020-02-01
"Kwekwe",-18.93,29.83,2020,1870,2020-03-01
"Kwekwe",-18.93,29.83,2020,0,2020-04-01
"Kwekwe",-18.56,29.48,2020,0,2020-05-01
"Kwekwe",-18.56,29.48,2020,0,2020-06-01
"Kwekwe",-18.93,29.83,2020,309,2020-10-01
"Kwekwe",-18.93,29.83,2020,442,2020-11-01
"Kwekwe",-18.93,29.83,2020,559,2020-12-01
"Kwekwe",-18.93,29.83,2019,1085,2019-01-01
"Kwekwe",-18.93,29.83,2019,24,2019-02-01
"Kwekwe",-18.93,29.83,2019,886,2019-03-01
"Kwekwe",-18.93,29.83,2019,140,2019-04-01
"Kwekwe",-18.93,29.83,2019,148,2019-10-01
"Kwekwe",-18.93,29.83,2019,694,2019-11-01
"Kwekwe",-18.93,29.83,2019,2153,2019-12-01
"Kwekwe",-18.93,29.83,2021,907,2021-01-01
"Kwekwe",-18.93,29.83,2021,1076,2021-02-01
"Kwekwe",-18.93,29.83,2021,333,2021-03-01
"Kwekwe",-18.93,29.83,2021,111,2021-04-01
"Kwekwe",-18.93,29.83,2021,6,2021-10-01
"Kwekwe",-18.93,29.83,2021,764,2021-11-01
"Kwekwe",-18.93,29.83,2021,859,2021-12-01
"Kwekwe",-18.93,29.83,2023,1005,2023-01-01
"Kwekwe",-18.93,29.83,2023,475,2023-02-01
"Kwekwe",-18.93,29.83,2023,175,2023-03-01
"Kwekwe",-18.93,29.83,2023,14,2023-04-01
"Kwekwe",-18.93,29.83,2023,304,2023-10-01
"Kwekwe",-18.93,29.83,2023,88,2023-11-01
"Kwekwe",-18.93,29.83,2023,3275,2023-12-01
"Kwekwe",-18.93,29.83,2022,870,2022-01-01
"Kwekwe",-18.93,29.83,2022,184,2022-02-01
"Kwekwe",-18.93,29.83,2022,315,2022-03-01
"Kwekwe",-18.93,29.83,2022,73,2022-04-01
"Kwekwe",-18.93,29.83,2022,135,2022-10-01
"Kwekwe",-18.93,29.83,2022,316,2022-11-01
"Kwekwe",-18.93,29.83,2022,1739,2022-12-01
"Kwekwe",-18.93,29.83,2024,2123,2024-01-01
"Kwekwe",-18.93,29.83,2024,1479,2024-02-01
"Kwekwe",-18.93,29.83,2024,547,2024-03-01
"Kwekwe",-18.93,29.83,2024,44,2024-04-01
"Lalipanzi",-19.33,30.18,2017,536,2017-01-01
"Lalipanzi",-19.33,30.18,2017,3425,2017-02-01
"Lalipanzi",-19.33,30.18,2017,796,2017-03-01
"Lalipanzi",-19.33,30.18,2017,335,2017-04-01
"Lalipanzi",-19.33,30.18,2018,0,2018-10-01
"Lalipanzi",-19.33,30.18,2018,535,2018-11-01
"Lalipanzi",-19.33,30.18,2018,1461,2018-12-01
"Lalipanzi",-19.33,30.18,2020,270,2020-01-01
"Lalipanzi",-19.33,30.18,2020,1455,2020-02-01
"Lalipanzi",-19.33,30.18,2020,352,2020-03-01
"Lalipanzi",-19.33,30.18,2020,0,2020-04-01
"Lalipanzi",-19.33,30.18,2020,94,2020-10-01
"Lalipanzi",-19.33,30.18,2020,847,2020-11-01
"Lalipanzi",-19.33,30.18,2020,223,2020-12-01
"Lalipanzi",-19.33,30.18,2019,914,2019-01-01
"Lalipanzi",-19.33,30.18,2019,176,2019-02-01
"Lalipanzi",-19.33,30.18,2019,697,2019-03-01
"Lalipanzi",-19.33,30.18,2019,42,2019-04-01
"Lalipanzi",-19.33,30.18,2019,304,2019-10-01
"Lalipanzi",-19.33,30.18,2019,967,2019-11-01
"Lalipanzi",-19.33,30.18,2019,2958,2019-12-01
"Lalipanzi",-19.33,30.18,2021,1315,2021-01-01
"Lalipanzi",-19.33,30.18,2021,2478,2021-02-01
"Lalipanzi",-19.33,30.18,2021,469,2021-03-01
"Lalipanzi",-19.33,30.18,2021,67,2021-04-01
"Lalipanzi",-19.33,30.18,2021,89,2021-10-01
"Lalipanzi",-19.33,30.18,2021,1791,2021-11-01
"Lalipanzi",-19.33,30.18,2021,1522,2021-12-01
"Lalipanzi",-19.33,30.18,2023,2483,2023-01-01
"Lalipanzi",-19.33,30.18,2023,862,2023-02-01
"Lalipanzi",-19.33,30.18,2023,31,2023-03-01
"Lalipanzi",-19.33,30.18,2023,52,2023-04-01
"Lalipanzi",-19.33,30.18,2023,243,2023-10-01
"Lalipanzi",-19.33,30.18,2023,120,2023-11-01
"Lalipanzi",-19.33,30.18,2023,1272,2023-12-01
"Lalipanzi",-19.33,30.18,2022,1128,2022-01-01
"Lalipanzi",-19.33,30.18,2022,617,2022-02-01
"Lalipanzi",-19.33,30.18,2022,333,2022-03-01
"Lalipanzi",-19.33,30.18,2022,170,2022-04-01
"Lalipanzi",-19.33,30.18,2022,578,2022-10-01
"Lalipanzi",-19.33,30.18,2022,593,2022-11-01
"Lalipanzi",-19.33,30.18,2022,1138,2022-12-01
"Lalipanzi",-19.33,30.18,2024,3398,2024-01-01
"Lalipanzi",-19.33,30.18,2024,1371,2024-02-01
"Lalipanzi",-19.33,30.18,2024,102,2024-03-01
"Lion's Den",-17.27,30.02,2017,2973,2017-01-01
"Lion's Den",-17.27,30.02,2017,3362,2017-02-01
"Lion's Den",-17.27,30.02,2017,371,2017-03-01
"Lion's Den",-17.27,30.02,2017,115,2017-04-01
"Lion's Den",-17.27,30.02,2018,313,2018-10-01
"Lion's Den",-17.27,30.02,2018,1016,2018-11-01
"Lion's Den",-17.27,30.02,2018,827,2018-12-01
"Lion's Den",-17.27,30.02,2020,752,2020-01-01
"Lion's Den",-17.27,30.02,2020,1826,2020-02-01
"Lion's Den",-17.27,30.02,2020,630,2020-03-01
"Lion's Den",-17.27,30.02,2020,0,2020-04-01
"Lion's Den",-17.27,30.02,2020,215,2020-10-01
"Lion's Den",-17.27,30.02,2020,491,2020-11-01
"Lion's Den",-17.27,30.02,2020,1414,2020-12-01
"Lion's Den",-17.27,30.02,2019,677,2019-01-01
"Lion's Den",-17.27,30.02,2019,378,2019-02-01
"Lion's Den",-17.27,30.02,2019,961,2019-03-01
"Lion's Den",-17.27,30.02,2019,186,2019-04-01
"Lion's Den",-17.27,30.02,2019,54,2019-10-01
"Lion's Den",-17.27,30.02,2019,687,2019-11-01
"Lion's Den",-17.27,30.02,2019,1264,2019-12-01
"Lion's Den",-17.27,30.02,2021,650,2021-01-01
"Lion's Den",-17.27,30.02,2021,1967,2021-02-01
"Lion's Den",-17.27,30.02,2021,1451,2021-03-01
"Lion's Den",-17.27,30.02,2021,961,2021-04-01
"Lion's Den",-17.27,30.02,2021,844,2021-10-01
"Lion's Den",-17.27,30.02,2021,784,2021-11-01
"Lion's Den",-17.27,30.02,2021,1320,2021-12-01
"Lion's Den",-17.27,30.02,2023,1503,2023-01-01
"Lion's Den",-17.27,30.02,2023,996,2023-02-01
"Lion's Den",-17.27,30.02,2023,365,2023-03-01
"Lion's Den",-17.27,30.02,2023,40,2023-04-01
"Lion's Den",-17.27,30.02,2023,1005,2023-10-01
"Lion's Den",-17.27,30.02,2023,277,2023-11-01
"Lion's Den",-17.27,30.02,2023,1447,2023-12-01
"Lion's Den",-17.27,30.02,2022,1399,2022-01-01
"Lion's Den",-17.27,30.02,2022,686,2022-02-01
"Lion's Den",-17.27,30.02,2022,337,2022-03-01
"Lion's Den",-17.27,30.02,2022,265,2022-04-01
"Lion's Den",-17.27,30.02,2022,276,2022-10-01
"Lion's Den",-17.27,30.02,2022,592,2022-11-01
"Lion's Den",-17.27,30.02,2022,1098,2022-12-01
"Lion's Den",-17.27,30.02,2024,3652,2024-01-01
"Lion's Den",-17.27,30.02,2024,1633,2024-02-01
"Lion's Den",-17.27,30.02,2024,1544,2024-03-01
"Lion's Den",-17.27,30.02,2024,120,2024-04-01
"Lupani",-18.93,27.82,2017,1934,2017-01-01
"Lupani",-18.93,27.82,2017,918,2017-02-01
"Lupani",-18.93,27.82,2017,211,2017-03-01
"Lupani",-18.93,27.82,2017,120,2017-04-01
"Lupani",-18.93,27.82,2018,1765,2018-10-01
"Lupani",-18.93,27.82,2018,2030,2018-11-01
"Lupani",-18.93,27.82,2018,5612,2018-12-01
"Lupani",-18.93,27.82,2020,7541,2020-01-01
"Lupani",-18.93,27.82,2020,6528,2020-02-01
"Lupani",-18.93,27.82,2020,3076,2020-03-01
"Lupani",-18.93,27.82,2020,795,2020-04-01
"Lupani",-18.93,27.82,2020,260,2020-10-01
"Lupani",-18.93,27.82,2020,485,2020-11-01
"Lupani",-18.93,27.82,2020,1150,2020-12-01
"Lupani",-18.93,27.82,2019,1649,2019-01-01
"Lupani",-18.93,27.82,2019,135,2019-02-01
"Lupani",-18.93,27.82,2019,1498,2019-03-01
"Lupani",-18.93,27.82,2019,25,2019-04-01
"Lupani",-18.93,27.82,2019,102,2019-10-01
"Lupani",-18.93,27.82,2019,934,2019-11-01
"Lupani",-18.93,27.82,2019,985,2019-12-01
"Lupani",-18.93,27.82,2021,754,2021-01-01
"Lupani",-18.93,27.82,2021,1369,2021-02-01
"Lupani",-18.93,27.82,2021,909,2021-03-01
"Lupani",-18.93,27.82,2021,182,2021-04-01
"Lupani",-18.93,27.82,2021,183,2021-10-01
"Lupani",-18.93,27.82,2021,1965,2021-11-01
"Lupani",-18.93,27.82,2021,730,2021-12-01
"Lupani",-18.93,27.82,2023,949,2023-01-01
"Lupani",-18.93,27.82,2023,1339,2023-02-01
"Lupani",-18.93,27.82,2023,113,2023-03-01
"Lupani",-18.93,27.82,2023,0,2023-04-01
"Lupani",-18.93,27.82,2023,542,2023-10-01
"Lupani",-18.93,27.82,2023,169,2023-11-01
"Lupani",-18.93,27.82,2023,978,2023-12-01
"Lupani",-18.93,27.82,2022,561,2022-01-01
"Lupani",-18.93,27.82,2022,203,2022-02-01
"Lupani",-18.93,27.82,2022,584,2022-03-01
"Lupani",-18.93,27.82,2022,0,2022-04-01
"Lupani",-18.93,27.82,2022,2,2022-10-01
"Lupani",-18.93,27.82,2022,60,2022-11-01
"Lupani",-18.93,27.82,2022,1974,2022-12-01
"Lupani",-18.93,27.82,2024,3446,2024-01-01
"Lupani",-18.93,27.82,2024,1149,2024-02-01
"Lupani",-18.93,27.82,2024,243,2024-03-01
"Lupani",-18.93,27.82,2024,353,2024-04-01
"Lusulu",-18.07,27.83,2017,2260,2017-01-01
"Lusulu",-18.07,27.83,2017,4274,2017-02-01
"Lusulu",-18.07,27.83,2017,310,2017-03-01
"Lusulu",-18.07,27.83,2017,460,2017-04-01
"Lusulu",-18.07,27.83,2018,110,2018-10-01
"Lusulu",-18.07,27.83,2018,275,2018-11-01
"Lusulu",-18.07,27.83,2018,1245,2018-12-01
"Lusulu",-18.07,27.83,2020,2575,2020-01-01
"Lusulu",-18.07,27.83,2020,2400,2020-02-01
"Lusulu",-18.07,27.83,2020,535,2020-03-01
"Lusulu",-18.07,27.83,2020,0,2020-04-01
"Lusulu",-18.07,27.83,2020,45,2020-10-01
"Lusulu",-18.07,27.83,2020,390,2020-11-01
"Lusulu",-18.07,27.83,2020,1365,2020-12-01
"Lusulu",-18.07,27.83,2019,680,2019-01-01
"Lusulu",-18.07,27.83,2019,430,2019-02-01
"Lusulu",-18.07,27.83,2019,1590,2019-03-01
"Lusulu",-18.07,27.83,2019,0,2019-04-01
"Lusulu",-18.07,27.83,2019,125,2019-10-01
"Lusulu",-18.07,27.83,2019,240,2019-11-01
"Lusulu",-18.07,27.83,2019,2545,2019-12-01
"Lusulu",-18.07,27.83,2021,1295,2021-01-01
"Lusulu",-18.07,27.83,2021,1533,2021-02-01
"Lusulu",-18.07,27.83,2021,658,2021-03-01
"Lusulu",-18.07,27.83,2021,180,2021-04-01
"Lusulu",-18.07,27.83,2021,0,2021-10-01
"Lusulu",-18.07,27.83,2021,1295,2021-11-01
"Lusulu",-18.07,27.83,2021,2455,2021-12-01
"Lusulu",-18.07,27.83,2023,2920,2023-01-01
"Lusulu",-18.07,27.83,2023,1005,2023-02-01
"Lusulu",-18.07,27.83,2023,0,2023-03-01
"Lusulu",-18.07,27.83,2023,0,2023-04-01
"Lusulu",-18.07,27.83,2023,804,2023-10-01
"Lusulu",-18.07,27.83,2023,155,2023-11-01
"Lusulu",-18.07,27.83,2023,1200,2023-12-01
"Lusulu",-18.07,27.83,2022,945,2022-01-01
"Lusulu",-18.07,27.83,2022,460,2022-02-01
"Lusulu",-18.07,27.83,2022,510,2022-03-01
"Lusulu",-18.07,27.83,2022,0,2022-04-01
"Lusulu",-18.07,27.83,2022,130,2022-10-01
"Lusulu",-18.07,27.83,2022,280,2022-11-01
"Lusulu",-18.07,27.83,2022,1280,2022-12-01
"Lusulu",-18.07,27.83,2024,1700,2024-01-01
"Lusulu",-18.07,27.83,2024,1535,2024-02-01
"Lusulu",-18.07,27.83,2024,870,2024-03-01
"Lusulu",-18.07,27.83,2024,110,2024-04-01
"Macheke",-18.15,31.83,2020,270,2020-10-01
"Macheke",-18.15,31.83,2020,1550,2020-11-01
"Macheke",-18.15,31.83,2020,460,2020-12-01
"Macheke",-18.15,31.83,2019,875,2019-01-01
"Macheke",-18.15,31.83,2019,515,2019-02-01
"Macheke",-18.15,31.83,2019,969,2019-03-01
"Macheke",-18.15,31.83,2019,595,2019-04-01
"Macheke",-18.15,31.83,2019,20,2019-10-01
"Macheke",-18.15,31.83,2019,1235,2019-11-01
"Macheke",-18.15,31.83,2019,2025,2019-12-01
"Macheke",-18.15,31.83,2021,2110,2021-01-01
"Macheke",-18.15,31.83,2021,3255,2021-02-01
"Macheke",-18.15,31.83,2021,680,2021-03-01
"Macheke",-18.15,31.83,2021,618,2021-04-01
"Macheke",-18.15,31.83,2021,480,2021-10-01
"Macheke",-18.15,31.83,2021,1710,2021-11-01
"Macheke",-18.15,31.83,2021,840,2021-12-01
"Macheke",-18.15,31.83,2023,3110,2023-01-01
"Macheke",-18.15,31.83,2023,1240,2023-02-01
"Macheke",-18.15,31.83,2023,110,2023-03-01
"Macheke",-18.15,31.83,2023,110,2023-04-01
"Macheke",-18.15,31.83,2023,670,2023-10-01
"Macheke",-18.15,31.83,2023,157,2023-11-01
"Macheke",-18.15,31.83,2023,1569,2023-12-01
"Macheke",-18.15,31.83,2022,1085,2022-01-01
"Macheke",-18.15,31.83,2022,428,2022-02-01
"Macheke",-18.15,31.83,2022,210,2022-03-01
"Macheke",-18.15,31.83,2022,236,2022-04-01
"Macheke",-18.15,31.83,2022,393,2022-10-01
"Macheke",-18.15,31.83,2022,273,2022-11-01
"Macheke",-18.15,31.83,2022,2491,2022-12-01
"Macheke",-18.15,31.83,2024,2764,2024-01-01
"Macheke",-18.15,31.83,2024,2149,2024-02-01
"Macheke",-18.15,31.83,2024,489,2024-03-01
"Macheke",-18.15,31.83,2024,432,2024-04-01
"Makoholi",-19.83,30.78,2017,246,2017-01-01
"Makoholi",-19.83,30.78,2017,1558,2017-02-01
"Makoholi",-19.83,30.78,2017,290,2017-03-01
"Makoholi",-19.83,30.78,2017,588,2017-04-01
"Makoholi",-19.83,30.78,2017,0,2017-05-01
"Makoholi",-19.83,30.78,2017,0,2017-06-01
"Makoholi",-19.83,30.78,2017,0,2017-07-01
"Makoholi",-19.83,30.78,2017,239,2017-08-01
"Makoholi",-19.83,30.78,2017,22,2017-09-01
"Makoholi",-19.83,30.78,2017,413,2017-10-01
"Makoholi",-19.83,30.78,2017,695,2017-11-01
"Makoholi",-19.83,30.78,2018,709,2018-04-01
"Makoholi",-19.83,30.78,2018,27,2018-05-01
"Makoholi",-19.83,30.78,2018,30,2018-06-01
"Makoholi",-19.83,30.78,2018,0,2018-07-01
"Makoholi",-19.83,30.78,2018,22,2018-10-01
"Makoholi",-19.83,30.78,2018,541,2018-11-01
"Makoholi",-19.83,30.78,2018,556,2018-12-01
"Makoholi",-19.83,30.78,2020,442,2020-01-01
"Makoholi",-19.83,30.78,2020,1402,2020-02-01
"Makoholi",-19.83,30.78,2020,530,2020-03-01
"Makoholi",-19.83,30.78,2020,2,2020-04-01
"Makoholi",-19.83,30.78,2020,5,2020-10-01
"Makoholi",-19.83,30.78,2020,253,2020-11-01
"Makoholi",-19.83,30.78,2020,393,2020-12-01
"Makoholi",-19.83,30.78,2019,522,2019-01-01
"Makoholi",-19.83,30.78,2019,23,2019-02-01
"Makoholi",-19.83,30.78,2019,445,2019-03-01
"Makoholi",-19.83,30.78,2019,0,2019-04-01
"Makoholi",-19.83,30.78,2019,439,2019-10-01
"Makoholi",-19.83,30.78,2019,1056,2019-11-01
"Makoholi",-19.83,30.78,2019,2516,2019-12-01
"Makoholi",-19.83,30.78,2021,468,2021-01-01
"Makoholi",-19.83,30.78,2021,2126,2021-02-01
"Makoholi",-19.83,30.78,2021,153,2021-03-01
"Makoholi",-19.83,30.78,2021,53,2021-04-01
"Makoholi",-19.83,30.78,2021,0,2021-10-01
"Makoholi",-19.83,30.78,2021,1568,2021-11-01
"Makoholi",-19.83,30.78,2021,1099,2021-12-01
"Makoholi",-19.83,30.78,2023,965,2023-01-01
"Makoholi",-19.83,30.78,2023,560,2023-02-01
"Makoholi",-19.83,30.78,2023,52,2023-03-01
"Makoholi",-19.83,30.78,2023,0,2023-04-01
"Makoholi",-19.83,30.78,2023,1157,2023-10-01
"Makoholi",-19.83,30.78,2023,82,2023-11-01
"Makoholi",-19.83,30.78,2023,1809,2023-12-01
"Makoholi",-19.83,30.78,2022,327,2022-01-01
"Makoholi",-19.83,30.78,2022,632,2022-02-01
"Makoholi",-19.83,30.78,2022,479,2022-03-01
"Makoholi",-19.83,30.78,2022,98,2022-04-01
"Makoholi",-19.83,30.78,2022,44,2022-10-01
"Makoholi",-19.83,30.78,2022,1199,2022-11-01
"Makoholi",-19.83,30.78,2022,928,2022-12-01
"Makoholi",-19.83,30.78,2024,4516,2024-01-01
"Makoholi",-19.83,30.78,2024,820,2024-02-01
"Makoholi",-19.83,30.78,2024,94,2024-03-01
"Makoholi",-19.83,30.78,2024,30,2024-04-01
"Makuti",-16.32,29.25,2017,2379,2017-01-01
"Makuti",-16.32,29.25,2017,3879,2017-02-01
"Makuti",-16.32,29.25,2017,1329,2017-03-01
"Makuti",-16.32,29.25,2017,0,2017-04-01
"Makuti",-16.32,29.25,2018,40,2018-10-01
"Makuti",-16.32,29.25,2018,254,2018-11-01
"Makuti",-16.32,29.25,2018,1958,2018-12-01
"Makuti",-16.32,29.25,2020,1540,2020-01-01
"Makuti",-16.32,29.25,2020,853,2020-02-01
"Makuti",-16.32,29.25,2020,1178,2020-03-01
"Makuti",-16.32,29.25,2020,50,2020-04-01
"Makuti",-16.32,29.25,2021,0,2021-10-01
"Makuti",-16.32,29.25,2021,665,2021-11-01
"Makuti",-16.32,29.25,2021,205,2021-12-01
"Makuti",-16.32,29.25,2023,2565,2023-01-01
"Makuti",-16.32,29.25,2023,2159,2023-02-01
"Makuti",-16.32,29.25,2023,605,2023-03-01
"Makuti",-16.32,29.25,2023,0,2023-04-01
"Makuti",-16.32,29.25,2023,810,2023-10-01
"Makuti",-16.32,29.25,2023,315,2023-11-01
"Makuti",-16.32,29.25,2023,1475,2023-12-01
"Makuti",-16.32,29.25,2022,505,2022-01-01
"Makuti",-16.32,29.25,2022,855,2022-02-01
"Makuti",-16.32,29.25,2022,616,2022-03-01
"Makuti",-16.32,29.25,2022,170,2022-04-01
"Makuti",-16.32,29.25,2022,50,2022-10-01
"Makuti",-16.32,29.25,2022,1179,2022-11-01
"Makuti",-16.32,29.25,2022,1925,2022-12-01
"Makuti",-16.32,29.25,2024,2910,2024-01-01
"Makuti",-16.32,29.25,2024,1515,2024-02-01
"Makuti",-16.32,29.25,2024,1000,2024-03-01
"Makuti",-16.32,29.25,2024,0,2024-04-01
"Marondera",-18.18,31.47,2017,1080,2017-01-01
"Marondera",-18.18,31.47,2017,3417,2017-02-01
"Marondera",-18.18,31.47,2017,264,2017-03-01
"Marondera",-18.18,31.47,2017,263,2017-04-01
"Marondera",-18.18,31.47,2017,0,2017-05-01
"Marondera",-18.18,31.47,2017,30,2017-06-01
"Marondera",-18.18,31.47,2017,0,2017-07-01
"Marondera",-18.18,31.47,2017,115,2017-08-01
"Marondera",-18.18,31.47,2017,0,2017-09-01
"Marondera",-18.18,31.47,2017,360,2017-10-01
"Marondera",-18.18,31.47,2017,365,2017-11-01
"Marondera",-18.18,31.47,2017,1051,2017-12-01
"Marondera",-18.18,31.47,2018,3298,2018-01-01
"Marondera",-18.18,31.47,2018,2180,2018-02-01
"Marondera",-18.18,31.47,2018,1015,2018-04-01
"Marondera",-18.18,31.47,2018,57,2018-05-01
"Marondera",-18.18,31.47,2018,18,2018-06-01
"Marondera",-18.18,31.47,2018,0,2018-07-01
"Marondera",-18.18,31.47,2018,25,2018-08-01
"Marondera",-18.18,31.47,2018,6,2018-09-01
"Marondera",-18.18,31.47,2018,18,2018-10-01
"Marondera",-18.18,31.47,2018,503,2018-11-01
"Marondera",-18.18,31.47,2018,1476,2018-12-01
"Marondera",-18.18,31.47,2020,1284,2020-01-01
"Marondera",-18.18,31.47,2020,765,2020-02-01
"Marondera",-18.18,31.47,2020,305,2020-03-01
"Marondera",-18.18,31.47,2020,1,2020-04-01
"Marondera",-18.18,31.47,2020,158,2020-10-01
"Marondera",-18.18,31.47,2020,911,2020-11-01
"Marondera",-18.18,31.47,2020,736,2020-12-01
"Marondera",-18.18,31.47,2019,672,2019-01-01
"Marondera",-18.18,31.47,2019,522,2019-02-01
"Marondera",-18.18,31.47,2019,754,2019-03-01
"Marondera",-18.18,31.47,2019,328,2019-04-01
"Marondera",-18.18,31.47,2019,17,2019-10-01
"Marondera",-18.18,31.47,2019,687,2019-11-01
"Marondera",-18.18,31.47,2019,1393,2019-12-01
"Marondera",-18.18,31.47,2021,1752,2021-01-01
"Marondera",-18.18,31.47,2021,1428,2021-02-01
"Marondera",-18.18,31.47,2021,833,2021-03-01
"Marondera",-18.18,31.47,2021,1087,2021-04-01
"Marondera",-18.18,31.47,2021,506,2021-10-01
"Marondera",-18.18,31.47,2021,1461,2021-11-01
"Marondera",-18.18,31.47,2021,1411,2021-12-01
"Marondera",-18.18,31.47,2023,2162,2023-01-01
"Marondera",-18.18,31.47,2023,1158,2023-02-01
"Marondera",-18.18,31.47,2023,25,2023-03-01
"Marondera",-18.18,31.47,2023,4,2023-04-01
"Marondera",-18.18,31.47,2023,858,2023-10-01
"Marondera",-18.18,31.47,2023,150,2023-11-01
"Marondera",-18.18,31.47,2023,1534,2023-12-01
"Marondera",-18.18,31.47,2022,1649,2022-01-01
"Marondera",-18.18,31.47,2022,241,2022-02-01
"Marondera",-18.18,31.47,2022,393,2022-03-01
"Marondera",-18.18,31.47,2022,590,2022-04-01
"Marondera",-18.18,31.47,2022,1142,2022-10-01
"Marondera",-18.18,31.47,2022,529,2022-11-01
"Marondera",-18.18,31.47,2022,1850,2022-12-01
"Marondera",-18.18,31.47,2024,3230,2024-01-01
"Marondera",-18.18,31.47,2024,1709,2024-02-01
"Marondera",-18.18,31.47,2024,558,2024-03-01
"Marondera",-18.18,31.47,2024,71,2024-04-01
"Maryland Estate",-18,31.8,2017,1030,2017-01-01
"Maryland Estate",-18,31.8,2017,3460,2017-02-01
"Maryland Estate",-18,31.8,2017,1110,2017-03-01
"Maryland Estate",-18,31.8,2017,170,2017-04-01
"Maryland Estate",-18,31.8,2017,0,2017-05-01
"Maryland Estate",-18,31.8,2017,0,2017-06-01
"Masvingo",-20.067,30.867,2017,76,2017-01-01
"Masvingo",-20.067,30.867,2017,2472,2017-02-01
"Masvingo",-20.067,30.867,2017,88,2017-03-01
"Masvingo",-20.067,30.867,2017,739,2017-04-01
"Masvingo",-20.067,30.867,2017,3,2017-05-01
"Masvingo",-20.067,30.867,2017,120,2017-06-01
"Masvingo",-20.067,30.867,2017,0,2017-07-01
"Masvingo",-20.067,30.867,2017,783,2017-08-01
"Masvingo",-20.067,30.867,2017,21,2017-09-01
"Masvingo",-20.067,30.867,2017,496,2017-10-01
"Masvingo",-20.067,30.867,2017,615,2017-11-01
"Masvingo",-20.067,30.867,2017,590,2017-12-01
"Masvingo",-20.067,30.867,2018,3037,2018-01-01
"Masvingo",-20.067,30.867,2018,302,2018-02-01
"Masvingo",-20.04,30.5,2018,390,2018-03-01
"Masvingo",-20.07,30.87,2018,556,2018-04-01
"Masvingo",-20.07,30.87,2018,9,2018-05-01
"Masvingo",-20.07,30.87,2018,10,2018-06-01
"Masvingo",-20.04,30.5,2018,0,2018-07-01
"Masvingo",-20.07,30.87,2018,23,2018-08-01
"Masvingo",-20.07,30.87,2018,27,2018-09-01
"Masvingo",-20.07,30.87,2018,57,2018-10-01
"Masvingo",-20.07,30.87,2018,436,2018-11-01
"Masvingo",-20.07,30.87,2018,759,2018-12-01
"Masvingo",-20.07,30.87,2020,232,2020-01-01
"Masvingo",-20.07,30.87,2020,547,2020-02-01
"Masvingo",-20.07,30.87,2020,778,2020-03-01
"Masvingo",-20.07,30.87,2020,0,2020-04-01
"Masvingo",-20.04,30.5,2020,80,2020-05-01
"Masvingo",-20.04,30.5,2020,0,2020-06-01
"Masvingo",-20.07,30.87,2020,8,2020-10-01
"Masvingo",-20.07,30.87,2020,252,2020-11-01
"Masvingo",-20.07,30.87,2020,234,2020-12-01
"Masvingo",-20.07,30.87,2019,193,2019-01-01
"Masvingo",-20.07,30.87,2019,36,2019-02-01
"Masvingo",-20.07,30.87,2019,232,2019-03-01
"Masvingo",-20.07,30.87,2019,7,2019-04-01
"Masvingo",-20.07,30.87,2019,23,2019-10-01
"Masvingo",-20.07,30.87,2019,819,2019-11-01
"Masvingo",-20.07,30.87,2019,3764,2019-12-01
"Masvingo",-20.07,30.87,2021,781,2021-01-01
"Masvingo",-20.07,30.87,2021,1982,2021-02-01
"Masvingo",-20.07,30.87,2021,79,2021-03-01
"Masvingo",-20.07,30.87,2021,28,2021-04-01
"Masvingo",-20.07,30.87,2021,12,2021-10-01
"Masvingo",-20.07,30.87,2021,1969,2021-11-01
"Masvingo",-20.07,30.87,2021,1085,2021-12-01
"Masvingo",-20.07,30.87,2023,776,2023-01-01
"Masvingo",-20.07,30.87,2023,58,2023-02-01
"Masvingo",-20.07,30.87,2023,95,2023-03-01
"Masvingo",-20.07,30.87,2023,4,2023-04-01
"Masvingo",-20.07,30.87,2023,745,2023-10-01
"Masvingo",-20.07,30.87,2023,239,2023-11-01
"Masvingo",-20.07,30.87,2023,1486,2023-12-01
"Masvingo",-20.07,30.87,2022,1007,2022-01-01
"Masvingo",-20.07,30.87,2022,1010,2022-02-01
"Masvingo",-20.07,30.87,2022,1085,2022-03-01
"Masvingo",-20.07,30.87,2022,170,2022-04-01
"Masvingo",-20.07,30.87,2022,47,2022-10-01
"Masvingo",-20.07,30.87,2022,571,2022-11-01
"Masvingo",-20.07,30.87,2022,1461,2022-12-01
"Masvingo",-20.07,30.87,2024,4373,2024-01-01
"Masvingo",-20.07,30.87,2024,1076,2024-02-01
"Masvingo",-20.07,30.87,2024,181,2024-03-01
"Masvingo",-20.07,30.87,2024,39,2024-04-01
"Masvingo",-20.07,30.87,2024,53,2024-05-01
"Masvingo",-20.07,30.87,2024,43,2024-06-01
"Masvingo",-20.07,30.87,2024,89,2024-07-01
"Masvingo",-20.07,30.87,2024,20,2024-09-01
"Masvingo",-20.07,30.87,2024,12,2024-10-01
"Masvingo",-20.07,30.87,2024,710,2024-11-01
"Masvingo",-20.067,30.867,2016,1998,2016-01-01
"Masvingo",-20.0667,30.8667,2015,400,2015-01-01
"Masvingo",-20.0667,30.8667,2015,270,2015-02-01
"Masvingo",-20.0667,30.8667,2015,860,2015-03-01
"Masvingo",-20.0667,30.8667,2015,930,2015-04-01
"Masvingo",-20.0667,30.8667,2015,0,2015-08-01
"Masvingo",-20.0667,30.8667,2015,560,2015-11-01
"Masvingo",-20.0667,30.8667,2015,500,2015-12-01
"Masvingo",-20.0667,30.8667,2016,320,2016-01-01
"Masvingo",-20.0667,30.8667,2016,320,2016-02-01
"Masvingo",-20.0667,30.8667,2016,780,2016-03-01
"Masvingo",-20.0667,30.8667,2016,430,2016-04-01
"Masvingo",-20.0667,30.8667,2016,0,2016-05-01
"Masvingo",-20.0667,30.8667,2016,0,2016-06-01
"Masvingo",-20.0667,30.8667,2016,70,2016-07-01
"Masvingo",-20.0667,30.8667,2016,0,2016-08-01
"Masvingo",-20.0667,30.8667,2016,70,2016-10-01
"Masvingo",-20.0667,30.8667,2016,550,2016-11-01
"Masvingo",-20.0667,30.8667,2016,1170,2016-12-01
"Masvingo",-20.0667,30.8667,2017,2200,2017-01-01
"Masvingo",-20.0667,30.8667,2017,2050,2017-02-01
"Masvingo",-20.0667,30.8667,2017,960,2017-03-01
"Masvingo",-20.0667,30.8667,2017,20,2017-05-01
"Masvingo",-20.0667,30.8667,2017,0,2017-06-01
"Masvingo",-20.0667,30.8667,2017,0,2017-07-01
"Masvingo",-20.0667,30.8667,2017,0,2017-08-01
"Masvingo",-20.0667,30.8667,2017,0,2017-09-01
"Matopos",-20.38,28.5,2017,989,2017-01-01
"Matopos",-20.38,28.5,2017,1185,2017-02-01
"Matopos",-20.38,28.5,2017,263,2017-03-01
"Matopos",-20.38,28.5,2017,249,2017-04-01
"Matopos",-20.38,28.5,2017,0,2017-05-01
"Matopos",-20.38,28.5,2017,0,2017-06-01
"Matopos",-20.38,28.5,2017,0,2017-07-01
"Matopos",-20.38,28.5,2017,4,2017-08-01
"Matopos",-20.38,28.5,2017,0,2017-09-01
"Matopos",-20.38,28.5,2017,667,2017-10-01
"Matopos",-20.38,28.5,2017,856,2017-11-01
"Matopos",-20.38,28.5,2017,784,2017-12-01
"Matopos",-20.38,28.5,2018,1354,2018-01-01
"Matopos",-20.38,28.5,2018,746,2018-02-01
"Matopos",-20.38,28.5,2018,213,2018-04-01
"Matopos",-20.38,28.5,2018,274,2018-05-01
"Matopos",-20.38,28.5,2018,0,2018-06-01
"Matopos",-20.38,28.5,2020,52,2020-10-01
"Matopos",-20.38,28.5,2020,868,2020-11-01
"Matopos",-20.38,28.5,2020,438,2020-12-01
"Matopos",-20.38,28.5,2019,756,2019-01-01
"Matopos",-20.38,28.5,2019,28,2019-02-01
"Matopos",-20.38,28.5,2019,681,2019-03-01
"Matopos",-20.38,28.5,2019,0,2019-04-01
"Matopos",-20.38,28.5,2019,112,2019-10-01
"Matopos",-20.38,28.5,2019,561,2019-11-01
"Matopos",-20.38,28.5,2019,1737,2019-12-01
"Matopos",-20.38,28.5,2021,1286,2021-01-01
"Matopos",-20.38,28.5,2021,1103,2021-02-01
"Matopos",-20.38,28.5,2021,487,2021-03-01
"Matopos",-20.38,28.5,2021,198,2021-04-01
"Matopos",-20.38,28.5,2021,75,2021-10-01
"Matopos",-20.38,28.5,2021,1184,2021-11-01
"Matopos",-20.38,28.5,2021,1284,2021-12-01
"Matopos",-20.38,28.5,2023,882,2023-01-01
"Matopos",-20.38,28.5,2023,231,2023-02-01
"Matopos",-20.38,28.5,2023,20,2023-03-01
"Matopos",-20.38,28.5,2023,2,2023-04-01
"Matopos",-20.38,28.5,2023,595,2023-10-01
"Matopos",-20.38,28.5,2023,689,2023-11-01
"Matopos",-20.38,28.5,2023,915,2023-12-01
"Matopos",-20.38,28.5,2022,1106,2022-01-01
"Matopos",-20.38,28.5,2022,1226,2022-02-01
"Matopos",-20.38,28.5,2022,1183,2022-03-01
"Matopos",-20.38,28.5,2022,404,2022-04-01
"Matopos",-20.38,28.5,2022,689,2022-10-01
"Matopos",-20.38,28.5,2022,961,2022-11-01
"Matopos",-20.38,28.5,2022,1628,2022-12-01
"Matopos",-20.38,28.5,2024,2939,2024-01-01
"Matopos",-20.38,28.5,2024,1644,2024-02-01
"Matopos",-20.38,28.5,2024,65,2024-03-01
"Matopos",-20.38,28.5,2024,10,2024-04-01
"Mayo",-17.87,32.28,2017,860,2017-01-01
"Mayo",-17.87,32.28,2017,2253,2017-02-01
"Mayo",-17.87,32.28,2017,612,2017-03-01
"Mayo",-17.87,32.28,2017,30,2017-04-01
"Mayo",-17.87,32.28,2018,0,2018-10-01
"Mayo",-17.87,32.28,2018,555,2018-11-01
"Mayo",-17.87,32.28,2018,1625,2018-12-01
"Mayo",-17.87,32.28,2020,1620,2020-01-01
"Mayo",-17.87,32.28,2020,1985,2020-02-01
"Mayo",-17.87,32.28,2020,650,2020-03-01
"Mayo",-17.87,32.28,2020,140,2020-04-01
"Mayo",-17.87,32.28,2020,55,2020-10-01
"Mayo",-17.87,32.28,2020,1020,2020-11-01
"Mayo",-17.87,32.28,2020,1695,2020-12-01
"Mayo",-17.87,32.28,2019,595,2019-01-01
"Mayo",-17.87,32.28,2019,270,2019-02-01
"Mayo",-17.87,32.28,2019,545,2019-03-01
"Mayo",-17.87,32.28,2019,205,2019-04-01
"Mayo",-17.87,32.28,2019,0,2019-10-01
"Mayo",-17.87,32.28,2019,695,2019-11-01
"Mayo",-17.87,32.28,2019,1979,2019-12-01
"Mayo",-17.87,32.28,2021,2755,2021-01-01
"Mayo",-17.87,32.28,2021,1628,2021-02-01
"Mayo",-17.87,32.28,2021,778,2021-03-01
"Mayo",-17.87,32.28,2021,240,2021-04-01
"Mayo",-17.87,32.28,2021,170,2021-10-01
"Mayo",-17.87,32.28,2021,1130,2021-11-01
"Mayo",-17.87,32.28,2021,985,2021-12-01
"Mayo",-17.87,32.28,2023,2505,2023-01-01
"Mayo",-17.87,32.28,2023,2034,2023-02-01
"Mayo",-17.87,32.28,2023,320,2023-03-01
"Mayo",-17.87,32.28,2023,215,2023-04-01
"Mayo",-17.87,32.28,2023,640,2023-10-01
"Mayo",-17.87,32.28,2023,0,2023-11-01
"Mayo",-17.87,32.28,2023,2120,2023-12-01
"Mayo",-17.87,32.28,2022,1525,2022-01-01
"Mayo",-17.87,32.28,2022,625,2022-02-01
"Mayo",-17.87,32.28,2022,110,2022-03-01
"Mayo",-17.87,32.28,2022,55,2022-04-01
"Mayo",-17.87,32.28,2022,650,2022-10-01
"Mayo",-17.87,32.28,2022,303,2022-11-01
"Mayo",-17.87,32.28,2022,1250,2022-12-01
"Mayo",-17.87,32.28,2024,2595,2024-01-01
"Mayo",-17.87,32.28,2024,1700,2024-02-01
"Mayo",-17.87,32.28,2024,1230,2024-03-01
"Mayo",-17.87,32.28,2024,0,2024-04-01
"Mberengwa",-20.65,29.92,2017,0,2017-01-01
"Mberengwa",-20.65,29.92,2017,1610,2017-02-01
"Mberengwa",-20.65,29.92,2017,45,2017-03-01
"Mberengwa",-20.65,29.92,2017,170,2017-04-01
"Mberengwa",-20.65,29.92,2018,101,2018-10-01
"Mberengwa",-20.65,29.92,2018,205,2018-11-01
"Mberengwa",-20.65,29.92,2018,665,2018-12-01
"Mberengwa",-20.65,29.92,2020,820,2020-01-01
"Mberengwa",-20.65,29.92,2020,520,2020-02-01
"Mberengwa",-20.65,29.92,2020,780,2020-03-01
"Mberengwa",-20.65,29.92,2020,0,2020-04-01
"Mberengwa",-20.65,29.92,2020,0,2020-10-01
"Mberengwa",-20.65,29.92,2020,260,2020-11-01
"Mberengwa",-20.65,29.92,2020,240,2020-12-01
"Mberengwa",-20.65,29.92,2019,220,2019-01-01
"Mberengwa",-20.65,29.92,2019,0,2019-02-01
"Mberengwa",-20.65,29.92,2019,495,2019-03-01
"Mberengwa",-20.65,29.92,2019,0,2019-04-01
"Mberengwa",-20.65,29.92,2019,120,2019-10-01
"Mberengwa",-20.65,29.92,2019,279,2019-11-01
"Mberengwa",-20.65,29.92,2019,2174,2019-12-01
"Mberengwa",-20.65,29.92,2021,495,2021-01-01
"Mberengwa",-20.65,29.92,2021,985,2021-02-01
"Mberengwa",-20.65,29.92,2021,30,2021-03-01
"Mberengwa",-20.65,29.92,2021,0,2021-04-01
"Mberengwa",-20.65,29.92,2021,0,2021-10-01
"Mberengwa",-20.65,29.92,2021,1210,2021-11-01
"Mberengwa",-20.65,29.92,2021,1150,2021-12-01
"Mberengwa",-20.65,29.92,2023,570,2023-01-01
"Mberengwa",-20.65,29.92,2023,0,2023-02-01
"Mberengwa",-20.65,29.92,2023,130,2023-03-01
"Mberengwa",-20.65,29.92,2023,80,2023-04-01
"Mberengwa",-20.65,29.92,2023,420,2023-10-01
"Mberengwa",-20.65,29.92,2023,220,2023-11-01
"Mberengwa",-20.65,29.92,2023,1010,2023-12-01
"Mberengwa",-20.65,29.92,2022,525,2022-01-01
"Mberengwa",-20.65,29.92,2022,975,2022-02-01
"Mberengwa",-20.65,29.92,2022,807,2022-03-01
"Mberengwa",-20.65,29.92,2022,310,2022-04-01
"Mberengwa",-20.65,29.92,2022,85,2022-10-01
"Mberengwa",-20.65,29.92,2022,975,2022-11-01
"Mberengwa",-20.65,29.92,2022,1035,2022-12-01
"Mberengwa",-20.65,29.92,2024,2430,2024-01-01
"Mberengwa",-20.65,29.92,2024,1325,2024-02-01
"Mberengwa",-20.65,29.92,2024,550,2024-03-01
"Mberengwa",-20.65,29.92,2024,90,2024-04-01
"Melfort",-17.93,31.35,2020,199,2020-10-01
"Melfort",-17.93,31.35,2020,212,2020-11-01
"Melfort",-17.93,31.35,2020,1440,2020-12-01
"Melfort",-17.93,31.35,2019,522,2019-01-01
"Melfort",-17.93,31.35,2019,229,2019-02-01
"Melfort",-17.93,31.35,2019,1285,2019-03-01
"Melfort",-17.93,31.35,2019,384,2019-04-01
"Melfort",-17.93,31.35,2019,83,2019-10-01
"Melfort",-17.93,31.35,2019,756,2019-11-01
"Melfort",-17.93,31.35,2019,1493,2019-12-01
"Melfort",-17.93,31.35,2021,1978,2021-01-01
"Melfort",-17.93,31.35,2021,2046,2021-02-01
"Melfort",-17.93,31.35,2021,766,2021-03-01
"Melfort",-17.93,31.35,2021,1250,2021-04-01
"Melfort",-17.93,31.35,2021,255,2021-10-01
"Melfort",-17.93,31.35,2021,1393,2021-11-01
"Melfort",-17.93,31.35,2021,1081,2021-12-01
"Melfort",-17.93,31.35,2023,2797,2023-01-01
"Melfort",-17.93,31.35,2023,1878,2023-02-01
"Melfort",-17.93,31.35,2023,404,2023-03-01
"Melfort",-17.93,31.35,2023,15,2023-04-01
"Melfort",-17.93,31.35,2023,711,2023-10-01
"Melfort",-17.93,31.35,2023,188,2023-11-01
"Melfort",-17.93,31.35,2023,1850,2023-12-01
"Melfort",-17.93,31.35,2022,1287,2022-01-01
"Melfort",-17.93,31.35,2022,562,2022-02-01
"Melfort",-17.93,31.35,2022,612,2022-03-01
"Melfort",-17.93,31.35,2022,179,2022-04-01
"Melfort",-17.93,31.35,2022,461,2022-10-01
"Melfort",-17.93,31.35,2022,1050,2022-11-01
"Melfort",-17.93,31.35,2022,3270,2022-12-01
"Melfort",-17.93,31.35,2024,3332,2024-01-01
"Melfort",-17.93,31.35,2024,1851,2024-02-01
"Melfort",-17.93,31.35,2024,1434,2024-03-01
"Melfort",-17.93,31.35,2024,78,2024-04-01
"Mhondoro",-18.32,30.6,2017,1563,2017-01-01
"Mhondoro",-18.32,30.6,2017,3024,2017-02-01
"Mhondoro",-18.32,30.6,2017,197,2017-03-01
"Mhondoro",-18.32,30.6,2017,210,2017-04-01
"Mhondoro",-18.32,30.6,2017,30,2017-05-01
"Mhondoro",-18.32,30.6,2017,0,2017-06-01
"Mhondoro",-18.32,30.6,2017,0,2017-07-01
"Mhondoro",-18.32,30.6,2017,181,2017-08-01
"Mhondoro",-18.32,30.6,2017,0,2017-09-01
"Mhondoro",-18.32,30.6,2017,503,2017-10-01
"Mhondoro",-18.32,30.6,2017,656,2017-11-01
"Mhondoro",-18.32,30.6,2017,580,2017-12-01
"Mhondoro",-18.32,30.6,2018,2114,2018-01-01
"Mhondoro",-18.32,30.6,2018,1951,2018-02-01
"Mhondoro",-18.32,30.6,2018,372,2018-04-01
"Mhondoro",-18.32,30.6,2018,0,2018-05-01
"Mhondoro",-18.32,30.6,2018,2,2018-06-01
"Mhondoro",-18.32,30.6,2018,0,2018-07-01
"Mhondoro",-18.32,30.6,2018,30,2018-10-01
"Mhondoro",-18.32,30.6,2018,358,2018-11-01
"Mhondoro",-18.32,30.6,2018,1330,2018-12-01
"Mhondoro",-18.32,30.6,2020,1234,2020-01-01
"Mhondoro",-18.32,30.6,2020,1729,2020-02-01
"Mhondoro",-18.32,30.6,2020,793,2020-03-01
"Mhondoro",-18.32,30.6,2020,0,2020-04-01
"Mhondoro",-18.32,30.6,2020,449,2020-10-01
"Mhondoro",-18.32,30.6,2020,520,2020-11-01
"Mhondoro",-18.32,30.6,2020,941,2020-12-01
"Mhondoro",-18.32,30.6,2019,725,2019-01-01
"Mhondoro",-18.32,30.6,2019,228,2019-02-01
"Mhondoro",-18.32,30.6,2019,1097,2019-03-01
"Mhondoro",-18.32,30.6,2019,188,2019-04-01
"Mhondoro",-18.32,30.6,2019,24,2019-10-01
"Mhondoro",-18.32,30.6,2019,678,2019-11-01
"Mhondoro",-18.32,30.6,2019,1946,2019-12-01
"Mhondoro",-18.32,30.6,2021,823,2021-01-01
"Mhondoro",-18.32,30.6,2021,2213,2021-02-01
"Mhondoro",-18.32,30.6,2021,330,2021-03-01
"Mhondoro",-18.32,30.6,2021,519,2021-04-01
"Mhondoro",-18.32,30.6,2021,204,2021-10-01
"Mhondoro",-18.32,30.6,2021,976,2021-11-01
"Mhondoro",-18.32,30.6,2021,1520,2021-12-01
"Mhondoro",-18.32,30.6,2023,1728,2023-01-01
"Mhondoro",-18.32,30.6,2023,1038,2023-02-01
"Mhondoro",-18.32,30.6,2023,87,2023-03-01
"Mhondoro",-18.32,30.6,2023,93,2023-04-01
"Mhondoro",-18.32,30.6,2023,580,2023-10-01
"Mhondoro",-18.32,30.6,2023,204,2023-11-01
"Mhondoro",-18.32,30.6,2023,1271,2023-12-01
"Mhondoro",-18.32,30.6,2022,700,2022-01-01
"Mhondoro",-18.32,30.6,2022,198,2022-02-01
"Mhondoro",-18.32,30.6,2022,51,2022-03-01
"Mhondoro",-18.32,30.6,2022,10,2022-04-01
"Mhondoro",-18.32,30.6,2022,413,2022-10-01
"Mhondoro",-18.32,30.6,2022,555,2022-11-01
"Mhondoro",-18.32,30.6,2022,2162,2022-12-01
"Mhondoro",-18.32,30.6,2024,3038,2024-01-01
"Mhondoro",-18.32,30.6,2024,1148,2024-02-01
"Mhondoro",-18.32,30.6,2024,47,2024-03-01
"Mhondoro",-18.32,30.6,2024,72,2024-04-01
"Middle-Sabi",-20.22,32.38,2017,732,2017-01-01
"Middle-Sabi",-20.22,32.38,2017,2235,2017-02-01
"Middle-Sabi",-20.22,32.38,2017,285,2017-03-01
"Middle-Sabi",-20.22,32.38,2017,275,2017-04-01
"Middle-Sabi",-20.22,32.38,2018,15,2018-05-01
"Middle-Sabi",-20.22,32.38,2018,128,2018-06-01
"Middle-Sabi",-20.22,32.38,2018,0,2018-10-01
"Middle-Sabi",-20.22,32.38,2018,550,2018-11-01
"Middle-Sabi",-20.22,32.38,2018,600,2018-12-01
"Middle-Sabi",-20.22,32.38,2020,422,2020-01-01
"Middle-Sabi",-20.22,32.38,2020,1718,2020-02-01
"Middle-Sabi",-20.22,32.38,2020,776,2020-03-01
"Middle-Sabi",-20.22,32.38,2020,0,2020-04-01
"Middle-Sabi",-20.22,32.38,2020,135,2020-10-01
"Middle-Sabi",-20.22,32.38,2020,365,2020-11-01
"Middle-Sabi",-20.22,32.38,2020,146,2020-12-01
"Middle-Sabi",-20.22,32.38,2019,370,2019-01-01
"Middle-Sabi",-20.22,32.38,2019,0,2019-02-01
"Middle-Sabi",-20.22,32.38,2019,175,2019-03-01
"Middle-Sabi",-20.22,32.38,2019,0,2019-04-01
"Middle-Sabi",-20.22,32.38,2019,84,2019-10-01
"Middle-Sabi",-20.22,32.38,2019,448,2019-11-01
"Middle-Sabi",-20.22,32.38,2019,3262,2019-12-01
"Middle-Sabi",-20.22,32.38,2021,693,2021-01-01
"Middle-Sabi",-20.22,32.38,2021,1215,2021-02-01
"Middle-Sabi",-20.22,32.38,2021,95,2021-03-01
"Middle-Sabi",-20.22,32.38,2021,85,2021-04-01
"Middle-Sabi",-20.22,32.38,2021,332,2021-10-01
"Middle-Sabi",-20.22,32.38,2021,1309,2021-11-01
"Middle-Sabi",-20.22,32.38,2021,786,2021-12-01
"Middle-Sabi",-20.22,32.38,2023,836,2023-01-01
"Middle-Sabi",-20.22,32.38,2023,125,2023-02-01
"Middle-Sabi",-20.22,32.38,2023,45,2023-03-01
"Middle-Sabi",-20.22,32.38,2023,135,2023-04-01
"Middle-Sabi",-20.22,32.38,2023,505,2023-10-01
"Middle-Sabi",-20.22,32.38,2023,54,2023-11-01
"Middle-Sabi",-20.22,32.38,2023,853,2023-12-01
"Middle-Sabi",-20.22,32.38,2022,190,2022-01-01
"Middle-Sabi",-20.22,32.38,2022,873,2022-02-01
"Middle-Sabi",-20.22,32.38,2022,25,2022-03-01
"Middle-Sabi",-20.22,32.38,2022,14,2022-04-01
"Middle-Sabi",-20.22,32.38,2022,80,2022-10-01
"Middle-Sabi",-20.22,32.38,2022,419,2022-11-01
"Middle-Sabi",-20.22,32.38,2022,292,2022-12-01
"Middle-Sabi",-20.22,32.38,2024,2352,2024-01-01
"Middle-Sabi",-20.22,32.38,2024,1000,2024-02-01
"Middle-Sabi",-20.22,32.38,2024,205,2024-03-01
"Middle-Sabi",-20.22,32.38,2024,59,2024-04-01
"Middlesex",-17.9,31.6,2017,1360,2017-01-01
"Middlesex",-17.9,31.6,2017,2740,2017-02-01
"Middlesex",-17.9,31.6,2017,770,2017-03-01
"Middlesex",-17.9,31.6,2017,135,2017-04-01
"Middlesex",-17.9,31.6,2017,0,2017-05-01
"Middlesex",-17.9,31.6,2017,0,2017-06-01
"Mphoeng",-21.22,27.87,2017,690,2017-01-01
"Mphoeng",-21.22,27.87,2017,895,2017-02-01
"Mphoeng",-21.22,27.87,2017,370,2017-03-01
"Mphoeng",-21.22,27.87,2017,480,2017-04-01
"Mphoeng",-21.22,27.87,2018,0,2018-10-01
"Mphoeng",-21.22,27.87,2018,215,2018-11-01
"Mphoeng",-21.22,27.87,2018,1621,2018-12-01
"Mphoeng",-21.22,27.87,2020,1241,2020-01-01
"Mphoeng",-21.22,27.87,2020,1409,2020-02-01
"Mphoeng",-21.22,27.87,2020,684,2020-03-01
"Mphoeng",-21.22,27.87,2020,0,2020-04-01
"Mphoeng",-21.22,27.87,2020,70,2020-10-01
"Mphoeng",-21.22,27.87,2020,360,2020-11-01
"Mphoeng",-21.22,27.87,2020,335,2020-12-01
"Mphoeng",-21.22,27.87,2019,1185,2019-01-01
"Mphoeng",-21.22,27.87,2019,80,2019-02-01
"Mphoeng",-21.22,27.87,2019,1000,2019-03-01
"Mphoeng",-21.22,27.87,2019,80,2019-04-01
"Mphoeng",-21.22,27.87,2019,461,2019-10-01
"Mphoeng",-21.22,27.87,2019,292,2019-11-01
"Mphoeng",-21.22,27.87,2019,1440,2019-12-01
"Mphoeng",-21.22,27.87,2021,930,2021-01-01
"Mphoeng",-21.22,27.87,2021,430,2021-02-01
"Mphoeng",-21.22,27.87,2021,0,2021-03-01
"Mphoeng",-21.22,27.87,2021,655,2021-04-01
"Mphoeng",-21.22,27.87,2021,0,2021-10-01
"Mphoeng",-21.22,27.87,2021,809,2021-11-01
"Mphoeng",-21.22,27.87,2021,535,2021-12-01
"Mphoeng",-21.22,27.87,2023,2601,2023-01-01
"Mphoeng",-21.22,27.87,2023,2920,2023-02-01
"Mphoeng",-21.22,27.87,2023,7,2023-03-01
"Mphoeng",-21.22,27.87,2023,0,2023-04-01
"Mphoeng",-21.22,27.87,2023,235,2023-10-01
"Mphoeng",-21.22,27.87,2023,512,2023-11-01
"Mphoeng",-21.22,27.87,2023,375,2023-12-01
"Mphoeng",-21.22,27.87,2022,740,2022-01-01
"Mphoeng",-21.22,27.87,2022,1515,2022-02-01
"Mphoeng",-21.22,27.87,2022,880,2022-03-01
"Mphoeng",-21.22,27.87,2022,0,2022-04-01
"Mphoeng",-21.22,27.87,2022,0,2022-10-01
"Mphoeng",-21.22,27.87,2022,1498,2022-11-01
"Mphoeng",-21.22,27.87,2022,453,2022-12-01
"Mphoeng",-21.22,27.87,2024,2876,2024-01-01
"Mphoeng",-21.22,27.87,2024,1099,2024-02-01
"Mphoeng",-21.22,27.87,2024,42,2024-03-01
"Mphoeng",-21.22,27.87,2024,0,2024-04-01
"Mount-Darwin",-16.783,31.583,2017,2120,2017-01-01
"Mount-Darwin",-16.783,31.583,2017,3043,2017-02-01
"Mount-Darwin",-16.783,31.583,2017,458,2017-03-01
"Mount-Darwin",-16.783,31.583,2017,0,2017-04-01
"Mount-Darwin",-16.783,31.583,2017,119,2017-05-01
"Mount-Darwin",-16.783,31.583,2017,0,2017-06-01
"Mount-Darwin",-16.783,31.583,2017,0,2017-07-01
"Mount-Darwin",-16.783,31.583,2017,34,2017-08-01
"Mount-Darwin",-16.783,31.583,2017,0,2017-09-01
"Mount-Darwin",-16.783,31.583,2017,0,2017-10-01
"Mount-Darwin",-16.783,31.583,2017,266,2017-11-01
"Mount-Darwin",-16.783,31.583,2017,4051,2017-12-01
"Mount-Darwin",-16.783,31.583,2018,3416,2018-01-01
"Mount-Darwin",-16.783,31.583,2018,1388,2018-02-01
"Mount-Darwin",-16.46,31.35,2018,170,2018-03-01
"Mount-Darwin",-16.78,31.58,2018,184,2018-04-01
"Mount-Darwin",-16.78,31.58,2018,0,2018-05-01
"Mount-Darwin",-16.78,31.58,2018,0,2018-06-01
"Mount-Darwin",-16.78,31.58,2018,0,2018-07-01
"Mount-Darwin",-16.78,31.58,2018,3,2018-08-01
"Mount-Darwin",-16.78,31.58,2018,0,2018-09-01
"Mount-Darwin",-16.78,31.58,2018,26,2018-10-01
"Mount-Darwin",-16.78,31.58,2018,722,2018-11-01
"Mount-Darwin",-16.78,31.58,2018,2621,2018-12-01
"Mount-Darwin",-16.78,31.58,2020,1884,2020-01-01
"Mount-Darwin",-16.78,31.58,2020,2082,2020-02-01
"Mount-Darwin",-16.78,31.58,2020,714,2020-03-01
"Mount-Darwin",-16.78,31.58,2020,27,2020-04-01
"Mount-Darwin",-16.46,31.35,2020,0,2020-05-01
"Mount-Darwin",-16.46,31.35,2020,0,2020-06-01
"Mount-Darwin",-16.46,31.35,2020,0,2020-07-01
"Mount-Darwin",-16.46,31.35,2020,0,2020-08-01
"Mount-Darwin",-16.46,31.35,2020,0,2020-09-01
"Mount-Darwin",-16.78,31.58,2020,11,2020-10-01
"Mount-Darwin",-16.78,31.58,2020,974,2020-11-01
"Mount-Darwin",-16.78,31.58,2020,1135,2020-12-01
"Mount-Darwin",-16.78,31.58,2019,938,2019-01-01
"Mount-Darwin",-16.78,31.58,2019,231,2019-02-01
"Mount-Darwin",-16.78,31.58,2019,724,2019-03-01
"Mount-Darwin",-16.78,31.58,2019,52,2019-04-01
"Mount-Darwin",-16.46,31.35,2019,0,2019-05-01
"Mount-Darwin",-16.46,31.35,2019,0,2019-06-01
"Mount-Darwin",-16.46,31.35,2019,0,2019-07-01
"Mount-Darwin",-16.46,31.35,2019,0,2019-08-01
"Mount-Darwin",-16.46,31.35,2019,0,2019-09-01
"Mount-Darwin",-16.78,31.58,2019,0,2019-10-01
"Mount-Darwin",-16.78,31.58,2019,503,2019-11-01
"Mount-Darwin",-16.78,31.58,2019,2647,2019-12-01
"Mount-Darwin",-16.78,31.58,2021,1042,2021-01-01
"Mount-Darwin",-16.78,31.58,2021,3762,2021-02-01
"Mount-Darwin",-16.78,31.58,2021,461,2021-03-01
"Mount-Darwin",-16.78,31.58,2021,438,2021-04-01
"Mount-Darwin",-16.46,31.35,2021,0,2021-05-01
"Mount-Darwin",-16.46,31.35,2021,0,2021-06-01
"Mount-Darwin",-16.46,31.35,2021,0,2021-07-01
"Mount-Darwin",-16.46,31.35,2021,0,2021-08-01
"Mount-Darwin",-16.46,31.35,2021,0,2021-09-01
"Mount-Darwin",-16.78,31.58,2021,0,2021-10-01
"Mount-Darwin",-16.78,31.58,2021,1167,2021-11-01
"Mount-Darwin",-16.78,31.58,2021,470,2021-12-01
"Mount-Darwin",-16.78,31.58,2023,1030,2023-01-01
"Mount-Darwin",-16.78,31.58,2023,326,2023-02-01
"Mount-Darwin",-16.78,31.58,2023,20,2023-03-01
"Mount-Darwin",-16.78,31.58,2023,0,2023-04-01
"Mount-Darwin",-16.46,31.35,2023,0,2023-05-01
"Mount-Darwin",-16.46,31.35,2023,0,2023-06-01
"Mount-Darwin",-16.78,31.58,2023,602,2023-10-01
"Mount-Darwin",-16.78,31.58,2023,0,2023-11-01
"Mount-Darwin",-16.78,31.58,2023,2027,2023-12-01
"Mount-Darwin",-16.78,31.58,2022,1613,2022-01-01
"Mount-Darwin",-16.78,31.58,2022,621,2022-02-01
"Mount-Darwin",-16.78,31.58,2022,237,2022-03-01
"Mount-Darwin",-16.78,31.58,2022,71,2022-04-01
"Mount-Darwin",-16.78,31.58,2022,14,2022-10-01
"Mount-Darwin",-16.78,31.58,2022,120,2022-11-01
"Mount-Darwin",-16.78,31.58,2022,1871,2022-12-01
"Mount-Darwin",-16.78,31.58,2024,1531,2024-01-01
"Mount-Darwin",-16.78,31.58,2024,1977,2024-02-01
"Mount-Darwin",-16.78,31.58,2024,1348,2024-03-01
"Mount-Darwin",-16.78,31.58,2024,2,2024-04-01
"Mukandi",-18.68,32.82,2017,2875,2017-01-01
"Mukandi",-18.68,32.82,2017,5824,2017-02-01
"Mukandi",-18.68,32.82,2017,1080,2017-03-01
"Mukandi",-18.68,32.82,2017,1336,2017-04-01
"Mukandi",-18.68,32.82,2017,160,2017-05-01
"Mukandi",-18.68,32.82,2017,110,2017-06-01
"Mukandi",-18.68,32.82,2017,83,2017-07-01
"Mukandi",-18.68,32.82,2017,260,2017-08-01
"Mukandi",-18.68,32.82,2017,427,2017-09-01
"Mukandi",-18.68,32.82,2017,1162,2017-10-01
"Mukandi",-18.68,32.82,2017,1477,2017-11-01
"Mukandi",-18.68,32.82,2017,3064,2017-12-01
"Mukandi",-18.68,32.82,2018,4963,2018-01-01
"Mukandi",-18.68,32.82,2018,2955,2018-02-01
"Mukandi",-18.68,32.82,2018,817,2018-04-01
"Mukandi",-18.68,32.82,2018,144,2018-05-01
"Mukandi",-18.68,32.82,2018,407,2018-06-01
"Mukandi",-18.68,32.82,2018,119,2018-07-01
"Mukandi",-18.68,32.82,2018,356,2018-10-01
"Mukandi",-18.68,32.82,2018,973,2018-11-01
"Mukandi",-18.68,32.82,2018,1983,2018-12-01
"Mukandi",-18.68,32.82,2020,885,2020-01-01
"Mukandi",-18.68,32.82,2020,2035,2020-02-01
"Mukandi",-18.68,32.82,2020,2019,2020-03-01
"Mukandi",-18.68,32.82,2020,123,2020-04-01
"Mukandi",-18.68,32.82,2020,14,2020-10-01
"Mukandi",-18.68,32.82,2020,1217,2020-11-01
"Mukandi",-18.68,32.82,2020,1004,2020-12-01
"Mukandi",-18.68,32.82,2019,958,2019-01-01
"Mukandi",-18.68,32.82,2019,227,2019-02-01
"Mukandi",-18.68,32.82,2019,1722,2019-03-01
"Mukandi",-18.68,32.82,2019,557,2019-04-01
"Mukandi",-18.68,32.82,2019,69,2019-10-01
"Mukandi",-18.68,32.82,2019,1173,2019-11-01
"Mukandi",-18.68,32.82,2019,3228,2019-12-01
"Mukandi",-18.68,32.82,2021,3238,2021-01-01
"Mukandi",-18.68,32.82,2021,3732,2021-02-01
"Mukandi",-18.68,32.82,2021,1748,2021-03-01
"Mukandi",-18.68,32.82,2021,426,2021-04-01
"Mukandi",-18.68,32.82,2021,366,2021-10-01
"Mukandi",-18.68,32.82,2021,2524,2021-11-01
"Mukandi",-18.68,32.82,2021,1090,2021-12-01
"Mukandi",-18.68,32.82,2023,4257,2023-01-01
"Mukandi",-18.68,32.82,2023,837,2023-02-01
"Mukandi",-18.68,32.82,2023,817,2023-03-01
"Mukandi",-18.68,32.82,2023,171,2023-04-01
"Mukandi",-18.68,32.82,2023,579,2023-10-01
"Mukandi",-18.68,32.82,2023,83,2023-11-01
"Mukandi",-18.68,32.82,2023,2627,2023-12-01
"Mukandi",-18.68,32.82,2022,1747,2022-01-01
"Mukandi",-18.68,32.82,2022,751,2022-02-01
"Mukandi",-18.68,32.82,2022,722,2022-03-01
"Mukandi",-18.68,32.82,2022,71,2022-04-01
"Mukandi",-18.68,32.82,2022,444,2022-10-01
"Mukandi",-18.68,32.82,2022,1401,2022-11-01
"Mukandi",-18.68,32.82,2022,3997,2022-12-01
"Mukandi",-18.68,32.82,2024,4631,2024-01-01
"Mukandi",-18.68,32.82,2024,3715,2024-02-01
"Mukandi",-18.68,32.82,2024,754,2024-03-01
"Mukandi",-18.68,32.82,2024,443,2024-04-01
"Murehwa",-17.37,31.48,2017,2270,2017-01-01
"Murehwa",-17.37,31.48,2017,2300,2017-02-01
"Murehwa",-17.37,31.48,2017,270,2017-03-01
"Murehwa",-17.37,31.48,2017,0,2017-04-01
"Murehwa",-17.37,31.48,2017,0,2017-06-01
"Murehwa",-17.37,31.48,2017,0,2017-07-01
"Murehwa",-17.37,31.48,2017,70,2017-08-01
"Murehwa",-17.37,31.48,2017,0,2017-09-01
"Murehwa",-17.37,31.48,2017,60,2017-10-01
"Murehwa",-17.37,31.48,2017,440,2017-11-01
"Murehwa",-17.37,31.48,2017,2050,2017-12-01
"Murehwa",-17.37,31.48,2018,3120,2018-01-01
"Murehwa",-17.37,31.48,2018,1750,2018-02-01
"Murehwa",-17.37,31.48,2018,440,2018-03-01
"Murehwa",-17.37,31.48,2018,250,2018-04-01
"Murehwa",-17.37,31.48,2018,30,2018-05-01
"Murehwa",-17.37,31.48,2018,0,2018-06-01
"Murehwa",-17.37,31.48,2018,0,2018-07-01
"Murehwa",-17.37,31.48,2018,0,2018-08-01
"Murehwa",-17.37,31.48,2018,0,2018-09-01
"Murehwa",-17.37,31.48,2018,10,2018-10-01
"Murehwa",-17.37,31.48,2018,840,2018-11-01
"Murehwa",-17.37,31.48,2018,1730,2018-12-01
"Murehwa",-17.37,31.48,2020,380,2020-01-01
"Murehwa",-17.37,31.48,2020,1000,2020-02-01
"Murehwa",-17.37,31.48,2020,710,2020-03-01
"Murehwa",-17.37,31.48,2020,260,2020-04-01
"Murehwa",-17.37,31.48,2020,0,2020-05-01
"Murehwa",-17.37,31.48,2020,0,2020-06-01
"Murehwa",-17.37,31.48,2020,0,2020-07-01
"Murehwa",-17.37,31.48,2020,0,2020-08-01
"Murehwa",-17.37,31.48,2020,190,2020-09-01
"Murehwa",-17.37,31.48,2020,80,2020-10-01
"Murehwa",-17.37,31.48,2020,1060,2020-11-01
"Murehwa",-17.37,31.48,2020,1910,2020-12-01
"Murehwa",-17.37,31.48,2019,1040,2019-01-01
"Murehwa",-17.37,31.48,2019,1250,2019-02-01
"Murehwa",-17.37,31.48,2019,1260,2019-03-01
"Murehwa",-17.37,31.48,2019,400,2019-04-01
"Murehwa",-17.37,31.48,2019,0,2019-05-01
"Murehwa",-17.37,31.48,2019,70,2019-06-01
"Murehwa",-17.37,31.48,2019,0,2019-07-01
"Murehwa",-17.37,31.48,2019,0,2019-08-01
"Murehwa",-17.37,31.48,2019,0,2019-09-01
"Murehwa",-17.37,31.48,2019,0,2019-10-01
"Murehwa",-17.37,31.48,2019,4000,2019-11-01
"Murehwa",-17.37,31.48,2019,3310,2019-12-01
"Murehwa",-17.37,31.48,2021,1580,2021-01-01
"Murehwa",-17.37,31.48,2021,2270,2021-02-01
"Murehwa",-17.37,31.48,2021,1010,2021-03-01
"Murehwa",-17.37,31.48,2021,670,2021-04-01
"Murehwa",-17.37,31.48,2021,0,2021-05-01
"Murehwa",-17.37,31.48,2021,0,2021-06-01
"Murehwa",-17.37,31.48,2021,0,2021-07-01
"Murehwa",-17.37,31.48,2021,0,2021-08-01
"Murehwa",-17.37,31.48,2021,20,2021-09-01
"Murehwa",-17.37,31.48,2021,120,2021-10-01
"Murehwa",-17.37,31.48,2021,1090,2021-11-01
"Murehwa",-17.37,31.48,2021,1320,2021-12-01
"Murehwa",-17.37,31.48,2023,4210,2023-01-01
"Murehwa",-17.37,31.48,2023,2540,2023-02-01
"Murehwa",-17.37,31.48,2023,50,2023-03-01
"Murehwa",-17.37,31.48,2023,20,2023-04-01
"Murehwa",-17.37,31.48,2023,0,2023-05-01
"Murehwa",-17.37,31.48,2023,0,2023-06-01
"Murehwa",-17.37,31.48,2023,0,2023-07-01
"Murehwa",-17.37,31.48,2023,30,2023-08-01
"Murehwa",-17.37,31.48,2023,0,2023-09-01
"Murehwa",-17.37,31.48,2023,500,2023-10-01
"Murehwa",-17.37,31.48,2023,80,2023-11-01
"Murehwa",-17.37,31.48,2023,2490,2023-12-01
"Murehwa",-17.37,31.48,2022,2950,2022-01-01
"Murehwa",-17.37,31.48,2022,830,2022-02-01
"Murehwa",-17.37,31.48,2022,90,2022-03-01
"Murehwa",-17.37,31.48,2022,90,2022-04-01
"Murehwa",-17.37,31.48,2022,0,2022-05-01
"Murehwa",-17.37,31.48,2022,0,2022-06-01
"Murehwa",-17.37,31.48,2022,0,2022-07-01
"Murehwa",-17.37,31.48,2022,0,2022-08-01
"Murehwa",-17.37,31.48,2022,0,2022-09-01
"Murehwa",-17.37,31.48,2022,420,2022-10-01
"Murehwa",-17.37,31.48,2022,470,2022-11-01
"Murehwa",-17.37,31.48,2022,2140,2022-12-01
"Murehwa",-17.37,31.48,2024,4620,2024-01-01
"Murehwa",-17.37,31.48,2024,0,2024-02-01
"Murehwa",-17.37,31.48,2024,0,2024-03-01
"Murehwa",-17.37,31.48,2024,0,2024-04-01
"Murehwa",-17.37,31.48,2024,0,2024-05-01
"Murehwa",-17.37,31.48,2024,0,2024-06-01
"Murehwa",-17.37,31.48,2024,0,2024-07-01
"Murehwa",-17.37,31.48,2024,0,2024-08-01
"Murehwa",-17.37,31.48,2024,0,2024-09-01
"Murehwa",-17.37,31.48,2024,160,2024-10-01
"Murehwa",-17.37,31.48,2024,210,2024-11-01
"Murehwa",-17.37,31.48,2024,1780,2024-12-01
"Murehwa",-17.37,31.48,2016,5970,2016-01-01
"Mutare",-18.53,32.4,2017,1150,2017-01-01
"Mutare",-18.53,32.4,2017,2880,2017-02-01
"Mutare",-18.53,32.4,2017,650,2017-03-01
"Mutare",-18.53,32.4,2017,290,2017-04-01
"Mutare",-18.53,32.4,2017,0,2017-05-01
"Mutare",-18.53,32.4,2017,20,2017-06-01
"Mutare",-18.53,32.4,2017,30,2017-07-01
"Mutare",-18.53,32.4,2017,270,2017-08-01
"Mutare",-18.53,32.4,2017,100,2017-09-01
"Mutare",-18.53,32.4,2017,680,2017-10-01
"Mutare",-18.53,32.4,2017,680,2017-11-01
"Mutare",-18.53,32.4,2017,2320,2017-12-01
"Mutare",-18.53,32.4,2018,2300,2018-01-01
"Mutare",-18.53,32.4,2018,1380,2018-02-01
"Mutare",-18.53,32.4,2018,410,2018-03-01
"Mutare",-18.53,32.4,2018,310,2018-04-01
"Mutare",-18.53,32.4,2018,40,2018-05-01
"Mutare",-18.53,32.4,2018,0,2018-06-01
"Mutare",-18.53,32.4,2018,10,2018-07-01
"Mutare",-18.53,32.4,2018,80,2018-08-01
"Mutare",-18.53,32.4,2018,90,2018-09-01
"Mutare",-18.53,32.4,2018,140,2018-10-01
"Mutare",-18.53,32.4,2018,970,2018-11-01
"Mutare",-18.53,32.4,2018,1780,2018-12-01
"Mutare",-18.53,32.4,2020,240,2020-01-01
"Mutare",-18.53,32.4,2020,1610,2020-02-01
"Mutare",-18.53,32.4,2020,560,2020-03-01
"Mutare",-18.53,32.4,2020,30,2020-04-01
"Mutare",-18.53,32.4,2020,90,2020-05-01
"Mutare",-18.53,32.4,2020,0,2020-06-01
"Mutare",-18.53,32.4,2020,0,2020-07-01
"Mutare",-18.53,32.4,2020,40,2020-08-01
"Mutare",-18.53,32.4,2020,160,2020-09-01
"Mutare",-18.53,32.4,2020,30,2020-10-01
"Mutare",-18.53,32.4,2020,770,2020-11-01
"Mutare",-18.53,32.4,2020,400,2020-12-01
"Mutare",-18.53,32.4,2019,590,2019-01-01
"Mutare",-18.53,32.4,2019,460,2019-02-01
"Mutare",-18.53,32.4,2019,380,2019-03-01
"Mutare",-18.53,32.4,2019,190,2019-04-01
"Mutare",-18.53,32.4,2019,0,2019-05-01
"Mutare",-18.53,32.4,2019,70,2019-06-01
"Mutare",-18.53,32.4,2019,40,2019-07-01
"Mutare",-18.53,32.4,2019,0,2019-08-01
"Mutare",-18.53,32.4,2019,0,2019-09-01
"Mutare",-18.53,32.4,2019,570,2019-10-01
"Mutare",-18.53,32.4,2019,870,2019-11-01
"Mutare",-18.53,32.4,2019,1590,2019-12-01
"Mutare",-18.53,32.4,2021,1090,2021-01-01
"Mutare",-18.53,32.4,2021,1560,2021-02-01
"Mutare",-18.53,32.4,2021,600,2021-03-01
"Mutare",-18.53,32.4,2021,470,2021-04-01
"Mutare",-18.53,32.4,2021,0,2021-05-01
"Mutare",-18.53,32.4,2021,40,2021-06-01
"Mutare",-18.53,32.4,2021,190,2021-07-01
"Mutare",-18.53,32.4,2021,40,2021-08-01
"Mutare",-18.53,32.4,2021,80,2021-09-01
"Mutare",-18.53,32.4,2021,120,2021-10-01
"Mutare",-18.53,32.4,2021,2290,2021-11-01
"Mutare",-18.53,32.4,2021,2450,2021-12-01
"Mutare",-18.53,32.4,2023,2420,2023-01-01
"Mutare",-18.53,32.4,2023,340,2023-02-01
"Mutare",-18.53,32.4,2023,180,2023-03-01
"Mutare",-18.53,32.4,2023,340,2023-04-01
"Mutare",-18.53,32.4,2023,0,2023-05-01
"Mutare",-18.53,32.4,2023,0,2023-06-01
"Mutare",-18.53,32.4,2023,10,2023-07-01
"Mutare",-18.53,32.4,2023,0,2023-08-01
"Mutare",-18.53,32.4,2023,70,2023-09-01
"Mutare",-18.53,32.4,2023,3260,2023-10-01
"Mutare",-18.53,32.4,2023,70,2023-11-01
"Mutare",-18.53,32.4,2023,1840,2023-12-01
"Mutare",-18.53,32.4,2022,1110,2022-01-01
"Mutare",-18.53,32.4,2022,220,2022-02-01
"Mutare",-18.53,32.4,2022,460,2022-03-01
"Mutare",-18.53,32.4,2022,60,2022-04-01
"Mutare",-18.53,32.4,2022,0,2022-05-01
"Mutare",-18.53,32.4,2022,0,2022-06-01
"Mutare",-18.53,32.4,2022,130,2022-07-01
"Mutare",-18.53,32.4,2022,0,2022-08-01
"Mutare",-18.53,32.4,2022,40,2022-09-01
"Mutare",-18.53,32.4,2022,260,2022-10-01
"Mutare",-18.53,32.4,2022,470,2022-11-01
"Mutare",-18.53,32.4,2022,0,2022-12-01
"Mutare",-18.53,32.4,2024,3450,2024-01-01
"Mutare",-18.53,32.4,2024,0,2024-02-01
"Mutare",-18.53,32.4,2024,640,2024-03-01
"Mutare",-18.53,32.4,2024,0,2024-04-01
"Mutare",-18.53,32.4,2024,0,2024-05-01
"Mutare",-18.53,32.4,2024,0,2024-06-01
"Mutare",-18.53,32.4,2024,190,2024-07-01
"Mutare",-18.53,32.4,2024,10,2024-08-01
"Mutare",-18.53,32.4,2024,0,2024-09-01
"Mutare",-18.53,32.4,2024,0,2024-10-01
"Mutare",-18.53,32.4,2024,1210,2024-11-01
"Mutare",-18.53,32.4,2024,660,2024-12-01
"Mutare",-18.53,32.4,2016,5380,2016-01-01
"Mutoko",-17.417,32.217,2017,1661,2017-01-01
"Mutoko",-17.417,32.217,2017,2507,2017-02-01
"Mutoko",-17.417,32.217,2017,520,2017-03-01
"Mutoko",-17.417,32.217,2017,2,2017-04-01
"Mutoko",-17.417,32.217,2017,184,2017-05-01
"Mutoko",-17.417,32.217,2017,0,2017-06-01
"Mutoko",-17.417,32.217,2017,0,2017-07-01
"Mutoko",-17.417,32.217,2017,6,2017-08-01
"Mutoko",-17.417,32.217,2017,0,2017-09-01
"Mutoko",-17.417,32.217,2017,54,2017-10-01
"Mutoko",-17.417,32.217,2017,917,2017-11-01
"Mutoko",-17.417,32.217,2017,1810,2017-12-01
"Mutoko",-17.417,32.217,2018,2489,2018-01-01
"Mutoko",-17.417,32.217,2018,1694,2018-02-01
"Mutoko",-17.25,32.13,2018,300,2018-03-01
"Mutoko",-17.42,32.22,2018,231,2018-04-01
"Mutoko",-17.42,32.22,2018,7,2018-05-01
"Mutoko",-17.42,32.22,2018,3,2018-06-01
"Mutoko",-17.42,32.22,2018,0,2018-07-01
"Mutoko",-17.42,32.22,2018,0,2018-08-01
"Mutoko",-17.42,32.22,2018,0,2018-09-01
"Mutoko",-17.42,32.22,2018,0,2018-10-01
"Mutoko",-17.42,32.22,2018,601,2018-11-01
"Mutoko",-17.42,32.22,2018,1171,2018-12-01
"Mutoko",-17.42,32.22,2020,1241,2020-01-01
"Mutoko",-17.42,32.22,2020,1748,2020-02-01
"Mutoko",-17.42,32.22,2020,132,2020-03-01
"Mutoko",-17.42,32.22,2020,29,2020-04-01
"Mutoko",-17.25,32.13,2020,0,2020-05-01
"Mutoko",-17.25,32.13,2020,0,2020-06-01
"Mutoko",-17.42,32.22,2020,31,2020-10-01
"Mutoko",-17.42,32.22,2020,685,2020-11-01
"Mutoko",-17.42,32.22,2020,1228,2020-12-01
"Mutoko",-17.42,32.22,2019,1223,2019-01-01
"Mutoko",-17.42,32.22,2019,122,2019-02-01
"Mutoko",-17.42,32.22,2019,426,2019-03-01
"Mutoko",-17.42,32.22,2019,170,2019-04-01
"Mutoko",-17.42,32.22,2019,0,2019-10-01
"Mutoko",-17.42,32.22,2019,236,2019-11-01
"Mutoko",-17.42,32.22,2019,1568,2019-12-01
"Mutoko",-17.42,32.22,2021,1524,2021-01-01
"Mutoko",-17.42,32.22,2021,2833,2021-02-01
"Mutoko",-17.42,32.22,2021,920,2021-03-01
"Mutoko",-17.42,32.22,2021,437,2021-04-01
"Mutoko",-17.42,32.22,2021,285,2021-10-01
"Mutoko",-17.42,32.22,2021,945,2021-11-01
"Mutoko",-17.42,32.22,2021,790,2021-12-01
"Mutoko",-17.42,32.22,2023,1151,2023-01-01
"Mutoko",-17.42,32.22,2023,1661,2023-02-01
"Mutoko",-17.42,32.22,2023,255,2023-03-01
"Mutoko",-17.42,32.22,2023,201,2023-04-01
"Mutoko",-17.42,32.22,2023,553,2023-10-01
"Mutoko",-17.42,32.22,2023,0,2023-11-01
"Mutoko",-17.42,32.22,2023,2353,2023-12-01
"Mutoko",-17.42,32.22,2022,1762,2022-01-01
"Mutoko",-17.42,32.22,2022,185,2022-02-01
"Mutoko",-17.42,32.22,2022,33,2022-03-01
"Mutoko",-17.42,32.22,2022,112,2022-04-01
"Mutoko",-17.42,32.22,2022,25,2022-10-01
"Mutoko",-17.42,32.22,2022,527,2022-11-01
"Mutoko",-17.42,32.22,2022,1142,2022-12-01
"Mutoko",-17.42,32.22,2024,2458,2024-01-01
"Mutoko",-17.42,32.22,2024,1777,2024-02-01
"Mutoko",-17.42,32.22,2024,1059,2024-03-01
"Mutoko",-17.42,32.22,2024,90,2024-04-01
"Mutoko",-17.42,32.22,2024,430,2024-05-01
"Mutoko",-17.42,32.22,2024,20,2024-06-01
"Mutoko",-17.42,32.22,2024,0,2024-09-01
"Mutoko",-17.42,32.22,2024,50,2024-10-01
"Mutoko",-17.42,32.22,2024,462,2024-11-01
"Mvuma",-19.17,30.31,2017,1030,2017-01-01
"Mvuma",-19.17,30.31,2017,2200,2017-02-01
"Mvuma",-19.17,30.31,2017,570,2017-03-01
"Mvuma",-19.17,30.31,2017,90,2017-04-01
"Mvuma",-19.17,30.31,2017,0,2017-05-01
"Mvuma",-19.17,30.31,2017,0,2017-06-01
"Mvuma",-19.17,30.31,2017,0,2017-07-01
"Mvuma",-19.17,30.31,2017,0,2017-08-01
"Mvuma",-19.17,30.31,2017,0,2017-09-01
"Mvuma",-19.17,30.31,2017,1120,2017-10-01
"Mvuma",-19.17,30.31,2017,1120,2017-11-01
"Mvuma",-19.17,30.31,2017,770,2017-12-01
"Mvuma",-19.17,30.31,2018,3040,2018-01-01
"Mvuma",-19.17,30.31,2018,1230,2018-02-01
"Mvuma",-19.17,30.31,2018,200,2018-03-01
"Mvuma",-19.17,30.31,2018,340,2018-04-01
"Mvuma",-19.17,30.31,2018,0,2018-05-01
"Mvuma",-19.17,30.31,2018,0,2018-06-01
"Mvuma",-19.17,30.31,2018,0,2018-07-01
"Mvuma",-19.17,30.31,2018,0,2018-08-01
"Mvuma",-19.17,30.31,2018,0,2018-09-01
"Mvuma",-19.17,30.31,2018,60,2018-10-01
"Mvuma",-19.17,30.31,2018,780,2018-11-01
"Mvuma",-19.17,30.31,2018,1850,2018-12-01
"Mvuma",-19.17,30.31,2020,680,2020-01-01
"Mvuma",-19.17,30.31,2020,1580,2020-02-01
"Mvuma",-19.17,30.31,2020,740,2020-03-01
"Mvuma",-19.17,30.31,2020,0,2020-04-01
"Mvuma",-19.17,30.31,2020,80,2020-05-01
"Mvuma",-19.17,30.31,2020,0,2020-06-01
"Mvuma",-19.17,30.31,2020,0,2020-07-01
"Mvuma",-19.17,30.31,2020,0,2020-08-01
"Mvuma",-19.17,30.31,2020,0,2020-09-01
"Mvuma",-19.17,30.31,2020,30,2020-10-01
"Mvuma",-19.17,30.31,2020,450,2020-11-01
"Mvuma",-19.17,30.31,2020,550,2020-12-01
"Mvuma",-19.17,30.31,2019,1040,2019-01-01
"Mvuma",-19.17,30.31,2019,170,2019-02-01
"Mvuma",-19.17,30.31,2019,610,2019-03-01
"Mvuma",-19.17,30.31,2019,170,2019-04-01
"Mvuma",-19.17,30.31,2019,0,2019-05-01
"Mvuma",-19.17,30.31,2019,0,2019-06-01
"Mvuma",-19.17,30.31,2019,0,2019-07-01
"Mvuma",-19.17,30.31,2019,0,2019-08-01
"Mvuma",-19.17,30.31,2019,0,2019-09-01
"Mvuma",-19.17,30.31,2019,500,2019-10-01
"Mvuma",-19.17,30.31,2019,1180,2019-11-01
"Mvuma",-19.17,30.31,2019,2590,2019-12-01
"Mvuma",-19.17,30.31,2021,920,2021-01-01
"Mvuma",-19.17,30.31,2021,1830,2021-02-01
"Mvuma",-19.17,30.31,2021,390,2021-03-01
"Mvuma",-19.17,30.31,2021,170,2021-04-01
"Mvuma",-19.17,30.31,2021,0,2021-05-01
"Mvuma",-19.17,30.31,2021,0,2021-06-01
"Mvuma",-19.17,30.31,2021,0,2021-07-01
"Mvuma",-19.17,30.31,2021,0,2021-08-01
"Mvuma",-19.17,30.31,2021,0,2021-09-01
"Mvuma",-19.17,30.31,2021,0,2021-10-01
"Mvuma",-19.17,30.31,2021,1900,2021-11-01
"Mvuma",-19.17,30.31,2021,950,2021-12-01
"Mvuma",-19.17,30.31,2023,1550,2023-01-01
"Mvuma",-19.17,30.31,2023,380,2023-02-01
"Mvuma",-19.17,30.31,2023,170,2023-03-01
"Mvuma",-19.17,30.31,2023,0,2023-04-01
"Mvuma",-19.17,30.31,2023,0,2023-07-01
"Mvuma",-19.17,30.31,2023,0,2023-08-01
"Mvuma",-19.17,30.31,2023,0,2023-09-01
"Mvuma",-19.17,30.31,2023,370,2023-10-01
"Mvuma",-19.17,30.31,2023,150,2023-11-01
"Mvuma",-19.17,30.31,2023,1390,2023-12-01
"Mvuma",-19.17,30.31,2022,900,2022-01-01
"Mvuma",-19.17,30.31,2022,300,2022-02-01
"Mvuma",-19.17,30.31,2022,260,2022-03-01
"Mvuma",-19.28,30.52,2022,230,2022-04-01
"Mvuma",-19.17,30.31,2022,0,2022-07-01
"Mvuma",-19.17,30.31,2022,0,2022-08-01
"Mvuma",-19.17,30.31,2022,0,2022-09-01
"Mvuma",-19.17,30.31,2022,380,2022-10-01
"Mvuma",-19.17,30.31,2022,460,2022-11-01
"Mvuma",-19.17,30.31,2022,1250,2022-12-01
"Mvuma",-19.17,30.31,2024,2710,2024-01-01
"Mvuma",-19.17,30.31,2024,0,2024-02-01
"Mvuma",-19.17,30.31,2024,0,2024-03-01
"Mvuma",-19.17,30.31,2024,0,2024-04-01
"Mvuma",-19.17,30.31,2024,0,2024-05-01
"Mvuma",-19.17,30.31,2024,0,2024-06-01
"Mvuma",-19.17,30.31,2024,0,2024-07-01
"Mvuma",-19.17,30.31,2024,0,2024-08-01
"Mvuma",-19.17,30.31,2024,0,2024-09-01
"Mvuma",-19.17,30.31,2024,0,2024-10-01
"Mvuma",-19.17,30.31,2024,710,2024-11-01
"Mvuma",-19.17,30.31,2024,1200,2024-12-01
"Mvuma",-19.17,30.31,2016,2700,2016-01-01
"Mvurwi",-17.033,30.85,2017,2639,2017-01-01
"Mvurwi",-17.033,30.85,2017,3908,2017-02-01
"Mvurwi",-17.033,30.85,2017,345,2017-03-01
"Mvurwi",-17.033,30.85,2017,17,2017-04-01
"Mvurwi",-17.033,30.85,2017,90,2017-05-01
"Mvurwi",-17.033,30.85,2017,0,2017-06-01
"Mvurwi",-17.033,30.85,2017,0,2017-07-01
"Mvurwi",-17.033,30.85,2017,0,2017-08-01
"Mvurwi",-17.033,30.85,2017,0,2017-09-01
"Mvurwi",-17.033,30.85,2017,74,2017-10-01
"Mvurwi",-17.033,30.85,2017,438,2017-11-01
"Mvurwi",-17.033,30.85,2017,2136,2017-12-01
"Mvurwi",-17.033,30.85,2018,3632,2018-01-01
"Mvurwi",-17.033,30.85,2018,1123,2018-02-01
"Mvurwi",-17.03,30.85,2018,343,2018-04-01
"Mvurwi",-17.03,30.85,2018,1,2018-05-01
"Mvurwi",-17.03,30.85,2018,0,2018-06-01
"Mvurwi",-17.03,30.85,2018,0,2018-07-01
"Mvurwi",-17.03,30.85,2018,4,2018-08-01
"Mvurwi",-17.03,30.85,2018,0,2018-09-01
"Mvurwi",-17.03,30.85,2018,15,2018-10-01
"Mvurwi",-17.03,30.85,2018,1631,2018-11-01
"Mvurwi",-17.03,30.85,2018,1523,2018-12-01
"Mvurwi",-17.03,30.85,2020,628,2020-01-01
"Mvurwi",-17.03,30.85,2020,2198,2020-02-01
"Mvurwi",-17.03,30.85,2020,1020,2020-03-01
"Mvurwi",-17.03,30.85,2020,44,2020-04-01
"Mvurwi",-17.03,30.85,2020,23,2020-10-01
"Mvurwi",-17.03,30.85,2020,1304,2020-11-01
"Mvurwi",-17.03,30.85,2020,1280,2020-12-01
"Mvurwi",-17.03,30.85,2019,1108,2019-01-01
"Mvurwi",-17.03,30.85,2019,324,2019-02-01
"Mvurwi",-17.03,30.85,2019,434,2019-03-01
"Mvurwi",-17.03,30.85,2019,367,2019-04-01
"Mvurwi",-17.03,30.85,2019,0,2019-10-01
"Mvurwi",-17.03,30.85,2019,494,2019-11-01
"Mvurwi",-17.03,30.85,2019,1877,2019-12-01
"Mvurwi",-17.03,30.85,2021,957,2021-01-01
"Mvurwi",-17.03,30.85,2021,2657,2021-02-01
"Mvurwi",-17.03,30.85,2021,2331,2021-03-01
"Mvurwi",-17.03,30.85,2021,293,2021-04-01
"Mvurwi",-17.03,30.85,2021,199,2021-10-01
"Mvurwi",-17.03,30.85,2021,1800,2021-11-01
"Mvurwi",-17.03,30.85,2021,604,2021-12-01
"Mvurwi",-17.03,30.85,2023,2538,2023-01-01
"Mvurwi",-17.03,30.85,2023,1774,2023-02-01
"Mvurwi",-17.03,30.85,2023,288,2023-03-01
"Mvurwi",-17.03,30.85,2023,85,2023-04-01
"Mvurwi",-17.03,30.85,2023,477,2023-10-01
"Mvurwi",-17.03,30.85,2023,40,2023-11-01
"Mvurwi",-17.03,30.85,2023,1277,2023-12-01
"Mvurwi",-17.03,30.85,2022,1165,2022-01-01
"Mvurwi",-17.03,30.85,2022,843,2022-02-01
"Mvurwi",-17.03,30.85,2022,100,2022-03-01
"Mvurwi",-17.03,30.85,2022,235,2022-04-01
"Mvurwi",-17.03,30.85,2022,200,2022-10-01
"Mvurwi",-17.03,30.85,2022,965,2022-11-01
"Mvurwi",-17.03,30.85,2022,2538,2022-12-01
"Mvurwi",-17.03,30.85,2024,2130,2024-01-01
"Mvurwi",-17.03,30.85,2024,1540,2024-02-01
"Mvurwi",-17.03,30.85,2024,686,2024-03-01
"Mvurwi",-17.03,30.85,2024,101,2024-04-01
"Nkai",-18.58,28.53,2017,1400,2017-01-01
"Nkai",-18.58,28.53,2017,1120,2017-02-01
"Nkai",-18.58,28.53,2017,320,2017-03-01
"Nkai",-18.58,28.53,2017,250,2017-04-01
"Nkai",-18.58,28.53,2017,0,2017-05-01
"Nkai",-18.58,28.53,2017,0,2017-06-01
"Nkai",-18.58,28.53,2017,0,2017-07-01
"Nkai",-18.58,28.53,2017,0,2017-08-01
"Nkai",-18.58,28.53,2017,0,2017-09-01
"Nkai",-18.58,28.53,2017,400,2017-10-01
"Nkai",-18.58,28.53,2017,700,2017-11-01
"Nkai",-18.58,28.53,2017,1220,2017-12-01
"Nkai",-18.58,28.53,2018,2650,2018-01-01
"Nkai",-18.58,28.53,2018,1870,2018-02-01
"Nkai",-18.58,28.53,2018,400,2018-03-01
"Nkai",-18.58,28.53,2018,1380,2018-04-01
"Nkai",-18.58,28.53,2018,0,2018-05-01
"Nkai",-18.58,28.53,2018,0,2018-06-01
"Nkai",-18.58,28.53,2018,0,2018-07-01
"Nkai",-18.58,28.53,2018,0,2018-08-01
"Nkai",-18.58,28.53,2018,0,2018-09-01
"Nkai",-18.58,28.53,2018,150,2018-10-01
"Nkai",-18.58,28.53,2018,270,2018-11-01
"Nkai",-18.58,28.53,2018,410,2018-12-01
"Nkai",-18.58,28.53,2020,1010,2020-01-01
"Nkai",-18.58,28.53,2020,1030,2020-02-01
"Nkai",-18.58,28.53,2020,1260,2020-03-01
"Nkai",-18.58,28.53,2020,0,2020-04-01
"Nkai",-18.58,28.53,2020,0,2020-05-01
"Nkai",-18.58,28.53,2020,0,2020-06-01
"Nkai",-18.58,28.53,2020,0,2020-07-01
"Nkai",-18.58,28.53,2020,0,2020-08-01
"Nkai",-18.58,28.53,2020,0,2020-09-01
"Nkai",-18.58,28.53,2020,340,2020-10-01
"Nkai",-18.58,28.53,2020,500,2020-11-01
"Nkai",-18.58,28.53,2020,700,2020-12-01
"Nkai",-18.58,28.53,2019,590,2019-01-01
"Nkai",-18.58,28.53,2019,200,2019-02-01
"Nkai",-18.58,28.53,2019,930,2019-03-01
"Nkai",-18.58,28.53,2019,280,2019-04-01
"Nkai",-18.58,28.53,2019,0,2019-05-01
"Nkai",-18.58,28.53,2019,0,2019-06-01
"Nkai",-18.58,28.53,2019,0,2019-07-01
"Nkai",-18.58,28.53,2019,0,2019-08-01
"Nkai",-18.58,28.53,2019,40,2019-09-01
"Nkai",-18.58,28.53,2019,370,2019-10-01
"Nkai",-18.58,28.53,2019,1530,2019-11-01
"Nkai",-18.58,28.53,2019,1280,2019-12-01
"Nkai",-18.58,28.53,2021,1440,2021-01-01
"Nkai",-18.58,28.53,2021,2730,2021-02-01
"Nkai",-18.58,28.53,2021,670,2021-03-01
"Nkai",-18.58,28.53,2021,130,2021-04-01
"Nkai",-18.58,28.53,2021,20,2021-05-01
"Nkai",-18.58,28.53,2021,0,2021-06-01
"Nkai",-18.58,28.53,2021,380,2021-07-01
"Nkai",-18.58,28.53,2021,0,2021-08-01
"Nkai",-18.58,28.53,2021,90,2021-09-01
"Nkai",-18.58,28.53,2021,80,2021-10-01
"Nkai",-18.58,28.53,2021,2060,2021-11-01
"Nkai",-18.58,28.53,2021,1090,2021-12-01
"Nkai",-18.58,28.53,2023,1450,2023-01-01
"Nkai",-18.58,28.53,2023,1460,2023-02-01
"Nkai",-18.58,28.53,2023,0,2023-03-01
"Nkai",-18.58,28.53,2023,80,2023-04-01
"Nkai",-18.58,28.53,2023,0,2023-05-01
"Nkai",-18.58,28.53,2023,0,2023-06-01
"Nkai",-18.58,28.53,2023,0,2023-07-01
"Nkai",-18.58,28.53,2023,0,2023-08-01
"Nkai",-18.58,28.53,2023,0,2023-09-01
"Nkai",-18.58,28.53,2023,420,2023-10-01
"Nkai",-18.58,28.53,2023,210,2023-11-01
"Nkai",-18.58,28.53,2023,1810,2023-12-01
"Nkai",-18.58,28.53,2022,1470,2022-01-01
"Nkai",-18.58,28.53,2022,270,2022-02-01
"Nkai",-18.58,28.53,2022,490,2022-03-01
"Nkai",-18.58,28.53,2022,120,2022-04-01
"Nkai",-18.58,28.53,2022,0,2022-05-01
"Nkai",-18.58,28.53,2022,0,2022-06-01
"Nkai",-18.58,28.53,2022,0,2022-07-01
"Nkai",-18.58,28.53,2022,0,2022-08-01
"Nkai",-18.58,28.53,2022,0,2022-09-01
"Nkai",-18.58,28.53,2022,200,2022-10-01
"Nkai",-18.58,28.53,2022,510,2022-11-01
"Nkai",-18.58,28.53,2022,5260,2022-12-01
"Nkai",-18.58,28.53,2024,2520,2024-01-01
"Nkai",-18.58,28.53,2024,0,2024-02-01
"Nkai",-18.58,28.53,2024,0,2024-03-01
"Nkai",-18.58,28.53,2024,0,2024-04-01
"Nkai",-18.58,28.53,2024,0,2024-05-01
"Nkai",-18.58,28.53,2024,0,2024-06-01
"Nkai",-18.58,28.53,2024,0,2024-07-01
"Nkai",-18.58,28.53,2024,0,2024-08-01
"Nkai",-18.58,28.53,2024,130,2024-09-01
"Nkai",-18.58,28.53,2024,0,2024-10-01
"Nkai",-18.58,28.53,2024,1670,2024-11-01
"Nkai",-18.58,28.53,2024,1310,2024-12-01
"Nkai",-18.58,28.53,2016,3930,2016-01-01
"Norton",-17.88,30.68,2017,2040,2017-01-01
"Norton",-17.88,30.68,2017,2875,2017-02-01
"Norton",-17.88,30.68,2017,1026,2017-03-01
"Norton",-17.88,30.68,2017,130,2017-04-01
"Norton",-17.88,30.68,2018,135,2018-10-01
"Norton",-17.88,30.68,2018,475,2018-11-01
"Norton",-17.88,30.68,2018,1250,2018-12-01
"Norton",-17.88,30.68,2020,1080,2020-01-01
"Norton",-17.88,30.68,2020,1020,2020-02-01
"Norton",-17.88,30.68,2020,647,2020-03-01
"Norton",-17.88,30.68,2020,0,2020-04-01
"Norton",-17.88,30.68,2020,325,2020-10-01
"Norton",-17.88,30.68,2020,605,2020-11-01
"Norton",-17.88,30.68,2020,3132,2020-12-01
"Norton",-17.88,30.68,2019,815,2019-01-01
"Norton",-17.88,30.68,2019,680,2019-02-01
"Norton",-17.88,30.68,2019,1470,2019-03-01
"Norton",-17.88,30.68,2019,175,2019-04-01
"Norton",-17.88,30.68,2019,0,2019-10-01
"Norton",-17.88,30.68,2019,535,2019-11-01
"Norton",-17.88,30.68,2019,1765,2019-12-01
"Norton",-17.88,30.68,2021,2590,2021-01-01
"Norton",-17.88,30.68,2021,1425,2021-02-01
"Norton",-17.88,30.68,2021,1355,2021-03-01
"Norton",-17.88,30.68,2021,410,2021-04-01
"Norton",-17.88,30.68,2021,160,2021-10-01
"Norton",-17.88,30.68,2021,1825,2021-11-01
"Norton",-17.88,30.68,2021,1685,2021-12-01
"Norton",-17.88,30.68,2023,2855,2023-01-01
"Norton",-17.88,30.68,2023,740,2023-02-01
"Norton",-17.88,30.68,2023,270,2023-03-01
"Norton",-17.88,30.68,2023,150,2023-04-01
"Norton",-17.88,30.68,2023,1380,2023-10-01
"Norton",-17.88,30.68,2023,200,2023-11-01
"Norton",-17.88,30.68,2023,2140,2023-12-01
"Norton",-17.88,30.68,2022,1530,2022-01-01
"Norton",-17.88,30.68,2022,335,2022-02-01
"Norton",-17.88,30.68,2022,410,2022-03-01
"Norton",-17.88,30.68,2022,0,2022-04-01
"Norton",-17.88,30.68,2022,380,2022-10-01
"Norton",-17.88,30.68,2022,830,2022-11-01
"Norton",-17.88,30.68,2022,3110,2022-12-01
"Norton",-17.88,30.68,2024,2940,2024-01-01
"Norton",-17.88,30.68,2024,1320,2024-02-01
"Norton",-17.88,30.68,2024,380,2024-03-01
"Norton",-17.88,30.68,2024,785,2024-04-01
"Nuanetsi",-21.25,30.44,2017,210,2017-01-01
"Nuanetsi",-21.25,30.44,2017,1270,2017-02-01
"Nuanetsi",-21.25,30.44,2017,0,2017-03-01
"Nuanetsi",-21.25,30.44,2017,440,2017-04-01
"Nuanetsi",-21.25,30.44,2017,0,2017-05-01
"Nuanetsi",-21.25,30.44,2017,0,2017-06-01
"Nuanetsi",-21.25,30.44,2017,0,2017-07-01
"Nuanetsi",-21.25,30.44,2017,0,2017-08-01
"Nuanetsi",-21.25,30.44,2017,0,2017-09-01
"Nuanetsi",-21.25,30.44,2017,470,2017-10-01
"Nuanetsi",-21.25,30.44,2017,440,2017-11-01
"Nuanetsi",-21.25,30.44,2017,260,2017-12-01
"Nuanetsi",-21.25,30.44,2018,650,2018-01-01
"Nuanetsi",-21.25,30.44,2018,640,2018-02-01
"Nuanetsi",-21.25,30.44,2018,140,2018-03-01
"Nuanetsi",-21.25,30.44,2018,190,2018-04-01
"Nuanetsi",-21.25,30.44,2018,0,2018-05-01
"Nuanetsi",-21.25,30.44,2018,0,2018-06-01
"Nuanetsi",-21.25,30.44,2018,0,2018-07-01
"Nuanetsi",-21.25,30.44,2018,100,2018-08-01
"Nuanetsi",-21.25,30.44,2018,0,2018-09-01
"Nuanetsi",-21.25,30.44,2018,0,2018-10-01
"Nuanetsi",-21.25,30.44,2018,290,2018-11-01
"Nuanetsi",-21.25,30.44,2018,1940,2018-12-01
"Nuanetsi",-21.25,30.44,2020,620,2020-01-01
"Nuanetsi",-21.25,30.44,2020,950,2020-02-01
"Nuanetsi",-21.25,30.44,2020,1050,2020-03-01
"Nuanetsi",-21.25,30.44,2020,10,2020-04-01
"Nuanetsi",-21.25,30.44,2020,150,2020-05-01
"Nuanetsi",-21.25,30.44,2020,0,2020-06-01
"Nuanetsi",-21.25,30.44,2020,0,2020-10-01
"Nuanetsi",-21.25,30.44,2020,160,2020-11-01
"Nuanetsi",-21.25,30.44,2020,110,2020-12-01
"Nuanetsi",-21.25,30.44,2019,130,2019-01-01
"Nuanetsi",-21.25,30.44,2019,30,2019-02-01
"Nuanetsi",-21.25,30.44,2019,80,2019-03-01
"Nuanetsi",-21.25,30.44,2019,0,2019-04-01
"Nuanetsi",-21.25,30.44,2019,0,2019-05-01
"Nuanetsi",-21.25,30.44,2019,0,2019-06-01
"Nuanetsi",-21.25,30.44,2019,0,2019-07-01
"Nuanetsi",-21.25,30.44,2019,0,2019-08-01
"Nuanetsi",-21.25,30.44,2019,0,2019-09-01
"Nuanetsi",-21.25,30.44,2019,110,2019-10-01
"Nuanetsi",-21.25,30.44,2019,1190,2019-11-01
"Nuanetsi",-21.25,30.44,2019,1390,2019-12-01
"Nuanetsi",-21.25,30.44,2021,630,2021-01-01
"Nuanetsi",-21.25,30.44,2021,1120,2021-02-01
"Nuanetsi",-21.25,30.44,2021,0,2021-03-01
"Nuanetsi",-21.25,30.44,2021,0,2021-04-01
"Nuanetsi",-21.25,30.44,2021,0,2021-05-01
"Nuanetsi",-21.25,30.44,2021,0,2021-06-01
"Nuanetsi",-21.25,30.44,2023,0,2023-07-01
"Nuanetsi",-21.25,30.44,2023,0,2023-08-01
"Nuanetsi",-21.25,30.44,2023,0,2023-09-01
"Nuanetsi",-21.25,30.44,2023,270,2023-10-01
"Nuanetsi",-21.25,30.44,2023,0,2023-11-01
"Nuanetsi",-21.25,30.44,2023,270,2023-12-01
"Nuanetsi",-21.25,30.44,2022,340,2022-01-01
"Nuanetsi",-21.25,30.44,2022,1040,2022-02-01
"Nyamandhlovu",-19.87,28.27,2017,2528,2017-01-01
"Nyamandhlovu",-19.87,28.27,2017,2153,2017-02-01
"Nyamandhlovu",-19.87,28.27,2017,267,2017-03-01
"Nyamandhlovu",-19.87,28.27,2017,802,2017-04-01
"Nyamandhlovu",-19.87,28.27,2018,340,2018-10-01
"Nyamandhlovu",-19.87,28.27,2018,690,2018-11-01
"Nyamandhlovu",-19.87,28.27,2018,1380,2018-12-01
"Nyamandhlovu",-19.87,28.27,2020,1006,2020-01-01
"Nyamandhlovu",-19.87,28.27,2020,1282,2020-02-01
"Nyamandhlovu",-19.87,28.27,2020,1170,2020-03-01
"Nyamandhlovu",-19.87,28.27,2020,0,2020-04-01
"Nyamandhlovu",-19.87,28.27,2020,62,2020-10-01
"Nyamandhlovu",-19.87,28.27,2020,1563,2020-11-01
"Nyamandhlovu",-19.87,28.27,2020,709,2020-12-01
"Nyamandhlovu",-19.87,28.27,2019,1605,2019-01-01
"Nyamandhlovu",-19.87,28.27,2019,55,2019-02-01
"Nyamandhlovu",-19.87,28.27,2019,511,2019-03-01
"Nyamandhlovu",-19.87,28.27,2019,295,2019-04-01
"Nyamandhlovu",-19.87,28.27,2019,119,2019-10-01
"Nyamandhlovu",-19.87,28.27,2019,762,2019-11-01
"Nyamandhlovu",-19.87,28.27,2019,1396,2019-12-01
"Nyamandhlovu",-19.87,28.27,2021,850,2021-01-01
"Nyamandhlovu",-19.87,28.27,2021,1095,2021-02-01
"Nyamandhlovu",-19.87,28.27,2021,510,2021-03-01
"Nyamandhlovu",-19.87,28.27,2021,160,2021-04-01
"Nyamandhlovu",-19.87,28.27,2021,0,2021-10-01
"Nyamandhlovu",-19.87,28.27,2021,2124,2021-11-01
"Nyamandhlovu",-19.87,28.27,2021,843,2021-12-01
"Nyamandhlovu",-19.87,28.27,2023,830,2023-01-01
"Nyamandhlovu",-19.87,28.27,2023,655,2023-02-01
"Nyamandhlovu",-19.87,28.27,2023,209,2023-03-01
"Nyamandhlovu",-19.87,28.27,2023,0,2023-04-01
"Nyamandhlovu",-19.87,28.27,2023,360,2023-10-01
"Nyamandhlovu",-19.87,28.27,2023,170,2023-11-01
"Nyamandhlovu",-19.87,28.27,2023,528,2023-12-01
"Nyamandhlovu",-19.87,28.27,2022,414,2022-01-01
"Nyamandhlovu",-19.87,28.27,2022,230,2022-02-01
"Nyamandhlovu",-19.87,28.27,2022,585,2022-03-01
"Nyamandhlovu",-19.87,28.27,2022,80,2022-04-01
"Nyamandhlovu",-19.87,28.27,2022,40,2022-10-01
"Nyamandhlovu",-19.87,28.27,2022,485,2022-11-01
"Nyamandhlovu",-19.87,28.27,2022,1025,2022-12-01
"Nyamandhlovu",-19.87,28.27,2024,3065,2024-01-01
"Nyamandhlovu",-19.87,28.27,2024,1150,2024-02-01
"Nyamandhlovu",-19.87,28.27,2024,285,2024-03-01
"Nyamandhlovu",-19.87,28.27,2024,0,2024-04-01
"Nyanga",-18.283,32.75,2017,1781,2017-01-01
"Nyanga",-18.283,32.75,2017,3750,2017-02-01
"Nyanga",-18.283,32.75,2017,836,2017-03-01
"Nyanga",-18.283,32.75,2017,590,2017-04-01
"Nyanga",-18.283,32.75,2017,46,2017-05-01
"Nyanga",-18.283,32.75,2017,182,2017-06-01
"Nyanga",-18.283,32.75,2017,30,2017-07-01
"Nyanga",-18.283,32.75,2017,123,2017-08-01
"Nyanga",-18.283,32.75,2017,39,2017-09-01
"Nyanga",-18.283,32.75,2017,830,2017-10-01
"Nyanga",-18.283,32.75,2017,904,2017-11-01
"Nyanga",-18.283,32.75,2017,4910,2017-12-01
"Nyanga",-18.283,32.75,2018,3831,2018-01-01
"Nyanga",-18.283,32.75,2018,1680,2018-02-01
"Nyanga",-18.28,32.75,2018,1636,2018-04-01
"Nyanga",-18.28,32.75,2018,354,2018-05-01
"Nyanga",-18.28,32.75,2018,291,2018-06-01
"Nyanga",-18.28,32.75,2018,16,2018-07-01
"Nyanga",-18.28,32.75,2018,271,2018-08-01
"Nyanga",-18.28,32.75,2018,27,2018-09-01
"Nyanga",-18.28,32.75,2018,33,2018-10-01
"Nyanga",-18.28,32.75,2018,1770,2018-11-01
"Nyanga",-18.28,32.75,2018,1807,2018-12-01
"Nyanga",-18.28,32.75,2020,1999,2020-01-01
"Nyanga",-18.28,32.75,2020,1401,2020-02-01
"Nyanga",-18.28,32.75,2020,1524,2020-03-01
"Nyanga",-18.28,32.75,2020,128,2020-04-01
"Nyanga",-18.28,32.75,2020,55,2020-10-01
"Nyanga",-18.28,32.75,2020,544,2020-11-01
"Nyanga",-18.28,32.75,2020,794,2020-12-01
"Nyanga",-18.28,32.75,2019,1133,2019-01-01
"Nyanga",-18.28,32.75,2019,80,2019-02-01
"Nyanga",-18.28,32.75,2019,468,2019-03-01
"Nyanga",-18.28,32.75,2019,357,2019-04-01
"Nyanga",-18.28,32.75,2019,450,2019-10-01
"Nyanga",-18.28,32.75,2019,1050,2019-11-01
"Nyanga",-18.28,32.75,2019,2929,2019-12-01
"Nyanga",-18.28,32.75,2021,3822,2021-01-01
"Nyanga",-18.28,32.75,2021,1833,2021-02-01
"Nyanga",-18.28,32.75,2021,1063,2021-03-01
"Nyanga",-18.28,32.75,2021,482,2021-04-01
"Nyanga",-18.28,32.75,2021,368,2021-10-01
"Nyanga",-18.28,32.75,2021,1448,2021-11-01
"Nyanga",-18.28,32.75,2021,1665,2021-12-01
"Nyanga",-18.28,32.75,2023,3550,2023-01-01
"Nyanga",-18.28,32.75,2023,707,2023-02-01
"Nyanga",-18.28,32.75,2023,162,2023-03-01
"Nyanga",-18.28,32.75,2023,411,2023-04-01
"Nyanga",-18.28,32.75,2023,786,2023-10-01
"Nyanga",-18.28,32.75,2023,123,2023-11-01
"Nyanga",-18.28,32.75,2023,2327,2023-12-01
"Nyanga",-18.28,32.75,2022,2655,2022-01-01
"Nyanga",-18.28,32.75,2022,782,2022-02-01
"Nyanga",-18.28,32.75,2022,564,2022-03-01
"Nyanga",-18.28,32.75,2022,65,2022-04-01
"Nyanga",-18.28,32.75,2022,1802,2022-10-01
"Nyanga",-18.28,32.75,2022,1443,2022-11-01
"Nyanga",-18.28,32.75,2022,2430,2022-12-01
"Nyanga",-18.28,32.75,2024,4977,2024-01-01
"Nyanga",-18.28,32.75,2024,3545,2024-02-01
"Nyanga",-18.28,32.75,2024,687,2024-03-01
"Nyanga",-18.28,32.75,2024,303,2024-04-01
"Nyazura",-18.72,32.17,2017,715,2017-01-01
"Nyazura",-18.72,32.17,2017,3000,2017-02-01
"Nyazura",-18.72,32.17,2017,1060,2017-03-01
"Nyazura",-18.72,32.17,2017,170,2017-04-01
"Nyazura",-18.72,32.17,2018,126,2018-10-01
"Nyazura",-18.72,32.17,2018,592,2018-11-01
"Nyazura",-18.72,32.17,2018,1367,2018-12-01
"Nyazura",-18.72,32.17,2020,1340,2020-01-01
"Nyazura",-18.72,32.17,2020,1376,2020-02-01
"Nyazura",-18.72,32.17,2020,556,2020-03-01
"Nyazura",-18.72,32.17,2020,0,2020-04-01
"Nyazura",-18.72,32.17,2020,43,2020-10-01
"Nyazura",-18.72,32.17,2020,477,2020-11-01
"Nyazura",-18.72,32.17,2020,990,2020-12-01
"Nyazura",-18.72,32.17,2019,720,2019-01-01
"Nyazura",-18.72,32.17,2019,265,2019-02-01
"Nyazura",-18.72,32.17,2019,728,2019-03-01
"Nyazura",-18.72,32.17,2019,222,2019-04-01
"Nyazura",-18.72,32.17,2019,0,2019-10-01
"Nyazura",-18.72,32.17,2019,595,2019-11-01
"Nyazura",-18.72,32.17,2019,2614,2019-12-01
"Nyazura",-18.72,32.17,2021,1590,2021-01-01
"Nyazura",-18.72,32.17,2021,2149,2021-02-01
"Nyazura",-18.72,32.17,2021,423,2021-03-01
"Nyazura",-18.72,32.17,2021,411,2021-04-01
"Nyazura",-18.72,32.17,2021,100,2021-10-01
"Nyazura",-18.72,32.17,2021,2096,2021-11-01
"Nyazura",-18.72,32.17,2021,1185,2021-12-01
"Nyazura",-18.72,32.17,2023,2019,2023-01-01
"Nyazura",-18.72,32.17,2023,175,2023-02-01
"Nyazura",-18.72,32.17,2023,130,2023-03-01
"Nyazura",-18.72,32.17,2023,210,2023-04-01
"Nyazura",-18.72,32.17,2023,230,2023-10-01
"Nyazura",-18.72,32.17,2023,199,2023-11-01
"Nyazura",-18.72,32.17,2023,1972,2023-12-01
"Nyazura",-18.72,32.17,2022,1555,2022-01-01
"Nyazura",-18.72,32.17,2022,330,2022-02-01
"Nyazura",-18.72,32.17,2022,110,2022-03-01
"Nyazura",-18.72,32.17,2022,380,2022-04-01
"Nyazura",-18.72,32.17,2022,260,2022-10-01
"Nyazura",-18.72,32.17,2022,485,2022-11-01
"Nyazura",-18.72,32.17,2022,1980,2022-12-01
"Nyazura",-18.72,32.17,2024,3100,2024-01-01
"Nyazura",-18.72,32.17,2024,1860,2024-02-01
"Nyazura",-18.72,32.17,2024,450,2024-03-01
"Nyazura",-18.72,32.17,2024,40,2024-04-01
"Odzi",-18.97,32.4,2017,765,2017-01-01
"Odzi",-18.97,32.4,2017,3350,2017-02-01
"Odzi",-18.97,32.4,2017,794,2017-03-01
"Odzi",-18.97,32.4,2017,151,2017-04-01
"Odzi",-18.97,32.4,2018,60,2018-10-01
"Odzi",-18.97,32.4,2018,560,2018-11-01
"Odzi",-18.97,32.4,2018,1125,2018-12-01
"Odzi",-18.97,32.4,2020,610,2020-01-01
"Odzi",-18.97,32.4,2020,1085,2020-02-01
"Odzi",-18.97,32.4,2020,465,2020-03-01
"Odzi",-18.97,32.4,2020,20,2020-04-01
"Odzi",-18.97,32.4,2020,0,2020-10-01
"Odzi",-18.97,32.4,2020,656,2020-11-01
"Odzi",-18.97,32.4,2020,258,2020-12-01
"Odzi",-18.97,32.4,2019,265,2019-01-01
"Odzi",-18.97,32.4,2019,225,2019-02-01
"Odzi",-18.97,32.4,2019,435,2019-03-01
"Odzi",-18.97,32.4,2019,105,2019-04-01
"Odzi",-18.97,32.4,2019,60,2019-10-01
"Odzi",-18.97,32.4,2019,324,2019-11-01
"Odzi",-18.97,32.4,2019,1630,2019-12-01
"Odzi",-18.97,32.4,2021,705,2021-01-01
"Odzi",-18.97,32.4,2021,1618,2021-02-01
"Odzi",-18.97,32.4,2021,318,2021-03-01
"Odzi",-18.97,32.4,2021,270,2021-04-01
"Odzi",-18.97,32.4,2021,25,2021-10-01
"Odzi",-18.97,32.4,2021,1107,2021-11-01
"Odzi",-18.97,32.4,2021,1125,2021-12-01
"Odzi",-18.97,32.4,2023,1755,2023-01-01
"Odzi",-18.97,32.4,2023,330,2023-02-01
"Odzi",-18.97,32.4,2023,120,2023-03-01
"Odzi",-18.97,32.4,2023,140,2023-04-01
"Odzi",-18.97,32.4,2023,260,2023-10-01
"Odzi",-18.97,32.4,2023,100,2023-11-01
"Odzi",-18.97,32.4,2023,2446,2023-12-01
"Odzi",-18.97,32.4,2022,1190,2022-01-01
"Odzi",-18.97,32.4,2022,560,2022-02-01
"Odzi",-18.97,32.4,2022,250,2022-03-01
"Odzi",-18.97,32.4,2022,105,2022-04-01
"Odzi",-18.97,32.4,2022,396,2022-10-01
"Odzi",-18.97,32.4,2022,405,2022-11-01
"Odzi",-18.97,32.4,2022,2145,2022-12-01
"Odzi",-18.97,32.4,2024,2930,2024-01-01
"Odzi",-18.97,32.4,2024,1865,2024-02-01
"Odzi",-18.97,32.4,2024,670,2024-03-01
"Odzi",-18.97,32.4,2024,50,2024-04-01
"Pamushana Mission",-20.01,31.33,2017,460,2017-01-01
"Pamushana Mission",-20.01,31.33,2017,1230,2017-02-01
"Pamushana Mission",-20.01,31.33,2017,690,2017-03-01
"Pamushana Mission",-20.01,31.33,2017,410,2017-04-01
"Pamushana Mission",-20.01,31.33,2017,0,2017-05-01
"Pamushana Mission",-20.01,31.33,2017,100,2017-06-01
"Pamushana Mission",-20.01,31.33,2017,0,2017-07-01
"Pamushana Mission",-20.01,31.33,2017,250,2017-08-01
"Pamushana Mission",-20.01,31.33,2017,0,2017-09-01
"Pamushana Mission",-20.01,31.33,2017,290,2017-10-01
"Pamushana Mission",-20.01,31.33,2017,1020,2017-11-01
"Pamushana Mission",-20.01,31.33,2017,1110,2017-12-01
"Pamushana Mission",-20.01,31.33,2018,3270,2018-01-01
"Pamushana Mission",-20.01,31.33,2018,390,2018-02-01
"Pamushana Mission",-20.01,31.33,2018,200,2018-03-01
"Pamushana Mission",-20.01,31.33,2018,260,2018-04-01
"Pamushana Mission",-20.01,31.33,2018,50,2018-05-01
"Pamushana Mission",-20.01,31.33,2018,90,2018-06-01
"Pamushana Mission",-20.01,31.33,2018,0,2018-07-01
"Pamushana Mission",-20.01,31.33,2018,60,2018-08-01
"Pamushana Mission",-20.01,31.33,2018,50,2018-09-01
"Pamushana Mission",-20.01,31.33,2018,40,2018-10-01
"Pamushana Mission",-20.01,31.33,2018,230,2018-11-01
"Pamushana Mission",-20.01,31.33,2018,1440,2018-12-01
"Pamushana Mission",-20.01,31.33,2020,370,2020-01-01
"Pamushana Mission",-20.01,31.33,2020,1420,2020-02-01
"Pamushana Mission",-20.01,31.33,2020,570,2020-03-01
"Pamushana Mission",-20.01,31.33,2020,0,2020-04-01
"Pamushana Mission",-20.01,31.33,2020,200,2020-05-01
"Pamushana Mission",-20.01,31.33,2020,0,2020-06-01
"Raffingora",-17.08,30.48,2017,2279,2017-01-01
"Raffingora",-17.08,30.48,2017,3668,2017-02-01
"Raffingora",-17.08,30.48,2017,351,2017-03-01
"Raffingora",-17.08,30.48,2017,182,2017-04-01
"Raffingora",-17.08,30.48,2018,0,2018-10-01
"Raffingora",-17.08,30.48,2018,1479,2018-11-01
"Raffingora",-17.08,30.48,2018,1485,2018-12-01
"Raffingora",-17.08,30.48,2020,1347,2020-01-01
"Raffingora",-17.08,30.48,2020,1388,2020-02-01
"Raffingora",-17.08,30.48,2020,1794,2020-03-01
"Raffingora",-17.08,30.48,2020,0,2020-04-01
"Raffingora",-17.08,30.48,2020,202,2020-10-01
"Raffingora",-17.08,30.48,2020,830,2020-11-01
"Raffingora",-17.08,30.48,2020,623,2020-12-01
"Raffingora",-17.08,30.48,2019,730,2019-01-01
"Raffingora",-17.08,30.48,2019,236,2019-02-01
"Raffingora",-17.08,30.48,2019,502,2019-03-01
"Raffingora",-17.08,30.48,2019,351,2019-04-01
"Raffingora",-17.08,30.48,2019,77,2019-10-01
"Raffingora",-17.08,30.48,2019,710,2019-11-01
"Raffingora",-17.08,30.48,2019,1576,2019-12-01
"Raffingora",-17.08,30.48,2021,1751,2021-01-01
"Raffingora",-17.08,30.48,2021,2930,2021-02-01
"Raffingora",-17.08,30.48,2021,2017,2021-03-01
"Raffingora",-17.08,30.48,2021,519,2021-04-01
"Raffingora",-17.08,30.48,2021,318,2021-10-01
"Raffingora",-17.08,30.48,2021,691,2021-11-01
"Raffingora",-17.08,30.48,2021,1003,2021-12-01
"Raffingora",-17.08,30.48,2023,2568,2023-01-01
"Raffingora",-17.08,30.48,2023,1674,2023-02-01
"Raffingora",-17.08,30.48,2023,259,2023-03-01
"Raffingora",-17.08,30.48,2023,90,2023-04-01
"Raffingora",-17.08,30.48,2023,868,2023-10-01
"Raffingora",-17.08,30.48,2023,29,2023-11-01
"Raffingora",-17.08,30.48,2023,1376,2023-12-01
"Raffingora",-17.08,30.48,2022,936,2022-01-01
"Raffingora",-17.08,30.48,2022,1559,2022-02-01
"Raffingora",-17.08,30.48,2022,262,2022-03-01
"Raffingora",-17.08,30.48,2022,48,2022-04-01
"Raffingora",-17.08,30.48,2022,98,2022-10-01
"Raffingora",-17.08,30.48,2022,486,2022-11-01
"Raffingora",-17.08,30.48,2022,1813,2022-12-01
"Raffingora",-17.08,30.48,2024,3510,2024-01-01
"Raffingora",-17.08,30.48,2024,1180,2024-02-01
"Raffingora",-17.08,30.48,2024,1233,2024-03-01
"Raffingora",-17.08,30.48,2024,484,2024-04-01
"Retreat",-20.23,27.45,2017,1640,2017-01-01
"Retreat",-20.23,27.45,2017,1040,2017-02-01
"Retreat",-20.23,27.45,2017,1810,2017-03-01
"Retreat",-20.23,27.45,2017,710,2017-04-01
"Retreat",-20.23,27.45,2017,240,2017-05-01
"Retreat",-20.23,27.45,2017,0,2017-06-01
"Retreat",-20.23,27.45,2017,0,2017-07-01
"Retreat",-20.23,27.45,2017,0,2017-08-01
"Retreat",-20.23,27.45,2017,0,2017-09-01
"Retreat",-20.48,27.8,2017,335,2017-10-01
"Retreat",-20.48,27.8,2017,1208,2017-11-01
"Retreat",-20.48,27.8,2017,899,2017-12-01
"Retreat",-20.48,27.8,2018,1640,2018-01-01
"Retreat",-20.48,27.8,2018,1040,2018-02-01
"Retreat",-20.48,27.8,2018,707,2018-04-01
"Retreat",-20.48,27.8,2018,244,2018-05-01
"Retreat",-20.48,27.8,2018,0,2018-06-01
"Retreat",-20.48,27.8,2018,0,2018-07-01
"Retreat",-20.23,27.45,2018,150,2018-10-01
"Retreat",-20.23,27.45,2018,120,2018-11-01
"Retreat",-20.23,27.45,2018,870,2018-12-01
"Retreat",-20.23,27.45,2020,900,2020-01-01
"Retreat",-20.23,27.45,2020,950,2020-02-01
"Retreat",-20.23,27.45,2020,2720,2020-03-01
"Retreat",-20.23,27.45,2020,0,2020-04-01
"Retreat",-20.23,27.45,2020,0,2020-05-01
"Retreat",-20.23,27.45,2020,0,2020-06-01
"Retreat",-20.23,27.45,2020,0,2020-07-01
"Retreat",-20.23,27.45,2020,0,2020-08-01
"Retreat",-20.23,27.45,2020,0,2020-09-01
"Retreat",-20.23,27.45,2020,130,2020-10-01
"Retreat",-20.23,27.45,2020,630,2020-11-01
"Retreat",-20.23,27.45,2020,810,2020-12-01
"Retreat",-20.23,27.45,2019,920,2019-01-01
"Retreat",-20.23,27.45,2019,490,2019-02-01
"Retreat",-20.23,27.45,2019,460,2019-03-01
"Retreat",-20.23,27.45,2019,100,2019-04-01
"Retreat",-20.23,27.45,2019,0,2019-05-01
"Retreat",-20.23,27.45,2019,0,2019-06-01
"Retreat",-20.23,27.45,2019,0,2019-07-01
"Retreat",-20.23,27.45,2019,0,2019-08-01
"Retreat",-20.23,27.45,2019,0,2019-09-01
"Retreat",-20.23,27.45,2019,510,2019-10-01
"Retreat",-20.23,27.45,2019,740,2019-11-01
"Retreat",-20.23,27.45,2019,1960,2019-12-01
"Retreat",-20.23,27.45,2021,770,2021-01-01
"Retreat",-20.23,27.45,2021,700,2021-02-01
"Retreat",-20.23,27.45,2021,370,2021-03-01
"Retreat",-20.23,27.45,2021,470,2021-04-01
"Retreat",-20.23,27.45,2021,180,2021-05-01
"Retreat",-20.23,27.45,2021,0,2021-06-01
"Retreat",-20.23,27.45,2021,50,2021-07-01
"Retreat",-20.23,27.45,2021,0,2021-08-01
"Retreat",-20.23,27.45,2021,290,2021-09-01
"Retreat",-20.23,27.45,2021,0,2021-10-01
"Retreat",-20.23,27.45,2021,1890,2021-11-01
"Retreat",-20.23,27.45,2021,880,2021-12-01
"Retreat",-20.23,27.45,2023,940,2023-01-01
"Retreat",-20.23,27.45,2023,730,2023-02-01
"Retreat",-20.23,27.45,2023,280,2023-03-01
"Retreat",-20.23,27.45,2023,0,2023-04-01
"Retreat",-20.23,27.45,2023,0,2023-05-01
"Retreat",-20.23,27.45,2023,0,2023-06-01
"Retreat",-20.23,27.45,2023,0,2023-07-01
"Retreat",-20.23,27.45,2023,0,2023-08-01
"Retreat",-20.23,27.45,2023,0,2023-09-01
"Retreat",-20.23,27.45,2023,220,2023-10-01
"Retreat",-20.23,27.45,2023,840,2023-11-01
"Retreat",-20.23,27.45,2023,1320,2023-12-01
"Retreat",-20.23,27.45,2022,710,2022-01-01
"Retreat",-20.23,27.45,2022,1300,2022-02-01
"Retreat",-20.23,27.45,2022,760,2022-03-01
"Retreat",-20.23,27.45,2022,420,2022-04-01
"Retreat",-20.23,27.45,2022,380,2022-05-01
"Retreat",-20.23,27.45,2022,0,2022-06-01
"Retreat",-20.23,27.45,2022,0,2022-07-01
"Retreat",-20.23,27.45,2022,0,2022-08-01
"Retreat",-20.23,27.45,2022,100,2022-09-01
"Retreat",-20.23,27.45,2022,40,2022-10-01
"Retreat",-20.23,27.45,2022,1080,2022-11-01
"Retreat",-20.23,27.45,2022,1120,2022-12-01
"Retreat",-20.23,27.45,2024,2490,2024-01-01
"Retreat",-20.23,27.45,2024,0,2024-02-01
"Retreat",-20.23,27.45,2024,0,2024-03-01
"Retreat",-20.23,27.45,2024,0,2024-04-01
"Retreat",-20.23,27.45,2024,0,2024-05-01
"Retreat",-20.23,27.45,2024,0,2024-06-01
"Retreat",-20.23,27.45,2024,140,2024-07-01
"Retreat",-20.23,27.45,2024,0,2024-08-01
"Retreat",-20.23,27.45,2024,0,2024-09-01
"Retreat",-20.23,27.45,2024,120,2024-10-01
"Retreat",-20.23,27.45,2024,830,2024-11-01
"Retreat",-20.23,27.45,2024,1030,2024-12-01
"Retreat",-20.23,27.45,2016,1730,2016-01-01
"Rukomiche",-16.13,29.4,2017,2675,2017-01-01
"Rukomiche",-16.13,29.4,2017,4580,2017-02-01
"Rukomiche",-16.13,29.4,2017,1935,2017-03-01
"Rukomiche",-16.13,29.4,2017,0,2017-04-01
"Rukomiche",-16.13,29.4,2018,596,2018-04-01
"Rukomiche",-16.13,29.4,2018,0,2018-05-01
"Rukomiche",-16.13,29.4,2018,0,2018-06-01
"Rukomiche",-16.13,29.4,2018,0,2018-07-01
"Rukomiche",-16.13,29.4,2018,10,2018-10-01
"Rukomiche",-16.13,29.4,2018,440,2018-11-01
"Rukomiche",-16.13,29.4,2018,1200,2018-12-01
"Rukomiche",-16.13,29.4,2020,2090,2020-01-01
"Rukomiche",-16.13,29.4,2020,491,2020-02-01
"Rukomiche",-16.13,29.4,2020,615,2020-03-01
"Rukomiche",-16.13,29.4,2020,190,2020-04-01
"Rukomiche",-16.13,29.4,2020,95,2020-10-01
"Rukomiche",-16.13,29.4,2020,855,2020-11-01
"Rukomiche",-16.13,29.4,2020,1065,2020-12-01
"Rukomiche",-16.13,29.4,2019,1320,2019-01-01
"Rukomiche",-16.13,29.4,2019,135,2019-02-01
"Rukomiche",-16.13,29.4,2019,763,2019-03-01
"Rukomiche",-16.13,29.4,2019,212,2019-04-01
"Rukomiche",-16.13,29.4,2019,20,2019-10-01
"Rukomiche",-16.13,29.4,2019,530,2019-11-01
"Rukomiche",-16.13,29.4,2019,2742,2019-12-01
"Rukomiche",-16.13,29.4,2021,731,2021-01-01
"Rukomiche",-16.13,29.4,2021,3258,2021-02-01
"Rukomiche",-16.13,29.4,2021,695,2021-03-01
"Rukomiche",-16.13,29.4,2021,540,2021-04-01
"Rukomiche",-16.13,29.4,2021,0,2021-10-01
"Rukomiche",-16.13,29.4,2021,899,2021-11-01
"Rukomiche",-16.13,29.4,2021,750,2021-12-01
"Rukomiche",-16.13,29.4,2023,2190,2023-01-01
"Rukomiche",-16.13,29.4,2023,520,2023-02-01
"Rukomiche",-16.13,29.4,2023,350,2023-03-01
"Rukomiche",-16.13,29.4,2023,0,2023-04-01
"Rukomiche",-16.13,29.4,2023,190,2023-10-01
"Rukomiche",-16.13,29.4,2023,298,2023-11-01
"Rukomiche",-16.13,29.4,2023,1120,2023-12-01
"Rukomiche",-16.13,29.4,2022,995,2022-01-01
"Rukomiche",-16.13,29.4,2022,771,2022-02-01
"Rukomiche",-16.13,29.4,2022,216,2022-03-01
"Rukomiche",-16.13,29.4,2022,0,2022-04-01
"Rukomiche",-16.13,29.4,2022,15,2022-10-01
"Rukomiche",-16.13,29.4,2022,1706,2022-11-01
"Rukomiche",-16.13,29.4,2022,1437,2022-12-01
"Rukomiche",-16.13,29.4,2024,2458,2024-01-01
"Rukomiche",-16.13,29.4,2024,1940,2024-02-01
"Rukomiche",-16.13,29.4,2024,625,2024-03-01
"Rukomiche",-16.13,29.4,2024,0,2024-04-01
"Rupere",-18.7,32.8,2017,3150,2017-01-01
"Rupere",-18.7,32.8,2017,6340,2017-02-01
"Rupere",-18.7,32.8,2017,1380,2017-03-01
"Rupere",-18.7,32.8,2017,1150,2017-04-01
"Rupere",-18.7,32.8,2017,190,2017-05-01
"Rupere",-18.7,32.8,2017,100,2017-06-01
"Rupere",-18.7,32.8,2017,124,2017-07-01
"Rupere",-18.7,32.8,2017,288,2017-08-01
"Rupere",-18.7,32.8,2017,536,2017-09-01
"Rupere",-18.7,32.8,2017,1010,2017-10-01
"Rupere",-18.7,32.8,2017,2103,2017-11-01
"Rupere",-18.7,32.8,2017,3745,2017-12-01
"Rupere",-18.7,32.8,2018,5570,2018-01-01
"Rupere",-18.7,32.8,2018,2855,2018-02-01
"Rupere",-18.7,32.8,2018,1063,2018-04-01
"Rupere",-18.7,32.8,2018,169,2018-05-01
"Rupere",-18.7,32.8,2018,447,2018-06-01
"Rupere",-18.7,32.8,2018,138,2018-07-01
"Rupere",-18.7,32.8,2018,660,2018-10-01
"Rusape",-18.53,32.13,2017,703,2017-01-01
"Rusape",-18.53,32.13,2017,2480,2017-02-01
"Rusape",-18.53,32.13,2017,263,2017-03-01
"Rusape",-18.53,32.13,2017,61,2017-04-01
"Rusape",-18.53,32.13,2018,568,2018-04-01
"Rusape",-18.53,32.13,2018,37,2018-05-01
"Rusape",-18.53,32.13,2018,19,2018-06-01
"Rusape",-18.53,32.13,2018,0,2018-07-01
"Rusape",-18.53,32.13,2018,37,2018-10-01
"Rusape",-18.53,32.13,2018,398,2018-11-01
"Rusape",-18.53,32.13,2018,1689,2018-12-01
"Rusape",-18.53,32.13,2020,1066,2020-01-01
"Rusape",-18.53,32.13,2020,1117,2020-02-01
"Rusape",-18.53,32.13,2020,844,2020-03-01
"Rusape",-18.53,32.13,2020,1,2020-04-01
"Rusape",-18.53,32.13,2020,46,2020-10-01
"Rusape",-18.53,32.13,2020,1018,2020-11-01
"Rusape",-18.53,32.13,2020,477,2020-12-01
"Rusape",-18.53,32.13,2019,706,2019-01-01
"Rusape",-18.53,32.13,2019,166,2019-02-01
"Rusape",-18.53,32.13,2019,859,2019-03-01
"Rusape",-18.53,32.13,2019,258,2019-04-01
"Rusape",-18.53,32.13,2019,11,2019-10-01
"Rusape",-18.53,32.13,2019,1453,2019-11-01
"Rusape",-18.53,32.13,2019,1540,2019-12-01
"Rusape",-18.53,32.13,2021,1542,2021-01-01
"Rusape",-18.53,32.13,2021,2296,2021-02-01
"Rusape",-18.53,32.13,2021,1079,2021-03-01
"Rusape",-18.53,32.13,2021,497,2021-04-01
"Rusape",-18.53,32.13,2021,11,2021-10-01
"Rusape",-18.53,32.13,2021,1378,2021-11-01
"Rusape",-18.53,32.13,2021,1004,2021-12-01
"Rusape",-18.53,32.13,2023,1542,2023-01-01
"Rusape",-18.53,32.13,2023,375,2023-02-01
"Rusape",-18.53,32.13,2023,12,2023-03-01
"Rusape",-18.53,32.13,2023,429,2023-04-01
"Rusape",-18.53,32.13,2023,455,2023-10-01
"Rusape",-18.53,32.13,2023,240,2023-11-01
"Rusape",-18.53,32.13,2023,2381,2023-12-01
"Rusape",-18.53,32.13,2022,1294,2022-01-01
"Rusape",-18.53,32.13,2022,393,2022-02-01
"Rusape",-18.53,32.13,2022,62,2022-03-01
"Rusape",-18.53,32.13,2022,158,2022-04-01
"Rusape",-18.53,32.13,2022,916,2022-10-01
"Rusape",-18.53,32.13,2022,624,2022-11-01
"Rusape",-18.53,32.13,2022,2234,2022-12-01
"Rusape",-18.53,32.13,2024,3344,2024-01-01
"Rusape",-18.53,32.13,2024,1115,2024-02-01
"Rusape",-18.53,32.13,2024,542,2024-03-01
"Rusape",-18.53,32.13,2024,15,2024-04-01
"Rutenga",-21.22,30.75,2017,310,2017-01-01
"Rutenga",-21.22,30.75,2017,1028,2017-02-01
"Rutenga",-21.22,30.75,2017,50,2017-03-01
"Rutenga",-21.22,30.75,2017,270,2017-04-01
"Rutenga",-21.22,30.75,2018,0,2018-10-01
"Rutenga",-21.22,30.75,2018,315,2018-11-01
"Rutenga",-21.22,30.75,2018,1320,2018-12-01
"Rutenga",-21.22,30.75,2020,765,2020-01-01
"Rutenga",-21.22,30.75,2020,430,2020-02-01
"Rutenga",-21.22,30.75,2020,620,2020-03-01
"Rutenga",-21.22,30.75,2020,0,2020-04-01
"Rutenga",-21.22,30.75,2020,0,2020-10-01
"Rutenga",-21.22,30.75,2020,110,2020-11-01
"Rutenga",-21.22,30.75,2020,125,2020-12-01
"Rutenga",-21.22,30.75,2019,205,2019-01-01
"Rutenga",-21.22,30.75,2019,0,2019-02-01
"Rutenga",-21.22,30.75,2019,45,2019-03-01
"Rutenga",-21.22,30.75,2019,0,2019-04-01
"Rutenga",-21.22,30.75,2019,115,2019-10-01
"Rutenga",-21.22,30.75,2019,890,2019-11-01
"Rutenga",-21.22,30.75,2019,1420,2019-12-01
"Rutenga",-21.22,30.75,2021,860,2021-01-01
"Rutenga",-21.22,30.75,2021,915,2021-02-01
"Rutenga",-21.22,30.75,2021,170,2021-03-01
"Rutenga",-21.22,30.75,2021,20,2021-04-01
"Rutenga",-21.22,30.75,2021,110,2021-10-01
"Rutenga",-21.22,30.75,2021,1570,2021-11-01
"Rutenga",-21.22,30.75,2021,1160,2021-12-01
"Rutenga",-21.22,30.75,2023,770,2023-01-01
"Rutenga",-21.22,30.75,2023,790,2023-02-01
"Rutenga",-21.22,30.75,2023,0,2023-03-01
"Rutenga",-21.22,30.75,2023,0,2023-04-01
"Rutenga",-21.22,30.75,2023,305,2023-10-01
"Rutenga",-21.22,30.75,2023,140,2023-11-01
"Rutenga",-21.22,30.75,2023,320,2023-12-01
"Rutenga",-21.22,30.75,2022,328,2022-01-01
"Rutenga",-21.22,30.75,2022,1510,2022-02-01
"Rutenga",-21.22,30.75,2022,930,2022-03-01
"Rutenga",-21.22,30.75,2022,108,2022-04-01
"Rutenga",-21.22,30.75,2022,0,2022-10-01
"Rutenga",-21.22,30.75,2022,390,2022-11-01
"Rutenga",-21.22,30.75,2022,955,2022-12-01
"Rutenga",-21.22,30.75,2024,3635,2024-01-01
"Rutenga",-21.22,30.75,2024,2025,2024-02-01
"Rutenga",-21.22,30.75,2024,234,2024-03-01
"Rutenga",-21.22,30.75,2024,120,2024-04-01
"Sawmills",-19.58,28.03,2017,2868,2017-01-01
"Sawmills",-19.58,28.03,2017,1880,2017-02-01
"Sawmills",-19.58,28.03,2017,495,2017-03-01
"Sawmills",-19.58,28.03,2017,460,2017-04-01
"Sawmills",-19.58,28.03,2018,251,2018-10-01
"Sawmills",-19.58,28.03,2018,136,2018-11-01
"Sawmills",-19.58,28.03,2018,1227,2018-12-01
"Sawmills",-19.58,28.03,2020,1020,2020-01-01
"Sawmills",-19.58,28.03,2020,2119,2020-02-01
"Sawmills",-19.58,28.03,2020,1498,2020-03-01
"Sawmills",-19.58,28.03,2020,0,2020-04-01
"Sawmills",-19.58,28.03,2020,185,2020-10-01
"Sawmills",-19.58,28.03,2020,500,2020-11-01
"Sawmills",-19.58,28.03,2020,765,2020-12-01
"Sawmills",-19.58,28.03,2019,805,2019-01-01
"Sawmills",-19.58,28.03,2019,115,2019-02-01
"Sawmills",-19.58,28.03,2019,525,2019-03-01
"Sawmills",-19.58,28.03,2019,120,2019-04-01
"Sawmills",-19.58,28.03,2019,100,2019-10-01
"Sawmills",-19.58,28.03,2019,620,2019-11-01
"Sawmills",-19.58,28.03,2019,1495,2019-12-01
"Sawmills",-19.58,28.03,2021,825,2021-01-01
"Sawmills",-19.58,28.03,2021,2085,2021-02-01
"Sawmills",-19.58,28.03,2021,860,2021-03-01
"Sawmills",-19.58,28.03,2021,60,2021-04-01
"Sawmills",-19.58,28.03,2021,60,2021-10-01
"Sawmills",-19.58,28.03,2021,1640,2021-11-01
"Sawmills",-19.58,28.03,2021,1720,2021-12-01
"Sawmills",-19.58,28.03,2023,955,2023-01-01
"Sawmills",-19.58,28.03,2023,416,2023-02-01
"Sawmills",-19.58,28.03,2023,10,2023-03-01
"Sawmills",-19.58,28.03,2023,0,2023-04-01
"Sawmills",-19.58,28.03,2023,645,2023-10-01
"Sawmills",-19.58,28.03,2023,80,2023-11-01
"Sawmills",-19.58,28.03,2023,1160,2023-12-01
"Sawmills",-19.58,28.03,2022,895,2022-01-01
"Sawmills",-19.58,28.03,2022,440,2022-02-01
"Sawmills",-19.58,28.03,2022,600,2022-03-01
"Sawmills",-19.58,28.03,2022,210,2022-04-01
"Sawmills",-19.58,28.03,2022,145,2022-10-01
"Sawmills",-19.58,28.03,2022,625,2022-11-01
"Sawmills",-19.58,28.03,2022,865,2022-12-01
"Sawmills",-19.58,28.03,2024,3730,2024-01-01
"Sawmills",-19.58,28.03,2024,1665,2024-02-01
"Sawmills",-19.58,28.03,2024,485,2024-03-01
"Sawmills",-19.58,28.03,2024,130,2024-04-01
"Selous",-18.07,30.45,2017,1925,2017-01-01
"Selous",-18.07,30.45,2017,2365,2017-02-01
"Selous",-18.07,30.45,2017,615,2017-03-01
"Selous",-18.07,30.45,2017,160,2017-04-01
"Selous",-18.07,30.45,2018,0,2018-10-01
"Selous",-18.07,30.45,2018,480,2018-11-01
"Selous",-18.07,30.45,2018,1280,2018-12-01
"Selous",-18.07,30.45,2020,865,2020-01-01
"Selous",-18.07,30.45,2020,1195,2020-02-01
"Selous",-18.07,30.45,2020,820,2020-03-01
"Selous",-18.07,30.45,2020,0,2020-04-01
"Selous",-18.07,30.45,2020,570,2020-10-01
"Selous",-18.07,30.45,2020,845,2020-11-01
"Selous",-18.07,30.45,2020,1135,2020-12-01
"Selous",-18.07,30.45,2019,595,2019-01-01
"Selous",-18.07,30.45,2019,115,2019-02-01
"Selous",-18.07,30.45,2019,1925,2019-03-01
"Selous",-18.07,30.45,2019,190,2019-04-01
"Selous",-18.07,30.45,2019,0,2019-10-01
"Selous",-18.07,30.45,2019,580,2019-11-01
"Selous",-18.07,30.45,2019,1580,2019-12-01
"Selous",-18.07,30.45,2021,2480,2021-01-01
"Selous",-18.07,30.45,2021,1570,2021-02-01
"Selous",-18.07,30.45,2021,675,2021-03-01
"Selous",-18.07,30.45,2021,395,2021-04-01
"Selous",-18.07,30.45,2021,465,2021-10-01
"Selous",-18.07,30.45,2021,1515,2021-11-01
"Selous",-18.07,30.45,2021,1870,2021-12-01
"Selous",-18.07,30.45,2023,1960,2023-01-01
"Selous",-18.07,30.45,2023,600,2023-02-01
"Selous",-18.07,30.45,2023,415,2023-03-01
"Selous",-18.07,30.45,2023,560,2023-04-01
"Selous",-18.07,30.45,2023,1415,2023-10-01
"Selous",-18.07,30.45,2023,420,2023-11-01
"Selous",-18.07,30.45,2023,1585,2023-12-01
"Selous",-18.07,30.45,2022,680,2022-01-01
"Selous",-18.07,30.45,2022,230,2022-02-01
"Selous",-18.07,30.45,2022,105,2022-03-01
"Selous",-18.07,30.45,2022,195,2022-04-01
"Selous",-18.07,30.45,2022,590,2022-10-01
"Selous",-18.07,30.45,2022,715,2022-11-01
"Selous",-18.07,30.45,2022,1460,2022-12-01
"Selous",-18.07,30.45,2024,2860,2024-01-01
"Selous",-18.07,30.45,2024,1885,2024-02-01
"Selous",-18.07,30.45,2024,240,2024-03-01
"Selous",-18.07,30.45,2024,190,2024-04-01
"Shamva",-17.3,31.55,2017,2305,2017-01-01
"Shamva",-17.3,31.55,2017,2840,2017-02-01
"Shamva",-17.3,31.55,2017,330,2017-03-01
"Shamva",-17.3,31.55,2017,20,2017-04-01
"Shamva",-17.3,31.55,2018,191,2018-04-01
"Shamva",-17.3,31.55,2018,60,2018-05-01
"Shamva",-17.3,31.55,2018,0,2018-06-01
"Shamva",-17.3,31.55,2018,0,2018-07-01
"Shamva",-17.3,31.55,2018,0,2018-10-01
"Shamva",-17.3,31.55,2018,1068,2018-11-01
"Shamva",-17.3,31.55,2018,1444,2018-12-01
"Shamva",-17.3,31.55,2020,1628,2020-01-01
"Shamva",-17.3,31.55,2020,1516,2020-02-01
"Shamva",-17.3,31.55,2020,1854,2020-03-01
"Shamva",-17.3,31.55,2020,460,2020-04-01
"Shamva",-17.3,31.55,2020,85,2020-10-01
"Shamva",-17.3,31.55,2020,619,2020-11-01
"Shamva",-17.3,31.55,2020,1232,2020-12-01
"Shamva",-17.3,31.55,2019,1241,2019-01-01
"Shamva",-17.3,31.55,2019,18,2019-02-01
"Shamva",-17.3,31.55,2019,683,2019-03-01
"Shamva",-17.3,31.55,2019,393,2019-04-01
"Shamva",-17.3,31.55,2019,0,2019-10-01
"Shamva",-17.3,31.55,2019,1140,2019-11-01
"Shamva",-17.3,31.55,2019,2252,2019-12-01
"Shamva",-17.3,31.55,2021,2037,2021-01-01
"Shamva",-17.3,31.55,2021,1725,2021-02-01
"Shamva",-17.3,31.55,2021,1131,2021-03-01
"Shamva",-17.3,31.55,2021,257,2021-04-01
"Shamva",-17.3,31.55,2021,0,2021-10-01
"Shamva",-17.3,31.55,2021,855,2021-11-01
"Shamva",-17.3,31.55,2021,970,2021-12-01
"Shamva",-17.3,31.55,2023,4170,2023-01-01
"Shamva",-17.3,31.55,2023,1705,2023-02-01
"Shamva",-17.3,31.55,2023,500,2023-03-01
"Shamva",-17.3,31.55,2023,145,2023-04-01
"Shamva",-17.3,31.55,2023,483,2023-10-01
"Shamva",-17.3,31.55,2023,50,2023-11-01
"Shamva",-17.3,31.55,2023,1470,2023-12-01
"Shamva",-17.3,31.55,2022,1748,2022-01-01
"Shamva",-17.3,31.55,2022,1012,2022-02-01
"Shamva",-17.3,31.55,2022,690,2022-03-01
"Shamva",-17.3,31.55,2022,89,2022-04-01
"Shamva",-17.3,31.55,2022,183,2022-10-01
"Shamva",-17.3,31.55,2022,579,2022-11-01
"Shamva",-17.3,31.55,2022,2065,2022-12-01
"Shamva",-17.3,31.55,2024,3094,2024-01-01
"Shamva",-17.3,31.55,2024,3067,2024-02-01
"Shamva",-17.3,31.55,2024,1027,2024-03-01
"Shamva",-17.3,31.55,2024,246,2024-04-01
"Shangani",-19.78,29.35,2017,480,2017-01-01
"Shangani",-19.78,29.35,2017,2240,2017-02-01
"Shangani",-19.78,29.35,2017,371,2017-03-01
"Shangani",-19.78,29.35,2017,155,2017-04-01
"Shangani",-19.78,29.35,2018,135,2018-10-01
"Shangani",-19.78,29.35,2018,192,2018-11-01
"Shangani",-19.78,29.35,2018,844,2018-12-01
"Shangani",-19.78,29.35,2020,997,2020-01-01
"Shangani",-19.78,29.35,2020,787,2020-02-01
"Shangani",-19.78,29.35,2020,2632,2020-03-01
"Shangani",-19.78,29.35,2020,0,2020-04-01
"Shangani",-19.78,29.35,2020,371,2020-10-01
"Shangani",-19.78,29.35,2020,782,2020-11-01
"Shangani",-19.78,29.35,2020,729,2020-12-01
"Shangani",-19.78,29.35,2019,785,2019-01-01
"Shangani",-19.78,29.35,2019,80,2019-02-01
"Shangani",-19.78,29.35,2019,490,2019-03-01
"Shangani",-19.78,29.35,2019,100,2019-04-01
"Shangani",-19.78,29.35,2019,170,2019-10-01
"Shangani",-19.78,29.35,2019,1013,2019-11-01
"Shangani",-19.78,29.35,2019,2078,2019-12-01
"Shangani",-19.78,29.35,2021,849,2021-01-01
"Shangani",-19.78,29.35,2021,3021,2021-02-01
"Shangani",-19.78,29.35,2021,636,2021-03-01
"Shangani",-19.78,29.35,2021,80,2021-04-01
"Shangani",-19.78,29.35,2021,0,2021-10-01
"Shangani",-19.78,29.35,2021,2160,2021-11-01
"Shangani",-19.78,29.35,2021,1455,2021-12-01
"Shangani",-19.78,29.35,2023,1230,2023-01-01
"Shangani",-19.78,29.35,2023,139,2023-02-01
"Shangani",-19.78,29.35,2023,0,2023-03-01
"Shangani",-19.78,29.35,2023,10,2023-04-01
"Shangani",-19.78,29.35,2023,335,2023-10-01
"Shangani",-19.78,29.35,2023,365,2023-11-01
"Shangani",-19.78,29.35,2023,1155,2023-12-01
"Shangani",-19.78,29.35,2022,695,2022-01-01
"Shangani",-19.78,29.35,2022,1140,2022-02-01
"Shangani",-19.78,29.35,2022,285,2022-03-01
"Shangani",-19.78,29.35,2022,215,2022-04-01
"Shangani",-19.78,29.35,2022,280,2022-10-01
"Shangani",-19.78,29.35,2022,1080,2022-11-01
"Shangani",-19.78,29.35,2022,2220,2022-12-01
"Shangani",-19.78,29.35,2024,2955,2024-01-01
"Shangani",-19.78,29.35,2024,2105,2024-02-01
"Shangani",-19.78,29.35,2024,260,2024-03-01
"Shangani",-19.78,29.35,2024,0,2024-04-01
"Shurugwi",-19.67,29.98,2017,455,2017-01-01
"Shurugwi",-19.67,29.98,2017,3735,2017-02-01
"Shurugwi",-19.67,29.98,2017,500,2017-03-01
"Shurugwi",-19.67,29.98,2017,280,2017-04-01
"Shurugwi",-19.67,29.98,2018,115,2018-10-01
"Shurugwi",-19.67,29.98,2018,1020,2018-11-01
"Shurugwi",-19.67,29.98,2018,1041,2018-12-01
"Shurugwi",-19.67,29.98,2020,990,2020-01-01
"Shurugwi",-19.67,29.98,2020,1572,2020-02-01
"Shurugwi",-19.67,29.98,2020,1915,2020-03-01
"Shurugwi",-19.67,29.98,2020,0,2020-04-01
"Shurugwi",-19.67,29.98,2020,295,2020-10-01
"Shurugwi",-19.67,29.98,2020,835,2020-11-01
"Shurugwi",-19.67,29.98,2020,505,2020-12-01
"Shurugwi",-19.67,29.98,2019,1095,2019-01-01
"Shurugwi",-19.67,29.98,2019,180,2019-02-01
"Shurugwi",-19.67,29.98,2019,990,2019-03-01
"Shurugwi",-19.67,29.98,2019,195,2019-04-01
"Shurugwi",-19.67,29.98,2019,62,2019-10-01
"Shurugwi",-19.67,29.98,2019,670,2019-11-01
"Shurugwi",-19.67,29.98,2019,3730,2019-12-01
"Shurugwi",-19.67,29.98,2021,1915,2021-01-01
"Shurugwi",-19.67,29.98,2021,2275,2021-02-01
"Shurugwi",-19.67,29.98,2021,331,2021-03-01
"Shurugwi",-19.67,29.98,2021,77,2021-04-01
"Shurugwi",-19.67,29.98,2021,25,2021-10-01
"Shurugwi",-19.67,29.98,2021,2475,2021-11-01
"Shurugwi",-19.67,29.98,2021,1732,2021-12-01
"Shurugwi",-19.67,29.98,2023,3032,2023-01-01
"Shurugwi",-19.67,29.98,2023,873,2023-02-01
"Shurugwi",-19.67,29.98,2023,0,2023-03-01
"Shurugwi",-19.67,29.98,2023,122,2023-04-01
"Shurugwi",-19.67,29.98,2023,730,2023-10-01
"Shurugwi",-19.67,29.98,2023,132,2023-11-01
"Shurugwi",-19.67,29.98,2023,2347,2023-12-01
"Shurugwi",-19.67,29.98,2022,550,2022-01-01
"Shurugwi",-19.67,29.98,2022,751,2022-02-01
"Shurugwi",-19.67,29.98,2022,588,2022-03-01
"Shurugwi",-19.67,29.98,2022,348,2022-04-01
"Shurugwi",-19.67,29.98,2022,415,2022-10-01
"Shurugwi",-19.67,29.98,2022,1002,2022-11-01
"Shurugwi",-19.67,29.98,2022,2716,2022-12-01
"Shurugwi",-19.67,29.98,2024,5874,2024-01-01
"Shurugwi",-19.67,29.98,2024,3255,2024-02-01
"Shurugwi",-19.67,29.98,2024,386,2024-03-01
"Shurugwi",-19.67,29.98,2024,145,2024-04-01
"Silungubghe",-21.27,29.51,2017,370,2017-01-01
"Silungubghe",-21.27,29.51,2017,280,2017-02-01
"Silungubghe",-21.27,29.51,2017,100,2017-03-01
"Silungubghe",-21.27,29.51,2017,160,2017-04-01
"Silungubghe",-21.27,29.51,2017,0,2017-05-01
"Silungubghe",-21.27,29.51,2017,20,2017-06-01
"Silungubghe",-21.27,29.51,2017,0,2017-07-01
"Silungubghe",-21.27,29.51,2017,0,2017-08-01
"Silungubghe",-21.27,29.51,2017,10,2017-09-01
"Silungubghe",-21.27,29.51,2017,220,2017-10-01
"Silungubghe",-21.27,29.51,2017,460,2017-11-01
"Silungubghe",-21.27,29.51,2017,350,2017-12-01
"Silungubghe",-21.27,29.51,2018,1110,2018-01-01
"Silungubghe",-21.27,29.51,2018,720,2018-02-01
"Silungubghe",-21.27,29.51,2018,180,2018-03-01
"Silungubghe",-21.27,29.51,2018,100,2018-04-01
"Silungubghe",-21.27,29.51,2018,0,2018-05-01
"Silungubghe",-21.27,29.51,2018,0,2018-06-01
"Silungubghe",-21.27,29.51,2018,0,2018-07-01
"Silungubghe",-21.27,29.51,2018,0,2018-08-01
"Silungubghe",-21.27,29.51,2018,10,2018-09-01
"Silungubghe",-21.27,29.51,2018,10,2018-10-01
"Silungubghe",-21.27,29.51,2018,250,2018-11-01
"Silungubghe",-21.27,29.51,2018,1080,2018-12-01
"Silungubghe",-21.27,29.51,2020,1200,2020-01-01
"Silungubghe",-21.27,29.51,2020,670,2020-02-01
"Silungubghe",-21.27,29.51,2020,1110,2020-03-01
"Silungubghe",-21.27,29.51,2020,60,2020-04-01
"Silungubghe",-21.27,29.51,2020,0,2020-05-01
"Silungubghe",-21.27,29.51,2020,0,2020-06-01
"Silveira",-20.04,31.43,2017,930,2017-01-01
"Silveira",-20.04,31.43,2017,1620,2017-02-01
"Silveira",-20.04,31.43,2017,950,2017-03-01
"Silveira",-20.04,31.43,2017,610,2017-04-01
"Silveira",-20.04,31.43,2017,0,2017-05-01
"Silveira",-20.04,31.43,2017,170,2017-06-01
"Silveira",-20.04,31.43,2017,20,2017-07-01
"Silveira",-20.04,31.43,2017,360,2017-08-01
"Silveira",-20.04,31.43,2017,100,2017-09-01
"Silveira",-20.04,31.43,2017,260,2017-10-01
"Silveira",-20.04,31.43,2017,550,2017-11-01
"Silveira",-20.04,31.43,2017,820,2017-12-01
"Silveira",-20.04,31.43,2018,2230,2018-01-01
"Silveira",-20.04,31.43,2018,320,2018-02-01
"Silveira",-20.04,31.43,2018,380,2018-03-01
"Silveira",-20.04,31.43,2018,260,2018-04-01
"Silveira",-20.04,31.43,2018,240,2018-05-01
"Silveira",-20.04,31.43,2018,130,2018-06-01
"Silveira",-20.04,31.43,2018,0,2018-07-01
"Silveira",-20.04,31.43,2018,210,2018-08-01
"Silveira",-20.04,31.43,2018,110,2018-09-01
"Silveira",-20.04,31.43,2018,90,2018-10-01
"Silveira",-20.04,31.43,2018,240,2018-11-01
"Silveira",-20.04,31.43,2018,1410,2018-12-01
"Silveira",-20.04,31.43,2020,480,2020-01-01
"Silveira",-20.04,31.43,2020,1890,2020-02-01
"Silveira",-20.04,31.43,2020,1170,2020-03-01
"Silveira",-20.04,31.43,2020,10,2020-04-01
"Silveira",-20.04,31.43,2020,160,2020-05-01
"Silveira",-20.04,31.43,2020,10,2020-06-01
"Sipolilo",-16.39,30.42,2017,2340,2017-01-01
"Sipolilo",-16.39,30.42,2017,3720,2017-02-01
"Sipolilo",-16.39,30.42,2017,1280,2017-03-01
"Sipolilo",-16.39,30.42,2017,0,2017-04-01
"Sipolilo",-16.39,30.42,2017,100,2017-05-01
"Sipolilo",-16.39,30.42,2017,0,2017-06-01
"Sipolilo",-16.39,30.42,2017,0,2017-07-01
"Sipolilo",-16.39,30.42,2017,90,2017-08-01
"Sipolilo",-16.39,30.42,2017,0,2017-09-01
"Sipolilo",-16.39,30.42,2017,40,2017-10-01
"Sipolilo",-16.39,30.42,2017,240,2017-11-01
"Sipolilo",-16.39,30.42,2017,2180,2017-12-01
"Sipolilo",-16.39,30.42,2018,2660,2018-01-01
"Sipolilo",-16.39,30.42,2018,1770,2018-02-01
"Sipolilo",-16.39,30.42,2018,240,2018-03-01
"Sipolilo",-16.39,30.42,2018,400,2018-04-01
"Sipolilo",-16.39,30.42,2018,0,2018-05-01
"Sipolilo",-16.39,30.42,2018,0,2018-06-01
"Sipolilo",-16.39,30.42,2018,0,2018-07-01
"Sipolilo",-16.39,30.42,2018,0,2018-08-01
"Sipolilo",-16.39,30.42,2018,0,2018-09-01
"Sipolilo",-16.39,30.42,2018,20,2018-10-01
"Sipolilo",-16.39,30.42,2018,1350,2018-11-01
"Sipolilo",-16.39,30.42,2018,1310,2018-12-01
"Sipolilo",-16.39,30.42,2020,950,2020-01-01
"Sipolilo",-16.39,30.42,2020,950,2020-02-01
"Sipolilo",-16.39,30.42,2020,2220,2020-03-01
"Sipolilo",-16.39,30.42,2020,20,2020-04-01
"Sipolilo",-16.39,30.42,2020,0,2020-05-01
"Sipolilo",-16.39,30.42,2020,0,2020-06-01
"Sipolilo",-16.39,30.42,2020,0,2020-07-01
"Sipolilo",-16.39,30.42,2020,0,2020-08-01
"Sipolilo",-16.39,30.42,2020,70,2020-09-01
"Sipolilo",-16.39,30.42,2020,20,2020-10-01
"Sipolilo",-16.39,30.42,2020,220,2020-11-01
"Sipolilo",-16.39,30.42,2020,1240,2020-12-01
"Sipolilo",-16.39,30.42,2019,1210,2019-01-01
"Sipolilo",-16.39,30.42,2019,470,2019-02-01
"Sipolilo",-16.39,30.42,2019,1050,2019-03-01
"Sipolilo",-16.39,30.42,2019,460,2019-04-01
"Sipolilo",-16.39,30.42,2019,0,2019-05-01
"Sipolilo",-16.39,30.42,2019,0,2019-06-01
"Sipolilo",-16.39,30.42,2019,0,2019-07-01
"Sipolilo",-16.39,30.42,2019,0,2019-08-01
"Sipolilo",-16.39,30.42,2019,0,2019-09-01
"Sipolilo",-16.39,30.42,2019,0,2019-10-01
"Sipolilo",-16.39,30.42,2019,610,2019-11-01
"Sipolilo",-16.39,30.42,2019,990,2019-12-01
"Sipolilo",-16.39,30.42,2021,1030,2021-01-01
"Sipolilo",-16.39,30.42,2021,2030,2021-02-01
"Sipolilo",-16.39,30.42,2021,510,2021-03-01
"Sipolilo",-16.39,30.42,2021,410,2021-04-01
"Sipolilo",-16.39,30.42,2021,0,2021-05-01
"Sipolilo",-16.39,30.42,2021,0,2021-06-01
"Sipolilo",-16.39,30.42,2021,0,2021-07-01
"Sipolilo",-16.39,30.42,2021,0,2021-08-01
"Sipolilo",-16.39,30.42,2021,0,2021-09-01
"Sipolilo",-16.39,30.42,2021,30,2021-10-01
"Sipolilo",-16.39,30.42,2021,1310,2021-11-01
"Sipolilo",-16.39,30.42,2021,1620,2021-12-01
"Sipolilo",-16.39,30.42,2023,1640,2023-01-01
"Sipolilo",-16.39,30.42,2023,1770,2023-02-01
"Sipolilo",-16.39,30.42,2023,440,2023-03-01
"Sipolilo",-16.39,30.42,2023,160,2023-04-01
"Sipolilo",-16.39,30.42,2023,0,2023-05-01
"Sipolilo",-16.39,30.42,2023,0,2023-06-01
"Sipolilo",-16.39,30.42,2023,0,2023-07-01
"Sipolilo",-16.39,30.42,2023,0,2023-08-01
"Sipolilo",-16.39,30.42,2023,0,2023-09-01
"Sipolilo",-16.39,30.42,2023,390,2023-10-01
"Sipolilo",-16.39,30.42,2023,20,2023-11-01
"Sipolilo",-16.39,30.42,2023,2450,2023-12-01
"Sipolilo",-16.39,30.42,2022,1020,2022-01-01
"Sipolilo",-16.39,30.42,2022,1380,2022-02-01
"Sipolilo",-16.39,30.42,2022,510,2022-03-01
"Sipolilo",-16.39,30.42,2022,0,2022-04-01
"Sipolilo",-16.39,30.42,2022,50,2022-05-01
"Sipolilo",-16.39,30.42,2022,0,2022-06-01
"Sipolilo",-16.39,30.42,2022,0,2022-07-01
"Sipolilo",-16.39,30.42,2022,30,2022-08-01
"Sipolilo",-16.39,30.42,2022,0,2022-09-01
"Sipolilo",-16.39,30.42,2022,110,2022-10-01
"Sipolilo",-16.39,30.42,2022,470,2022-11-01
"Sipolilo",-16.39,30.42,2022,940,2022-12-01
"Sipolilo",-16.39,30.42,2024,2230,2024-01-01
"Sipolilo",-16.39,30.42,2024,0,2024-02-01
"Sipolilo",-16.39,30.42,2024,1730,2024-03-01
"Sipolilo",-16.39,30.42,2024,0,2024-04-01
"Sipolilo",-16.39,30.42,2024,0,2024-05-01
"Sipolilo",-16.39,30.42,2024,0,2024-06-01
"Sipolilo",-16.39,30.42,2024,0,2024-07-01
"Sipolilo",-16.39,30.42,2024,0,2024-08-01
"Sipolilo",-16.39,30.42,2024,0,2024-09-01
"Sipolilo",-16.39,30.42,2024,120,2024-10-01
"Sipolilo",-16.39,30.42,2024,390,2024-11-01
"Sipolilo",-16.39,30.42,2024,2020,2024-12-01
"Sipolilo",-16.39,30.42,2016,4080,2016-01-01
"St Paul's Mission",-17.8,31.6,2017,2600,2017-01-01
"St Paul's Mission",-17.8,31.6,2017,4070,2017-02-01
"St Paul's Mission",-17.8,31.6,2017,760,2017-03-01
"St Paul's Mission",-17.8,31.6,2017,160,2017-04-01
"St Paul's Mission",-17.8,31.6,2017,0,2017-05-01
"St Paul's Mission",-17.8,31.6,2017,0,2017-06-01
"Tashinga",-16.82,28.45,2017,2073,2017-01-01
"Tashinga",-16.82,28.45,2017,2551,2017-02-01
"Tashinga",-16.82,28.45,2017,1159,2017-03-01
"Tashinga",-16.82,28.45,2017,39,2017-04-01
"Tashinga",-16.82,28.45,2018,84,2018-10-01
"Tashinga",-16.82,28.45,2018,575,2018-11-01
"Tashinga",-16.82,28.45,2018,2649,2018-12-01
"Tashinga",-16.82,28.45,2020,1574,2020-01-01
"Tashinga",-16.82,28.45,2020,1741,2020-02-01
"Tashinga",-16.82,28.45,2020,997,2020-03-01
"Tashinga",-16.82,28.45,2020,37,2020-04-01
"Tashinga",-16.82,28.45,2020,86,2020-10-01
"Tashinga",-16.82,28.45,2020,740,2020-11-01
"Tashinga",-16.82,28.45,2020,895,2020-12-01
"Tashinga",-16.82,28.45,2019,561,2019-01-01
"Tashinga",-16.82,28.45,2019,252,2019-02-01
"Tashinga",-16.82,28.45,2019,1153,2019-03-01
"Tashinga",-16.82,28.45,2019,26,2019-04-01
"Tashinga",-16.82,28.45,2019,0,2019-10-01
"Tashinga",-16.82,28.45,2019,600,2019-11-01
"Tashinga",-16.82,28.45,2019,2174,2019-12-01
"Tashinga",-16.82,28.45,2021,538,2021-01-01
"Tashinga",-16.82,28.45,2021,2490,2021-02-01
"Tashinga",-16.82,28.45,2021,980,2021-03-01
"Tashinga",-16.82,28.45,2021,50,2021-04-01
"Tashinga",-16.82,28.45,2021,80,2021-10-01
"Tashinga",-16.82,28.45,2021,825,2021-11-01
"Tashinga",-16.82,28.45,2021,1085,2021-12-01
"Tashinga",-16.82,28.45,2023,1215,2023-01-01
"Tashinga",-16.82,28.45,2023,1660,2023-02-01
"Tashinga",-16.82,28.45,2023,840,2023-03-01
"Tashinga",-16.82,28.45,2023,0,2023-04-01
"Tashinga",-16.82,28.45,2023,610,2023-10-01
"Tashinga",-16.82,28.45,2023,265,2023-11-01
"Tashinga",-16.82,28.45,2023,719,2023-12-01
"Tashinga",-16.82,28.45,2022,211,2022-01-01
"Tashinga",-16.82,28.45,2022,1346,2022-02-01
"Tashinga",-16.82,28.45,2022,288,2022-03-01
"Tashinga",-16.82,28.45,2022,143,2022-04-01
"Tashinga",-16.82,28.45,2022,200,2022-10-01
"Tashinga",-16.82,28.45,2022,1075,2022-11-01
"Tashinga",-16.82,28.45,2022,868,2022-12-01
"Tashinga",-16.82,28.45,2024,2230,2024-01-01
"Tashinga",-16.82,28.45,2024,1649,2024-02-01
"Tashinga",-16.82,28.45,2024,619,2024-03-01
"Tashinga",-16.82,28.45,2024,24,2024-04-01
"The Range",-19,31.02,2017,370,2017-01-01
"The Range",-19,31.02,2017,2330,2017-02-01
"The Range",-19,31.02,2017,330,2017-03-01
"The Range",-19,31.02,2017,330,2017-04-01
"The Range",-19,31.02,2017,0,2017-05-01
"The Range",-19,31.02,2017,30,2017-06-01
"The Range",-19,31.02,2017,0,2017-07-01
"The Range",-19,31.02,2017,320,2017-08-01
"The Range",-19,31.02,2017,0,2017-09-01
"The Range",-19,31.02,2017,540,2017-10-01
"The Range",-19,31.02,2017,960,2017-11-01
"The Range",-19,31.02,2017,720,2017-12-01
"The Range",-19,31.02,2018,3820,2018-01-01
"The Range",-19,31.02,2018,1070,2018-02-01
"The Range",-19,31.02,2018,1050,2018-03-01
"The Range",-19,31.02,2018,370,2018-04-01
"The Range",-19,31.02,2018,0,2018-05-01
"The Range",-19,31.02,2018,70,2018-06-01
"The Range",-19,31.02,2018,0,2018-07-01
"The Range",-19,31.02,2018,0,2018-08-01
"The Range",-19,31.02,2018,0,2018-09-01
"The Range",-19,31.02,2018,80,2018-10-01
"The Range",-19,31.02,2018,680,2018-11-01
"The Range",-19,31.02,2018,1070,2018-12-01
"The Range",-19,31.02,2020,730,2020-01-01
"The Range",-19,31.02,2020,1760,2020-02-01
"The Range",-19,31.02,2020,1620,2020-03-01
"The Range",-19,31.02,2020,0,2020-04-01
"The Range",-19,31.02,2020,30,2020-05-01
"The Range",-19,31.02,2020,0,2020-06-01
"Thuli Estate",-21.55,28.98,2017,197,2017-01-01
"Thuli Estate",-21.55,28.98,2017,1091,2017-02-01
"Thuli Estate",-21.55,28.98,2017,117,2017-03-01
"Thuli Estate",-21.55,28.98,2017,267,2017-04-01
"Thuli Estate",-21.55,28.98,2017,0,2017-05-01
"Thuli Estate",-21.55,28.98,2017,40,2017-06-01
"Thuli Estate",-21.55,28.98,2017,0,2017-07-01
"Thuli Estate",-21.55,28.98,2017,0,2017-08-01
"Thuli Estate",-21.55,28.98,2017,5,2017-09-01
"Thuli Estate",-21.55,28.98,2017,170,2017-10-01
"Thuli Estate",-21.55,28.98,2017,399,2017-11-01
"Thuli Estate",-21.55,28.98,2017,1037,2017-12-01
"Thuli Estate",-21.55,28.98,2018,844,2018-01-01
"Thuli Estate",-21.55,28.98,2018,564,2018-02-01
"Thuli Estate",-21.55,28.98,2018,554,2018-04-01
"Thuli Estate",-21.55,28.98,2018,7,2018-05-01
"Thuli Estate",-21.55,28.98,2018,6,2018-06-01
"Thuli Estate",-21.55,28.98,2018,6,2018-10-01
"Thuli Estate",-21.55,28.98,2018,551,2018-11-01
"Thuli Estate",-21.55,28.98,2018,949,2018-12-01
"Thuli Estate",-21.55,28.98,2020,984,2020-01-01
"Thuli Estate",-21.55,28.98,2020,1502,2020-02-01
"Thuli Estate",-21.55,28.98,2020,902,2020-03-01
"Thuli Estate",-21.55,28.98,2020,8,2020-04-01
"Thuli Estate",-21.55,28.98,2020,0,2020-10-01
"Thuli Estate",-21.55,28.98,2020,224,2020-11-01
"Thuli Estate",-21.55,28.98,2020,209,2020-12-01
"Thuli Estate",-21.55,28.98,2019,252,2019-01-01
"Thuli Estate",-21.55,28.98,2019,67,2019-02-01
"Thuli Estate",-21.55,28.98,2019,716,2019-03-01
"Thuli Estate",-21.55,28.98,2019,0,2019-04-01
"Thuli Estate",-21.55,28.98,2019,259,2019-10-01
"Thuli Estate",-21.55,28.98,2019,466,2019-11-01
"Thuli Estate",-21.55,28.98,2019,1460,2019-12-01
"Thuli Estate",-21.55,28.98,2021,895,2021-01-01
"Thuli Estate",-21.55,28.98,2021,580,2021-02-01
"Thuli Estate",-21.55,28.98,2021,6,2021-03-01
"Thuli Estate",-21.55,28.98,2021,195,2021-04-01
"Thuli Estate",-21.55,28.98,2021,382,2021-10-01
"Thuli Estate",-21.55,28.98,2021,918,2021-11-01
"Thuli Estate",-21.55,28.98,2021,1281,2021-12-01
"Thuli Estate",-21.55,28.98,2023,1363,2023-01-01
"Thuli Estate",-21.55,28.98,2023,334,2023-02-01
"Thuli Estate",-21.55,28.98,2023,420,2023-03-01
"Thuli Estate",-21.55,28.98,2023,5,2023-04-01
"Thuli Estate",-21.55,28.98,2023,223,2023-10-01
"Thuli Estate",-21.55,28.98,2023,164,2023-11-01
"Thuli Estate",-21.55,28.98,2023,789,2023-12-01
"Thuli Estate",-21.55,28.98,2022,1265,2022-01-01
"Thuli Estate",-21.55,28.98,2022,791,2022-02-01
"Thuli Estate",-21.55,28.98,2022,948,2022-03-01
"Thuli Estate",-21.55,28.98,2022,46,2022-04-01
"Thuli Estate",-21.55,28.98,2022,84,2022-10-01
"Thuli Estate",-21.55,28.98,2022,928,2022-11-01
"Thuli Estate",-21.55,28.98,2022,265,2022-12-01
"Thuli Estate",-21.55,28.98,2024,1775,2024-01-01
"Thuli Estate",-21.55,28.98,2024,1026,2024-02-01
"Thuli Estate",-21.55,28.98,2024,114,2024-03-01
"Thuli Estate",-21.55,28.98,2024,25,2024-04-01
"Trelawney",-17.55,30.37,2020,442,2020-10-01
"Trelawney",-17.55,30.37,2020,953,2020-11-01
"Trelawney",-17.55,30.37,2020,1158,2020-12-01
"Trelawney",-17.55,30.37,2019,652,2019-01-01
"Trelawney",-17.55,30.37,2019,209,2019-02-01
"Trelawney",-17.55,30.37,2019,2388,2019-03-01
"Trelawney",-17.55,30.37,2019,701,2019-04-01
"Trelawney",-17.55,30.37,2019,0,2019-10-01
"Trelawney",-17.55,30.37,2019,743,2019-11-01
"Trelawney",-17.55,30.37,2019,1403,2019-12-01
"Trelawney",-17.55,30.37,2021,929,2021-01-01
"Trelawney",-17.55,30.37,2021,2072,2021-02-01
"Trelawney",-17.55,30.37,2021,956,2021-03-01
"Trelawney",-17.55,30.37,2021,679,2021-04-01
"Trelawney",-17.55,30.37,2021,125,2021-10-01
"Trelawney",-17.55,30.37,2021,2086,2021-11-01
"Trelawney",-17.55,30.37,2021,879,2021-12-01
"Trelawney",-17.55,30.37,2023,1896,2023-01-01
"Trelawney",-17.55,30.37,2023,620,2023-02-01
"Trelawney",-17.55,30.37,2023,211,2023-03-01
"Trelawney",-17.55,30.37,2023,51,2023-04-01
"Trelawney",-17.55,30.37,2023,1133,2023-10-01
"Trelawney",-17.55,30.37,2023,142,2023-11-01
"Trelawney",-17.55,30.37,2023,1190,2023-12-01
"Trelawney",-17.55,30.37,2022,723,2022-01-01
"Trelawney",-17.55,30.37,2022,293,2022-02-01
"Trelawney",-17.55,30.37,2022,146,2022-03-01
"Trelawney",-17.55,30.37,2022,0,2022-04-01
"Trelawney",-17.55,30.37,2022,620,2022-10-01
"Trelawney",-17.55,30.37,2022,757,2022-11-01
"Trelawney",-17.55,30.37,2022,733,2022-12-01
"Trelawney",-17.55,30.37,2024,3678,2024-01-01
"Trelawney",-17.55,30.37,2024,1403,2024-02-01
"Trelawney",-17.55,30.37,2024,800,2024-03-01
"Trelawney",-17.55,30.37,2024,61,2024-04-01
"Tsholotsho",-19.75,27.77,2017,1309,2017-01-01
"Tsholotsho",-19.75,27.77,2017,1831,2017-02-01
"Tsholotsho",-19.75,27.77,2017,52,2017-03-01
"Tsholotsho",-19.75,27.77,2017,402,2017-04-01
"Tsholotsho",-19.75,27.77,2018,120,2018-10-01
"Tsholotsho",-19.75,27.77,2018,326,2018-11-01
"Tsholotsho",-19.75,27.77,2018,987,2018-12-01
"Tsholotsho",-19.75,27.77,2020,1192,2020-01-01
"Tsholotsho",-19.75,27.77,2020,1910,2020-02-01
"Tsholotsho",-19.75,27.77,2020,1422,2020-03-01
"Tsholotsho",-19.75,27.77,2020,0,2020-04-01
"Tsholotsho",-19.75,27.77,2020,304,2020-10-01
"Tsholotsho",-19.75,27.77,2020,381,2020-11-01
"Tsholotsho",-19.75,27.77,2020,988,2020-12-01
"Tsholotsho",-19.75,27.77,2019,359,2019-01-01
"Tsholotsho",-19.75,27.77,2019,350,2019-02-01
"Tsholotsho",-19.75,27.77,2019,460,2019-03-01
"Tsholotsho",-19.75,27.77,2019,6,2019-04-01
"Tsholotsho",-19.75,27.77,2019,520,2019-10-01
"Tsholotsho",-19.75,27.77,2019,1420,2019-11-01
"Tsholotsho",-19.75,27.77,2019,1367,2019-12-01
"Tsholotsho",-19.75,27.77,2021,907,2021-01-01
"Tsholotsho",-19.75,27.77,2021,979,2021-02-01
"Tsholotsho",-19.75,27.77,2021,676,2021-03-01
"Tsholotsho",-19.75,27.77,2021,258,2021-04-01
"Tsholotsho",-19.75,27.77,2021,75,2021-10-01
"Tsholotsho",-19.75,27.77,2021,1168,2021-11-01
"Tsholotsho",-19.75,27.77,2021,1737,2021-12-01
"Tsholotsho",-19.75,27.77,2023,1490,2023-01-01
"Tsholotsho",-19.75,27.77,2023,477,2023-02-01
"Tsholotsho",-19.75,27.77,2023,41,2023-03-01
"Tsholotsho",-19.75,27.77,2023,25,2023-04-01
"Tsholotsho",-19.75,27.77,2023,278,2023-10-01
"Tsholotsho",-19.75,27.77,2023,294,2023-11-01
"Tsholotsho",-19.75,27.77,2023,802,2023-12-01
"Tsholotsho",-19.75,27.77,2022,506,2022-01-01
"Tsholotsho",-19.75,27.77,2022,165,2022-02-01
"Tsholotsho",-19.75,27.77,2022,206,2022-03-01
"Tsholotsho",-19.75,27.77,2022,66,2022-04-01
"Tsholotsho",-19.75,27.77,2022,566,2022-10-01
"Tsholotsho",-19.75,27.77,2022,632,2022-11-01
"Tsholotsho",-19.75,27.77,2022,2120,2022-12-01
"Tsholotsho",-19.75,27.77,2024,2232,2024-01-01
"Tsholotsho",-19.75,27.77,2024,1944,2024-02-01
"Tsholotsho",-19.75,27.77,2024,309,2024-03-01
"Tsholotsho",-19.75,27.77,2024,310,2024-04-01
"Tuli",-21.56,29.12,2017,200,2017-01-01
"Tuli",-21.56,29.12,2017,1090,2017-02-01
"Tuli",-21.56,29.12,2017,120,2017-03-01
"Tuli",-21.56,29.12,2017,270,2017-04-01
"Tuli",-21.56,29.12,2017,0,2017-05-01
"Tuli",-21.56,29.12,2017,40,2017-06-01
"Tuli",-21.56,29.12,2017,0,2017-07-01
"Tuli",-21.56,29.12,2017,0,2017-08-01
"Tuli",-21.56,29.12,2017,10,2017-09-01
"Tuli",-21.56,29.12,2017,170,2017-10-01
"Tuli",-21.56,29.12,2017,400,2017-11-01
"Tuli",-21.56,29.12,2017,1040,2017-12-01
"Tuli",-21.56,29.12,2018,840,2018-01-01
"Tuli",-21.56,29.12,2018,560,2018-02-01
"Tuli",-21.56,29.12,2018,40,2018-03-01
"Tuli",-21.56,29.12,2018,550,2018-04-01
"Tuli",-21.56,29.12,2018,10,2018-05-01
"Tuli",-21.56,29.12,2018,10,2018-06-01
"Tuli",-21.56,29.12,2018,0,2018-07-01
"Tuli",-21.56,29.12,2018,0,2018-08-01
"Tuli",-21.56,29.12,2018,20,2018-09-01
"Tuli",-21.56,29.12,2018,10,2018-10-01
"Tuli",-21.56,29.12,2018,550,2018-11-01
"Tuli",-21.56,29.12,2018,950,2018-12-01
"Tuli",-21.56,29.12,2020,980,2020-01-01
"Tuli",-21.56,29.12,2020,1500,2020-02-01
"Tuli",-21.56,29.12,2020,900,2020-03-01
"Tuli",-21.56,29.12,2020,10,2020-04-01
"Tuli",-21.56,29.12,2020,0,2020-05-01
"Tuli",-21.56,29.12,2020,10,2020-06-01
"Tuli",-21.56,29.12,2020,0,2020-07-01
"Tuli",-21.56,29.12,2020,0,2020-08-01
"Tuli",-21.56,29.12,2020,0,2020-09-01
"Tuli",-21.56,29.12,2020,0,2020-10-01
"Tuli",-21.56,29.12,2020,220,2020-11-01
"Tuli",-21.56,29.12,2020,210,2020-12-01
"Tuli",-21.56,29.12,2019,250,2019-01-01
"Tuli",-21.56,29.12,2019,70,2019-02-01
"Tuli",-21.56,29.12,2019,720,2019-03-01
"Tuli",-21.56,29.12,2019,0,2019-04-01
"Tuli",-21.56,29.12,2019,10,2019-05-01
"Tuli",-21.56,29.12,2019,0,2019-06-01
"Tuli",-21.56,29.12,2019,0,2019-07-01
"Tuli",-21.56,29.12,2019,0,2019-08-01
"Tuli",-21.56,29.12,2019,0,2019-09-01
"Tuli",-21.56,29.12,2019,260,2019-10-01
"Tuli",-21.56,29.12,2019,470,2019-11-01
"Tuli",-21.56,29.12,2019,1460,2019-12-01
"Tuli",-21.56,29.12,2021,900,2021-01-01
"Tuli",-21.56,29.12,2021,580,2021-02-01
"Tuli",-21.56,29.12,2021,10,2021-03-01
"Tuli",-21.56,29.12,2021,200,2021-04-01
"Tuli",-21.56,29.12,2021,0,2021-05-01
"Tuli",-21.56,29.12,2021,0,2021-06-01
"Tuli",-21.56,29.12,2021,320,2021-07-01
"Tuli",-21.56,29.12,2021,0,2021-08-01
"Tuli",-21.56,29.12,2021,350,2021-09-01
"Tuli",-21.56,29.12,2021,30,2021-10-01
"Tuli",-21.56,29.12,2021,1210,2021-11-01
"Tuli",-21.56,29.12,2021,830,2021-12-01
"Tuli",-21.56,29.12,2023,460,2023-01-01
"Tuli",-21.56,29.12,2023,270,2023-02-01
"Tuli",-21.56,29.12,2023,0,2023-03-01
"Tuli",-21.56,29.12,2023,10,2023-04-01
"Tuli",-21.56,29.12,2023,0,2023-05-01
"Tuli",-21.56,29.12,2023,0,2023-06-01
"Tuli",-21.56,29.12,2023,0,2023-07-01
"Tuli",-21.56,29.12,2023,0,2023-08-01
"Tuli",-21.56,29.12,2023,10,2023-09-01
"Tuli",-21.56,29.12,2023,220,2023-10-01
"Tuli",-21.56,29.12,2023,160,2023-11-01
"Tuli",-21.56,29.12,2023,790,2023-12-01
"Tuli",-21.56,29.12,2022,1270,2022-01-01
"Tuli",-21.56,29.12,2022,790,2022-02-01
"Tuli",-21.56,29.12,2022,950,2022-03-01
"Tuli",-21.56,29.12,2022,50,2022-04-01
"Tuli",-21.56,29.12,2022,130,2022-05-01
"Tuli",-21.56,29.12,2022,0,2022-06-01
"Tuli",-21.56,29.12,2022,0,2022-07-01
"Tuli",-21.56,29.12,2022,0,2022-08-01
"Tuli",-21.56,29.12,2022,0,2022-09-01
"Tuli",-21.56,29.12,2022,80,2022-10-01
"Tuli",-21.56,29.12,2022,930,2022-11-01
"Tuli",-21.56,29.12,2022,270,2022-12-01
"Tuli",-21.56,29.12,2024,1780,2024-01-01
"Tuli",-21.56,29.12,2024,0,2024-02-01
"Tuli",-21.56,29.12,2024,0,2024-03-01
"Tuli",-21.56,29.12,2024,0,2024-04-01
"Tuli",-21.56,29.12,2024,0,2024-05-01
"Tuli",-21.56,29.12,2024,0,2024-06-01
"Tuli",-21.56,29.12,2024,360,2024-07-01
"Tuli",-21.56,29.12,2024,0,2024-08-01
"Tuli",-21.56,29.12,2024,0,2024-09-01
"Tuli",-21.56,29.12,2024,510,2024-10-01
"Tuli",-21.56,29.12,2024,1170,2024-11-01
"Tuli",-21.56,29.12,2024,1100,2024-12-01
"Tuli",-21.56,29.12,2016,1800,2016-01-01
"Victoria Falls",-18.1,25.85,2017,1574,2017-01-01
"Victoria Falls",-18.1,25.85,2017,3043,2017-02-01
"Victoria Falls",-18.1,25.85,2017,758,2017-03-01
"Victoria Falls",-18.1,25.85,2017,215,2017-04-01
"Victoria Falls",-18.1,25.85,2017,0,2017-05-01
"Victoria Falls",-18.1,25.85,2017,0,2017-06-01
"Victoria Falls",-18.1,25.85,2017,0,2017-07-01
"Victoria Falls",-18.1,25.85,2017,0,2017-08-01
"Victoria Falls",-18.1,25.85,2017,0,2017-09-01
"Victoria Falls",-18.1,25.85,2017,165,2017-10-01
"Victoria Falls",-18.1,25.85,2017,961,2017-11-01
"Victoria Falls",-18.1,25.85,2017,398,2017-12-01
"Victoria Falls",-18.1,25.85,2018,2045,2018-01-01
"Victoria Falls",-18.1,25.85,2018,735,2018-02-01
"Victoria Falls",-17.56,25.5,2018,400,2018-03-01
"Victoria Falls",-18.1,25.85,2018,273,2018-04-01
"Victoria Falls",-18.1,25.85,2018,0,2018-05-01
"Victoria Falls",-18.1,25.85,2018,0,2018-06-01
"Victoria Falls",-18.1,25.85,2018,0,2018-07-01
"Victoria Falls",-18.1,25.85,2018,0,2018-08-01
"Victoria Falls",-18.1,25.85,2018,0,2018-09-01
"Victoria Falls",-18.1,25.85,2018,21,2018-10-01
"Victoria Falls",-18.1,25.85,2018,338,2018-11-01
"Victoria Falls",-18.1,25.85,2018,859,2018-12-01
"Victoria Falls",-18.1,25.85,2020,2036,2020-01-01
"Victoria Falls",-18.1,25.85,2020,1242,2020-02-01
"Victoria Falls",-18.1,25.85,2020,852,2020-03-01
"Victoria Falls",-18.1,25.85,2020,0,2020-04-01
"Victoria Falls",-17.56,25.5,2020,0,2020-05-01
"Victoria Falls",-17.56,25.5,2020,0,2020-06-01
"Victoria Falls",-17.56,25.5,2020,0,2020-07-01
"Victoria Falls",-17.56,25.5,2020,0,2020-08-01
"Victoria Falls",-17.56,25.5,2020,0,2020-09-01
"Victoria Falls",-18.1,25.85,2020,82,2020-10-01
"Victoria Falls",-18.1,25.85,2020,1097,2020-11-01
"Victoria Falls",-18.1,25.85,2020,3366,2020-12-01
"Victoria Falls",-18.1,25.85,2019,1391,2019-01-01
"Victoria Falls",-18.1,25.85,2019,72,2019-02-01
"Victoria Falls",-18.1,25.85,2019,1269,2019-03-01
"Victoria Falls",-18.1,25.85,2019,45,2019-04-01
"Victoria Falls",-17.56,25.5,2019,0,2019-05-01
"Victoria Falls",-17.56,25.5,2019,0,2019-06-01
"Victoria Falls",-17.56,25.5,2019,0,2019-07-01
"Victoria Falls",-17.56,25.5,2019,0,2019-08-01
"Victoria Falls",-17.56,25.5,2019,0,2019-09-01
"Victoria Falls",-18.1,25.85,2019,153,2019-10-01
"Victoria Falls",-18.1,25.85,2019,347,2019-11-01
"Victoria Falls",-18.1,25.85,2019,1445,2019-12-01
"Victoria Falls",-18.1,25.85,2021,1437,2021-01-01
"Victoria Falls",-18.1,25.85,2021,1610,2021-02-01
"Victoria Falls",-18.1,25.85,2021,416,2021-03-01
"Victoria Falls",-18.1,25.85,2021,55,2021-04-01
"Victoria Falls",-17.56,25.5,2021,0,2021-05-01
"Victoria Falls",-17.56,25.5,2021,0,2021-06-01
"Victoria Falls",-17.56,25.5,2021,0,2021-07-01
"Victoria Falls",-17.56,25.5,2021,0,2021-08-01
"Victoria Falls",-17.56,25.5,2021,70,2021-09-01
"Victoria Falls",-18.1,25.85,2021,283,2021-10-01
"Victoria Falls",-18.1,25.85,2021,3225,2021-11-01
"Victoria Falls",-18.1,25.85,2021,1878,2021-12-01
"Victoria Falls",-18.1,25.85,2023,3579,2023-01-01
"Victoria Falls",-18.1,25.85,2023,1287,2023-02-01
"Victoria Falls",-18.1,25.85,2023,563,2023-03-01
"Victoria Falls",-18.1,25.85,2023,300,2023-04-01
"Victoria Falls",-17.56,25.5,2023,0,2023-05-01
"Victoria Falls",-17.56,25.5,2023,0,2023-06-01
"Victoria Falls",-17.56,25.5,2023,0,2023-07-01
"Victoria Falls",-17.56,25.5,2023,0,2023-08-01
"Victoria Falls",-17.56,25.5,2023,0,2023-09-01
"Victoria Falls",-18.1,25.85,2023,110,2023-10-01
"Victoria Falls",-18.1,25.85,2023,465,2023-11-01
"Victoria Falls",-18.1,25.85,2023,1046,2023-12-01
"Victoria Falls",-18.1,25.85,2022,730,2022-01-01
"Victoria Falls",-18.1,25.85,2022,1009,2022-02-01
"Victoria Falls",-18.1,25.85,2022,465,2022-03-01
"Victoria Falls",-18.1,25.85,2022,201,2022-04-01
"Victoria Falls",-17.56,25.5,2022,140,2022-05-01
"Victoria Falls",-17.56,25.5,2022,0,2022-06-01
"Victoria Falls",-18.1,25.85,2022,54,2022-10-01
"Victoria Falls",-18.1,25.85,2022,730,2022-11-01
"Victoria Falls",-18.1,25.85,2022,1652,2022-12-01
"Victoria Falls",-18.1,25.85,2024,1692,2024-01-01
"Victoria Falls",-18.1,25.85,2024,1084,2024-02-01
"Victoria Falls",-18.1,25.85,2024,736,2024-03-01
"Victoria Falls",-18.1,25.85,2024,0,2024-04-01
"Victoria Falls",-18.1,25.85,2024,227,2024-05-01
"Victoria Falls",-18.1,25.85,2024,0,2024-06-01
"Victoria Falls",-18.1,25.85,2024,0,2024-07-01
"Victoria Falls",-18.1,25.85,2024,6,2024-09-01
"Victoria Falls",-18.1,25.85,2024,924,2024-11-01
"Vumba",-19.12,32.78,2017,2406,2017-01-01
"Vumba",-19.12,32.78,2017,6391,2017-02-01
"Vumba",-19.12,32.78,2017,1263,2017-03-01
"Vumba",-19.12,32.78,2017,962,2017-04-01
"Vumba",-19.12,32.78,2018,192,2018-10-01
"Vumba",-19.12,32.78,2018,1351,2018-11-01
"Vumba",-19.12,32.78,2018,2780,2018-12-01
"Vumba",-19.12,32.78,2020,803,2020-01-01
"Vumba",-19.12,32.78,2020,2124,2020-02-01
"Vumba",-19.12,32.78,2020,1365,2020-03-01
"Vumba",-19.12,32.78,2020,130,2020-04-01
"Vumba",-19.12,32.78,2020,113,2020-10-01
"Vumba",-19.12,32.78,2020,1175,2020-11-01
"Vumba",-19.12,32.78,2020,921,2020-12-01
"Vumba",-19.12,32.78,2019,1254,2019-01-01
"Vumba",-19.12,32.78,2019,90,2019-02-01
"Vumba",-19.12,32.78,2019,771,2019-03-01
"Vumba",-19.12,32.78,2019,165,2019-04-01
"Vumba",-19.12,32.78,2019,82,2019-10-01
"Vumba",-19.12,32.78,2019,1054,2019-11-01
"Vumba",-19.12,32.78,2019,2820,2019-12-01
"Vumba",-19.12,32.78,2021,2193,2021-01-01
"Vumba",-19.12,32.78,2021,3588,2021-02-01
"Vumba",-19.12,32.78,2021,1796,2021-03-01
"Vumba",-19.12,32.78,2021,1014,2021-04-01
"Vumba",-19.12,32.78,2021,199,2021-10-01
"Vumba",-19.12,32.78,2021,1396,2021-11-01
"Vumba",-19.12,32.78,2021,1403,2021-12-01
"Vumba",-19.12,32.78,2023,2791,2023-01-01
"Vumba",-19.12,32.78,2023,470,2023-02-01
"Vumba",-19.12,32.78,2023,230,2023-03-01
"Vumba",-19.12,32.78,2023,685,2023-04-01
"Vumba",-19.12,32.78,2023,905,2023-10-01
"Vumba",-19.12,32.78,2023,180,2023-11-01
"Vumba",-19.12,32.78,2023,1878,2023-12-01
"Vumba",-19.12,32.78,2022,1338,2022-01-01
"Vumba",-19.12,32.78,2022,1688,2022-02-01
"Vumba",-19.12,32.78,2022,764,2022-03-01
"Vumba",-19.12,32.78,2022,231,2022-04-01
"Vumba",-19.12,32.78,2022,398,2022-10-01
"Vumba",-19.12,32.78,2022,817,2022-11-01
"Vumba",-19.12,32.78,2022,2163,2022-12-01
"Vumba",-19.12,32.78,2024,3991,2024-01-01
"Vumba",-19.12,32.78,2024,2963,2024-02-01
"Vumba",-19.12,32.78,2024,977,2024-03-01
"Vumba",-19.12,32.78,2024,558,2024-04-01
"Wedza",-18.37,31.34,2017,950,2017-01-01
"Wedza",-18.37,31.34,2017,2590,2017-02-01
"Wedza",-18.37,31.34,2017,300,2017-03-01
"Wedza",-18.37,31.34,2017,280,2017-04-01
"Wedza",-18.37,31.34,2017,10,2017-05-01
"Wedza",-18.37,31.34,2017,120,2017-06-01
"Wedza",-18.37,31.34,2017,0,2017-07-01
"Wedza",-18.37,31.34,2017,210,2017-08-01
"Wedza",-18.37,31.34,2017,20,2017-09-01
"Wedza",-18.37,31.34,2017,1040,2017-10-01
"Wedza",-18.37,31.34,2017,330,2017-11-01
"Wedza",-18.37,31.34,2017,620,2017-12-01
"Wedza",-18.37,31.34,2018,3070,2018-01-01
"Wedza",-18.37,31.34,2018,1520,2018-02-01
"Wedza",-18.37,31.34,2018,310,2018-03-01
"Wedza",-18.37,31.34,2018,480,2018-04-01
"Wedza",-18.37,31.34,2018,40,2018-05-01
"Wedza",-18.37,31.34,2018,90,2018-06-01
"Wedza",-18.37,31.34,2018,0,2018-07-01
"Wedza",-18.37,31.34,2018,210,2018-08-01
"Wedza",-18.37,31.34,2018,40,2018-09-01
"Wedza",-18.37,31.34,2018,10,2018-10-01
"Wedza",-18.37,31.34,2018,570,2018-11-01
"Wedza",-18.37,31.34,2018,1070,2018-12-01
"Wedza",-18.37,31.34,2020,1070,2020-01-01
"Wedza",-18.37,31.34,2020,820,2020-02-01
"Wedza",-18.37,31.34,2020,550,2020-03-01
"Wedza",-18.37,31.34,2020,0,2020-04-01
"Wedza",-18.37,31.34,2020,120,2020-05-01
"Wedza",-18.37,31.34,2020,0,2020-06-01
"Wedza",-18.37,31.34,2020,0,2020-07-01
"Wedza",-18.37,31.34,2020,20,2020-08-01
"Wedza",-18.37,31.34,2020,10,2020-09-01
"Wedza",-18.37,31.34,2020,170,2020-10-01
"Wedza",-18.37,31.34,2020,930,2020-11-01
"Wedza",-18.37,31.34,2020,660,2020-12-01
"Wedza",-18.37,31.34,2019,900,2019-01-01
"Wedza",-18.37,31.34,2019,70,2019-02-01
"Wedza",-18.37,31.34,2019,1520,2019-03-01
"Wedza",-18.37,31.34,2019,230,2019-04-01
"Wedza",-18.37,31.34,2019,50,2019-05-01
"Wedza",-18.37,31.34,2019,20,2019-06-01
"Wedza",-18.37,31.34,2019,40,2019-07-01
"Wedza",-18.37,31.34,2019,0,2019-08-01
"Wedza",-18.37,31.34,2019,0,2019-09-01
"Wedza",-18.37,31.34,2019,0,2019-10-01
"Wedza",-18.37,31.34,2019,650,2019-11-01
"Wedza",-18.37,31.34,2019,1570,2019-12-01
"Wedza",-18.37,31.34,2021,1600,2021-01-01
"Wedza",-18.37,31.34,2021,1170,2021-02-01
"Wedza",-18.37,31.34,2021,320,2021-03-01
"Wedza",-18.37,31.34,2021,380,2021-04-01
"Wedza",-18.37,31.34,2021,0,2021-05-01
"Wedza",-18.37,31.34,2021,50,2021-06-01
"Wedza",-18.37,31.34,2021,120,2021-07-01
"Wedza",-18.37,31.34,2021,80,2021-08-01
"Wedza",-18.37,31.34,2021,0,2021-09-01
"Wedza",-18.37,31.34,2021,200,2021-10-01
"Wedza",-18.37,31.34,2021,1400,2021-11-01
"Wedza",-18.37,31.34,2021,1400,2021-12-01
"Wedza",-18.37,31.34,2023,2790,2023-01-01
"Wedza",-18.37,31.34,2023,470,2023-02-01
"Wedza",-18.37,31.34,2023,230,2023-03-01
"Wedza",-18.37,31.34,2023,690,2023-04-01
"Wedza",-18.37,31.34,2023,0,2023-05-01
"Wedza",-18.37,31.34,2023,0,2023-06-01
"Wedza",-18.37,31.34,2023,0,2023-07-01
"Wedza",-18.37,31.34,2023,0,2023-08-01
"Wedza",-18.37,31.34,2023,120,2023-09-01
"Wedza",-18.37,31.34,2023,670,2023-10-01
"Wedza",-18.37,31.34,2023,830,2023-11-01
"Wedza",-18.37,31.34,2023,1470,2023-12-01
"Wedza",-18.37,31.34,2022,1230,2022-01-01
"Wedza",-18.37,31.34,2022,1370,2022-02-01
"Wedza",-18.37,31.34,2022,130,2022-03-01
"Wedza",-18.37,31.34,2022,120,2022-04-01
"Wedza",-18.37,31.34,2022,110,2022-05-01
"Wedza",-18.37,31.34,2022,0,2022-06-01
"Wedza",-18.37,31.34,2022,0,2022-07-01
"Wedza",-18.37,31.34,2022,50,2022-08-01
"Wedza",-18.37,31.34,2022,0,2022-09-01
"Wedza",-18.37,31.34,2022,200,2022-10-01
"Wedza",-18.37,31.34,2022,830,2022-11-01
"Wedza",-18.37,31.34,2022,2370,2022-12-01
"Wedza",-18.37,31.34,2024,3090,2024-01-01
"Wedza",-18.37,31.34,2024,0,2024-02-01
"Wedza",-18.37,31.34,2024,180,2024-03-01
"Wedza",-18.37,31.34,2024,0,2024-04-01
"Wedza",-18.37,31.34,2024,0,2024-05-01
"Wedza",-18.37,31.34,2024,0,2024-06-01
"Wedza",-18.37,31.34,2024,10,2024-07-01
"Wedza",-18.37,31.34,2024,0,2024-08-01
"Wedza",-18.37,31.34,2024,0,2024-09-01
"Wedza",-18.37,31.34,2024,0,2024-10-01
"Wedza",-18.37,31.34,2024,2250,2024-11-01
"Wedza",-18.37,31.34,2024,1600,2024-12-01
"Wedza",-18.37,31.34,2016,2930,2016-01-01
"West Nicholson",-21.05,29.367,2017,14,2017-01-01
"West Nicholson",-21.05,29.367,2017,804,2017-02-01
"West Nicholson",-21.05,29.367,2017,133,2017-03-01
"West Nicholson",-21.05,29.367,2017,140,2017-04-01
"West Nicholson",-21.05,29.367,2017,9,2017-05-01
"West Nicholson",-21.05,29.367,2017,22,2017-06-01
"West Nicholson",-21.05,29.367,2017,1,2017-07-01
"West Nicholson",-21.05,29.367,2017,34,2017-08-01
"West Nicholson",-21.05,29.367,2017,0,2017-09-01
"West Nicholson",-21.05,29.367,2017,462,2017-10-01
"West Nicholson",-21.05,29.367,2017,521,2017-11-01
"West Nicholson",-21.05,29.367,2017,365,2017-12-01
"West Nicholson",-21.05,29.367,2018,1515,2018-01-01
"West Nicholson",-21.05,29.367,2018,448,2018-02-01
"West Nicholson",-21.04,29.22,2018,20,2018-03-01
"West Nicholson",-21.04,29.22,2018,200,2018-04-01
"West Nicholson",-21.04,29.22,2018,10,2018-05-01
"West Nicholson",-21.04,29.22,2018,10,2018-06-01
"West Nicholson",-21.04,29.22,2018,0,2018-07-01
"West Nicholson",-21.04,29.22,2018,0,2018-08-01
"West Nicholson",-21.04,29.22,2018,40,2018-09-01
"West Nicholson",-21.04,29.22,2018,20,2018-10-01
"West Nicholson",-21.04,29.22,2018,700,2018-11-01
"West Nicholson",-21.04,29.22,2018,900,2018-12-01
"West Nicholson",-21.04,29.22,2020,1640,2020-01-01
"West Nicholson",-21.04,29.22,2020,1030,2020-02-01
"West Nicholson",-21.04,29.22,2020,1350,2020-03-01
"West Nicholson",-21.04,29.22,2020,0,2020-04-01
"West Nicholson",-21.04,29.22,2020,10,2020-05-01
"West Nicholson",-21.04,29.22,2020,0,2020-06-01
"West Nicholson",-21.04,29.22,2020,0,2020-07-01
"West Nicholson",-21.04,29.22,2020,10,2020-08-01
"West Nicholson",-21.04,29.22,2020,20,2020-09-01
"West Nicholson",-21.04,29.22,2020,0,2020-10-01
"West Nicholson",-21.04,29.22,2020,500,2020-11-01
"West Nicholson",-21.04,29.22,2020,100,2020-12-01
"West Nicholson",-21.04,29.22,2019,460,2019-01-01
"West Nicholson",-21.04,29.22,2019,150,2019-02-01
"West Nicholson",-21.04,29.22,2019,190,2019-03-01
"West Nicholson",-21.04,29.22,2019,0,2019-04-01
"West Nicholson",-21.04,29.22,2019,10,2019-05-01
"West Nicholson",-21.04,29.22,2019,0,2019-06-01
"West Nicholson",-21.04,29.22,2019,0,2019-07-01
"West Nicholson",-21.04,29.22,2019,0,2019-08-01
"West Nicholson",-21.04,29.22,2019,0,2019-09-01
"West Nicholson",-21.04,29.22,2019,150,2019-10-01
"West Nicholson",-21.04,29.22,2019,370,2019-11-01
"West Nicholson",-21.04,29.22,2019,1130,2019-12-01
"West Nicholson",-21.04,29.22,2021,870,2021-01-01
"West Nicholson",-21.04,29.22,2021,1300,2021-02-01
"West Nicholson",-21.04,29.22,2021,0,2021-03-01
"West Nicholson",-21.04,29.22,2021,30,2021-04-01
"West Nicholson",-21.04,29.22,2021,0,2021-05-01
"West Nicholson",-21.04,29.22,2021,30,2021-06-01
"West Nicholson",-21.04,29.22,2021,330,2021-07-01
"West Nicholson",-21.04,29.22,2021,10,2021-08-01
"West Nicholson",-21.04,29.22,2021,60,2021-09-01
"West Nicholson",-21.04,29.22,2021,30,2021-10-01
"West Nicholson",-21.04,29.22,2021,1660,2021-11-01
"West Nicholson",-21.04,29.22,2021,930,2021-12-01
"West Nicholson",-21.04,29.22,2023,570,2023-01-01
"West Nicholson",-21.04,29.22,2023,60,2023-02-01
"West Nicholson",-21.04,29.22,2023,0,2023-03-01
"West Nicholson",-21.04,29.22,2023,0,2023-04-01
"West Nicholson",-21.04,29.22,2023,0,2023-05-01
"West Nicholson",-21.04,29.22,2023,0,2023-06-01
"West Nicholson",-21.04,29.22,2023,0,2023-07-01
"West Nicholson",-21.04,29.22,2023,0,2023-08-01
"West Nicholson",-21.04,29.22,2023,30,2023-09-01
"West Nicholson",-21.04,29.22,2023,360,2023-10-01
"West Nicholson",-21.04,29.22,2023,210,2023-11-01
"West Nicholson",-21.04,29.22,2023,2200,2023-12-01
"West Nicholson",-21.04,29.22,2022,380,2022-01-01
"West Nicholson",-21.04,29.22,2022,1150,2022-02-01
"West Nicholson",-21.04,29.22,2022,740,2022-03-01
"West Nicholson",-21.04,29.22,2022,30,2022-04-01
"West Nicholson",-21.04,29.22,2022,240,2022-05-01
"West Nicholson",-21.04,29.22,2022,10,2022-06-01
"West Nicholson",-21.04,29.22,2022,0,2022-07-01
"West Nicholson",-21.04,29.22,2022,0,2022-08-01
"West Nicholson",-21.04,29.22,2022,0,2022-09-01
"West Nicholson",-21.04,29.22,2022,460,2022-10-01
"West Nicholson",-21.04,29.22,2022,790,2022-11-01
"West Nicholson",-21.04,29.22,2022,840,2022-12-01
"West Nicholson",-21.04,29.22,2024,1570,2024-01-01
"West Nicholson",-21.04,29.22,2024,0,2024-02-01
"West Nicholson",-21.04,29.22,2024,0,2024-03-01
"West Nicholson",-21.04,29.22,2024,0,2024-04-01
"West Nicholson",-21.04,29.22,2024,0,2024-05-01
"West Nicholson",-21.04,29.22,2024,0,2024-06-01
"West Nicholson",-21.04,29.22,2024,280,2024-07-01
"West Nicholson",-21.04,29.22,2024,0,2024-08-01
"West Nicholson",-21.04,29.22,2024,0,2024-09-01
"West Nicholson",-21.04,29.22,2024,130,2024-10-01
"West Nicholson",-21.04,29.22,2024,620,2024-11-01
"West Nicholson",-21.04,29.22,2024,330,2024-12-01
"West Nicholson",-21.04,29.22,2016,2170,2016-01-01
"Wilfreds Hope",-20.28,28.07,2017,900,2017-01-01
"Wilfreds Hope",-20.28,28.07,2017,2040,2017-02-01
"Wilfreds Hope",-20.28,28.07,2017,140,2017-03-01
"Wilfreds Hope",-20.28,28.07,2017,0,2017-05-01
"Wilfreds Hope",-20.28,28.07,2017,0,2017-06-01
"Wilfreds Hope",-20.28,28.07,2017,0,2017-07-01
"Wilfreds Hope",-20.28,28.07,2017,0,2017-08-01
"Wilfreds Hope",-20.28,28.07,2017,0,2017-09-01
"Wilfreds Hope",-20.28,28.07,2017,630,2017-10-01
"Wilfreds Hope",-20.28,28.07,2017,970,2017-11-01
"Wilfreds Hope",-20.28,28.07,2017,530,2017-12-01
"Wilfreds Hope",-20.28,28.07,2018,1980,2018-01-01
"Wilfreds Hope",-20.28,28.07,2018,1170,2018-02-01
"Wilfreds Hope",-20.28,28.07,2018,330,2018-03-01
"Wilfreds Hope",-20.28,28.07,2018,460,2018-04-01
"Wilfreds Hope",-20.28,28.07,2018,0,2018-05-01
"Wilfreds Hope",-20.28,28.07,2018,0,2018-06-01
"Wilfreds Hope",-20.28,28.07,2018,0,2018-07-01
"Wilfreds Hope",-20.28,28.07,2018,0,2018-08-01
"Wilfreds Hope",-20.28,28.07,2018,0,2018-09-01
"Wilfreds Hope",-20.28,28.07,2018,380,2018-10-01
"Wilfreds Hope",-20.28,28.07,2018,110,2018-11-01
"Wilfreds Hope",-20.28,28.07,2018,1070,2018-12-01
"Wilfreds Hope",-20.28,28.07,2020,1180,2020-01-01
"Wilfreds Hope",-20.28,28.07,2020,1150,2020-02-01
"Wilfreds Hope",-20.28,28.07,2020,2670,2020-03-01
"Wilfreds Hope",-20.28,28.07,2020,0,2020-04-01
"Wilfreds Hope",-20.28,28.07,2020,0,2020-05-01
"Wilfreds Hope",-20.28,28.07,2020,0,2020-06-01
"Zaka",-20.37,31.47,2017,1053,2017-01-01
"Zaka",-20.37,31.47,2017,1086,2017-02-01
"Zaka",-20.37,31.47,2017,493,2017-03-01
"Zaka",-20.37,31.47,2017,818,2017-04-01
"Zaka",-20.37,31.47,2017,10,2017-05-01
"Zaka",-20.37,31.47,2017,30,2017-06-01
"Zaka",-20.37,31.47,2017,6,2017-07-01
"Zaka",-20.37,31.47,2017,94,2017-08-01
"Zaka",-20.37,31.47,2017,38,2017-09-01
"Zaka",-20.37,31.47,2017,411,2017-10-01
"Zaka",-20.37,31.47,2017,700,2017-11-01
"Zaka",-20.37,31.47,2017,846,2017-12-01
"Zaka",-20.37,31.47,2018,2558,2018-01-01
"Zaka",-20.37,31.47,2018,154,2018-02-01
"Zaka",-20.37,31.47,2018,421,2018-04-01
"Zaka",-20.37,31.47,2018,10,2018-05-01
"Zaka",-20.37,31.47,2018,27,2018-06-01
"Zaka",-20.37,31.47,2018,36,2018-08-01
"Zaka",-20.37,31.47,2018,159,2018-10-01
"Zaka",-20.37,31.47,2018,615,2018-11-01
"Zaka",-20.37,31.47,2018,891,2018-12-01
"Zaka",-20.37,31.47,2020,1083,2020-01-01
"Zaka",-20.37,31.47,2020,1497,2020-02-01
"Zaka",-20.37,31.47,2020,861,2020-03-01
"Zaka",-20.37,31.47,2020,25,2020-04-01
"Zaka",-20.37,31.47,2020,27,2020-10-01
"Zaka",-20.37,31.47,2020,259,2020-11-01
"Zaka",-20.37,31.47,2020,161,2020-12-01
"Zaka",-20.37,31.47,2019,240,2019-01-01
"Zaka",-20.37,31.47,2019,26,2019-02-01
"Zaka",-20.37,31.47,2019,111,2019-03-01
"Zaka",-20.37,31.47,2019,122,2019-04-01
"Zaka",-20.37,31.47,2019,617,2019-10-01
"Zaka",-20.37,31.47,2019,135,2019-11-01
"Zaka",-20.37,31.47,2019,2992,2019-12-01
"Zaka",-20.37,31.47,2021,444,2021-01-01
"Zaka",-20.37,31.47,2021,1368,2021-02-01
"Zaka",-20.37,31.47,2021,154,2021-03-01
"Zaka",-20.37,31.47,2021,311,2021-04-01
"Zaka",-20.37,31.47,2023,747,2023-10-01
"Zaka",-20.37,31.47,2023,159,2023-11-01
"Zaka",-20.37,31.47,2023,1442,2023-12-01
"Zaka",-20.37,31.47,2022,654,2022-01-01
"Zaka",-20.37,31.47,2022,1237,2022-02-01
"Zaka",-20.37,31.47,2022,280,2022-03-01
"Zaka",-20.37,31.47,2022,94,2022-04-01
"Zaka",-20.37,31.47,2022,366,2022-10-01
"Zaka",-20.37,31.47,2022,486,2022-11-01
"Zaka",-20.37,31.47,2022,522,2022-12-01
"Zaka",-20.37,31.47,2024,3252,2024-01-01
"Zaka",-20.37,31.47,2024,1546,2024-02-01
"Zaka",-20.37,31.47,2024,430,2024-03-01
"Zaka",-20.37,31.47,2024,272,2024-04-01
"Zvishavane",-20.32,30.07,2017,227,2017-01-01
"Zvishavane",-20.32,30.07,2017,2496,2017-02-01
"Zvishavane",-20.32,30.07,2017,111,2017-03-01
"Zvishavane",-20.32,30.07,2017,282,2017-04-01
"Zvishavane",-20.32,30.07,2017,10,2017-05-01
"Zvishavane",-20.32,30.07,2017,30,2017-06-01
"Zvishavane",-20.32,30.07,2017,1,2017-07-01
"Zvishavane",-20.32,30.07,2017,163,2017-08-01
"Zvishavane",-20.32,30.07,2017,23,2017-09-01
"Zvishavane",-20.32,30.07,2017,198,2017-10-01
"Zvishavane",-20.32,30.07,2017,895,2017-11-01
"Zvishavane",-20.32,30.07,2017,768,2017-12-01
"Zvishavane",-20.32,30.07,2018,1430,2018-01-01
"Zvishavane",-20.32,30.07,2018,654,2018-02-01
"Zvishavane",-20.32,30.07,2018,371,2018-04-01
"Zvishavane",-20.32,30.07,2018,19,2018-05-01
"Zvishavane",-20.32,30.07,2018,5,2018-06-01
"Zvishavane",-20.32,30.07,2018,45,2018-10-01
"Zvishavane",-20.32,30.07,2018,167,2018-11-01
"Zvishavane",-20.32,30.07,2018,724,2018-12-01
"Zvishavane",-20.32,30.07,2020,501,2020-01-01
"Zvishavane",-20.32,30.07,2020,710,2020-02-01
"Zvishavane",-20.32,30.07,2020,703,2020-03-01
"Zvishavane",-20.32,30.07,2020,0,2020-04-01
"Zvishavane",-20.32,30.07,2020,4,2020-10-01
"Zvishavane",-20.32,30.07,2020,740,2020-11-01
"Zvishavane",-20.32,30.07,2020,270,2020-12-01
"Zvishavane",-20.32,30.07,2019,461,2019-01-01
"Zvishavane",-20.32,30.07,2019,3,2019-02-01
"Zvishavane",-20.32,30.07,2019,457,2019-03-01
"Zvishavane",-20.32,30.07,2019,7,2019-04-01
"Zvishavane",-20.32,30.07,2019,135,2019-10-01
"Zvishavane",-20.32,30.07,2019,282,2019-11-01
"Zvishavane",-20.32,30.07,2019,2672,2019-12-01
"Zvishavane",-20.32,30.07,2021,891,2021-01-01
"Zvishavane",-20.32,30.07,2021,1705,2021-02-01
"Zvishavane",-20.32,30.07,2021,36,2021-03-01
"Zvishavane",-20.32,30.07,2021,39,2021-04-01
"Zvishavane",-20.32,30.07,2021,0,2021-10-01
"Zvishavane",-20.32,30.07,2021,1799,2021-11-01
"Zvishavane",-20.32,30.07,2021,979,2021-12-01
"Zvishavane",-20.32,30.07,2023,746,2023-01-01
"Zvishavane",-20.32,30.07,2023,65,2023-02-01
"Zvishavane",-20.32,30.07,2023,269,2023-03-01
"Zvishavane",-20.32,30.07,2023,439,2023-04-01
"Zvishavane",-20.32,30.07,2023,534,2023-10-01
"Zvishavane",-20.32,30.07,2023,315,2023-11-01
"Zvishavane",-20.32,30.07,2023,1290,2023-12-01
"Zvishavane",-20.32,30.07,2022,914,2022-01-01
"Zvishavane",-20.32,30.07,2022,1461,2022-02-01
"Zvishavane",-20.32,30.07,2022,1149,2022-03-01
"Zvishavane",-20.32,30.07,2022,243,2022-04-01
"Zvishavane",-20.32,30.07,2022,35,2022-10-01
"Zvishavane",-20.32,30.07,2022,1081,2022-11-01
"Zvishavane",-20.32,30.07,2022,1544,2022-12-01
"Zvishavane",-20.32,30.07,2024,3197,2024-01-01
"Zvishavane",-20.32,30.07,2024,825,2024-02-01
"Zvishavane",-20.32,30.07,2024,824,2024-03-01
"Zvishavane",-20.32,30.07,2024,151,2024-04-01
