country,station,yield
Zimbabwe,Shamva,13.09
Zimbabwe,Harare,12.499968
Zimbabwe,Harare,12.4741566984127
Zimbabwe,Harare,12.4399908571429
Zimbabwe,Shamva,12.0226778711485
Zimbabwe,Harare,11.8070755555556
Zimbabwe,Harare,11.7874631111111
Zimbabwe,Harare,11.6969081904762
Zimbabwe,Shamva,11.6490756302521
Zimbabwe,Harare,11.6338285714286
Zimbabwe,Harare,11.5791827301587
Zimbabwe,Harare,11.4011631746032
Zimbabwe,Harare,11.3005714285714
Zimbabwe,Harare,11.293053968254
Zimbabwe,Harare,11.2166948571429
Zimbabwe,Shamva,11.0904649859944
Zimbabwe,Harare,11.0553965714286
Zimbabwe,Harare,11.0380251428571
Zimbabwe,Harare,10.9446298412698
Zimbabwe,Harare,10.92096
Zimbabwe,Harare,10.910848
Zimbabwe,Harare,10.8989956302521
Zimbabwe,Harare,10.7481115966387
Zimbabwe,Harare,10.7448165826331
Zimbabwe,Harare,10.6873295238095
Zimbabwe,Harare,10.5915428571429
Zimbabwe,Harare,10.5702034285714
Zimbabwe,Harare,10.5309135238095
Zimbabwe,Harare,10.4960812698413
Zimbabwe,Harare,10.477693968254
Zimbabwe,Harare,10.4363204481793
Zimbabwe,Harare,10.4216380952381
Zimbabwe,Harare,10.4179159365079
Zimbabwe,Harare,10.3731281269841
Zimbabwe,Harare,10.3658057142857
Zimbabwe,Shamva,10.3475630252101
Zimbabwe,Harare,10.3401386666667
Zimbabwe,Harare,10.2859154285714
Zimbabwe,Harare,10.2624322689076
Zimbabwe,Harare,10.2411946666667
Zimbabwe,Harare,10.2192905322129
Zimbabwe,Harare,10.1462796190476
Zimbabwe,Harare,10.0554382222222
Zimbabwe,Harare,10.0429803921569
Zimbabwe,Harare,10.0332515555556
Zimbabwe,Harare,10.0098151260504
Zimbabwe,Harare,9.96766882539683
Zimbabwe,Harare,9.96312380952381
Zimbabwe,Harare,9.95865635854342
Zimbabwe,Harare,9.80967619047619
Zimbabwe,Chisumbanje,9.76377392078327
Zimbabwe,Harare,9.76361244444444
Zimbabwe,Harare,9.75963022222222
Zimbabwe,Harare,9.745536
Zimbabwe,Harare,9.71337859943978
Zimbabwe,Shamva,9.64912044817927
Zimbabwe,Shamva,9.64840336134454
Zimbabwe,Harare,9.59889066666667
Zimbabwe,Harare,9.56760380952381
Zimbabwe,Harare,9.55114057142857
Zimbabwe,Harare,9.52270700280112
Zimbabwe,Harare,9.50219294117647
Zimbabwe,Harare,9.49001142857143
Zimbabwe,Shamva,9.36282352941177
Zimbabwe,Harare,9.34534907936508
Zimbabwe,Harare,9.32414374603174
Zimbabwe,Harare,9.32055771428571
Zimbabwe,Shamva,9.31710924369748
Zimbabwe,Shamva,9.28089635854342
Zimbabwe,Shamva,9.26117647058824
Zimbabwe,Shamva,9.21868907563025
Zimbabwe,Harare,9.17660504201681
Zimbabwe,Shamva,9.13120448179272
Zimbabwe,Harare,9.12156444444445
Zimbabwe,Harare,9.07686722689076
Zimbabwe,Harare,9.06777815126051
Zimbabwe,Shamva,9.06756302521008
Zimbabwe,Shamva,9.0424649859944
Zimbabwe,Chisumbanje,9.01200672268907
Zimbabwe,Shamva,8.99406162464986
Zimbabwe,Harare,8.98056533333333
Zimbabwe,Harare,8.97930971428571
Zimbabwe,Harare,8.96658285714286
Zimbabwe,Harare,8.94987114845938
Zimbabwe,Shamva,8.94924369747899
Zimbabwe,Harare,8.94012952380952
Zimbabwe,Harare,8.92382476190476
Zimbabwe,Harare,8.896256
Zimbabwe,Harare,8.89415529411765
Zimbabwe,Harare,8.89254364145658
Zimbabwe,Harare,8.88384537815126
Zimbabwe,Harare,8.87975822222222
Zimbabwe,Chisumbanje,8.8694259012016
Zimbabwe,Harare,8.83451733333333
Zimbabwe,Harare,8.81001411764706
Zimbabwe,Harare,8.79994980392157
Zimbabwe,Shamva,8.79220168067227
Zimbabwe,Harare,8.78114420168067
Zimbabwe,Harare,8.77987352380952
Zimbabwe,Harare,8.75495798319328
Zimbabwe,Harare,8.74627226890756
Zimbabwe,Harare,8.73667047619048
Zimbabwe,Shamva,8.72371988795518
Zimbabwe,Harare,8.72168431746032
Zimbabwe,Harare,8.7097539047619
Zimbabwe,Harare,8.70892698412698
Zimbabwe,Harare,8.66227988795518
Zimbabwe,Harare,8.66224761904762
Zimbabwe,Chisumbanje,8.65295950155763
Zimbabwe,Shamva,8.65093557422969
Zimbabwe,Harare,8.62486050420168
Zimbabwe,Shamva,8.6236862745098
Zimbabwe,Harare,8.57910857142857
Zimbabwe,Harare,8.56338895238095
Zimbabwe,Harare,8.55968507936508
Zimbabwe,Shamva,8.55735574229692
Zimbabwe,Harare,8.54068347338935
Zimbabwe,Shamva,8.53333333333333
Zimbabwe,Harare,8.52497066666667
Zimbabwe,Harare,8.52490039215686
Zimbabwe,Shamva,8.51899159663866
Zimbabwe,Harare,8.50826039215686
Zimbabwe,Harare,8.50266819047619
Zimbabwe,Harare,8.49991708683473
Zimbabwe,Chisumbanje,8.49345794392524
Zimbabwe,Harare,8.49012885154062
Zimbabwe,Harare,8.48419555555556
Zimbabwe,Harare,8.4795326984127
Zimbabwe,Harare,8.47843961904762
Zimbabwe,Shamva,8.46090756302521
Zimbabwe,Shamva,8.44011204481793
Zimbabwe,Harare,8.42871932773109
Zimbabwe,Harare,8.39760457142857
Zimbabwe,Harare,8.38900215873016
Zimbabwe,Shamva,8.35262745098039
Zimbabwe,Shamva,8.34258823529412
Zimbabwe,Shamva,8.33254901960784
Zimbabwe,Harare,8.32688941176471
Zimbabwe,Harare,8.32279663865546
Zimbabwe,Shamva,8.28235294117647
Zimbabwe,Harare,8.27331764705882
Zimbabwe,Harare,8.27271529411765
Zimbabwe,Harare,8.26357960784314
Zimbabwe,Harare,8.25060392156863
Zimbabwe,Harare,8.25005104761905
Zimbabwe,Harare,8.24866778711485
Zimbabwe,Harare,8.20185635854342
Zimbabwe,Harare,8.20039314285714
Zimbabwe,Shamva,8.19361344537815
Zimbabwe,Harare,8.1853956302521
Zimbabwe,Shamva,8.14144537815126
Zimbabwe,Shamva,8.1344537815126
Zimbabwe,Harare,8.12538514285714
Zimbabwe,Shamva,8.12208403361345
Zimbabwe,Chisumbanje,8.11820204717401
Zimbabwe,Shamva,8.10487394957983
Zimbabwe,Harare,8.078848
Zimbabwe,Shamva,8.06668907563025
Zimbabwe,Harare,8.05410420168067
Zimbabwe,Shamva,8.0476862745098
Zimbabwe,Chisumbanje,8.04414775255897
Zimbabwe,Harare,8.04143327731092
Zimbabwe,Harare,8.03858823529412
Zimbabwe,Harare,8.03257295238095
Zimbabwe,Harare,8.02373557422969
Zimbabwe,Harare,8.02234920634921
Zimbabwe,Harare,8.00335058823529
Zimbabwe,Harare,7.95051383753501
Zimbabwe,Harare,7.94593344537815
Zimbabwe,Chisumbanje,7.92380952380952
Zimbabwe,Harare,7.91964444444444
Zimbabwe,Harare,7.90892997198879
Zimbabwe,Harare,7.90076056022409
Zimbabwe,Shamva,7.89566386554622
Zimbabwe,Harare,7.86037602240896
Zimbabwe,Harare,7.85561098039216
Zimbabwe,Shamva,7.8492324929972
Zimbabwe,Harare,7.83161904761905
Zimbabwe,Harare,7.81824
Zimbabwe,Harare,7.81628235294118
Zimbabwe,Harare,7.78590679365079
Zimbabwe,Harare,7.76629422969188
Zimbabwe,Harare,7.75572078431373
Zimbabwe,Harare,7.74339047619048
Zimbabwe,Shamva,7.69075630252101
Zimbabwe,Harare,7.68633546218487
Zimbabwe,Harare,7.67902476190476
Zimbabwe,Shamva,7.67211204481793
Zimbabwe,Shamva,7.65346778711485
Zimbabwe,Shamva,7.64414565826331
Zimbabwe,Harare,7.61622146031746
Zimbabwe,Harare,7.60394218487395
Zimbabwe,Shamva,7.60112044817927
Zimbabwe,Shamva,7.56526610644258
Zimbabwe,Harare,7.53117221288515
Zimbabwe,Harare,7.51073117460317
Zimbabwe,Harare,7.45463394957983
Zimbabwe,Harare,7.45170823529412
Zimbabwe,Harare,7.4464268907563
Zimbabwe,Chisumbanje,7.44245660881175
Zimbabwe,Harare,7.43160112044818
Zimbabwe,Harare,7.42916063492063
Zimbabwe,Harare,7.40811652661064
Zimbabwe,Harare,7.37788235294118
Zimbabwe,Chisumbanje,7.34846461949266
Zimbabwe,Harare,7.33636302521008
Zimbabwe,Harare,7.32055568253968
Zimbabwe,Kwekwe,7.30641568627451
Zimbabwe,Harare,7.30526476190476
Zimbabwe,Harare,7.30046028011205
Zimbabwe,Kwekwe,7.29926274509804
Zimbabwe,Chisumbanje,7.28480640854473
Zimbabwe,Chisumbanje,7.28010680907877
Zimbabwe,Kwekwe,7.25243697478992
Zimbabwe,Kwekwe,7.24867226890756
Zimbabwe,Chisumbanje,7.24393413440142
Zimbabwe,Harare,7.24329650793651
Zimbabwe,Harare,7.23935731092437
Zimbabwe,Harare,7.23251271708683
Zimbabwe,Harare,7.23215058823529
Zimbabwe,Chisumbanje,7.18732549019608
Zimbabwe,Harare,7.18663111111111
Zimbabwe,Harare,7.16628616246499
Zimbabwe,Kwekwe,7.16423529411765
Zimbabwe,Harare,7.16363652661065
Zimbabwe,Harare,7.15546352941176
Zimbabwe,Harare,7.11996952380952
Zimbabwe,Chisumbanje,7.1157781512605
Zimbabwe,Harare,7.09877028571429
Zimbabwe,Harare,7.09641680672269
Zimbabwe,Chisumbanje,7.08726319327731
Zimbabwe,Harare,7.04296156862745
Zimbabwe,Harare,7.0215350140056
Zimbabwe,Harare,7.01387377777778
Zimbabwe,Harare,6.98999036414566
Zimbabwe,Harare,6.98896492997199
Zimbabwe,Harare,6.97690615873016
Zimbabwe,Chisumbanje,6.97027226890756
Zimbabwe,Chisumbanje,6.95126050420168
Zimbabwe,Harare,6.9130218487395
Zimbabwe,Harare,6.90457456582633
Zimbabwe,Chisumbanje,6.89400470588235
Zimbabwe,Harare,6.89135746031746
Zimbabwe,Harare,6.89025219047619
Zimbabwe,Chisumbanje,6.87761568627451
Zimbabwe,Harare,6.87485561904762
Zimbabwe,Harare,6.86711574229692
Zimbabwe,Kwekwe,6.8067675070028
Zimbabwe,Chisumbanje,6.80658655985759
Zimbabwe,Harare,6.80446924369748
Zimbabwe,Chisumbanje,6.798753894081
Zimbabwe,Chisumbanje,6.79092122830441
Zimbabwe,Harare,6.78711574229692
Zimbabwe,Kwekwe,6.7843943977591
Zimbabwe,Chisumbanje,6.78308856252781
Zimbabwe,Harare,6.76565691876751
Zimbabwe,Chisumbanje,6.75175789942145
Zimbabwe,Chisumbanje,6.74392523364486
Zimbabwe,Harare,6.74081523809524
Zimbabwe,Harare,6.73743644444444
Zimbabwe,Kwekwe,6.72139831932773
Zimbabwe,Chisumbanje,6.7167731092437
Zimbabwe,Chisumbanje,6.71557019607843
Zimbabwe,Harare,6.71214933333333
Zimbabwe,Chisumbanje,6.70329904761905
Zimbabwe,Chisumbanje,6.68909657320872
Zimbabwe,Chisumbanje,6.6887350140056
Zimbabwe,Chisumbanje,6.68126390743213
Zimbabwe,Kwekwe,6.67471596638655
Zimbabwe,Harare,6.67285154061625
Zimbabwe,Harare,6.65274621848739
Zimbabwe,Harare,6.63576380952381
Zimbabwe,Harare,6.59768076190476
Zimbabwe,Harare,6.57692444444444
Zimbabwe,Harare,6.54330107936508
Zimbabwe,Harare,6.53659966386555
Zimbabwe,Chisumbanje,6.51025210084034
Zimbabwe,Harare,6.50615466666667
Zimbabwe,Harare,6.45863798319328
Zimbabwe,Kwekwe,6.44501512605042
Zimbabwe,Harare,6.42377955555556
Zimbabwe,Harare,6.41898845938375
Zimbabwe,Harare,6.41243966386555
Zimbabwe,Kwekwe,6.40616694677871
Zimbabwe,Harare,6.40105650793651
Zimbabwe,Chisumbanje,6.39001815126051
Zimbabwe,Chisumbanje,6.38147764705882
Zimbabwe,Chisumbanje,6.35671663865546
Zimbabwe,Chisumbanje,6.35663058823529
Zimbabwe,Harare,6.35361882352941
Zimbabwe,Kwekwe,6.31864649859944
Zimbabwe,Kwekwe,6.31036414565826
Zimbabwe,Harare,6.30714920634921
Zimbabwe,Chisumbanje,6.27877647058824
Zimbabwe,Kwekwe,6.27099607843137
Zimbabwe,Chisumbanje,6.26613262127281
Zimbabwe,Harare,6.25613445378151
Zimbabwe,Chisumbanje,6.23765020026702
Zimbabwe,Harare,6.2375619047619
Zimbabwe,Kwekwe,6.23148459383754
Zimbabwe,Harare,6.21145994397759
Zimbabwe,Chisumbanje,6.21025882352941
Zimbabwe,Chisumbanje,6.20204717400979
Zimbabwe,Chisumbanje,6.19492392156863
Zimbabwe,Chisumbanje,6.19443988795518
Zimbabwe,Chisumbanje,6.1878059635069
Zimbabwe,Kwekwe,6.18729411764706
Zimbabwe,Kwekwe,6.18057142857143
Zimbabwe,Chisumbanje,6.16644414775256
Zimbabwe,Harare,6.16115271708683
Zimbabwe,Chisumbanje,6.13859495798319
Zimbabwe,Chisumbanje,6.13796172674677
Zimbabwe,Chisumbanje,6.12372051624388
Zimbabwe,Chisumbanje,6.10947930574099
Zimbabwe,Chisumbanje,6.10235870048954
Zimbabwe,Kwekwe,6.08062745098039
Zimbabwe,Chisumbanje,6.05963506898086
Zimbabwe,Chisumbanje,6.04495238095238
Zimbabwe,Chisumbanje,6.04013714285714
Zimbabwe,Kwekwe,6.02541176470588
Zimbabwe,Harare,6.0
Zimbabwe,Chisumbanje,5.98089142857143
Zimbabwe,Harare,5.97944076190476
Zimbabwe,Kwekwe,5.95868683473389
Zimbabwe,Harare,5.95454924369748
Zimbabwe,Kwekwe,5.95291428571429
Zimbabwe,Harare,5.94391484593838
Zimbabwe,Kwekwe,5.93174229691877
Zimbabwe,Chisumbanje,5.92587652661064
Zimbabwe,Harare,5.91868546031746
Zimbabwe,Chisumbanje,5.90787226890756
Zimbabwe,Chisumbanje,5.89616941176471
Zimbabwe,Harare,5.87114666666667
Zimbabwe,Kwekwe,5.87104089635854
Zimbabwe,Kwekwe,5.86890756302521
Zimbabwe,Harare,5.86251831932773
Zimbabwe,Chisumbanje,5.83814633053221
Zimbabwe,Chisumbanje,5.83493557422969
Zimbabwe,Harare,5.82136888888889
Zimbabwe,Chisumbanje,5.79391462184874
Zimbabwe,Chisumbanje,5.77242352941176
Zimbabwe,Kwekwe,5.75736470588235
Zimbabwe,Chisumbanje,5.74630364145658
Zimbabwe,Chisumbanje,5.7382668907563
Zimbabwe,Harare,5.71430901960784
Zimbabwe,Harare,5.68944582633053
Zimbabwe,Chisumbanje,5.68437917222964
Zimbabwe,Chisumbanje,5.65729882352941
Zimbabwe,Chisumbanje,5.65225949579832
Zimbabwe,Chisumbanje,5.63951935914553
Zimbabwe,Chisumbanje,5.6277512605042
Zimbabwe,Harare,5.61579025210084
Zimbabwe,Chisumbanje,5.60977030812325
Zimbabwe,Chisumbanje,5.59533176470588
Zimbabwe,Chisumbanje,5.59465954606142
Zimbabwe,Harare,5.59265344537815
Zimbabwe,Chisumbanje,5.58184245660881
Zimbabwe,Kwekwe,5.57832605042017
Zimbabwe,Chisumbanje,5.56902536715621
Zimbabwe,Harare,5.56690285714286
Zimbabwe,Chisumbanje,5.56261682242991
Zimbabwe,Chisumbanje,5.55948638655462
Zimbabwe,Kwekwe,5.55294117647059
Zimbabwe,Chisumbanje,5.54817075630252
Zimbabwe,Harare,5.54728838095238
Zimbabwe,Kwekwe,5.54049971988796
Zimbabwe,Kwekwe,5.53044257703081
Zimbabwe,Chisumbanje,5.52652369747899
Zimbabwe,Harare,5.52248888888889
Zimbabwe,Chisumbanje,5.51134846461949
Zimbabwe,Chisumbanje,5.49212283044059
Zimbabwe,Kwekwe,5.48071260504202
Zimbabwe,Harare,5.47774984126984
Zimbabwe,Chisumbanje,5.46648865153538
Zimbabwe,Chisumbanje,5.44507338935574
Zimbabwe,Chisumbanje,5.41074285714286
Zimbabwe,Chisumbanje,5.39386980392157
Zimbabwe,Chisumbanje,5.39019831932773
Zimbabwe,Chisumbanje,5.38891294117647
Zimbabwe,Harare,5.38446162464986
Zimbabwe,Chisumbanje,5.36734117647059
Zimbabwe,Chisumbanje,5.3618106442577
Zimbabwe,Chisumbanje,5.34763921568628
Zimbabwe,Harare,5.33291073015873
Zimbabwe,Chisumbanje,5.32233322128852
Zimbabwe,Chisumbanje,5.31392
Zimbabwe,Chisumbanje,5.31074509803922
Zimbabwe,Chisumbanje,5.28479731092437
Zimbabwe,Chisumbanje,5.28448
Zimbabwe,Chisumbanje,5.27905882352941
Zimbabwe,Chisumbanje,5.26645960784314
Zimbabwe,Harare,5.26393092063492
Zimbabwe,Chisumbanje,5.24832268907563
Zimbabwe,Chisumbanje,5.2224
Zimbabwe,Harare,5.22175462184874
Zimbabwe,Harare,5.16648838095238
Zimbabwe,Chisumbanje,5.16133826330532
Zimbabwe,Harare,5.15274768253968
Zimbabwe,Harare,5.13979159663866
Zimbabwe,Chisumbanje,5.11444974789916
Zimbabwe,Harare,5.09427450980392
Zimbabwe,Chisumbanje,5.07984672268908
Zimbabwe,Chisumbanje,5.06352941176471
Zimbabwe,Chisumbanje,5.02145082331998
Zimbabwe,Chisumbanje,5.01985882352941
Zimbabwe,Chisumbanje,5.01519058823529
Zimbabwe,Chisumbanje,5.01462946778712
Zimbabwe,Chisumbanje,5.01400201680672
Zimbabwe,Harare,5.01396078431373
Zimbabwe,Chisumbanje,4.99581664441478
Zimbabwe,Harare,4.99524481792717
Zimbabwe,Chisumbanje,4.98387719887955
Zimbabwe,Chisumbanje,4.9787271918113
Zimbabwe,Chisumbanje,4.96163773920783
Zimbabwe,Harare,4.95573333333333
Zimbabwe,Chisumbanje,4.94801568627451
Zimbabwe,Chisumbanje,4.92729366946779
Zimbabwe,Harare,4.9116181512605
Zimbabwe,Chisumbanje,4.90116302521008
Zimbabwe,Chisumbanje,4.89961411764706
Zimbabwe,Chisumbanje,4.89897641299511
Zimbabwe,Chisumbanje,4.89773176470588
Zimbabwe,Chisumbanje,4.88555025210084
Zimbabwe,Chisumbanje,4.87049399198932
Zimbabwe,Chisumbanje,4.86479750778816
Zimbabwe,Chisumbanje,4.85931025210084
Zimbabwe,Chisumbanje,4.85814857142857
Zimbabwe,Harare,4.83602895238095
Zimbabwe,Chisumbanje,4.83347361344538
Zimbabwe,Chisumbanje,4.79792403361345
Zimbabwe,Chisumbanje,4.77815036414566
Zimbabwe,Chisumbanje,4.77691159663866
Zimbabwe,Chisumbanje,4.76011204481793
Zimbabwe,Chisumbanje,4.75716661064426
Zimbabwe,Chisumbanje,4.73898128851541
Zimbabwe,Chisumbanje,4.73334677871149
Zimbabwe,Chisumbanje,4.72972369747899
Zimbabwe,Chisumbanje,4.72281277310924
Zimbabwe,Chisumbanje,4.68623238095238
Zimbabwe,Harare,4.68439568253968
Zimbabwe,Harare,4.66663822222222
Zimbabwe,Chisumbanje,4.6647968627451
Zimbabwe,Chisumbanje,4.62434957983193
Zimbabwe,Harare,4.601344
Zimbabwe,Chisumbanje,4.5840062745098
Zimbabwe,Chisumbanje,4.5748974789916
Zimbabwe,Harare,4.56831593650794
Zimbabwe,Chisumbanje,4.56795428571429
Zimbabwe,Harare,4.5242819047619
Zimbabwe,Harare,4.50523022222222
Zimbabwe,Chisumbanje,4.49872672268907
Zimbabwe,Chisumbanje,4.49004100840336
Zimbabwe,Chisumbanje,4.47087327731092
Zimbabwe,Chisumbanje,4.45488224089636
Zimbabwe,Chisumbanje,4.45314509803922
Zimbabwe,Chisumbanje,4.44423170868347
Zimbabwe,Chisumbanje,4.43915294117647
Zimbabwe,Chisumbanje,4.4382368627451
Zimbabwe,Chisumbanje,4.40454991596639
Zimbabwe,Chisumbanje,4.40158655462185
Zimbabwe,Chisumbanje,4.36201411764706
Zimbabwe,Chisumbanje,4.35517490196078
Zimbabwe,Chisumbanje,4.3523818487395
Zimbabwe,Chisumbanje,4.35076661064426
Zimbabwe,Chisumbanje,4.31273949579832
Zimbabwe,Harare,4.30587733333333
Zimbabwe,Chisumbanje,4.30087170868347
Zimbabwe,Harare,4.29942857142857
Zimbabwe,Chisumbanje,4.28737613445378
Zimbabwe,Harare,4.09252977777778
Zimbabwe,Harare,4.05549511111111
Zimbabwe,Harare,4.0338366984127
Zimbabwe,Harare,4.02858057142857
Zimbabwe,Harare,4.00271847619048
Zimbabwe,Harare,3.93594107936508
Zimbabwe,Harare,3.93432177777778
Zimbabwe,Harare,3.89937574603175
Zimbabwe,Harare,3.87421866666667
Zimbabwe,Harare,3.86945219047619
Zimbabwe,Harare,3.83774476190476
Zimbabwe,Harare,3.79484647619048
Zimbabwe,Harare,3.77758476190476
Zimbabwe,Harare,3.70791212698413
Zimbabwe,Harare,3.68327111111111
Zimbabwe,Harare,3.6593473015873
Zimbabwe,Harare,14.6677008253968
Zimbabwe,Shamva,14.4478655462185
Zimbabwe,Harare,13.7247288888889
Zimbabwe,Harare,13.6867352380952
Zimbabwe,Harare,13.5595316825397
Zimbabwe,Shamva,13.4901960784314
Zimbabwe,Harare,13.3448452063492
Zimbabwe,Harare,13.318656
Zimbabwe,Harare,13.3005084444444
Zimbabwe,Harare,13.2462303492063
Zimbabwe,Harare,13.2349805714286
Zimbabwe,Harare,13.0919212698413
Zimbabwe,Harare,13.0544396190476
Zimbabwe,Harare,13.039731092437
Zimbabwe,Harare,12.9462391036415
Zimbabwe,Shamva,12.9005714285714
Zimbabwe,Shamva,12.8559327731092
Zimbabwe,Harare,12.7790811428571
Zimbabwe,Harare,12.7711623529412
Zimbabwe,Harare,12.7545510364146
Zimbabwe,Harare,12.6818336507936
Zimbabwe,Shamva,12.5777030812325
Zimbabwe,Harare,12.5341500952381
Zimbabwe,Harare,12.5170016806723
Zimbabwe,Harare,12.4665976470588
Zimbabwe,Harare,12.4241066666667
Zimbabwe,Harare,12.3173001680672
Zimbabwe,Harare,12.2781472268908
Zimbabwe,Shamva,12.277243697479
Zimbabwe,Shamva,12.2492773109244
Zimbabwe,Harare,12.2321030812325
Zimbabwe,Harare,12.2219438730159
Zimbabwe,Harare,12.2203428571429
Zimbabwe,Harare,12.2148571428571
Zimbabwe,Shamva,12.2026666666667
Zimbabwe,Harare,12.1684921008403
Zimbabwe,Harare,12.1670948571429
Zimbabwe,Harare,12.142017015873
Zimbabwe,Harare,12.0939235555556
Zimbabwe,Harare,12.080618487395
Zimbabwe,Harare,12.0556853781513
Zimbabwe,Harare,12.0501996638655
Zimbabwe,Shamva,12.0370196078431
Zimbabwe,Harare,11.9620327619048
Zimbabwe,Harare,11.9572561269841
Zimbabwe,Shamva,11.9556302521008
Zimbabwe,Harare,11.9132719327731
Zimbabwe,Harare,11.8468632380952
Zimbabwe,Harare,11.7730850420168
Zimbabwe,Harare,11.7682088515406
Zimbabwe,Shamva,11.7647058823529
Zimbabwe,Harare,11.7547025210084
Zimbabwe,Harare,11.739070984127
Zimbabwe,Harare,11.6963585434174
Zimbabwe,Harare,11.6881478991597
Zimbabwe,Shamva,11.6476414565826
Zimbabwe,Shamva,11.6078431372549
Zimbabwe,Shamva,11.6033613445378
Zimbabwe,Shamva,11.5813109243697
Zimbabwe,Harare,11.5541800634921
Zimbabwe,Harare,11.5473066666667
Zimbabwe,Harare,11.5431368067227
Zimbabwe,Harare,11.5211824761905
Zimbabwe,Harare,11.5038963809524
Zimbabwe,Harare,11.4710674285714
Zimbabwe,Shamva,11.4353837535014
Zimbabwe,Harare,11.4344716190476
Zimbabwe,Harare,11.3969586554622
Zimbabwe,Shamva,11.3593725490196
Zimbabwe,Harare,11.3354863865546
Zimbabwe,Harare,11.2987966386555
Zimbabwe,Shamva,11.242487394958
Zimbabwe,Harare,11.2147899159664
Zimbabwe,Harare,11.1906635294118
Zimbabwe,Harare,11.1819831932773
Zimbabwe,Harare,11.0480672268908
Zimbabwe,Harare,11.0317588795518
Zimbabwe,Shamva,11.022700280112
Zimbabwe,Harare,10.9847592156863
Zimbabwe,Harare,10.9805929411765
Zimbabwe,Harare,10.9562980392157
Zimbabwe,Harare,10.9487614565826
Zimbabwe,Shamva,10.9427450980392
Zimbabwe,Shamva,10.8674509803922
Zimbabwe,Harare,10.8579388235294
Zimbabwe,Shamva,10.848268907563
Zimbabwe,Shamva,10.8358991596639
Zimbabwe,Harare,10.8249761344538
Zimbabwe,Shamva,10.7987899159664
Zimbabwe,Harare,10.7643482352941
Zimbabwe,Harare,10.7568044817927
Zimbabwe,Shamva,10.7154285714286
Zimbabwe,Shamva,10.6998319327731
Zimbabwe,Harare,10.5709714285714
Zimbabwe,Harare,10.570777815126
Zimbabwe,Harare,10.5585156302521
Zimbabwe,Harare,10.5350525490196
Zimbabwe,Shamva,10.5098039215686
Zimbabwe,Harare,10.505888627451
Zimbabwe,Harare,10.5004459383753
Zimbabwe,Harare,10.4129721008403
Zimbabwe,Shamva,10.4121008403361
Zimbabwe,Harare,10.3409478991597
Zimbabwe,Shamva,10.3292773109244
Zimbabwe,Harare,10.2077633613445
Zimbabwe,Harare,10.1945295238095
Zimbabwe,Shamva,10.1727731092437
Zimbabwe,Shamva,10.1611204481793
Zimbabwe,Harare,10.087534789916
Zimbabwe,Shamva,10.0851092436975
Zimbabwe,Shamva,10.0795518207283
Zimbabwe,Harare,10.0720941176471
Zimbabwe,Harare,10.0310928851541
Zimbabwe,Shamva,10.0047955182073
Zimbabwe,Harare,9.99474554621849
Zimbabwe,Harare,9.95753949579832
Zimbabwe,Harare,9.94725647058823
Zimbabwe,Harare,9.93871238095238
Zimbabwe,Harare,9.90123025210084
Zimbabwe,Harare,9.83910901960784
Zimbabwe,Harare,9.80894117647059
Zimbabwe,Harare,9.80743529411765
Zimbabwe,Harare,9.80216470588235
Zimbabwe,Harare,9.79802352941176
Zimbabwe,Harare,9.79371025210084
Zimbabwe,Kwekwe,9.79030050420168
Zimbabwe,Kwekwe,9.74549691876751
Zimbabwe,Shamva,9.72549019607843
Zimbabwe,Shamva,9.6476862745098
Zimbabwe,Harare,9.62801120448179
Zimbabwe,Harare,9.61584761904762
Zimbabwe,Harare,9.60562196078431
Zimbabwe,Kwekwe,9.51975798319328
Zimbabwe,Shamva,9.49207843137255
Zimbabwe,Harare,9.48512268907563
Zimbabwe,Harare,9.47766857142857
Zimbabwe,Shamva,9.43740056022409
Zimbabwe,Harare,9.42347114845938
Zimbabwe,Harare,9.41892840336135
Zimbabwe,Harare,9.39276907563025
Zimbabwe,Harare,9.37885400560224
Zimbabwe,Harare,9.35091988795518
Zimbabwe,Shamva,9.33647058823529
Zimbabwe,Shamva,9.30420168067227
Zimbabwe,Harare,9.2798637535014
Zimbabwe,Harare,9.17339787114846
Zimbabwe,Harare,9.16084705882353
Zimbabwe,Harare,9.15974991596639
Zimbabwe,Shamva,9.15002801120448
Zimbabwe,Kwekwe,9.14288761904762
Zimbabwe,Kwekwe,9.13298823529412
Zimbabwe,Shamva,9.11740056022409
Zimbabwe,Kwekwe,9.10889591036414
Zimbabwe,Kwekwe,9.08592941176471
Zimbabwe,Shamva,9.04605042016807
Zimbabwe,Kwekwe,9.04315159663865
Zimbabwe,Harare,9.03037490196078
Zimbabwe,Harare,8.96015058823529
Zimbabwe,Harare,8.95586957983193
Zimbabwe,Harare,8.94300504201681
Zimbabwe,Harare,8.90243226890756
Zimbabwe,Harare,8.87756369747899
Zimbabwe,Harare,8.8757243697479
Zimbabwe,Kwekwe,8.86225568627451
Zimbabwe,Harare,8.85895529411765
Zimbabwe,Harare,8.82409411764706
Zimbabwe,Harare,8.82401882352941
Zimbabwe,Harare,8.79171406162465
Zimbabwe,Kwekwe,8.76669131652661
Zimbabwe,Harare,8.75901848739496
Zimbabwe,Harare,8.75444705882353
Zimbabwe,Harare,8.74403137254902
Zimbabwe,Harare,8.73545142857143
Zimbabwe,Harare,8.73325714285714
Zimbabwe,Kwekwe,8.7058931092437
Zimbabwe,Kwekwe,8.70267697478991
Zimbabwe,Kwekwe,8.65714196078431
Zimbabwe,Harare,8.65201120448179
Zimbabwe,Kwekwe,8.640557535014
Zimbabwe,Harare,8.62788840336134
Zimbabwe,Kwekwe,8.61053669467787
Zimbabwe,Harare,8.60263260504202
Zimbabwe,Harare,8.60260392156863
Zimbabwe,Harare,8.59858823529412
Zimbabwe,Harare,8.58915137254902
Zimbabwe,Kwekwe,8.5776062745098
Zimbabwe,Harare,8.57535462184874
Zimbabwe,Harare,8.54398924369748
Zimbabwe,Harare,8.49520044817927
Zimbabwe,Harare,8.44918319327731
Zimbabwe,Harare,8.43410644257703
Zimbabwe,Harare,8.4328031372549
Zimbabwe,Harare,8.42524862745098
Zimbabwe,Harare,8.42005512605042
Zimbabwe,Harare,8.38067988795518
Zimbabwe,Harare,8.37395361344538
Zimbabwe,Kwekwe,8.3686668907563
Zimbabwe,Harare,8.32086229691877
Zimbabwe,Harare,8.30107966386555
Zimbabwe,Kwekwe,8.28895731092437
Zimbabwe,Harare,8.2055905882353
Zimbabwe,Harare,8.17336291316527
Zimbabwe,Kwekwe,8.16868571428571
Zimbabwe,Harare,8.16648605042017
Zimbabwe,Harare,8.16183215686275
Zimbabwe,Harare,8.15039103641457
Zimbabwe,Harare,8.14384403361344
Zimbabwe,Harare,8.11609635854342
Zimbabwe,Harare,8.10401344537815
Zimbabwe,Kwekwe,8.09319260504202
Zimbabwe,Harare,8.03723473389356
Zimbabwe,Harare,8.01069176470588
Zimbabwe,Harare,8.00379697478992
Zimbabwe,Harare,8.0
Zimbabwe,Kwekwe,7.99717647058823
Zimbabwe,Kwekwe,7.99623529411765
Zimbabwe,Kwekwe,7.99227697478992
Zimbabwe,Harare,7.97684168067227
Zimbabwe,Kwekwe,7.96671103641457
Zimbabwe,Kwekwe,7.95851114845938
Zimbabwe,Harare,7.9242756302521
Zimbabwe,Kwekwe,7.90076235294118
Zimbabwe,Harare,7.89544694677871
Zimbabwe,Kwekwe,7.86869243697479
Zimbabwe,Kwekwe,7.86790005602241
Zimbabwe,Harare,7.84163137254902
Zimbabwe,Harare,7.81087731092437
Zimbabwe,Harare,7.80266666666667
Zimbabwe,Kwekwe,7.7766668907563
Zimbabwe,Kwekwe,7.74513837535014
Zimbabwe,Harare,7.73770397759104
Zimbabwe,Harare,7.73318991596639
Zimbabwe,Harare,7.70110745098039
Zimbabwe,Harare,7.67757983193277
Zimbabwe,Harare,7.66605983193277
Zimbabwe,Harare,7.64058890756303
Zimbabwe,Harare,7.62100168067227
Zimbabwe,Kwekwe,7.61904761904762
Zimbabwe,Harare,7.60591058823529
Zimbabwe,Kwekwe,7.5952062745098
Zimbabwe,Harare,7.56746756302521
Zimbabwe,Kwekwe,7.53502117647059
Zimbabwe,Harare,7.52624941176471
Zimbabwe,Harare,7.50359843137255
Zimbabwe,Harare,7.4824856022409
Zimbabwe,Harare,7.44207058823529
Zimbabwe,Harare,7.43712268907563
Zimbabwe,Harare,7.40274913165266
Zimbabwe,Harare,7.39218285714286
Zimbabwe,Harare,7.3511081232493
Zimbabwe,Kwekwe,7.35026196078431
Zimbabwe,Harare,7.34585546218487
Zimbabwe,Harare,7.33958453781513
Zimbabwe,Harare,7.3383081232493
Zimbabwe,Kwekwe,7.32867764705882
Zimbabwe,Harare,7.32491294117647
Zimbabwe,Harare,7.32
Zimbabwe,Kwekwe,7.31037400560224
Zimbabwe,Harare,7.29926274509804
Zimbabwe,Harare,7.28986890756302
Zimbabwe,Kwekwe,7.26207462184874
Zimbabwe,Kwekwe,7.22509803921569
Zimbabwe,Harare,7.17832605042017
Zimbabwe,Kwekwe,7.11619047619048
Zimbabwe,Harare,7.10588235294118
Zimbabwe,Kwekwe,7.10011697478992
Zimbabwe,Harare,7.08968694677871
Zimbabwe,Harare,7.08718431372549
Zimbabwe,Kwekwe,7.08128985994398
Zimbabwe,Harare,7.07186016806723
Zimbabwe,Kwekwe,7.0568981512605
Zimbabwe,Kwekwe,7.05467159663865
Zimbabwe,Harare,7.05424134453782
Zimbabwe,Kwekwe,7.01108347338936
Zimbabwe,Harare,6.9970931092437
Zimbabwe,Kwekwe,6.98291092436975
Zimbabwe,Harare,6.975318767507
Zimbabwe,Harare,6.96311036414566
Zimbabwe,Harare,6.93567282913165
Zimbabwe,Harare,6.92135081232493
Zimbabwe,Harare,6.9087318767507
Zimbabwe,Harare,6.84849478991597
Zimbabwe,Harare,6.84690285714286
Zimbabwe,Harare,6.82710408963585
Zimbabwe,Harare,6.79444974789916
Zimbabwe,Harare,6.69638991596639
Zimbabwe,Harare,6.68504201680672
Zimbabwe,Harare,6.57233210084034
Zimbabwe,Harare,6.54645781512605
Zimbabwe,Harare,6.53941960784314
Zimbabwe,Harare,6.52315966386555
Zimbabwe,Harare,6.45120358543417
Zimbabwe,Harare,6.39500549019608
Zimbabwe,Harare,6.39131428571428
Zimbabwe,Harare,6.37239932773109
Zimbabwe,Chisumbanje,6.32112044817927
Zimbabwe,Harare,6.29029790476191
Zimbabwe,Harare,6.28924773109244
Zimbabwe,Harare,6.28620549019608
Zimbabwe,Harare,6.27775103641457
Zimbabwe,Harare,6.26969098039216
Zimbabwe,Harare,6.24767593650794
Zimbabwe,Harare,6.24037647058824
Zimbabwe,Chisumbanje,6.22556862745098
Zimbabwe,Harare,6.20715025210084
Zimbabwe,Harare,6.18625075630252
Zimbabwe,Harare,6.1838843697479
Zimbabwe,Harare,6.15710476190476
Zimbabwe,Harare,6.14301042016807
Zimbabwe,Harare,6.12083450980392
Zimbabwe,Harare,6.11116638655462
Zimbabwe,Harare,6.07954285714286
Zimbabwe,Harare,6.02019495798319
Zimbabwe,Harare,5.98897658263305
Zimbabwe,Harare,5.97978352941176
Zimbabwe,Chisumbanje,5.87993277310924
Zimbabwe,Harare,5.87221512605042
Zimbabwe,Harare,5.86875697478992
Zimbabwe,Harare,5.81973333333333
Zimbabwe,Harare,5.80634173669468
Zimbabwe,Harare,5.80356302521008
Zimbabwe,Harare,5.7955818487395
Zimbabwe,Harare,5.76573765079365
Zimbabwe,Harare,5.71333915966387
Zimbabwe,Harare,5.70804705882353
Zimbabwe,Chisumbanje,5.68479014005602
Zimbabwe,Harare,5.67558095238095
Zimbabwe,Harare,5.65739921568627
Zimbabwe,Harare,5.6502462745098
Zimbabwe,Chisumbanje,5.64705882352941
Zimbabwe,Harare,5.63832470588235
Zimbabwe,Harare,5.62779966386555
Zimbabwe,Harare,5.62522352941176
Zimbabwe,Chisumbanje,5.61
Zimbabwe,Harare,5.59387966386555
Zimbabwe,Harare,5.59374521008403
Zimbabwe,Harare,5.58768403361345
Zimbabwe,Harare,5.58350700280112
Zimbabwe,Harare,5.56819361344538
Zimbabwe,Chisumbanje,5.56315966386555
Zimbabwe,Harare,5.51033904761905
Zimbabwe,Chisumbanje,5.39975887955182
Zimbabwe,Harare,5.37116324929972
Zimbabwe,Harare,5.30529523809524
Zimbabwe,Harare,5.30509803921569
Zimbabwe,Chisumbanje,5.30196078431373
Zimbabwe,Harare,5.19072914285714
Zimbabwe,Harare,5.18582140056022
Zimbabwe,Harare,5.16622521008403
Zimbabwe,Harare,5.16022857142857
Zimbabwe,Chisumbanje,5.14689075630252
Zimbabwe,Harare,5.11878095238095
Zimbabwe,Harare,5.10981736694678
Zimbabwe,Harare,5.10549333333333
Zimbabwe,Harare,5.09912380952381
Zimbabwe,Harare,5.03391695238095
Zimbabwe,Harare,5.0289156302521
Zimbabwe,Harare,5.02615843137255
Zimbabwe,Harare,4.98183529411765
Zimbabwe,Harare,4.97061467787115
Zimbabwe,Harare,4.96681447619048
Zimbabwe,Harare,4.96114184126984
Zimbabwe,Harare,4.95802084033613
Zimbabwe,Chisumbanje,4.93929411764706
Zimbabwe,Harare,4.93068369747899
Zimbabwe,Chisumbanje,4.92333893557423
Zimbabwe,Harare,4.90100215873016
Zimbabwe,Harare,4.89953882352941
Zimbabwe,Harare,4.89925079365079
Zimbabwe,Chisumbanje,4.89275518207283
Zimbabwe,Harare,4.88579943977591
Zimbabwe,Harare,4.87456268907563
Zimbabwe,Chisumbanje,4.86471708683473
Zimbabwe,Chisumbanje,4.85621960784314
Zimbabwe,Harare,4.8535018487395
Zimbabwe,Chisumbanje,4.85324369747899
Zimbabwe,Harare,4.83201792717087
Zimbabwe,Harare,4.8308705882353
Zimbabwe,Harare,4.83049411764706
Zimbabwe,Harare,4.80672268907563
Zimbabwe,Chisumbanje,4.79605602240896
Zimbabwe,Harare,4.77515294117647
Zimbabwe,Harare,4.76144582633053
Zimbabwe,Harare,4.76014789915966
Zimbabwe,Harare,4.73359058823529
Zimbabwe,Harare,4.7330312605042
Zimbabwe,Harare,4.72480268907563
Zimbabwe,Harare,4.72145066666667
Zimbabwe,Chisumbanje,4.70157983193277
Zimbabwe,Chisumbanje,4.69602240896359
Zimbabwe,Chisumbanje,4.68490756302521
Zimbabwe,Harare,4.6656
Zimbabwe,Harare,4.65955137254902
Zimbabwe,Harare,4.65190196825397
Zimbabwe,Harare,4.65078857142857
Zimbabwe,Chisumbanje,4.64672268907563
Zimbabwe,Chisumbanje,4.64134453781513
Zimbabwe,Harare,4.63
Zimbabwe,Harare,4.60461176470588
Zimbabwe,Harare,4.59378554621849
Zimbabwe,Chisumbanje,4.54382072829132
Zimbabwe,Harare,4.54023529411765
Zimbabwe,Chisumbanje,4.49703081232493
Zimbabwe,Chisumbanje,4.38265546218487
Zimbabwe,Chisumbanje,4.37709803921569
Zimbabwe,Chisumbanje,4.352
Zimbabwe,Chisumbanje,4.34698039215686
Zimbabwe,Chisumbanje,4.34196078431373
Zimbabwe,Chisumbanje,4.33952268907563
Zimbabwe,Chisumbanje,4.32690196078431
Zimbabwe,Chisumbanje,4.31228414565826
Zimbabwe,Chisumbanje,4.23359282913165
Zimbabwe,Chisumbanje,4.18304
Zimbabwe,Chisumbanje,4.18205042016807
Zimbabwe,Chisumbanje,4.1677893557423
Zimbabwe,Chisumbanje,4.15300840336134
Zimbabwe,Chisumbanje,4.11428571428571
Zimbabwe,Chisumbanje,4.09055014005602
Zimbabwe,Chisumbanje,4.09008403361345
Zimbabwe,Chisumbanje,4.0504649859944
Zimbabwe,Chisumbanje,4.04114285714286
Zimbabwe,Chisumbanje,4.03182072829132
Zimbabwe,Harare,3.96750521008403
Zimbabwe,Chisumbanje,3.96656582633053
Zimbabwe,Chisumbanje,3.95971764705882
Zimbabwe,Harare,3.95130980392157
Zimbabwe,Chisumbanje,3.94265456582633
Zimbabwe,Chisumbanje,3.93859943977591
Zimbabwe,Chisumbanje,3.92605042016807
Zimbabwe,Chisumbanje,3.91260504201681
Zimbabwe,Harare,3.904
Zimbabwe,Chisumbanje,3.89467787114846
Zimbabwe,Chisumbanje,3.89198879551821
Zimbabwe,Chisumbanje,3.87760941176471
Zimbabwe,Chisumbanje,3.83444974789916
Zimbabwe,Chisumbanje,3.79159663865546
Zimbabwe,Chisumbanje,3.76900840336134
Zimbabwe,Chisumbanje,3.74319327731092
Zimbabwe,Chisumbanje,3.73889075630252
Zimbabwe,Chisumbanje,3.72529478991597
Zimbabwe,Harare,3.71723294117647
Zimbabwe,Chisumbanje,3.6875025210084
Zimbabwe,Chisumbanje,3.64878162464986
Zimbabwe,Chisumbanje,3.63563025210084
Zimbabwe,Chisumbanje,3.62849882352941
Zimbabwe,Chisumbanje,3.62518588235294
Zimbabwe,Chisumbanje,3.6242931092437
Zimbabwe,Chisumbanje,3.61196638655462
Zimbabwe,Chisumbanje,3.59135014005602
Zimbabwe,Chisumbanje,3.5872268907563
Zimbabwe,Chisumbanje,3.54631350140056
Zimbabwe,Chisumbanje,3.48826890756302
Zimbabwe,Chisumbanje,3.48414565826331
Zimbabwe,Chisumbanje,3.48275092436975
Zimbabwe,Chisumbanje,3.47053893557423
Zimbabwe,Chisumbanje,3.46904380952381
Zimbabwe,Chisumbanje,3.4549243697479
Zimbabwe,Harare,3.45406386554622
Zimbabwe,Chisumbanje,3.45176918767507
Zimbabwe,Chisumbanje,3.43520448179272
Zimbabwe,Chisumbanje,3.43126050420168
Zimbabwe,Chisumbanje,3.39182072829132
Zimbabwe,Chisumbanje,3.37630117647059
Zimbabwe,Chisumbanje,3.36682666666667
Zimbabwe,Chisumbanje,3.36098599439776
Zimbabwe,Chisumbanje,3.33660504201681
Zimbabwe,Chisumbanje,3.33266106442577
Zimbabwe,Harare,3.30856694677871
Zimbabwe,Chisumbanje,3.29788235294118
Zimbabwe,Chisumbanje,3.29487058823529
Zimbabwe,Chisumbanje,3.28395294117647
Zimbabwe,Chisumbanje,3.26423663865546
Zimbabwe,Harare,3.24743529411765
Zimbabwe,Chisumbanje,3.23248044817927
Zimbabwe,Chisumbanje,3.21678879551821
Zimbabwe,Harare,3.2145837535014
Zimbabwe,Harare,3.18322196078431
Zimbabwe,Chisumbanje,3.17967058823529
Zimbabwe,Chisumbanje,3.1536618487395
Zimbabwe,Chisumbanje,3.14606431372549
Zimbabwe,Chisumbanje,3.14084033613445
Zimbabwe,Chisumbanje,3.13366946778712
Zimbabwe,Chisumbanje,3.13008403361345
Zimbabwe,Chisumbanje,3.12228212885154
Zimbabwe,Chisumbanje,3.09125557422969
Zimbabwe,Chisumbanje,3.09090240896359
Zimbabwe,Chisumbanje,3.06677960784314
Zimbabwe,Chisumbanje,3.05952268907563
Zimbabwe,Chisumbanje,3.0591731092437
Zimbabwe,Chisumbanje,3.03327731092437
Zimbabwe,Chisumbanje,3.02814296918767
Zimbabwe,Chisumbanje,3.02779697478992
Zimbabwe,Chisumbanje,2.99676324929972
Zimbabwe,Chisumbanje,2.98379831932773
Zimbabwe,Chisumbanje,2.97357983193277
Zimbabwe,Chisumbanje,2.97155764705882
Zimbabwe,Chisumbanje,2.97017366946779
Zimbabwe,Chisumbanje,2.96538352941176
Zimbabwe,Chisumbanje,2.94969366946779
Zimbabwe,Chisumbanje,2.91864739495798
Zimbabwe,Chisumbanje,2.90262408963585
Zimbabwe,Chisumbanje,2.88161344537815
Zimbabwe,Chisumbanje,2.86373647058824
Zimbabwe,Chisumbanje,2.85522823529412
Zimbabwe,Chisumbanje,2.83986464985994
Zimbabwe,Chisumbanje,2.82675630252101
Zimbabwe,Chisumbanje,2.82417478991597
Zimbabwe,Chisumbanje,2.81997983193277
Zimbabwe,Chisumbanje,2.8170756302521
Zimbabwe,Chisumbanje,2.8138487394958
Zimbabwe,Chisumbanje,2.80848492997199
Zimbabwe,Chisumbanje,2.77710521008403
Zimbabwe,Chisumbanje,2.76109983193277
Zimbabwe,Chisumbanje,2.75289635854342
Zimbabwe,Chisumbanje,2.73640336134454
Zimbabwe,Chisumbanje,2.73317647058824
Zimbabwe,Chisumbanje,2.7300356302521
Zimbabwe,Chisumbanje,2.72994957983193
Zimbabwe,Chisumbanje,2.72442084033613
Zimbabwe,Chisumbanje,2.70938352941176
Zimbabwe,Chisumbanje,2.70907338935574
Zimbabwe,Chisumbanje,2.69834756302521
Zimbabwe,Chisumbanje,2.68971383753501
Zimbabwe,Chisumbanje,2.66971428571429
Zimbabwe,Chisumbanje,2.66758095238095
Zimbabwe,Chisumbanje,2.66727619047619
Zimbabwe,Chisumbanje,2.66666666666667
Zimbabwe,Chisumbanje,2.62656
Zimbabwe,Chisumbanje,2.61270588235294
Zimbabwe,Chisumbanje,2.61059047619048
Zimbabwe,Chisumbanje,2.60451675070028
Zimbabwe,Chisumbanje,2.5888268907563
Zimbabwe,Chisumbanje,2.58084033613445
Zimbabwe,Chisumbanje,2.57828571428571
Zimbabwe,Chisumbanje,2.5752380952381
Zimbabwe,Chisumbanje,2.54175731092437
Zimbabwe,Chisumbanje,2.50980392156863
Zimbabwe,Chisumbanje,2.46330801120448
Zimbabwe,Chisumbanje,2.44733848739496
Zimbabwe,Chisumbanje,2.43192829131653
Zimbabwe,Chisumbanje,2.41596235294118
Zimbabwe,Chisumbanje,2.38485871148459
Zimbabwe,Chisumbanje,2.35347899159664
Zimbabwe,Chisumbanje,2.35294117647059
Zimbabwe,Chisumbanje,2.32236459383754
Zimbabwe,Chisumbanje,2.29071955182073
Zimbabwe,Chisumbanje,2.27502969187675
Zimbabwe,Chisumbanje,2.27476974789916
Zimbabwe,Chisumbanje,2.2436499719888
Zimbabwe,Chisumbanje,2.19607843137255
Zimbabwe,Chisumbanje,2.16520067226891
Zimbabwe,Chisumbanje,2.08675137254902
Zimbabwe,Chisumbanje,2.08651294117647
Zimbabwe,Chisumbanje,2.07106151260504
Zimbabwe,Chisumbanje,2.03921568627451
Zimbabwe,Chisumbanje,1.94554263305322
Zimbabwe,Chisumbanje,1.94532033613445
Zimbabwe,Chisumbanje,1.92953725490196
Zimbabwe,Harare,16.4917602240896
Zimbabwe,Harare,15.0165835294118
Zimbabwe,Harare,13.7153613445378
Zimbabwe,Harare,13.4895865546218
Zimbabwe,Harare,13.408351372549
Zimbabwe,Harare,13.3470476190476
Zimbabwe,Harare,13.3122509803922
Zimbabwe,Harare,13.2252773109244
Zimbabwe,Harare,13.1337107002801
Zimbabwe,Harare,12.9805552941176
Zimbabwe,Harare,12.9314940056022
Zimbabwe,Harare,12.9313989915966
Zimbabwe,Harare,12.9021454341737
Zimbabwe,Harare,12.7876302521008
Zimbabwe,Harare,12.7032685714286
Zimbabwe,Harare,12.6031417366947
Zimbabwe,Harare,12.5615471148459
Zimbabwe,Harare,12.5422789915966
Zimbabwe,Harare,12.5107271708683
Zimbabwe,Harare,12.4681465546218
Zimbabwe,Harare,12.3368658823529
Zimbabwe,Harare,12.3278843697479
Zimbabwe,Harare,12.3052817927171
Zimbabwe,Harare,12.2909042016807
Zimbabwe,Harare,12.2488237535014
Zimbabwe,Harare,12.1393478991597
Zimbabwe,Harare,12.135081232493
Zimbabwe,Harare,12.1115787114846
Zimbabwe,Harare,12.0716208403361
Zimbabwe,Harare,12.015338487395
Zimbabwe,Harare,11.991825210084
Zimbabwe,Harare,11.9500835854342
Zimbabwe,Harare,11.9356504201681
Zimbabwe,Harare,11.9316544537815
Zimbabwe,Harare,11.9282447058824
Zimbabwe,Harare,11.8990556862745
Zimbabwe,Lionsden,11.8968649859944
Zimbabwe,Harare,11.8920963585434
Zimbabwe,Harare,11.8465075630252
Zimbabwe,Harare,11.840351372549
Zimbabwe,Harare,11.8312228571429
Zimbabwe,Harare,11.8041277310924
Zimbabwe,Harare,11.8013992156863
Zimbabwe,Harare,11.774967394958
Zimbabwe,Harare,11.7715540616247
Zimbabwe,Harare,11.7526229691877
Zimbabwe,Harare,11.7300723809524
Zimbabwe,Harare,11.70176
Zimbabwe,Harare,11.7006234173669
Zimbabwe,Harare,11.6711403921569
Zimbabwe,Harare,11.6123894677871
Zimbabwe,Harare,11.5871193277311
Zimbabwe,Harare,11.5846095238095
Zimbabwe,Harare,11.5355930532213
Zimbabwe,Harare,11.4729232492997
Zimbabwe,Harare,11.4211226890756
Zimbabwe,Harare,11.4064815686275
Zimbabwe,Harare,11.4037422969188
Zimbabwe,Harare,11.3609142857143
Zimbabwe,Harare,11.3573431932773
Zimbabwe,Harare,11.3345613445378
Zimbabwe,Harare,11.2976152380952
Zimbabwe,Harare,11.2906272268908
Zimbabwe,Harare,11.2703820728291
Zimbabwe,Harare,11.2519529411765
Zimbabwe,Harare,11.2384
Zimbabwe,Harare,11.2334198319328
Zimbabwe,Harare,11.2198274509804
Zimbabwe,Harare,11.1725714285714
Zimbabwe,Lionsden,11.1612952380952
Zimbabwe,Harare,11.1593949579832
Zimbabwe,Harare,11.1256345098039
Zimbabwe,Harare,11.1207619047619
Zimbabwe,Harare,11.069687394958
Zimbabwe,Harare,11.03744
Zimbabwe,Harare,10.9988571428571
Zimbabwe,Harare,10.9500396638655
Zimbabwe,Harare,10.9248
Zimbabwe,Harare,10.9233263865546
Zimbabwe,Harare,10.9202841456583
Zimbabwe,Harare,10.9057434173669
Zimbabwe,Harare,10.8953026330532
Zimbabwe,Harare,10.8870776470588
Zimbabwe,Harare,10.85353232493
Zimbabwe,Harare,10.8244759663866
Zimbabwe,Harare,10.8202505322129
Zimbabwe,Harare,10.8168246498599
Zimbabwe,Harare,10.8084705882353
Zimbabwe,Harare,10.7986106442577
Zimbabwe,Harare,10.748511372549
Zimbabwe,Harare,10.7406628571429
Zimbabwe,Harare,10.7259697478992
Zimbabwe,Harare,10.7156867226891
Zimbabwe,Harare,10.7052620728291
Zimbabwe,Harare,10.6575865546219
Zimbabwe,Harare,10.6215834173669
Zimbabwe,Harare,10.6205490196078
Zimbabwe,Harare,10.5966503081232
Zimbabwe,Harare,10.5953918207283
Zimbabwe,Harare,10.5940526610644
Zimbabwe,Harare,10.5705483473389
Zimbabwe,Harare,10.5475137254902
Zimbabwe,Harare,10.5402084033613
Zimbabwe,Harare,10.5339482352941
Zimbabwe,Harare,10.5302534453782
Zimbabwe,Harare,10.5098039215686
Zimbabwe,Harare,10.5064551260504
Zimbabwe,Harare,10.4976062745098
Zimbabwe,Harare,10.479607394958
Zimbabwe,Harare,10.4706778711485
Zimbabwe,Harare,10.4680622969188
Zimbabwe,Harare,10.4661620168067
Zimbabwe,Harare,10.4659540616247
Zimbabwe,Harare,10.4635607843137
Zimbabwe,Harare,10.4465263865546
Zimbabwe,Harare,10.4436867226891
Zimbabwe,Harare,10.4349579831933
Zimbabwe,Harare,10.4173068907563
Zimbabwe,Harare,10.4096699159664
Zimbabwe,Harare,10.3742601680672
Zimbabwe,Harare,10.3690971428571
Zimbabwe,Harare,10.3387769187675
Zimbabwe,Harare,10.3332212885154
Zimbabwe,Harare,10.3096201680672
Zimbabwe,Lionsden,10.3007731092437
Zimbabwe,Harare,10.2602541176471
Zimbabwe,Harare,10.252552605042
Zimbabwe,Harare,10.2443796078431
Zimbabwe,Harare,10.2373019607843
Zimbabwe,Harare,10.2317714285714
Zimbabwe,Lionsden,10.2309288515406
Zimbabwe,Harare,10.2023170868347
Zimbabwe,Harare,10.1817366946779
Zimbabwe,Harare,10.1752470588235
Zimbabwe,Harare,10.1651092436975
Zimbabwe,Harare,10.1581050980392
Zimbabwe,Harare,10.154218487395
Zimbabwe,Harare,10.1504
Zimbabwe,Harare,10.1351475630252
Zimbabwe,Harare,10.1066218487395
Zimbabwe,Harare,10.0911327731092
Zimbabwe,Harare,10.0904336134454
Zimbabwe,Harare,10.0822337254902
Zimbabwe,Harare,10.0484517647059
Zimbabwe,Lionsden,9.99070476190476
Zimbabwe,Harare,9.98498420168067
Zimbabwe,Harare,9.94906890756302
Zimbabwe,Harare,9.94642464985994
Zimbabwe,Harare,9.94258823529412
Zimbabwe,Harare,9.89992156862745
Zimbabwe,Harare,9.89270050420168
Zimbabwe,Harare,9.88358095238095
Zimbabwe,Harare,9.87995966386555
Zimbabwe,Harare,9.87878543417367
Zimbabwe,Harare,9.8644974789916
Zimbabwe,Harare,9.85678521008403
Zimbabwe,Harare,9.83597535014006
Zimbabwe,Harare,9.79382857142857
Zimbabwe,Harare,9.78954039215686
Zimbabwe,Harare,9.77638543417367
Zimbabwe,Harare,9.76349042016807
Zimbabwe,Lionsden,9.75585882352941
Zimbabwe,Harare,9.73829019607843
Zimbabwe,Harare,9.73373669467787
Zimbabwe,Harare,9.71165042016807
Zimbabwe,Harare,9.69115966386555
Zimbabwe,Harare,9.69102879551821
Zimbabwe,Harare,9.67651316526611
Zimbabwe,Harare,9.66862521008403
Zimbabwe,Harare,9.66491428571429
Zimbabwe,Harare,9.65938554621849
Zimbabwe,Harare,9.63614117647059
Zimbabwe,Harare,9.63403294117647
Zimbabwe,Harare,9.61765467787115
Zimbabwe,Harare,9.61694117647059
Zimbabwe,Harare,9.57938196078431
Zimbabwe,Harare,9.49207843137255
Zimbabwe,Lionsden,9.48573221288515
Zimbabwe,Harare,9.47556033613445
Zimbabwe,Harare,9.43493557422969
Zimbabwe,Harare,9.43488179271709
Zimbabwe,Lionsden,9.40719327731092
Zimbabwe,Harare,9.36873949579832
Zimbabwe,Harare,9.36716369747899
Zimbabwe,Harare,9.36395294117647
Zimbabwe,Harare,9.34759977591036
Zimbabwe,Harare,9.31359193277311
Zimbabwe,Harare,9.31340190476191
Zimbabwe,Harare,9.30196078431372
Zimbabwe,Harare,9.29201120448179
Zimbabwe,Harare,9.28606296918768
Zimbabwe,Harare,9.28591596638656
Zimbabwe,Harare,9.26663529411765
Zimbabwe,Harare,9.23960470588235
Zimbabwe,Harare,9.22890756302521
Zimbabwe,Harare,9.22666666666667
Zimbabwe,Harare,9.14753971988795
Zimbabwe,Harare,9.116118767507
Zimbabwe,Lionsden,9.08972100840336
Zimbabwe,Harare,9.0750780952381
Zimbabwe,Harare,9.06159327731092
Zimbabwe,Harare,9.0544062745098
Zimbabwe,Harare,9.04914823529412
Zimbabwe,Harare,9.0399462184874
Zimbabwe,Harare,9.03550924369748
Zimbabwe,Harare,9.02303193277311
Zimbabwe,Harare,9.00705882352941
Zimbabwe,Harare,9.00551887955182
Zimbabwe,Harare,8.99363137254902
Zimbabwe,Harare,8.98711484593838
Zimbabwe,Harare,8.97051428571429
Zimbabwe,Harare,8.93301960784314
Zimbabwe,Harare,8.88229647058824
Zimbabwe,Harare,8.87932773109244
Zimbabwe,Lionsden,8.87739159663865
Zimbabwe,Harare,8.87371831932773
Zimbabwe,Harare,8.85963652661064
Zimbabwe,Harare,8.851117535014
Zimbabwe,Harare,8.85074464985994
Zimbabwe,Harare,8.83137254901961
Zimbabwe,Harare,8.82425546218487
Zimbabwe,Harare,8.82148033613445
Zimbabwe,Lionsden,8.80130868347339
Zimbabwe,Harare,8.7892705882353
Zimbabwe,Harare,8.7692262184874
Zimbabwe,Harare,8.76705882352941
Zimbabwe,Harare,8.76627899159664
Zimbabwe,Harare,8.75412078431373
Zimbabwe,Lionsden,8.72986890756303
Zimbabwe,Harare,8.72709915966387
Zimbabwe,Harare,8.72492997198879
Zimbabwe,Lionsden,8.69647058823529
Zimbabwe,Harare,8.67727058823529
Zimbabwe,Harare,8.66785882352941
Zimbabwe,Harare,8.66097478991597
Zimbabwe,Harare,8.61429960784314
Zimbabwe,Harare,8.55717826330532
Zimbabwe,Harare,8.55547338935574
Zimbabwe,Harare,8.55389579831933
Zimbabwe,Harare,8.49174229691877
Zimbabwe,Harare,8.46910386554622
Zimbabwe,Harare,8.38729859943978
Zimbabwe,Harare,8.34678319327731
Zimbabwe,Lionsden,8.33233389355742
Zimbabwe,Harare,8.10851316526611
Zimbabwe,Harare,8.02447058823529
Zimbabwe,Harare,7.99168179271709
Zimbabwe,Harare,7.97135238095238
Zimbabwe,Harare,7.96625210084034
Zimbabwe,Harare,7.87626666666667
Zimbabwe,Harare,7.81287619047619
Zimbabwe,Harare,7.74149019607843
Zimbabwe,Lionsden,7.72940728291317
Zimbabwe,Harare,7.67903193277311
Zimbabwe,Harare,7.61859943977591
Zimbabwe,Harare,7.60086946778712
Zimbabwe,Lionsden,7.53263865546219
Zimbabwe,Harare,7.50494117647059
Zimbabwe,Lionsden,7.43798319327731
Zimbabwe,Lionsden,7.38983081232493
Zimbabwe,Harare,7.31702857142857
Zimbabwe,Harare,7.3024537815126
Zimbabwe,Lionsden,7.26516526610644
Zimbabwe,Harare,7.25216806722689
Zimbabwe,Harare,7.21923585434174
Zimbabwe,Lionsden,7.20822857142857
Zimbabwe,Lionsden,7.20403361344538
Zimbabwe,Harare,7.19351932773109
Zimbabwe,Lionsden,7.16778487394958
Zimbabwe,Harare,7.16250532212885
Zimbabwe,Lionsden,7.13196638655462
Zimbabwe,Harare,7.12282352941176
Zimbabwe,Harare,7.10738823529412
Zimbabwe,Harare,7.04421288515406
Zimbabwe,Lionsden,6.97949579831933
Zimbabwe,Harare,6.97297927170868
Zimbabwe,Lionsden,6.97123137254902
Zimbabwe,Lionsden,6.95459495798319
Zimbabwe,Chisumbanje,6.95137523809524
Zimbabwe,Lionsden,6.93781512605042
Zimbabwe,Lionsden,6.90812773109244
Zimbabwe,Lionsden,6.90698039215686
Zimbabwe,Lionsden,6.88
Zimbabwe,Lionsden,6.87901400560224
Zimbabwe,Lionsden,6.8700862745098
Zimbabwe,Lionsden,6.84617142857143
Zimbabwe,Lionsden,6.83708235294118
Zimbabwe,Lionsden,6.83649075630252
Zimbabwe,Mvurwi,6.69488403361344
Zimbabwe,Chisumbanje,6.45654767507003
Zimbabwe,Mvurwi,6.43047619047619
Zimbabwe,Chisumbanje,6.40146285714286
Zimbabwe,Chisumbanje,6.35053714285714
Zimbabwe,Chisumbanje,6.34119887955182
Zimbabwe,Chisumbanje,6.33727462184874
Zimbabwe,Chisumbanje,6.28761277310924
Zimbabwe,Chisumbanje,6.28516392156863
Zimbabwe,Chisumbanje,6.28023932773109
Zimbabwe,Lionsden,6.2784537815126
Zimbabwe,Lionsden,6.23234509803922
Zimbabwe,Lionsden,6.19959215686275
Zimbabwe,Chisumbanje,6.18406722689076
Zimbabwe,Lionsden,6.15077647058824
Zimbabwe,Lionsden,6.13829915966387
Zimbabwe,Mvurwi,6.12650308123249
Zimbabwe,Lionsden,6.10972324929972
Zimbabwe,Chisumbanje,6.10478431372549
Zimbabwe,Chisumbanje,6.09788235294118
Zimbabwe,Chisumbanje,6.09537792717087
Zimbabwe,Lionsden,6.09023641456583
Zimbabwe,Lionsden,6.079318767507
Zimbabwe,Chisumbanje,6.05242084033613
Zimbabwe,Chisumbanje,6.04641523809524
Zimbabwe,Lionsden,6.01983641456583
Zimbabwe,Chisumbanje,6.01612549019608
Zimbabwe,Chisumbanje,6.01304201680672
Zimbabwe,Chisumbanje,5.97725579831933
Zimbabwe,Chisumbanje,5.9721393837535
Zimbabwe,Chisumbanje,5.97159619047619
Zimbabwe,Chisumbanje,5.94367462184874
Zimbabwe,Chisumbanje,5.94102140056022
Zimbabwe,Mvurwi,5.91498039215686
Zimbabwe,Mvurwi,5.90729859943978
Zimbabwe,Chisumbanje,5.8999825210084
Zimbabwe,Chisumbanje,5.85863529411765
Zimbabwe,Chisumbanje,5.8441124929972
Zimbabwe,Chisumbanje,5.83841344537815
Zimbabwe,Chisumbanje,5.82789915966387
Zimbabwe,Mvurwi,5.82389243697479
Zimbabwe,Chisumbanje,5.81739204481793
Zimbabwe,Chisumbanje,5.79006745098039
Zimbabwe,Chisumbanje,5.7744062745098
Zimbabwe,Chisumbanje,5.76853333333333
Zimbabwe,Mvurwi,5.76570084033613
Zimbabwe,Chisumbanje,5.75825389355742
Zimbabwe,Chisumbanje,5.75593949579832
Zimbabwe,Chisumbanje,5.75558453781513
Zimbabwe,Chisumbanje,5.72256089635854
Zimbabwe,Mvurwi,5.69989019607843
Zimbabwe,Mvurwi,5.66374901960784
Zimbabwe,Chisumbanje,5.65888
Zimbabwe,Mvurwi,5.64280112044818
Zimbabwe,Chisumbanje,5.62938980392157
Zimbabwe,Chisumbanje,5.62463193277311
Zimbabwe,Chisumbanje,5.62123294117647
Zimbabwe,Chisumbanje,5.60951932773109
Zimbabwe,Chisumbanje,5.57180952380952
Zimbabwe,Chisumbanje,5.5681774789916
Zimbabwe,Chisumbanje,5.56188504201681
Zimbabwe,Chisumbanje,5.55878543417367
Zimbabwe,Chisumbanje,5.49019607843137
Zimbabwe,Lionsden,5.48327619047619
Zimbabwe,Mvurwi,5.47571092436975
Zimbabwe,Lionsden,5.46742857142857
Zimbabwe,Mvurwi,5.4545568627451
Zimbabwe,Chisumbanje,5.45102162464986
Zimbabwe,Chisumbanje,5.44003764705882
Zimbabwe,Mvurwi,5.42653669467787
Zimbabwe,Chisumbanje,5.41652974789916
Zimbabwe,Mvurwi,5.40825994397759
Zimbabwe,Chisumbanje,5.39637960784314
Zimbabwe,Chisumbanje,5.39321008403361
Zimbabwe,Mvurwi,5.37085490196078
Zimbabwe,Chisumbanje,5.3629418487395
Zimbabwe,Mvurwi,5.33225770308123
Zimbabwe,Mvurwi,5.32800896358543
Zimbabwe,Chisumbanje,5.32660705882353
Zimbabwe,Chisumbanje,5.31705725490196
Zimbabwe,Chisumbanje,5.31533445378151
Zimbabwe,Mvurwi,5.29559663865546
Zimbabwe,Chisumbanje,5.27845109243697
Zimbabwe,Chisumbanje,5.26954845938375
Zimbabwe,Mvurwi,5.25890868347339
Zimbabwe,Chisumbanje,5.24437512605042
Zimbabwe,Mvurwi,5.23998655462185
Zimbabwe,Chisumbanje,5.23013378151261
Zimbabwe,Chisumbanje,5.21622588235294
Zimbabwe,Lionsden,5.20995854341737
Zimbabwe,Mvurwi,5.20207058823529
Zimbabwe,Chisumbanje,5.20154711484594
Zimbabwe,Lionsden,5.19554509803922
Zimbabwe,Chisumbanje,5.17924033613445
Zimbabwe,Mvurwi,5.17636302521008
Zimbabwe,Lionsden,5.16976582633053
Zimbabwe,Chisumbanje,5.16736358543417
Zimbabwe,Mvurwi,5.16560672268908
Zimbabwe,Chisumbanje,5.16108907563025
Zimbabwe,Chisumbanje,5.16022857142857
Zimbabwe,Mvurwi,5.15873165266106
Zimbabwe,Chisumbanje,5.15571988795518
Zimbabwe,Chisumbanje,5.15134745098039
Zimbabwe,Chisumbanje,5.13383619047619
Zimbabwe,Chisumbanje,5.12399238095238
Zimbabwe,Mvurwi,5.11411988795518
Zimbabwe,Chisumbanje,5.11260504201681
Zimbabwe,Mvurwi,5.10029803921569
Zimbabwe,Mvurwi,5.09745658263305
Zimbabwe,Mvurwi,5.09543977591036
Zimbabwe,Chisumbanje,5.09396974789916
Zimbabwe,Chisumbanje,5.05996549019608
Zimbabwe,Lionsden,5.04524369747899
Zimbabwe,Chisumbanje,5.04467361344538
Zimbabwe,Lionsden,5.04074397759104
Zimbabwe,Chisumbanje,5.03913411764706
Zimbabwe,Chisumbanje,5.03181983193277
Zimbabwe,Chisumbanje,5.02821288515406
Zimbabwe,Chisumbanje,5.02336537815126
Zimbabwe,Chisumbanje,5.02080179271709
Zimbabwe,Chisumbanje,5.01630386554622
Zimbabwe,Chisumbanje,5.0087081232493
Zimbabwe,Mvurwi,5.00743529411765
Zimbabwe,Chisumbanje,4.99671843137255
Zimbabwe,Chisumbanje,4.97896694677871
Zimbabwe,Mvurwi,4.97572212885154
Zimbabwe,Mvurwi,4.96941176470588
Zimbabwe,Mvurwi,4.9535462184874
Zimbabwe,Chisumbanje,4.94234890756302
Zimbabwe,Mvurwi,4.91915294117647
Zimbabwe,Mvurwi,4.91032380952381
Zimbabwe,Lionsden,4.91032380952381
Zimbabwe,Chisumbanje,4.88472739495798
Zimbabwe,Chisumbanje,4.86521904761905
Zimbabwe,Mvurwi,4.8608268907563
Zimbabwe,Chisumbanje,4.8594106442577
Zimbabwe,Chisumbanje,4.85259831932773
Zimbabwe,Chisumbanje,4.85069803921569
Zimbabwe,Chisumbanje,4.82995630252101
Zimbabwe,Lionsden,4.82387899159664
Zimbabwe,Mvurwi,4.82097478991597
Zimbabwe,Mvurwi,4.81837535014006
Zimbabwe,Chisumbanje,4.81222633053221
Zimbabwe,Chisumbanje,4.81168134453782
Zimbabwe,Chisumbanje,4.80037647058824
Zimbabwe,Chisumbanje,4.7964737254902
Zimbabwe,Chisumbanje,4.79067428571429
Zimbabwe,Chisumbanje,4.79036952380952
Zimbabwe,Mvurwi,4.76743529411765
Zimbabwe,Mvurwi,4.76410084033613
Zimbabwe,Mvurwi,4.75658039215686
Zimbabwe,Chisumbanje,4.75482352941177
Zimbabwe,Chisumbanje,4.7479018487395
Zimbabwe,Chisumbanje,4.72259047619048
Zimbabwe,Chisumbanje,4.72048941176471
Zimbabwe,Lionsden,4.71735574229692
Zimbabwe,Chisumbanje,4.70887260504202
Zimbabwe,Mvurwi,4.70780952380952
Zimbabwe,Mvurwi,4.70559551820728
Zimbabwe,Mvurwi,4.70303193277311
Zimbabwe,Mvurwi,4.68641344537815
Zimbabwe,Chisumbanje,4.67610532212885
Zimbabwe,Chisumbanje,4.6740831372549
Zimbabwe,Mvurwi,4.66776918767507
Zimbabwe,Chisumbanje,4.65182117647059
Zimbabwe,Mvurwi,4.64011652661064
Zimbabwe,Chisumbanje,4.63116907563025
Zimbabwe,Chisumbanje,4.62640941176471
Zimbabwe,Mvurwi,4.62362352941177
Zimbabwe,Mvurwi,4.61956302521008
Zimbabwe,Chisumbanje,4.60238879551821
Zimbabwe,Chisumbanje,4.59651226890756
Zimbabwe,Chisumbanje,4.59165042016807
Zimbabwe,Mvurwi,4.58998319327731
Zimbabwe,Chisumbanje,4.57908705882353
Zimbabwe,Chisumbanje,4.56824470588235
Zimbabwe,Mvurwi,4.56508235294118
Zimbabwe,Chisumbanje,4.56411428571429
Zimbabwe,Chisumbanje,4.56153277310924
Zimbabwe,Mvurwi,4.54425098039216
Zimbabwe,Chisumbanje,4.53103865546218
Zimbabwe,Chisumbanje,4.51675428571429
Zimbabwe,Chisumbanje,4.51554957983193
Zimbabwe,Chisumbanje,4.51452773109244
Zimbabwe,Mvurwi,4.49722801120448
Zimbabwe,Chisumbanje,4.48792022408964
Zimbabwe,Mvurwi,4.46933333333333
Zimbabwe,Mvurwi,4.4611406162465
Zimbabwe,Chisumbanje,4.45569971988795
Zimbabwe,Chisumbanje,4.45291383753501
Zimbabwe,Mvurwi,4.4497568627451
Zimbabwe,Chisumbanje,4.44712156862745
Zimbabwe,Chisumbanje,4.43883921568627
Zimbabwe,Chisumbanje,4.43397736694678
Zimbabwe,Chisumbanje,4.42227450980392
Zimbabwe,Mvurwi,4.38624089635854
Zimbabwe,Chisumbanje,4.38432806722689
Zimbabwe,Mvurwi,4.38211764705882
Zimbabwe,Chisumbanje,4.37740638655462
Zimbabwe,Mvurwi,4.36906666666667
Zimbabwe,Chisumbanje,4.36751058823529
Zimbabwe,Mvurwi,4.34760784313726
Zimbabwe,Chisumbanje,4.32542117647059
Zimbabwe,Chisumbanje,4.32493176470588
Zimbabwe,Chisumbanje,4.32275182072829
Zimbabwe,Chisumbanje,4.32076549019608
Zimbabwe,Chisumbanje,4.30567619047619
Zimbabwe,Chisumbanje,4.30531764705882
Zimbabwe,Mvurwi,4.29380840336134
Zimbabwe,Chisumbanje,4.27692100840336
Zimbabwe,Chisumbanje,4.26011607843137
Zimbabwe,Chisumbanje,4.25222453781513
Zimbabwe,Chisumbanje,4.25098039215686
Zimbabwe,Chisumbanje,4.24133915966387
Zimbabwe,Mvurwi,4.23341176470588
Zimbabwe,Mvurwi,4.22565826330532
Zimbabwe,Chisumbanje,4.21355204481793
Zimbabwe,Mvurwi,4.21127170868347
Zimbabwe,Mvurwi,4.20571428571429
Zimbabwe,Chisumbanje,4.17963025210084
Zimbabwe,Chisumbanje,4.16509490196078
Zimbabwe,Chisumbanje,4.15984941176471
Zimbabwe,Mvurwi,4.15143081232493
Zimbabwe,Chisumbanje,4.14690957983193
Zimbabwe,Mvurwi,4.14310364145658
Zimbabwe,Chisumbanje,4.12265949579832
Zimbabwe,Chisumbanje,4.11912605042017
Zimbabwe,Chisumbanje,4.11245714285714
Zimbabwe,Chisumbanje,4.09154330532213
Zimbabwe,Mvurwi,4.07386890756302
Zimbabwe,Mvurwi,4.07196862745098
Zimbabwe,Chisumbanje,4.06278453781513
Zimbabwe,Mvurwi,4.02750924369748
Zimbabwe,Chisumbanje,4.01259921568627
Zimbabwe,Chisumbanje,4.00763338935574
Zimbabwe,Chisumbanje,4.0008300280112
Zimbabwe,Chisumbanje,3.99720156862745
Zimbabwe,Mvurwi,3.99466666666667
Zimbabwe,Chisumbanje,3.99158857142857
Zimbabwe,Mvurwi,3.97359327731092
Zimbabwe,Mvurwi,3.94245378151261
Zimbabwe,Mvurwi,3.92139831932773
Zimbabwe,Mvurwi,3.91815350140056
Zimbabwe,Chisumbanje,3.91687170868347
Zimbabwe,Chisumbanje,3.88530196078431
Zimbabwe,Chisumbanje,3.87931428571429
Zimbabwe,Mvurwi,3.87612324929972
Zimbabwe,Chisumbanje,3.8734431372549
Zimbabwe,Mvurwi,3.85544605042017
Zimbabwe,Mvurwi,3.85132100840336
Zimbabwe,Chisumbanje,3.8339818487395
Zimbabwe,Chisumbanje,3.83295462184874
Zimbabwe,Mvurwi,3.8233456582633
Zimbabwe,Chisumbanje,3.82273254901961
Zimbabwe,Chisumbanje,3.82205490196078
Zimbabwe,Mvurwi,3.80900392156863
Zimbabwe,Chisumbanje,3.80457949579832
Zimbabwe,Chisumbanje,3.80299831932773
Zimbabwe,Chisumbanje,3.80272941176471
Zimbabwe,Chisumbanje,3.80256806722689
Zimbabwe,Chisumbanje,3.80172190476191
Zimbabwe,Mvurwi,3.79159663865546
Zimbabwe,Chisumbanje,3.79143708683473
Zimbabwe,Chisumbanje,3.79134924369748
Zimbabwe,Chisumbanje,3.78929478991597
Zimbabwe,Mvurwi,3.7887731092437
Zimbabwe,Chisumbanje,3.77015574229692
Zimbabwe,Mvurwi,3.76470588235294
Zimbabwe,Chisumbanje,3.7478131092437
Zimbabwe,Chisumbanje,3.74696515406162
Zimbabwe,Mvurwi,3.73071596638655
Zimbabwe,Mvurwi,3.71108571428571
Zimbabwe,Chisumbanje,3.70497254901961
Zimbabwe,Chisumbanje,3.69282151260504
Zimbabwe,Mvurwi,3.68813893557423
Zimbabwe,Chisumbanje,3.68675137254902
Zimbabwe,Chisumbanje,3.68132302521008
Zimbabwe,Mvurwi,3.67793837535014
Zimbabwe,Mvurwi,3.6608
Zimbabwe,Chisumbanje,3.64783865546219
Zimbabwe,Mvurwi,3.6462431372549
Zimbabwe,Chisumbanje,3.64545434173669
Zimbabwe,Mvurwi,3.63023417366947
Zimbabwe,Chisumbanje,3.62684235294118
Zimbabwe,Chisumbanje,3.6264981512605
Zimbabwe,Mvurwi,3.62164705882353
Zimbabwe,Chisumbanje,3.61234823529412
Zimbabwe,Chisumbanje,3.60489411764706
Zimbabwe,Chisumbanje,3.6003675070028
Zimbabwe,Chisumbanje,3.59903731092437
Zimbabwe,Chisumbanje,3.59872896358543
Zimbabwe,Mvurwi,3.59717647058824
Zimbabwe,Mvurwi,3.59580504201681
Zimbabwe,Chisumbanje,3.5889568627451
Zimbabwe,Chisumbanje,3.57898039215686
Zimbabwe,Mvurwi,3.57396078431373
Zimbabwe,Mvurwi,3.56990924369748
Zimbabwe,Mvurwi,3.56894117647059
Zimbabwe,Mvurwi,3.56598319327731
Zimbabwe,Chisumbanje,3.55521613445378
Zimbabwe,Chisumbanje,3.54064492997199
Zimbabwe,Chisumbanje,3.53942588235294
Zimbabwe,Chisumbanje,3.5368174789916
Zimbabwe,Chisumbanje,3.53500862745098
Zimbabwe,Mvurwi,3.52484033613445
Zimbabwe,Chisumbanje,3.52442442577031
Zimbabwe,Chisumbanje,3.48251428571429
Zimbabwe,Mvurwi,3.47519103641457
Zimbabwe,Chisumbanje,3.45965714285714
Zimbabwe,Mvurwi,3.45039775910364
Zimbabwe,Chisumbanje,3.43971137254902
Zimbabwe,Mvurwi,3.43570644257703
Zimbabwe,Mvurwi,3.42623193277311
Zimbabwe,Chisumbanje,3.41031798319328
Zimbabwe,Mvurwi,3.40571428571429
Zimbabwe,Chisumbanje,3.40411159663866
Zimbabwe,Mvurwi,3.39390028011204
Zimbabwe,Chisumbanje,3.38793770308123
Zimbabwe,Mvurwi,3.37410868347339
Zimbabwe,Chisumbanje,3.3710574789916
Zimbabwe,Chisumbanje,3.36761904761905
Zimbabwe,Mvurwi,3.35763361344538
Zimbabwe,Mvurwi,3.35096470588235
Zimbabwe,Chisumbanje,3.34212661064426
Zimbabwe,Mvurwi,3.34160672268908
Zimbabwe,Mvurwi,3.33552941176471
Zimbabwe,Chisumbanje,3.32988235294118
Zimbabwe,Chisumbanje,3.32493445378151
Zimbabwe,Chisumbanje,3.31511932773109
Zimbabwe,Chisumbanje,3.30890756302521
Zimbabwe,Chisumbanje,3.27467742296919
Zimbabwe,Chisumbanje,3.19959843137255
Zimbabwe,Chisumbanje,3.17167507002801
Zimbabwe,Chisumbanje,3.16423529411765
Zimbabwe,Chisumbanje,3.15052100840336
Zimbabwe,Chisumbanje,3.12539428571429
Zimbabwe,Chisumbanje,3.11979025210084
Zimbabwe,Chisumbanje,3.11322173669468
Zimbabwe,Chisumbanje,3.10502901960784
Zimbabwe,Chisumbanje,3.01658352941176
Zimbabwe,Chisumbanje,2.9912918767507
Zimbabwe,Chisumbanje,2.9454019047619
Zimbabwe,Harare,2.49
Zimbabwe,Harare,1.96187787114846
Zimbabwe,Harare,1.85032605042017
Zimbabwe,Harare,1.7233568627451
Zimbabwe,Harare,1.67856582633053
Zimbabwe,Harare,1.5964593837535
Zimbabwe,Harare,1.59277535014006
Zimbabwe,Harare,1.5857568627451
Zimbabwe,Harare,1.5818756302521
Zimbabwe,Harare,1.5786487394958
Zimbabwe,Harare,1.52653445378151
Zimbabwe,Harare,1.45367843137255
Zimbabwe,Harare,1.45192156862745
Zimbabwe,Harare,1.44082464985994
Zimbabwe,Harare,1.41679327731092
Zimbabwe,Harare,1.3834756302521
Zimbabwe,Harare,1.36314621848739
Zimbabwe,Harare,1.35534789915966
Zimbabwe,Harare,1.32665546218487
Zimbabwe,Harare,1.28872156862745
Zimbabwe,Harare,1.25388907563025
Zimbabwe,Harare,1.20850644257703
Zimbabwe,Harare,1.17378151260504
Zimbabwe,Harare,1.15821176470588
Zimbabwe,Harare,1.12541400560224
Zimbabwe,Harare,1.10054901960784
Zimbabwe,Harare,1.08801792717087
Zimbabwe,Harare,1.06910476190476
Zimbabwe,Harare,1.05505882352941
Zimbabwe,Harare,1.04174789915966
Zimbabwe,Harare,1.02572100840336
Zimbabwe,Harare,0.960143417366947
Zimbabwe,Harare,0.954666666666667
Zimbabwe,Harare,0.952990476190476
Zimbabwe,Harare,0.928519887955182
Zimbabwe,Harare,0.927731092436975
Zimbabwe,Harare,0.907545098039216
Zimbabwe,Harare,0.905053221288515
Zimbabwe,Harare,0.903529411764706
Zimbabwe,Harare,0.891482352941177
Zimbabwe,Harare,0.890478431372549
Zimbabwe,Harare,0.868356302521008
Zimbabwe,Harare,0.850375350140056
Zimbabwe,Harare,0.843294117647059
Zimbabwe,Harare,0.83633837535014
Zimbabwe,Harare,0.835764705882353
Zimbabwe,Harare,0.830601680672269
Zimbabwe,Harare,0.829077871148459
Zimbabwe,Harare,0.823843137254902
Zimbabwe,Harare,0.803926050420168
Zimbabwe,Harare,0.795105882352941
Zimbabwe,Harare,0.785344537815126
Zimbabwe,Harare,0.779912605042017
Zimbabwe,Harare,0.776174789915966
Zimbabwe,Harare,0.749355742296919
Zimbabwe,Harare,0.738581512605042
Zimbabwe,Harare,0.715589915966387
Zimbabwe,Harare,0.714792156862745
Zimbabwe,Harare,0.713725490196078
Zimbabwe,Harare,0.705971988795518
Zimbabwe,Harare,0.696389915966386
Zimbabwe,Harare,0.687031932773109
Zimbabwe,Harare,0.683670588235294
Zimbabwe,Harare,0.679905882352941
Zimbabwe,Harare,0.676571428571429
Zimbabwe,Harare,0.668611764705882
Zimbabwe,Harare,0.615152941176471
Zimbabwe,Harare,0.592833613445378
Zimbabwe,Harare,0.578500840336134
Zimbabwe,Harare,0.548571428571428
Zimbabwe,Harare,0.529093557422969
Zimbabwe,Harare,0.522039215686275
Zimbabwe,Harare,0.521196638655462
Zimbabwe,Harare,0.514007843137255
Zimbabwe,Harare,0.507105882352941
Zimbabwe,Harare,0.504847058823529
Zimbabwe,Harare,0.501835294117647
Zimbabwe,Harare,0.489366946778711
Zimbabwe,Harare,0.475966386554622
Zimbabwe,Harare,0.461158543417367
Zimbabwe,Harare,0.427401680672269
Zimbabwe,Harare,0.426612885154062
Zimbabwe,Harare,0.42186218487395
Zimbabwe,Harare,0.402464985994398
Zimbabwe,Harare,0.387657142857143
Zimbabwe,Harare,0.371504761904762
Zimbabwe,Harare,0.36903081232493
Zimbabwe,Harare,0.357898039215686
Zimbabwe,Harare,0.356535574229692
Zimbabwe,Harare,0.349436414565826
Zimbabwe,Harare,0.332593837535014
Zimbabwe,Harare,0.237848739495798
Zimbabwe,Harare,0.23316974789916
Zimbabwe,Harare,0.228141176470588
Zimbabwe,Harare,0.227388235294118
Zimbabwe,Harare,0.22236862745098
Zimbabwe,Harare,0.203921568627451
Zimbabwe,Harare,0.19146218487395
Zimbabwe,Harare,0.160448179271709
Zimbabwe,Harare,0.14101512605042
Zimbabwe,Harare,0.103126050420168
Zimbabwe,Harare,14.9512246498599
Zimbabwe,Harare,14.324974789916
Zimbabwe,Harare,14.2843697478992
Zimbabwe,Harare,13.8456918767507
Zimbabwe,Harare,13.7807238095238
Zimbabwe,Harare,13.6115988795518
Zimbabwe,Harare,13.4232452661064
Zimbabwe,Harare,13.4171428571429
Zimbabwe,Harare,13.3402352941176
Zimbabwe,Harare,13.3199775910364
Zimbabwe,Harare,13.2775708683473
Zimbabwe,Harare,13.1457434173669
Zimbabwe,Harare,13.1452773109244
Zimbabwe,Harare,13.0930554621849
Zimbabwe,Harare,13.0779428571429
Zimbabwe,Harare,13.0243764705882
Zimbabwe,Harare,12.9613158543417
Zimbabwe,Harare,12.906487394958
Zimbabwe,Harare,12.8599663865546
Zimbabwe,Harare,12.8063462184874
Zimbabwe,Harare,12.7955899159664
Zimbabwe,Harare,12.6422408963585
Zimbabwe,Harare,12.6104291316527
Zimbabwe,Harare,12.5511260504202
Zimbabwe,Harare,12.5367215686275
Zimbabwe,Harare,12.5287798319328
Zimbabwe,Harare,12.4953277310924
Zimbabwe,Harare,12.4200156862745
Zimbabwe,Harare,12.3843406162465
Zimbabwe,Harare,12.3425792717087
Zimbabwe,Harare,12.3362868347339
Zimbabwe,Harare,12.2831596638655
Zimbabwe,Harare,12.2377411764706
Zimbabwe,Harare,12.1557333333333
Zimbabwe,Harare,12.0997431932773
Zimbabwe,Harare,12.0983843137255
Zimbabwe,Harare,12.0805539495798
Zimbabwe,Harare,12.0767014005602
Zimbabwe,Harare,12.0562464985994
Zimbabwe,Harare,12.0499988795518
Zimbabwe,Harare,12.0459383753501
Zimbabwe,Harare,11.9574946778711
Zimbabwe,Harare,11.9524571428571
Zimbabwe,Harare,11.9337160784314
Zimbabwe,Harare,11.9328
Zimbabwe,Harare,11.9293490196078
Zimbabwe,Harare,11.8512044817927
Zimbabwe,Harare,11.8334386554622
Zimbabwe,Harare,11.812974789916
Zimbabwe,Harare,11.804862745098
Zimbabwe,Harare,11.8013131652661
Zimbabwe,Harare,11.7985344537815
Zimbabwe,Harare,11.7691428571429
Zimbabwe,Harare,11.7608694677871
Zimbabwe,Harare,11.7602509803922
Zimbabwe,Harare,11.7370980392157
Zimbabwe,Harare,11.6914285714286
Zimbabwe,Harare,11.6869915966387
Zimbabwe,Harare,11.678368627451
Zimbabwe,Harare,11.6690196078431
Zimbabwe,Harare,11.6577882352941
Zimbabwe,Harare,11.6519887955182
Zimbabwe,Harare,11.6459742296919
Zimbabwe,Harare,11.6415462184874
Zimbabwe,Harare,11.6403271708683
Zimbabwe,Harare,11.6288896358543
Zimbabwe,Harare,11.6230991596639
Zimbabwe,Harare,11.6146733893557
Zimbabwe,Harare,11.605306442577
Zimbabwe,Harare,11.5979294117647
Zimbabwe,Harare,11.5954285714286
Zimbabwe,Harare,11.5810151260504
Zimbabwe,Harare,11.5809523809524
Zimbabwe,Harare,11.5662072829132
Zimbabwe,Harare,11.559081232493
Zimbabwe,Harare,11.5453920448179
Zimbabwe,Harare,11.5376134453781
Zimbabwe,Harare,11.5230476190476
Zimbabwe,Harare,11.5130980392157
Zimbabwe,Harare,11.4999932773109
Zimbabwe,Harare,11.496795070028
Zimbabwe,Harare,11.4917647058824
Zimbabwe,Harare,11.4873725490196
Zimbabwe,Harare,11.4803719887955
Zimbabwe,Harare,11.4733893557423
Zimbabwe,Harare,11.4729411764706
Zimbabwe,Harare,11.4565288515406
Zimbabwe,Harare,11.4312605042017
Zimbabwe,Harare,11.3772100840336
Zimbabwe,Harare,11.3664
Zimbabwe,Harare,11.3603316526611
Zimbabwe,Harare,11.3597759103641
Zimbabwe,Harare,11.3347764705882
Zimbabwe,Harare,11.3223529411765
Zimbabwe,Harare,11.3068907563025
Zimbabwe,Harare,11.2931854341737
Zimbabwe,Harare,11.292511372549
Zimbabwe,Harare,11.2732504201681
Zimbabwe,Harare,11.2613647058824
Zimbabwe,Harare,11.2575014005602
Zimbabwe,Harare,11.2444504201681
Zimbabwe,Harare,11.2427742296919
Zimbabwe,Harare,11.2391529411765
Zimbabwe,Harare,11.2220773109244
Zimbabwe,Harare,11.1905882352941
Zimbabwe,Harare,11.1868952380952
Zimbabwe,Harare,11.1855148459384
Zimbabwe,Harare,11.1806117647059
Zimbabwe,Harare,11.1804414565826
Zimbabwe,Harare,11.1489792717087
Zimbabwe,Harare,11.1415932773109
Zimbabwe,Harare,11.1270722689076
Zimbabwe,Harare,11.0758722689076
Zimbabwe,Harare,11.0748683473389
Zimbabwe,Harare,11.0719103641457
Zimbabwe,Harare,11.0651428571429
Zimbabwe,Harare,11.0472605042017
Zimbabwe,Harare,11.0310364145658
Zimbabwe,Harare,11.0266621848739
Zimbabwe,Harare,11.0205042016807
Zimbabwe,Harare,11.0131558543417
Zimbabwe,Harare,11.002693557423
Zimbabwe,Harare,10.9824
Zimbabwe,Harare,10.9664089635854
Zimbabwe,Harare,10.9504
Zimbabwe,Harare,10.946043697479
Zimbabwe,Harare,10.9445378151261
Zimbabwe,Harare,10.9415798319328
Zimbabwe,Harare,10.922756302521
Zimbabwe,Harare,10.9043540616247
Zimbabwe,Harare,10.9026957983193
Zimbabwe,Harare,10.8855932773109
Zimbabwe,Harare,10.8841142857143
Zimbabwe,Harare,10.8825366946779
Zimbabwe,Harare,10.8770420168067
Zimbabwe,Harare,10.8678991596639
Zimbabwe,Harare,10.8658733893557
Zimbabwe,Harare,10.8620369747899
Zimbabwe,Harare,10.8461176470588
Zimbabwe,Harare,10.7949176470588
Zimbabwe,Harare,10.7879977591036
Zimbabwe,Harare,10.7821086834734
Zimbabwe,Harare,10.7660817927171
Zimbabwe,Harare,10.7628459383754
Zimbabwe,Harare,10.7621288515406
Zimbabwe,Harare,10.7548324929972
Zimbabwe,Harare,10.7412705882353
Zimbabwe,Harare,10.7297344537815
Zimbabwe,Harare,10.7254229691877
Zimbabwe,Harare,10.7184941176471
Zimbabwe,Harare,10.6929389355742
Zimbabwe,Harare,10.6511596638655
Zimbabwe,Harare,10.6378039215686
Zimbabwe,Harare,10.6016806722689
Zimbabwe,Harare,10.5669198879552
Zimbabwe,Harare,10.5496380952381
Zimbabwe,Harare,10.5434352941176
Zimbabwe,Harare,10.5186097478992
Zimbabwe,Harare,10.5134305882353
Zimbabwe,Harare,10.5117759103641
Zimbabwe,Harare,10.4977030812325
Zimbabwe,Harare,10.4938487394958
Zimbabwe,Harare,10.4860504201681
Zimbabwe,Harare,10.479937254902
Zimbabwe,Harare,10.4780298039216
Zimbabwe,Harare,10.4702745098039
Zimbabwe,Norton,10.4658823529412
Zimbabwe,Harare,10.419818487395
Zimbabwe,Harare,10.4154352941176
Zimbabwe,Harare,10.3783977591036
Zimbabwe,Harare,10.3770442577031
Zimbabwe,Harare,10.3416470588235
Zimbabwe,Harare,10.3384739495798
Zimbabwe,Harare,10.3338666666667
Zimbabwe,Harare,10.3163697478992
Zimbabwe,Harare,10.2999932773109
Zimbabwe,Harare,10.2985465546218
Zimbabwe,Harare,10.2659495798319
Zimbabwe,Harare,10.2341915966387
Zimbabwe,Harare,10.2287991036415
Zimbabwe,Harare,10.2204235294118
Zimbabwe,Harare,10.2117109243697
Zimbabwe,Harare,10.2091025210084
Zimbabwe,Harare,10.2040739495798
Zimbabwe,Harare,10.2038588235294
Zimbabwe,Harare,10.1997176470588
Zimbabwe,Harare,10.1988141176471
Zimbabwe,Harare,10.1946801120448
Zimbabwe,Harare,10.1858957983193
Zimbabwe,Harare,10.1796499719888
Zimbabwe,Harare,10.1761219047619
Zimbabwe,Harare,10.173418487395
Zimbabwe,Harare,10.1381647058824
Zimbabwe,Harare,10.1376537815126
Zimbabwe,Harare,10.1331182072829
Zimbabwe,Harare,10.1158722689076
Zimbabwe,Harare,10.1125019607843
Zimbabwe,Harare,10.1059047619048
Zimbabwe,Harare,10.0938845938375
Zimbabwe,Harare,10.0818823529412
Zimbabwe,Harare,10.0788705882353
Zimbabwe,Harare,10.0725333333333
Zimbabwe,Harare,10.0628974789916
Zimbabwe,Harare,10.0550364145658
Zimbabwe,Harare,9.99368067226891
Zimbabwe,Harare,9.96867226890756
Zimbabwe,Harare,9.93210084033614
Zimbabwe,Harare,9.91844033613446
Zimbabwe,Harare,9.91195070028011
Zimbabwe,Harare,9.90794218487395
Zimbabwe,Harare,9.88977478991597
Zimbabwe,Harare,9.88638655462185
Zimbabwe,Harare,9.85965714285714
Zimbabwe,Harare,9.84833792717087
Zimbabwe,Harare,9.83798319327731
Zimbabwe,Harare,9.77296134453782
Zimbabwe,Harare,9.76577254901961
Zimbabwe,Harare,9.75741848739496
Zimbabwe,Harare,9.74239551820728
Zimbabwe,Harare,9.73855551820728
Zimbabwe,Harare,9.7195025210084
Zimbabwe,Harare,9.71523943977591
Zimbabwe,Harare,9.70745546218487
Zimbabwe,Harare,9.66857142857143
Zimbabwe,Harare,9.65714285714286
Zimbabwe,Harare,9.65539137254902
Zimbabwe,Harare,9.65527843137255
Zimbabwe,Harare,9.64840336134454
Zimbabwe,Harare,9.64620549019608
Zimbabwe,Harare,9.6401568627451
Zimbabwe,Harare,9.63355966386555
Zimbabwe,Harare,9.62538487394958
Zimbabwe,Harare,9.61760448179272
Zimbabwe,Harare,9.60656134453782
Zimbabwe,Harare,9.60552156862745
Zimbabwe,Harare,9.59650420168067
Zimbabwe,Harare,9.58711036414566
Zimbabwe,Harare,9.56345546218487
Zimbabwe,Harare,9.56004392156863
Zimbabwe,Harare,9.55245714285714
Zimbabwe,Harare,9.54302745098039
Zimbabwe,Harare,9.53975036414566
Zimbabwe,Harare,9.53958543417367
Zimbabwe,Harare,9.51717647058823
Zimbabwe,Harare,9.51342969187675
Zimbabwe,Harare,9.49590229691877
Zimbabwe,Harare,9.47931428571429
Zimbabwe,Harare,9.47149266106443
Zimbabwe,Harare,9.4563675070028
Zimbabwe,Harare,9.43438879551821
Zimbabwe,Harare,9.43043764705882
Zimbabwe,Harare,9.42922577030812
Zimbabwe,Harare,9.42145613445378
Zimbabwe,Harare,9.41993949579832
Zimbabwe,Harare,9.38499047619048
Zimbabwe,Harare,9.38311708683473
Zimbabwe,Harare,9.37729971988796
Zimbabwe,Harare,9.3702543417367
Zimbabwe,Harare,9.36112941176471
Zimbabwe,Harare,9.35179831932773
Zimbabwe,Harare,9.34856067226891
Zimbabwe,Harare,9.34333669467787
Zimbabwe,Harare,9.31970868347339
Zimbabwe,Harare,9.30671148459384
Zimbabwe,Norton,9.30617366946779
Zimbabwe,Harare,9.29230700280112
Zimbabwe,Harare,9.28588011204482
Zimbabwe,Harare,9.28311036414566
Zimbabwe,Harare,9.28067226890756
Zimbabwe,Harare,9.24751596638655
Zimbabwe,Harare,9.22229243697479
Zimbabwe,Harare,9.22209882352941
Zimbabwe,Harare,9.22074352941176
Zimbabwe,Harare,9.20938845938375
Zimbabwe,Harare,9.18651338935574
Zimbabwe,Harare,9.18332952380952
Zimbabwe,Harare,9.1801456582633
Zimbabwe,Harare,9.1691025210084
Zimbabwe,Harare,9.15934117647059
Zimbabwe,Harare,9.14377142857143
Zimbabwe,Harare,9.13890420168067
Zimbabwe,Harare,9.13772100840336
Zimbabwe,Harare,9.13571316526611
Zimbabwe,Harare,9.13228011204482
Zimbabwe,Harare,9.13183193277311
Zimbabwe,Harare,9.12834509803922
Zimbabwe,Harare,9.11854789915966
Zimbabwe,Norton,9.11417366946779
Zimbabwe,Harare,9.10787226890756
Zimbabwe,Harare,9.1072537815126
Zimbabwe,Harare,9.10693109243697
Zimbabwe,Harare,9.10576761904762
Zimbabwe,Harare,9.10321120448179
Zimbabwe,Harare,9.09945366946779
Zimbabwe,Harare,9.09803921568628
Zimbabwe,Norton,9.08566946778712
Zimbabwe,Harare,9.05859943977591
Zimbabwe,Harare,9.05115607843137
Zimbabwe,Harare,9.04709019607843
Zimbabwe,Harare,9.03870028011204
Zimbabwe,Harare,9.03723025210084
Zimbabwe,Harare,9.0353568627451
Zimbabwe,Harare,9.03133579831933
Zimbabwe,Harare,9.02912717086835
Zimbabwe,Harare,9.02716235294118
Zimbabwe,Harare,9.02179495798319
Zimbabwe,Norton,9.01270588235294
Zimbabwe,Harare,9.00614453781513
Zimbabwe,Harare,9.00571428571429
Zimbabwe,Harare,9.00019450980392
Zimbabwe,Harare,8.99318319327731
Zimbabwe,Harare,8.9899025210084
Zimbabwe,Harare,8.98685490196079
Zimbabwe,Harare,8.98665411764706
Zimbabwe,Harare,8.98125445378151
Zimbabwe,Harare,8.97142857142857
Zimbabwe,Harare,8.97103058823529
Zimbabwe,Harare,8.96672268907563
Zimbabwe,Harare,8.95856582633053
Zimbabwe,Harare,8.93891764705882
Zimbabwe,Harare,8.91657142857143
Zimbabwe,Harare,8.89660235294117
Zimbabwe,Harare,8.88932212885154
Zimbabwe,Harare,8.88653983193277
Zimbabwe,Harare,8.88421288515406
Zimbabwe,Harare,8.88231081232493
Zimbabwe,Harare,8.85462408963585
Zimbabwe,Harare,8.84635070028011
Zimbabwe,Harare,8.83497591036414
Zimbabwe,Harare,8.832
Zimbabwe,Harare,8.80754733893557
Zimbabwe,Harare,8.79779495798319
Zimbabwe,Harare,8.79650420168067
Zimbabwe,Harare,8.79381512605042
Zimbabwe,Harare,8.79145411764706
Zimbabwe,Harare,8.77797826330532
Zimbabwe,Harare,8.77696358543417
Zimbabwe,Norton,8.76835854341737
Zimbabwe,Harare,8.7674550140056
Zimbabwe,Harare,8.74509803921569
Zimbabwe,Norton,8.74128851540616
Zimbabwe,Harare,8.7303619047619
Zimbabwe,Harare,8.7246162464986
Zimbabwe,Harare,8.72338823529412
Zimbabwe,Harare,8.71726610644258
Zimbabwe,Harare,8.7061512605042
Zimbabwe,Norton,8.69055462184874
Zimbabwe,Harare,8.68592941176471
Zimbabwe,Norton,8.68212885154062
Zimbabwe,Norton,8.67603361344538
Zimbabwe,Harare,8.67463529411765
Zimbabwe,Harare,8.6730756302521
Zimbabwe,Norton,8.66527731092437
Zimbabwe,Harare,8.66240179271709
Zimbabwe,Harare,8.6538756302521
Zimbabwe,Harare,8.63990319327731
Zimbabwe,Harare,8.62469019607843
Zimbabwe,Harare,8.61342117647059
Zimbabwe,Harare,8.61192605042017
Zimbabwe,Harare,8.60816134453781
Zimbabwe,Harare,8.56347607843137
Zimbabwe,Harare,8.54633411764706
Zimbabwe,Harare,8.54162464985994
Zimbabwe,Harare,8.53279551820728
Zimbabwe,Harare,8.52920112044818
Zimbabwe,Harare,8.5255350140056
Zimbabwe,Harare,8.52392156862745
Zimbabwe,Harare,8.51990588235294
Zimbabwe,Norton,8.51899159663866
Zimbabwe,Norton,8.51684033613445
Zimbabwe,Harare,8.5052324929972
Zimbabwe,Harare,8.50274957983193
Zimbabwe,Harare,8.49285378151261
Zimbabwe,Harare,8.49059495798319
Zimbabwe,Norton,8.46709243697479
Zimbabwe,Harare,8.46192941176471
Zimbabwe,Harare,8.46162464985994
Zimbabwe,Harare,8.42898285714286
Zimbabwe,Harare,8.42227450980392
Zimbabwe,Harare,8.4203025210084
Zimbabwe,Harare,8.41932907563025
Zimbabwe,Harare,8.4164087394958
Zimbabwe,Harare,8.40621176470588
Zimbabwe,Harare,8.40564705882353
Zimbabwe,Harare,8.39081232492997
Zimbabwe,Harare,8.38588235294118
Zimbabwe,Harare,8.38540907563025
Zimbabwe,Harare,8.3846668907563
Zimbabwe,Harare,8.3834693557423
Zimbabwe,Harare,8.35432156862745
Zimbabwe,Harare,8.35262745098039
Zimbabwe,Harare,8.34130823529412
Zimbabwe,Norton,8.31453221288515
Zimbabwe,Harare,8.31300840336135
Zimbabwe,Norton,8.31193277310924
Zimbabwe,Harare,8.30359663865546
Zimbabwe,Norton,8.30243137254902
Zimbabwe,Norton,8.29499159663866
Zimbabwe,Harare,8.28535574229692
Zimbabwe,Norton,8.25788235294118
Zimbabwe,Norton,8.25591036414566
Zimbabwe,Harare,8.20921008403361
Zimbabwe,Harare,8.2080268907563
Zimbabwe,Harare,8.1955137254902
Zimbabwe,Harare,8.18226554621849
Zimbabwe,Mvurwi,8.18070588235294
Zimbabwe,Harare,8.17192156862745
Zimbabwe,Harare,8.16
Zimbabwe,Harare,8.15912156862745
Zimbabwe,Harare,8.15740952380952
Zimbabwe,Harare,8.13936582633053
Zimbabwe,Harare,8.13197983193277
Zimbabwe,Harare,8.13000784313726
Zimbabwe,Harare,8.12078431372549
Zimbabwe,Harare,8.10358319327731
Zimbabwe,Harare,8.07238095238095
Zimbabwe,Harare,8.07047170868347
Zimbabwe,Harare,8.06192044817927
Zimbabwe,Harare,8.04835316526611
Zimbabwe,Harare,8.03614117647059
Zimbabwe,Norton,8.02635294117647
Zimbabwe,Harare,8.01559663865546
Zimbabwe,Harare,8.01527394957983
Zimbabwe,Harare,7.99623529411765
Zimbabwe,Harare,7.99390476190476
Zimbabwe,Harare,7.9914487394958
Zimbabwe,Harare,7.98471708683473
Zimbabwe,Harare,7.9829781512605
Zimbabwe,Harare,7.97719663865546
Zimbabwe,Harare,7.96683473389356
Zimbabwe,Norton,7.96217366946779
Zimbabwe,Norton,7.96109803921569
Zimbabwe,Harare,7.96072156862745
Zimbabwe,Harare,7.96020168067227
Zimbabwe,Harare,7.90516526610644
Zimbabwe,Norton,7.89566386554622
Zimbabwe,Harare,7.89440896358543
Zimbabwe,Harare,7.87036862745098
Zimbabwe,Harare,7.83334901960784
Zimbabwe,Norton,7.83103641456583
Zimbabwe,Harare,7.82832941176471
Zimbabwe,Harare,7.79552268907563
Zimbabwe,Harare,7.78465882352941
Zimbabwe,Norton,7.78245378151261
Zimbabwe,Norton,7.72
Zimbabwe,Norton,7.69613445378151
Zimbabwe,Norton,7.67282913165266
Zimbabwe,Norton,7.65490196078431
Zimbabwe,Harare,7.63293042016807
Zimbabwe,Harare,7.61180504201681
Zimbabwe,Norton,7.57064425770308
Zimbabwe,Norton,7.55943977591036
Zimbabwe,Norton,7.52089635854342
Zimbabwe,Norton,7.50180392156863
Zimbabwe,Norton,7.48423529411765
Zimbabwe,Norton,7.46917647058823
Zimbabwe,Harare,7.45310476190476
Zimbabwe,Harare,7.44741288515406
Zimbabwe,Harare,7.42274509803922
Zimbabwe,Harare,7.39513725490196
Zimbabwe,Norton,7.38312605042017
Zimbabwe,Norton,7.37308683473389
Zimbabwe,Norton,7.3524705882353
Zimbabwe,Harare,7.33095798319328
Zimbabwe,Norton,7.32324929971989
Zimbabwe,Norton,7.30568067226891
Zimbabwe,Norton,7.29411764705882
Zimbabwe,Norton,7.27744537815126
Zimbabwe,Norton,7.2558431372549
Zimbabwe,Norton,7.23217927170868
Zimbabwe,Harare,7.22145882352941
Zimbabwe,Harare,7.19155630252101
Zimbabwe,Norton,7.18825770308123
Zimbabwe,Norton,7.17875630252101
Zimbabwe,Norton,7.17848739495798
Zimbabwe,Norton,7.10023529411765
Zimbabwe,Norton,7.01042016806723
Zimbabwe,Norton,7.00127731092437
Zimbabwe,Harare,6.99858823529412
Zimbabwe,Norton,6.98621848739496
Zimbabwe,Harare,6.9216
Zimbabwe,Harare,6.88489411764706
Zimbabwe,Norton,6.88439215686275
Zimbabwe,Norton,6.81519327731093
Zimbabwe,Norton,6.78364145658263
Zimbabwe,Harare,6.73337366946779
Zimbabwe,Norton,6.71264985994398
Zimbabwe,Norton,6.68862745098039
Zimbabwe,Harare,6.67
Zimbabwe,Norton,6.6603025210084
Zimbabwe,Norton,6.65196638655462
Zimbabwe,Harare,6.64527058823529
Zimbabwe,Harare,6.64130868347339
Zimbabwe,Mvurwi,6.57398319327731
Zimbabwe,Chisumbanje,6.53911484593838
Zimbabwe,Norton,6.51939495798319
Zimbabwe,Chisumbanje,6.50618621848739
Zimbabwe,Chisumbanje,6.40602352941176
Zimbabwe,Harare,6.3246700280112
Zimbabwe,Mvurwi,6.29837086834734
Zimbabwe,Harare,6.29353949579832
Zimbabwe,Chisumbanje,6.10359574229692
Zimbabwe,Mvurwi,5.89359327731092
Zimbabwe,Chisumbanje,5.88891428571428
Zimbabwe,Harare,5.87130980392157
Zimbabwe,Mvurwi,5.86666666666667
Zimbabwe,Chisumbanje,5.74036616246499
Zimbabwe,Chisumbanje,5.73829378151261
Zimbabwe,Chisumbanje,5.66290285714286
Zimbabwe,Chisumbanje,5.62530957983193
Zimbabwe,Chisumbanje,5.53816918767507
Zimbabwe,Mvurwi,5.4972324929972
Zimbabwe,Mvurwi,5.42745098039216
Zimbabwe,Mvurwi,5.40090084033613
Zimbabwe,Chisumbanje,5.33502565826331
Zimbabwe,Mvurwi,5.33281344537815
Zimbabwe,Mvurwi,5.31128291316527
Zimbabwe,Chisumbanje,5.3045243697479
Zimbabwe,Chisumbanje,5.29116862745098
Zimbabwe,Mvurwi,5.27727507002801
Zimbabwe,Chisumbanje,5.21436862745098
Zimbabwe,Chisumbanje,5.20230722689076
Zimbabwe,Mvurwi,5.17682913165266
Zimbabwe,Mvurwi,5.13223529411765
Zimbabwe,Mvurwi,5.10908235294118
Zimbabwe,Chisumbanje,5.07
Zimbabwe,Chisumbanje,5.06949557422969
Zimbabwe,Chisumbanje,5.04206521008403
Zimbabwe,Mvurwi,5.04147899159664
Zimbabwe,Chisumbanje,4.99045109243697
Zimbabwe,Chisumbanje,4.9838431372549
Zimbabwe,Mvurwi,4.9738487394958
Zimbabwe,Chisumbanje,4.97130487394958
Zimbabwe,Chisumbanje,4.96886677871148
Zimbabwe,Chisumbanje,4.96311932773109
Zimbabwe,Chisumbanje,4.95873075630252
Zimbabwe,Chisumbanje,4.91915831932773
Zimbabwe,Chisumbanje,4.91180817927171
Zimbabwe,Chisumbanje,4.86781490196078
Zimbabwe,Mvurwi,4.81853669467787
Zimbabwe,Chisumbanje,4.79247417366947
Zimbabwe,Chisumbanje,4.76230095238095
Zimbabwe,Mvurwi,4.75186554621849
Zimbabwe,Mvurwi,4.74964257703081
Zimbabwe,Mvurwi,4.70050420168067
Zimbabwe,Chisumbanje,4.67688336134454
Zimbabwe,Chisumbanje,4.63717109243697
Zimbabwe,Chisumbanje,4.62194016806723
Zimbabwe,Mvurwi,4.60676302521008
Zimbabwe,Mvurwi,4.6036974789916
Zimbabwe,Harare,4.58097478991597
Zimbabwe,Chisumbanje,4.54501826330532
Zimbabwe,Chisumbanje,4.52781176470588
Zimbabwe,Chisumbanje,4.50968022408964
Zimbabwe,Chisumbanje,4.50727081232493
Zimbabwe,Mvurwi,4.48408739495798
Zimbabwe,Mvurwi,4.47634285714286
Zimbabwe,Mvurwi,4.46843697478992
Zimbabwe,Chisumbanje,4.44981781512605
Zimbabwe,Chisumbanje,4.44915092436975
Zimbabwe,Chisumbanje,4.44161075630252
Zimbabwe,Chisumbanje,4.43546890756302
Zimbabwe,Mvurwi,4.42478431372549
Zimbabwe,Mvurwi,4.41949579831933
Zimbabwe,Chisumbanje,4.40320358543417
Zimbabwe,Chisumbanje,4.39608291316527
Zimbabwe,Mvurwi,4.39115294117647
Zimbabwe,Chisumbanje,4.37007058823529
Zimbabwe,Mvurwi,4.36834957983193
Zimbabwe,Chisumbanje,4.36619831932773
Zimbabwe,Chisumbanje,4.36488605042017
Zimbabwe,Chisumbanje,4.36267025210084
Zimbabwe,Chisumbanje,4.36114285714286
Zimbabwe,Mvurwi,4.36047058823529
Zimbabwe,Chisumbanje,4.34034016806723
Zimbabwe,Chisumbanje,4.33573647058824
Zimbabwe,Chisumbanje,4.32355675070028
Zimbabwe,Mvurwi,4.30915406162465
Zimbabwe,Chisumbanje,4.30802106442577
Zimbabwe,Mvurwi,4.30490532212885
Zimbabwe,Chisumbanje,4.30344605042017
Zimbabwe,Chisumbanje,4.29802487394958
Zimbabwe,Chisumbanje,4.29208739495798
Zimbabwe,Mvurwi,4.28236549019608
Zimbabwe,Chisumbanje,4.28053512605042
Zimbabwe,Chisumbanje,4.25142857142857
Zimbabwe,Chisumbanje,4.24681232492997
Zimbabwe,Chisumbanje,4.24533333333333
Zimbabwe,Chisumbanje,4.22570666666667
Zimbabwe,Chisumbanje,4.20968515406163
Zimbabwe,Chisumbanje,4.20288358543417
Zimbabwe,Chisumbanje,4.19845736694678
Zimbabwe,Chisumbanje,4.17534028011204
Zimbabwe,Chisumbanje,4.17404773109244
Zimbabwe,Mvurwi,4.16908907563025
Zimbabwe,Mvurwi,4.15381512605042
Zimbabwe,Mvurwi,4.14687731092437
Zimbabwe,Chisumbanje,4.1360618487395
Zimbabwe,Chisumbanje,4.12343215686275
Zimbabwe,Chisumbanje,4.11041344537815
Zimbabwe,Chisumbanje,4.10915137254902
Zimbabwe,Mvurwi,4.10578823529412
Zimbabwe,Mvurwi,4.10499047619048
Zimbabwe,Chisumbanje,4.10476638655462
Zimbabwe,Mvurwi,4.09439551820728
Zimbabwe,Chisumbanje,4.06705837535014
Zimbabwe,Chisumbanje,4.06588235294118
Zimbabwe,Mvurwi,4.05197983193277
Zimbabwe,Mvurwi,4.04881568627451
Zimbabwe,Mvurwi,4.04732773109244
Zimbabwe,Chisumbanje,4.04533781512605
Zimbabwe,Chisumbanje,4.04335865546218
Zimbabwe,Chisumbanje,4.04178823529412
Zimbabwe,Chisumbanje,4.0353774789916
Zimbabwe,Mvurwi,4.01941512605042
Zimbabwe,Mvurwi,4.00238431372549
Zimbabwe,Chisumbanje,3.99769456582633
Zimbabwe,Mvurwi,3.97916862745098
Zimbabwe,Chisumbanje,3.96671282913165
Zimbabwe,Chisumbanje,3.95894677871148
Zimbabwe,Chisumbanje,3.95431798319328
Zimbabwe,Chisumbanje,3.94942745098039
Zimbabwe,Chisumbanje,3.94906890756303
Zimbabwe,Chisumbanje,3.94073277310924
Zimbabwe,Chisumbanje,3.9161331092437
Zimbabwe,Mvurwi,3.91459495798319
Zimbabwe,Mvurwi,3.91228235294118
Zimbabwe,Chisumbanje,3.90274509803922
Zimbabwe,Mvurwi,3.88688851540616
Zimbabwe,Chisumbanje,3.87899159663866
Zimbabwe,Chisumbanje,3.87352380952381
Zimbabwe,Chisumbanje,3.87151058823529
Zimbabwe,Mvurwi,3.85755966386555
Zimbabwe,Chisumbanje,3.8456918767507
Zimbabwe,Chisumbanje,3.83548235294118
Zimbabwe,Mvurwi,3.82137366946779
Zimbabwe,Mvurwi,3.8187025210084
Zimbabwe,Chisumbanje,3.81516369747899
Zimbabwe,Chisumbanje,3.81370980392157
Zimbabwe,Mvurwi,3.80127731092437
Zimbabwe,Chisumbanje,3.79933042016807
Zimbabwe,Mvurwi,3.79921568627451
Zimbabwe,Chisumbanje,3.78660571428571
Zimbabwe,Mvurwi,3.78603921568627
Zimbabwe,Chisumbanje,3.7817062184874
Zimbabwe,Mvurwi,3.78056246498599
Zimbabwe,Mvurwi,3.77255798319328
Zimbabwe,Mvurwi,3.76077983193277
Zimbabwe,Mvurwi,3.76040336134454
Zimbabwe,Mvurwi,3.75446946778712
Zimbabwe,Chisumbanje,3.74518319327731
Zimbabwe,Harare,3.72906666666667
Zimbabwe,Chisumbanje,3.72545434173669
Zimbabwe,Chisumbanje,3.72297142857143
Zimbabwe,Chisumbanje,3.71163428571429
Zimbabwe,Chisumbanje,3.70048
Zimbabwe,Mvurwi,3.69675294117647
Zimbabwe,Mvurwi,3.6924593837535
Zimbabwe,Chisumbanje,3.68918050420168
Zimbabwe,Chisumbanje,3.68897254901961
Zimbabwe,Chisumbanje,3.67615282913165
Zimbabwe,Mvurwi,3.67363585434174
Zimbabwe,Mvurwi,3.67164593837535
Zimbabwe,Chisumbanje,3.66754778711485
Zimbabwe,Chisumbanje,3.66531764705882
Zimbabwe,Chisumbanje,3.65653333333333
Zimbabwe,Chisumbanje,3.65120537815126
Zimbabwe,Harare,3.64122352941176
Zimbabwe,Chisumbanje,3.63706442577031
Zimbabwe,Harare,3.63505658263305
Zimbabwe,Mvurwi,3.63218823529412
Zimbabwe,Harare,3.62330532212885
Zimbabwe,Chisumbanje,3.62117378151261
Zimbabwe,Chisumbanje,3.61121344537815
Zimbabwe,Chisumbanje,3.60581378151261
Zimbabwe,Chisumbanje,3.60159731092437
Zimbabwe,Chisumbanje,3.59346554621849
Zimbabwe,Chisumbanje,3.59303529411765
Zimbabwe,Mvurwi,3.5904
Zimbabwe,Chisumbanje,3.59028347338936
Zimbabwe,Mvurwi,3.55563921568627
Zimbabwe,Mvurwi,3.5523137254902
Zimbabwe,Chisumbanje,3.54377142857143
Zimbabwe,Mvurwi,3.53925378151261
Zimbabwe,Mvurwi,3.536
Zimbabwe,Chisumbanje,3.53449232492997
Zimbabwe,Chisumbanje,3.53300078431372
Zimbabwe,Mvurwi,3.53192156862745
Zimbabwe,Mvurwi,3.52376470588235
Zimbabwe,Chisumbanje,3.52159910364146
Zimbabwe,Chisumbanje,3.52103081232493
Zimbabwe,Chisumbanje,3.51779854341737
Zimbabwe,Chisumbanje,3.51101490196078
Zimbabwe,Harare,3.51021176470588
Zimbabwe,Mvurwi,3.50949467787115
Zimbabwe,Harare,3.50458263305322
Zimbabwe,Harare,3.49042016806723
Zimbabwe,Chisumbanje,3.48809142857143
Zimbabwe,Harare,3.48204817927171
Zimbabwe,Mvurwi,3.47622184873949
Zimbabwe,Harare,3.47294117647059
Zimbabwe,Chisumbanje,3.46899719887955
Zimbabwe,Chisumbanje,3.45849546218487
Zimbabwe,Chisumbanje,3.45767798319328
Zimbabwe,Chisumbanje,3.45022745098039
Zimbabwe,Chisumbanje,3.44786823529412
Zimbabwe,Chisumbanje,3.44764952380952
Zimbabwe,Chisumbanje,3.44064
Zimbabwe,Chisumbanje,3.43932952380952
Zimbabwe,Chisumbanje,3.43742745098039
Zimbabwe,Chisumbanje,3.43499294117647
Zimbabwe,Chisumbanje,3.42775036414566
Zimbabwe,Chisumbanje,3.41785098039216
Zimbabwe,Chisumbanje,3.4104649859944
Zimbabwe,Chisumbanje,3.40530196078431
Zimbabwe,Chisumbanje,3.38610196078431
Zimbabwe,Chisumbanje,3.38447058823529
Zimbabwe,Harare,3.37669019607843
Zimbabwe,Chisumbanje,3.37604840336135
Zimbabwe,Mvurwi,3.37271036414566
Zimbabwe,Chisumbanje,3.36974521008403
Zimbabwe,Chisumbanje,3.3684150140056
Zimbabwe,Chisumbanje,3.34903753501401
Zimbabwe,Chisumbanje,3.34175014005602
Zimbabwe,Chisumbanje,3.3351619047619
Zimbabwe,Harare,3.33353949579832
Zimbabwe,Chisumbanje,3.33227383753501
Zimbabwe,Chisumbanje,3.33033411764706
Zimbabwe,Mvurwi,3.32244257703081
Zimbabwe,Mvurwi,3.3223350140056
Zimbabwe,Chisumbanje,3.31755921568627
Zimbabwe,Chisumbanje,3.31406521008403
Zimbabwe,Chisumbanje,3.31358655462185
Zimbabwe,Chisumbanje,3.30931630252101
Zimbabwe,Harare,3.30268683473389
Zimbabwe,Chisumbanje,3.29728
Zimbabwe,Mvurwi,3.29543529411765
Zimbabwe,Chisumbanje,3.29301333333333
Zimbabwe,Mvurwi,3.28771764705882
Zimbabwe,Chisumbanje,3.2871081232493
Zimbabwe,Mvurwi,3.28352268907563
Zimbabwe,Mvurwi,3.28
Zimbabwe,Chisumbanje,3.27664403361345
Zimbabwe,Mvurwi,3.2619025210084
Zimbabwe,Mvurwi,3.25622857142857
Zimbabwe,Harare,3.25595070028011
Zimbabwe,Harare,3.23592605042017
Zimbabwe,Harare,3.2334700280112
Zimbabwe,Chisumbanje,3.22328739495798
Zimbabwe,Chisumbanje,3.22203966386555
Zimbabwe,Mvurwi,3.22172773109244
Zimbabwe,Chisumbanje,3.22138352941176
Zimbabwe,Mvurwi,3.22070588235294
Zimbabwe,Mvurwi,3.21894005602241
Zimbabwe,Harare,3.21848291316527
Zimbabwe,Chisumbanje,3.21269243697479
Zimbabwe,Chisumbanje,3.20389019607843
Zimbabwe,Harare,3.20098599439776
Zimbabwe,Chisumbanje,3.19510588235294
Zimbabwe,Chisumbanje,3.18959327731092
Zimbabwe,Chisumbanje,3.18230588235294
Zimbabwe,Chisumbanje,3.1815081232493
Zimbabwe,Chisumbanje,3.16762352941176
Zimbabwe,Chisumbanje,3.16138666666667
Zimbabwe,Chisumbanje,3.15486655462185
Zimbabwe,Chisumbanje,3.15196952380952
Zimbabwe,Chisumbanje,3.14072022408964
Zimbabwe,Harare,3.13072941176471
Zimbabwe,Chisumbanje,3.12534050420168
Zimbabwe,Harare,3.12291316526611
Zimbabwe,Mvurwi,3.11868235294118
Zimbabwe,Chisumbanje,3.11717647058824
Zimbabwe,Chisumbanje,3.11359103641457
Zimbabwe,Harare,3.1121568627451
Zimbabwe,Chisumbanje,3.11143977591036
Zimbabwe,Chisumbanje,3.10785792717087
Zimbabwe,Mvurwi,3.10659943977591
Zimbabwe,Chisumbanje,3.10444459383753
Zimbabwe,Harare,3.09781512605042
Zimbabwe,Harare,3.09659607843137
Zimbabwe,Harare,3.09523361344538
Zimbabwe,Chisumbanje,3.09073389355742
Zimbabwe,Chisumbanje,3.0888443697479
Zimbabwe,Mvurwi,3.08649411764706
Zimbabwe,Harare,3.08458487394958
Zimbabwe,Chisumbanje,3.08455260504202
Zimbabwe,Chisumbanje,3.07663596638655
Zimbabwe,Chisumbanje,3.07465680672269
Zimbabwe,Mvurwi,3.07458151260504
Zimbabwe,Harare,3.07393613445378
Zimbabwe,Harare,3.07038655462185
Zimbabwe,Harare,3.06913165266106
Zimbabwe,Chisumbanje,3.06045490196078
Zimbabwe,Chisumbanje,3.06010352941176
Zimbabwe,Harare,3.0499137254902
Zimbabwe,Harare,3.04313725490196
Zimbabwe,Chisumbanje,3.04309243697479
Zimbabwe,Chisumbanje,3.02713904761905
Zimbabwe,Chisumbanje,3.01758745098039
Zimbabwe,Mvurwi,3.00835854341737
Zimbabwe,Harare,2.99631148459384
Zimbabwe,Chisumbanje,2.99214521008403
Zimbabwe,Chisumbanje,2.9814337254902
Zimbabwe,Mvurwi,2.97210980392157
Zimbabwe,Chisumbanje,2.9714249859944
Zimbabwe,Chisumbanje,2.96443697478992
Zimbabwe,Chisumbanje,2.96063641456583
Zimbabwe,Harare,2.96013445378151
Zimbabwe,Chisumbanje,2.95841344537815
Zimbabwe,Harare,2.95314285714286
Zimbabwe,Mvurwi,2.94980840336134
Zimbabwe,Harare,2.94674285714286
Zimbabwe,Chisumbanje,2.93722352941177
Zimbabwe,Harare,2.93421176470588
Zimbabwe,Chisumbanje,2.93351619047619
Zimbabwe,Harare,2.90986666666667
Zimbabwe,Chisumbanje,2.90497613445378
Zimbabwe,Harare,2.89946890756303
Zimbabwe,Harare,2.89430588235294
Zimbabwe,Mvurwi,2.89310476190476
Zimbabwe,Chisumbanje,2.8910162464986
Zimbabwe,Chisumbanje,2.88703641456583
Zimbabwe,Mvurwi,2.88536918767507
Zimbabwe,Chisumbanje,2.87443361344538
Zimbabwe,Chisumbanje,2.86437467787115
Zimbabwe,Chisumbanje,2.86009008403361
Zimbabwe,Chisumbanje,2.85615327731092
Zimbabwe,Mvurwi,2.85111932773109
Zimbabwe,Harare,2.84762352941176
Zimbabwe,Chisumbanje,2.84446117647059
Zimbabwe,Chisumbanje,2.83450442577031
Zimbabwe,Harare,2.83321008403361
Zimbabwe,Harare,2.80463417366947
Zimbabwe,Harare,2.80094117647059
Zimbabwe,Chisumbanje,2.8004625210084
Zimbabwe,Chisumbanje,2.7982162464986
Zimbabwe,Chisumbanje,2.79416470588235
Zimbabwe,Chisumbanje,2.78705120448179
Zimbabwe,Mvurwi,2.78217142857143
Zimbabwe,Chisumbanje,2.78130733893557
Zimbabwe,Chisumbanje,2.77428705882353
Zimbabwe,Harare,2.7730106442577
Zimbabwe,Harare,2.76955070028011
Zimbabwe,Harare,2.76393949579832
Zimbabwe,Chisumbanje,2.7637781512605
Zimbabwe,Mvurwi,2.75705546218487
Zimbabwe,Harare,2.75137254901961
Zimbabwe,Mvurwi,2.75132773109244
Zimbabwe,Chisumbanje,2.75072358543417
Zimbabwe,Harare,2.74748235294118
Zimbabwe,Chisumbanje,2.73839327731092
Zimbabwe,Chisumbanje,2.736
Zimbabwe,Harare,2.7292324929972
Zimbabwe,Chisumbanje,2.72067764705882
Zimbabwe,Chisumbanje,2.71631058823529
Zimbabwe,Mvurwi,2.70910028011204
Zimbabwe,Chisumbanje,2.6997781512605
Zimbabwe,Chisumbanje,2.69396078431373
Zimbabwe,Chisumbanje,2.69291204481793
Zimbabwe,Mvurwi,2.68821512605042
Zimbabwe,Mvurwi,2.68735462184874
Zimbabwe,Chisumbanje,2.67799663865546
Zimbabwe,Harare,2.66971428571429
Zimbabwe,Chisumbanje,2.66627406162465
Zimbabwe,Chisumbanje,2.65672067226891
Zimbabwe,Chisumbanje,2.65569523809524
Zimbabwe,Harare,2.65401008403361
Zimbabwe,Chisumbanje,2.64219428571429
Zimbabwe,Mvurwi,2.6314756302521
Zimbabwe,Harare,2.62977254901961
Zimbabwe,Harare,2.62625882352941
Zimbabwe,Chisumbanje,2.62415058823529
Zimbabwe,Harare,2.61362016806723
Zimbabwe,Chisumbanje,2.61152448179272
Zimbabwe,Chisumbanje,2.61092571428571
Zimbabwe,Chisumbanje,2.608
Zimbabwe,Harare,2.60517647058824
Zimbabwe,Harare,2.59796974789916
Zimbabwe,Chisumbanje,2.59707697478992
Zimbabwe,Harare,2.59614117647059
Zimbabwe,Chisumbanje,2.59608380952381
Zimbabwe,Chisumbanje,2.59529142857143
Zimbabwe,Chisumbanje,2.59291070028011
Zimbabwe,Harare,2.59011764705882
Zimbabwe,Mvurwi,2.58966946778711
Zimbabwe,Harare,2.58309019607843
Zimbabwe,Chisumbanje,2.57020952380952
Zimbabwe,Chisumbanje,2.56664201680672
Zimbabwe,Chisumbanje,2.54751193277311
Zimbabwe,Harare,2.54608851540616
Zimbabwe,Chisumbanje,2.53072134453781
Zimbabwe,Mvurwi,2.51988795518207
Zimbabwe,Chisumbanje,2.5023462184874
Zimbabwe,Chisumbanje,2.50005154061625
Zimbabwe,Chisumbanje,2.47163338935574
Zimbabwe,Chisumbanje,2.47021714285714
Zimbabwe,Mvurwi,2.46993389355742
Zimbabwe,Mvurwi,2.46764817927171
Zimbabwe,Mvurwi,2.4533512605042
Zimbabwe,Mvurwi,2.44087394957983
Zimbabwe,Mvurwi,2.44022857142857
Zimbabwe,Mvurwi,2.43952941176471
Zimbabwe,Mvurwi,2.43710924369748
Zimbabwe,Mvurwi,2.40968067226891
Zimbabwe,Mvurwi,2.4046431372549
Zimbabwe,Mvurwi,2.35280672268908
Zimbabwe,Mvurwi,2.31671932773109
Zimbabwe,Mvurwi,2.29718767507003
Zimbabwe,Mvurwi,2.20974789915966
Zimbabwe,Mvurwi,2.19186554621849
Zimbabwe,Mvurwi,2.17751484593838
Zimbabwe,Kwekwe,1.70113613445378
Zimbabwe,Kwekwe,1.5310700280112
Zimbabwe,Kwekwe,1.43601120448179
Zimbabwe,Kwekwe,1.41667675070028
Zimbabwe,Kwekwe,1.39989691876751
Zimbabwe,Kwekwe,1.31714509803922
Zimbabwe,Kwekwe,1.27067787114846
Zimbabwe,Kwekwe,1.17007058823529
Zimbabwe,Kwekwe,1.13368739495798
Zimbabwe,Kwekwe,1.11698823529412
Zimbabwe,Kwekwe,1.08739047619048
Zimbabwe,Kwekwe,1.07620392156863
Zimbabwe,Kwekwe,1.07532549019608
Zimbabwe,Kwekwe,1.06842352941176
Zimbabwe,Kwekwe,1.06620056022409
Zimbabwe,Kwekwe,1.06150364145658
Zimbabwe,Kwekwe,1.04357647058824
Zimbabwe,Kwekwe,1.04058263305322
Zimbabwe,Kwekwe,1.01082352941176
Zimbabwe,Kwekwe,1.00700504201681
Zimbabwe,Kwekwe,0.979388235294118
Zimbabwe,Kwekwe,0.9632
Zimbabwe,Kwekwe,0.960143417366947
Zimbabwe,Kwekwe,0.953008403361344
Zimbabwe,Kwekwe,0.951466666666666
Zimbabwe,Kwekwe,0.950157983193277
Zimbabwe,Kwekwe,0.933951820728291
Zimbabwe,Kwekwe,0.898447058823529
Zimbabwe,Kwekwe,0.897452100840336
Zimbabwe,Kwekwe,0.89133893557423
Zimbabwe,Kwekwe,0.870866106442577
Zimbabwe,Kwekwe,0.851325490196079
Zimbabwe,Kwekwe,0.820221848739496
Zimbabwe,Kwekwe,0.80672268907563
Zimbabwe,Kwekwe,0.804033613445378
Zimbabwe,Kwekwe,0.789709803921569
Zimbabwe,Kwekwe,0.786196078431373
Zimbabwe,Kwekwe,0.775314285714286
Zimbabwe,Kwekwe,0.770644257703081
Zimbabwe,Kwekwe,0.768941176470588
Zimbabwe,Kwekwe,0.767238095238095
Zimbabwe,Kwekwe,0.753586554621849
Zimbabwe,Kwekwe,0.752421288515406
Zimbabwe,Kwekwe,0.731697478991597
Zimbabwe,Kwekwe,0.716387675070028
Zimbabwe,Kwekwe,0.711493557422969
Zimbabwe,Kwekwe,0.702628571428571
Zimbabwe,Kwekwe,0.690285714285714
Zimbabwe,Kwekwe,0.685301960784314
Zimbabwe,Kwekwe,0.682666666666667
Zimbabwe,Kwekwe,0.681904761904762
Zimbabwe,Kwekwe,0.65269243697479
Zimbabwe,Kwekwe,0.64981512605042
Zimbabwe,Kwekwe,0.64824649859944
Zimbabwe,Kwekwe,0.647636974789916
Zimbabwe,Kwekwe,0.643684033613445
Zimbabwe,Kwekwe,0.642509803921569
Zimbabwe,Kwekwe,0.639435294117647
Zimbabwe,Kwekwe,0.629243697478992
Zimbabwe,Glendale,12.7390476190476
Zimbabwe,Glendale,12.7033725490196
Zimbabwe,Glendale,12.4929075630252
Zimbabwe,Glendale,12.1700392156863
Zimbabwe,Glendale,12.0527955182073
Zimbabwe,Glendale,11.9905882352941
Zimbabwe,Glendale,11.9896918767507
Zimbabwe,Glendale,11.8378487394958
Zimbabwe,Glendale,11.7028571428571
Zimbabwe,Glendale,11.6571428571429
Zimbabwe,Harare,11.6520634920635
Zimbabwe,Glendale,11.6194957983193
Zimbabwe,Harare,11.5581765079365
Zimbabwe,Glendale,11.4985770308123
Zimbabwe,Glendale,11.4663977591036
Zimbabwe,Glendale,11.4572549019608
Zimbabwe,Glendale,11.3167058823529
Zimbabwe,Glendale,11.3045154061625
Zimbabwe,Glendale,11.1987450980392
Zimbabwe,Harare,11.1854628571429
Zimbabwe,Harare,11.1214384761905
Zimbabwe,Glendale,11.1034621848739
Zimbabwe,Glendale,11.0795294117647
Zimbabwe,Harare,11.06944
Zimbabwe,Glendale,11.0602577030812
Zimbabwe,Glendale,11.0574789915966
Zimbabwe,Harare,11.0341521568627
Zimbabwe,Glendale,11.025568627451
Zimbabwe,Harare,11.0166125714286
Zimbabwe,Glendale,10.9907899159664
Zimbabwe,Harare,10.9411555555556
Zimbabwe,Glendale,10.8636862745098
Zimbabwe,Shamva,10.836974789916
Zimbabwe,Glendale,10.836974789916
Zimbabwe,Glendale,10.8342857142857
Zimbabwe,Glendale,10.823081232493
Zimbabwe,Glendale,10.8009411764706
Zimbabwe,Glendale,10.787406162465
Zimbabwe,Harare,10.7839462184874
Zimbabwe,Harare,10.7715621288515
Zimbabwe,Glendale,10.7460840336134
Zimbabwe,Shamva,10.7261848739496
Zimbabwe,Glendale,10.7225994397759
Zimbabwe,Harare,10.7086831746032
Zimbabwe,Shamva,10.7050308123249
Zimbabwe,Shamva,10.7025210084034
Zimbabwe,Shamva,10.6666666666667
Zimbabwe,Glendale,10.6146778711485
Zimbabwe,Glendale,10.613243697479
Zimbabwe,Harare,10.6130106442577
Zimbabwe,Glendale,10.5985434173669
Zimbabwe,Harare,10.5966770793651
Zimbabwe,Shamva,10.5899383753501
Zimbabwe,Shamva,10.5598207282913
Zimbabwe,Shamva,10.5583865546218
Zimbabwe,Harare,10.5237719365079
Zimbabwe,Harare,10.5210980392157
Zimbabwe,Glendale,10.5046050420168
Zimbabwe,Harare,10.4885638095238
Zimbabwe,Glendale,10.4873949579832
Zimbabwe,Glendale,10.4842577030812
Zimbabwe,Glendale,10.4502857142857
Zimbabwe,Glendale,10.4357647058824
Zimbabwe,Harare,10.4181414603175
Zimbabwe,Harare,10.4168431746032
Zimbabwe,Glendale,10.368
Zimbabwe,Shamva,10.3529411764706
Zimbabwe,Shamva,10.3099159663866
Zimbabwe,Glendale,10.3067787114846
Zimbabwe,Glendale,10.2417927170868
Zimbabwe,Harare,10.2284459383753
Zimbabwe,Harare,10.1902270028011
Zimbabwe,Harare,10.1778285714286
Zimbabwe,Glendale,10.1637198879552
Zimbabwe,Glendale,10.161837535014
Zimbabwe,Shamva,10.1431932773109
Zimbabwe,Harare,10.1230628571429
Zimbabwe,Harare,10.1062034285714
Zimbabwe,Shamva,10.1014229691877
Zimbabwe,Harare,10.0984157460317
Zimbabwe,Glendale,10.0668235294118
Zimbabwe,Harare,10.0519497142857
Zimbabwe,Harare,10.0450760784314
Zimbabwe,Shamva,10.0293557422969
Zimbabwe,Shamva,10.0205714285714
Zimbabwe,Shamva,10.0194957983193
Zimbabwe,Shamva,10.016268907563
Zimbabwe,Shamva,10.0141176470588
Zimbabwe,Harare,10.0138991746032
Zimbabwe,Harare,9.97743865546219
Zimbabwe,Harare,9.94624537815126
Zimbabwe,Shamva,9.91300840336134
Zimbabwe,Shamva,9.90816806722689
Zimbabwe,Shamva,9.88719327731092
Zimbabwe,Harare,9.8724894117647
Zimbabwe,Harare,9.844224
Zimbabwe,Harare,9.81484997198879
Zimbabwe,Harare,9.8112
Zimbabwe,Harare,9.79458844444444
Zimbabwe,Harare,9.78609980952381
Zimbabwe,Harare,9.77849295238095
Zimbabwe,Harare,9.76740571428572
Zimbabwe,Shamva,9.73768067226891
Zimbabwe,Harare,9.71455462184874
Zimbabwe,Harare,9.63840717086835
Zimbabwe,Harare,9.63309511111111
Zimbabwe,Shamva,9.63298599439776
Zimbabwe,Harare,9.63072
Zimbabwe,Harare,9.62876773109244
Zimbabwe,Harare,9.61902933333333
Zimbabwe,Harare,9.60196840336134
Zimbabwe,Harare,9.59888253968254
Zimbabwe,Shamva,9.59175350140056
Zimbabwe,Harare,9.56908495238095
Zimbabwe,Shamva,9.560918767507
Zimbabwe,Shamva,9.56020168067227
Zimbabwe,Shamva,9.55518207282913
Zimbabwe,Harare,9.54931809523809
Zimbabwe,Harare,9.5401662745098
Zimbabwe,Harare,9.53047843137255
Zimbabwe,Harare,9.51219271708684
Zimbabwe,Harare,9.50390319327731
Zimbabwe,Harare,9.49623394957983
Zimbabwe,Harare,9.462144
Zimbabwe,Harare,9.45726745098039
Zimbabwe,Harare,9.45645176470588
Zimbabwe,Harare,9.45426823529412
Zimbabwe,Shamva,9.43865546218487
Zimbabwe,Harare,9.43026554621849
Zimbabwe,Harare,9.4190526984127
Zimbabwe,Harare,9.40220593837535
Zimbabwe,Harare,9.39935910364146
Zimbabwe,Harare,9.39181176470588
Zimbabwe,Harare,9.35416279365079
Zimbabwe,Harare,9.33447923809524
Zimbabwe,Harare,9.32513344537815
Zimbabwe,Shamva,9.32356302521008
Zimbabwe,Harare,9.30962285714286
Zimbabwe,Shamva,9.29882352941176
Zimbabwe,Shamva,9.29344537815126
Zimbabwe,Shamva,9.27551820728291
Zimbabwe,Shamva,9.24755182072829
Zimbabwe,Harare,9.22281244444444
Zimbabwe,Harare,9.20880941176471
Zimbabwe,Shamva,9.20560224089636
Zimbabwe,Harare,9.19663865546218
Zimbabwe,Harare,9.19109915966387
Zimbabwe,Harare,9.18492145658263
Zimbabwe,Harare,9.13993142857143
Zimbabwe,Harare,9.12533154061624
Zimbabwe,Harare,9.12457142857143
Zimbabwe,Harare,9.12082823529412
Zimbabwe,Shamva,9.0890756302521
Zimbabwe,Shamva,9.08746218487395
Zimbabwe,Harare,9.0688
Zimbabwe,Shamva,9.06397759103641
Zimbabwe,Harare,9.03811764705882
Zimbabwe,Harare,9.03695847619047
Zimbabwe,Harare,9.02864672268907
Zimbabwe,Harare,9.00592965079365
Zimbabwe,Harare,9.00586666666667
Zimbabwe,Harare,8.99930209523809
Zimbabwe,Harare,8.98002464985994
Zimbabwe,Harare,8.94067271708683
Zimbabwe,Harare,8.93399771428571
Zimbabwe,Harare,8.92734745098039
Zimbabwe,Harare,8.89638722689076
Zimbabwe,Harare,8.89049803174603
Zimbabwe,Shamva,8.88470588235294
Zimbabwe,Harare,8.87958229691877
Zimbabwe,Shamva,8.87717647058823
Zimbabwe,Harare,8.87595921568627
Zimbabwe,Harare,8.85406476190476
Zimbabwe,Harare,8.8444993015873
Zimbabwe,Harare,8.83952941176471
Zimbabwe,Harare,8.83687619047619
Zimbabwe,Shamva,8.82518767507003
Zimbabwe,Harare,8.8222637535014
Zimbabwe,Harare,8.81196100840336
Zimbabwe,Shamva,8.81066666666667
Zimbabwe,Harare,8.80179630252101
Zimbabwe,Shamva,8.79865546218487
Zimbabwe,Shamva,8.78072829131653
Zimbabwe,Harare,8.76214857142857
Zimbabwe,Harare,8.75760761904762
Zimbabwe,Harare,8.7522043697479
Zimbabwe,Shamva,8.72605042016807
Zimbabwe,Harare,8.71346554621849
Zimbabwe,Harare,8.70439822222222
Zimbabwe,Harare,8.65093557422969
Zimbabwe,Harare,8.64958745098039
Zimbabwe,Harare,8.63455085714286
Zimbabwe,Harare,8.62306957983193
Zimbabwe,Harare,8.61636302521008
Zimbabwe,Harare,8.60690692063492
Zimbabwe,Harare,8.60555377777778
Zimbabwe,Harare,8.6050724929972
Zimbabwe,Harare,8.58147137254902
Zimbabwe,Harare,8.57989282539683
Zimbabwe,Harare,8.57587809523809
Zimbabwe,Harare,8.53638095238095
Zimbabwe,Harare,8.5266106442577
Zimbabwe,Harare,8.52126476190476
Zimbabwe,Harare,8.51610412698413
Zimbabwe,Harare,8.51575036414566
Zimbabwe,Harare,8.50671746031746
Zimbabwe,Harare,8.49516901587302
Zimbabwe,Harare,8.45378151260504
Zimbabwe,Harare,8.41558050420168
Zimbabwe,Harare,8.41543529411765
Zimbabwe,Harare,8.41020342857143
Zimbabwe,Harare,8.39424812698413
Zimbabwe,Harare,8.37314234920635
Zimbabwe,Harare,8.36931764705882
Zimbabwe,Harare,8.34809366946779
Zimbabwe,Harare,8.32629028571428
Zimbabwe,Harare,8.30009008403361
Zimbabwe,Harare,8.29274352941176
Zimbabwe,Harare,8.2659900952381
Zimbabwe,Harare,8.26287542857143
Zimbabwe,Harare,8.24600380952381
Zimbabwe,Harare,8.24448
Zimbabwe,Harare,8.2442487394958
Zimbabwe,Harare,8.23476705882353
Zimbabwe,Harare,8.22980481792717
Zimbabwe,Harare,8.21996638655462
Zimbabwe,Harare,8.20006722689076
Zimbabwe,Harare,8.19587226890756
Zimbabwe,Harare,8.19508347338936
Zimbabwe,Masvingo,8.1696268907563
Zimbabwe,Harare,8.15689142857143
Zimbabwe,Harare,8.14702323809524
Zimbabwe,Harare,8.13800336134454
Zimbabwe,Harare,8.08737703081233
Zimbabwe,Harare,8.07798319327731
Zimbabwe,Harare,8.07490868347339
Zimbabwe,Harare,8.07159215686275
Zimbabwe,Harare,8.06745994397759
Zimbabwe,Harare,8.06649904761905
Zimbabwe,Harare,8.01667226890756
Zimbabwe,Harare,8.01406780952381
Zimbabwe,Harare,8.01284266666667
Zimbabwe,Harare,8.00654222222222
Zimbabwe,Harare,8.00581485714286
Zimbabwe,Harare,7.99379719887955
Zimbabwe,Harare,7.9865660952381
Zimbabwe,Masvingo,7.97741176470588
Zimbabwe,Harare,7.97329210084034
Zimbabwe,Harare,7.9699468907563
Zimbabwe,Harare,7.95794823529412
Zimbabwe,Harare,7.95721142857143
Zimbabwe,Harare,7.95365467787115
Zimbabwe,Harare,7.94385210084034
Zimbabwe,Harare,7.94322106442577
Zimbabwe,Harare,7.93595518207283
Zimbabwe,Harare,7.93411047619048
Zimbabwe,Harare,7.9275025210084
Zimbabwe,Harare,7.91461647058824
Zimbabwe,Harare,7.91311058823529
Zimbabwe,Harare,7.8848
Zimbabwe,Harare,7.87677579831933
Zimbabwe,Harare,7.8657219047619
Zimbabwe,Harare,7.82948571428572
Zimbabwe,Harare,7.80737254901961
Zimbabwe,Harare,7.80329949579832
Zimbabwe,Harare,7.80158207282913
Zimbabwe,Harare,7.7859943977591
Zimbabwe,Harare,7.77994756302521
Zimbabwe,Harare,7.77631085714286
Zimbabwe,Harare,7.75968089635855
Zimbabwe,Harare,7.74738464985994
Zimbabwe,Harare,7.74005028571429
Zimbabwe,Harare,7.72389647058823
Zimbabwe,Harare,7.71733333333333
Zimbabwe,Harare,7.70798072829132
Zimbabwe,Harare,7.69822117647059
Zimbabwe,Harare,7.69504448179272
Zimbabwe,Harare,7.68878933333333
Zimbabwe,Masvingo,7.68720672268908
Zimbabwe,Masvingo,7.66859831932773
Zimbabwe,Harare,7.66614588235294
Zimbabwe,Harare,7.65907301587301
Zimbabwe,Harare,7.65233574603175
Zimbabwe,Chisumbanje,7.64446117647059
Zimbabwe,Harare,7.64249098039216
Zimbabwe,Masvingo,7.63912605042017
Zimbabwe,Harare,7.62878924369748
Zimbabwe,Harare,7.62231036414566
Zimbabwe,Masvingo,7.61976470588235
Zimbabwe,Harare,7.61757042016807
Zimbabwe,Harare,7.61134431372549
Zimbabwe,Masvingo,7.59280224089636
Zimbabwe,Harare,7.59218793650794
Zimbabwe,Harare,7.58832761904762
Zimbabwe,Harare,7.58818420168067
Zimbabwe,Chisumbanje,7.58494117647059
Zimbabwe,Harare,7.58157983193277
Zimbabwe,Harare,7.57979607843137
Zimbabwe,Harare,7.57486120634921
Zimbabwe,Harare,7.56499361344538
Zimbabwe,Harare,7.5546493968254
Zimbabwe,Harare,7.54689792717087
Zimbabwe,Harare,7.5405337815126
Zimbabwe,Harare,7.53141960784314
Zimbabwe,Harare,7.52992711111111
Zimbabwe,Harare,7.52347966386555
Zimbabwe,Harare,7.52146823529412
Zimbabwe,Harare,7.50520649859944
Zimbabwe,Harare,7.4950668907563
Zimbabwe,Harare,7.49241725490196
Zimbabwe,Harare,7.49030722689076
Zimbabwe,Harare,7.47447574229692
Zimbabwe,Harare,7.46971428571429
Zimbabwe,Harare,7.4605633015873
Zimbabwe,Harare,7.45450487394958
Zimbabwe,Harare,7.44094476190476
Zimbabwe,Harare,7.43523316526611
Zimbabwe,Harare,7.42875428571429
Zimbabwe,Harare,7.42442128851541
Zimbabwe,Harare,7.41615949206349
Zimbabwe,Harare,7.41323652661065
Zimbabwe,Harare,7.38456022408964
Zimbabwe,Harare,7.3835437535014
Zimbabwe,Harare,7.38238028011204
Zimbabwe,Harare,7.37884145658263
Zimbabwe,Chisumbanje,7.36298487394958
Zimbabwe,Harare,7.35198655462185
Zimbabwe,Harare,7.34669266106443
Zimbabwe,Chisumbanje,7.34534274509804
Zimbabwe,Harare,7.33891047619048
Zimbabwe,Masvingo,7.33859495798319
Zimbabwe,Harare,7.33333154061625
Zimbabwe,Masvingo,7.31858823529412
Zimbabwe,Harare,7.31763450980392
Zimbabwe,Harare,7.29509647058824
Zimbabwe,Harare,7.28213942857143
Zimbabwe,Masvingo,7.26437647058824
Zimbabwe,Harare,7.25238319327731
Zimbabwe,Harare,7.25092392156863
Zimbabwe,Harare,7.2468831372549
Zimbabwe,Harare,7.24611250793651
Zimbabwe,Harare,7.22093104761905
Zimbabwe,Harare,7.21406924369748
Zimbabwe,Harare,7.20454991596639
Zimbabwe,Kwekwe,7.20190386554622
Zimbabwe,Harare,7.200256
Zimbabwe,Masvingo,7.19725714285714
Zimbabwe,Harare,7.19039462184874
Zimbabwe,Harare,7.16882285714286
Zimbabwe,Harare,7.16638655462185
Zimbabwe,Masvingo,7.16384089635854
Zimbabwe,Harare,7.15797333333333
Zimbabwe,Harare,7.15605333333333
Zimbabwe,Harare,7.15500638655462
Zimbabwe,Harare,7.15280457142857
Zimbabwe,Masvingo,7.14433613445378
Zimbabwe,Harare,7.13442599439776
Zimbabwe,Harare,7.12167619047619
Zimbabwe,Harare,7.11968914285714
Zimbabwe,Harare,7.11110633053221
Zimbabwe,Masvingo,7.10776470588235
Zimbabwe,Harare,7.08276705882353
Zimbabwe,Harare,7.05748257703081
Zimbabwe,Harare,7.04059518207283
Zimbabwe,Harare,7.04029663492063
Zimbabwe,Harare,7.03530666666667
Zimbabwe,Harare,7.01236347338935
Zimbabwe,Harare,6.99800380952381
Zimbabwe,Masvingo,6.99733333333333
Zimbabwe,Harare,6.99609098039216
Zimbabwe,Harare,6.96829155555556
Zimbabwe,Chisumbanje,6.96816224089636
Zimbabwe,Harare,6.96237714285714
Zimbabwe,Harare,6.96075377777778
Zimbabwe,Harare,6.96071314285714
Zimbabwe,Harare,6.95993008403361
Zimbabwe,Harare,6.94593015873016
Zimbabwe,Harare,6.94140056022409
Zimbabwe,Harare,6.93945295238095
Zimbabwe,Chisumbanje,6.93459182072829
Zimbabwe,Harare,6.93288634920635
Zimbabwe,Harare,6.93097411764706
Zimbabwe,Harare,6.93004190476191
Zimbabwe,Harare,6.92604342857143
Zimbabwe,Harare,6.91578980392157
Zimbabwe,Harare,6.87634285714286
Zimbabwe,Harare,6.86904888888889
Zimbabwe,Harare,6.86368268907563
Zimbabwe,Harare,6.86307137254902
Zimbabwe,Harare,6.86108683473389
Zimbabwe,Harare,6.84060038095238
Zimbabwe,Harare,6.83954554621849
Zimbabwe,Harare,6.82971428571429
Zimbabwe,Chisumbanje,6.81898487394958
Zimbabwe,Harare,6.81405358730159
Zimbabwe,Harare,6.80671492063492
Zimbabwe,Harare,6.80021333333334
Zimbabwe,Harare,6.78707988795518
Zimbabwe,Harare,6.76542171428571
Zimbabwe,Chisumbanje,6.7605781512605
Zimbabwe,Harare,6.75757917460317
Zimbabwe,Harare,6.74894831746032
Zimbabwe,Harare,6.72425853968254
Zimbabwe,Masvingo,6.71264985994398
Zimbabwe,Harare,6.70290895238095
Zimbabwe,Masvingo,6.6961568627451
Zimbabwe,Harare,6.68623238095238
Zimbabwe,Harare,6.66626031746032
Zimbabwe,Harare,6.65326933333333
Zimbabwe,Harare,6.65250420168067
Zimbabwe,Masvingo,6.64380952380952
Zimbabwe,Harare,6.64205612698413
Zimbabwe,Chisumbanje,6.62593075630252
Zimbabwe,Masvingo,6.62028907563025
Zimbabwe,Masvingo,6.61254453781513
Zimbabwe,Masvingo,6.61229355742297
Zimbabwe,Masvingo,6.60845714285714
Zimbabwe,Harare,6.60715479365079
Zimbabwe,Harare,6.60623034920635
Zimbabwe,Harare,6.5950333968254
Zimbabwe,Chisumbanje,6.58038319327731
Zimbabwe,Chisumbanje,6.57869266106443
Zimbabwe,Harare,6.57809473015873
Zimbabwe,Masvingo,6.5767619047619
Zimbabwe,Harare,6.57023187301587
Zimbabwe,Harare,6.56508749206349
Zimbabwe,Chisumbanje,6.56106487394958
Zimbabwe,Harare,6.55981714285714
Zimbabwe,Chisumbanje,6.55494633053221
Zimbabwe,Chisumbanje,6.54481568627451
Zimbabwe,Kwekwe,6.53513142857143
Zimbabwe,Harare,6.52900774603174
Zimbabwe,Masvingo,6.52864537815126
Zimbabwe,Harare,6.5283453968254
Zimbabwe,Masvingo,6.51337142857143
Zimbabwe,Chisumbanje,6.50677422969188
Zimbabwe,Harare,6.49222095238095
Zimbabwe,Harare,6.48822857142857
Zimbabwe,Chisumbanje,6.48018106442577
Zimbabwe,Chisumbanje,6.45926722689076
Zimbabwe,Masvingo,6.45894453781513
Zimbabwe,Chisumbanje,6.45759462184874
Zimbabwe,Harare,6.44725960784314
Zimbabwe,Harare,6.44614501587302
Zimbabwe,Kwekwe,6.44315428571429
Zimbabwe,Harare,6.44084622222222
Zimbabwe,Chisumbanje,6.42858666666667
Zimbabwe,Masvingo,6.42291092436975
Zimbabwe,Chisumbanje,6.42037960784314
Zimbabwe,Harare,6.41588347338936
Zimbabwe,Chisumbanje,6.41124033613445
Zimbabwe,Masvingo,6.40681232492997
Zimbabwe,Harare,6.40068266666667
Zimbabwe,Chisumbanje,6.39290801120448
Zimbabwe,Harare,6.37982882539682
Zimbabwe,Harare,6.37297168253968
Zimbabwe,Harare,6.36293557422969
Zimbabwe,Chisumbanje,6.3605656022409
Zimbabwe,Chisumbanje,6.35021983193277
Zimbabwe,Masvingo,6.34385210084034
Zimbabwe,Harare,6.33984
Zimbabwe,Harare,6.33274514285714
Zimbabwe,Harare,6.33271466666667
Zimbabwe,Kwekwe,6.32614005602241
Zimbabwe,Harare,6.32254386554622
Zimbabwe,Kwekwe,6.3087650420168
Zimbabwe,Masvingo,6.28630588235294
Zimbabwe,Chisumbanje,6.27949355742297
Zimbabwe,Kwekwe,6.27633478991597
Zimbabwe,Harare,6.27258107936508
Zimbabwe,Masvingo,6.26404033613445
Zimbabwe,Harare,6.25505523809524
Zimbabwe,Chisumbanje,6.2275406162465
Zimbabwe,Harare,6.22124638655462
Zimbabwe,Kwekwe,6.21816470588235
Zimbabwe,Masvingo,6.19563025210084
Zimbabwe,Chisumbanje,6.19361344537815
Zimbabwe,Masvingo,6.18014117647059
Zimbabwe,Chisumbanje,6.15562039215686
Zimbabwe,Chisumbanje,6.14730756302521
Zimbabwe,Chisumbanje,6.13013512605042
Zimbabwe,Chisumbanje,6.099881232493
Zimbabwe,Masvingo,6.09523809523809
Zimbabwe,Masvingo,6.08577254901961
Zimbabwe,Chisumbanje,6.08550005602241
Zimbabwe,Chisumbanje,6.06230229691877
Zimbabwe,Masvingo,6.0547943977591
Zimbabwe,Kwekwe,6.0431381512605
Zimbabwe,Kwekwe,6.04037019607843
Zimbabwe,Chisumbanje,6.03775641456583
Zimbabwe,Masvingo,6.01671708683473
Zimbabwe,Chisumbanje,6.01496022408964
Zimbabwe,Kwekwe,6.01472
Zimbabwe,Masvingo,6.01298823529412
Zimbabwe,Chisumbanje,6.00497478991597
Zimbabwe,Masvingo,5.99004145658263
Zimbabwe,Kwekwe,5.96871529411765
Zimbabwe,Chisumbanje,5.95266151260504
Zimbabwe,Chisumbanje,5.95216134453782
Zimbabwe,Chisumbanje,5.94155204481793
Zimbabwe,Kwekwe,5.93848291316527
Zimbabwe,Masvingo,5.93726386554622
Zimbabwe,Kwekwe,5.91924705882353
Zimbabwe,Chisumbanje,5.90569411764706
Zimbabwe,Chisumbanje,5.90109400560224
Zimbabwe,Chisumbanje,5.88369568627451
Zimbabwe,Masvingo,5.8766700280112
Zimbabwe,Harare,5.86519663865546
Zimbabwe,Kwekwe,5.8527731092437
Zimbabwe,Chisumbanje,5.85253647058823
Zimbabwe,Chisumbanje,5.85048201680672
Zimbabwe,Chisumbanje,5.84874666666667
Zimbabwe,Harare,5.83107585434174
Zimbabwe,Masvingo,5.82841008403361
Zimbabwe,Kwekwe,5.82757647058824
Zimbabwe,Masvingo,5.82453781512605
Zimbabwe,Chisumbanje,5.82440156862745
Zimbabwe,Chisumbanje,5.82431193277311
Zimbabwe,Harare,5.81899831932773
Zimbabwe,Masvingo,5.81700840336134
Zimbabwe,Kwekwe,5.80883361344538
Zimbabwe,Chisumbanje,5.79817411764706
Zimbabwe,Masvingo,5.78620952380952
Zimbabwe,Chisumbanje,5.77435966386555
Zimbabwe,Chisumbanje,5.74775215686275
Zimbabwe,Chisumbanje,5.73611025210084
Zimbabwe,Harare,5.73358969187675
Zimbabwe,Harare,5.72257523809524
Zimbabwe,Harare,5.7155406162465
Zimbabwe,Chisumbanje,5.70934319327731
Zimbabwe,Chisumbanje,5.70224761904762
Zimbabwe,Chisumbanje,5.69309579831933
Zimbabwe,Chisumbanje,5.6788831372549
Zimbabwe,Chisumbanje,5.67843137254902
Zimbabwe,Chisumbanje,5.67379899159664
Zimbabwe,Harare,5.6699231372549
Zimbabwe,Chisumbanje,5.66738823529412
Zimbabwe,Chisumbanje,5.66459159663865
Zimbabwe,Harare,5.66230588235294
Zimbabwe,Chisumbanje,5.6495112605042
Zimbabwe,Chisumbanje,5.64673613445378
Zimbabwe,Chisumbanje,5.64522308123249
Zimbabwe,Chisumbanje,5.63852549019608
Zimbabwe,Kwekwe,5.63780840336134
Zimbabwe,Kwekwe,5.63365647058824
Zimbabwe,Chisumbanje,5.63158050420168
Zimbabwe,Chisumbanje,5.61117579831933
Zimbabwe,Chisumbanje,5.5899912605042
Zimbabwe,Kwekwe,5.56862745098039
Zimbabwe,Chisumbanje,5.56168067226891
Zimbabwe,Harare,5.56040784313725
Zimbabwe,Harare,5.55235137254902
Zimbabwe,Chisumbanje,5.54694633053221
Zimbabwe,Kwekwe,5.54554801120448
Zimbabwe,Chisumbanje,5.53001232492997
Zimbabwe,Kwekwe,5.52878969187675
Zimbabwe,Chisumbanje,5.51596638655462
Zimbabwe,Harare,5.50824515406162
Zimbabwe,Harare,5.50660481792717
Zimbabwe,Chisumbanje,5.50510789915966
Zimbabwe,Harare,5.49752470588235
Zimbabwe,Chisumbanje,5.49656380952381
Zimbabwe,Harare,5.49621960784314
Zimbabwe,Kwekwe,5.4942225210084
Zimbabwe,Chisumbanje,5.49360941176471
Zimbabwe,Harare,5.48087394957983
Zimbabwe,Chisumbanje,5.46375350140056
Zimbabwe,Harare,5.45867294117647
Zimbabwe,Chisumbanje,5.45633523809524
Zimbabwe,Chisumbanje,5.44828952380952
Zimbabwe,Chisumbanje,5.41566745098039
Zimbabwe,Kwekwe,5.38325333333333
Zimbabwe,Chisumbanje,5.36883630252101
Zimbabwe,Harare,5.35765333333333
Zimbabwe,Kwekwe,5.34242599439776
Zimbabwe,Chisumbanje,5.33685243697479
Zimbabwe,Chisumbanje,5.32551708683473
Zimbabwe,Kwekwe,5.32007798319328
Zimbabwe,Chisumbanje,5.31408492997199
Zimbabwe,Chisumbanje,5.30670789915966
Zimbabwe,Harare,5.28943865546218
Zimbabwe,Chisumbanje,5.28766924369748
Zimbabwe,Chisumbanje,5.28321254901961
Zimbabwe,Kwekwe,5.28123966386555
Zimbabwe,Chisumbanje,5.26640403361345
Zimbabwe,Chisumbanje,5.25842644257703
Zimbabwe,Chisumbanje,5.24726319327731
Zimbabwe,Chisumbanje,5.24474621848739
Zimbabwe,Chisumbanje,5.21801142857143
Zimbabwe,Kwekwe,5.21338084033613
Zimbabwe,Chisumbanje,5.21152
Zimbabwe,Harare,5.20383462184874
Zimbabwe,Chisumbanje,5.19867159663865
Zimbabwe,Chisumbanje,5.1937774789916
Zimbabwe,Kwekwe,5.17979070028011
Zimbabwe,Chisumbanje,5.17724504201681
Zimbabwe,Kwekwe,5.16860773109244
Zimbabwe,Kwekwe,5.15637781512605
Zimbabwe,Chisumbanje,5.15632941176471
Zimbabwe,Harare,5.14867988795518
Zimbabwe,Chisumbanje,5.14847193277311
Zimbabwe,Harare,5.14579361344538
Zimbabwe,Harare,5.14495282913165
Zimbabwe,Chisumbanje,5.13028302521008
Zimbabwe,Kwekwe,5.10025142857143
Zimbabwe,Chisumbanje,5.09328134453782
Zimbabwe,Chisumbanje,5.07367619047619
Zimbabwe,Kwekwe,5.07254857142857
Zimbabwe,Kwekwe,5.06752
Zimbabwe,Kwekwe,5.06694453781513
Zimbabwe,Chisumbanje,5.04376470588235
Zimbabwe,Chisumbanje,5.04332907563025
Zimbabwe,Chisumbanje,5.04261915966387
Zimbabwe,Chisumbanje,5.02436392156863
Zimbabwe,Kwekwe,5.01787966386555
Zimbabwe,Chisumbanje,5.00506890756303
Zimbabwe,Kwekwe,4.98971966386555
Zimbabwe,Chisumbanje,4.9785331092437
Zimbabwe,Chisumbanje,4.97453535014006
Zimbabwe,Kwekwe,4.97336470588235
Zimbabwe,Chisumbanje,4.96857994397759
Zimbabwe,Kwekwe,4.92320268907563
Zimbabwe,Chisumbanje,4.9186043697479
Zimbabwe,Kwekwe,4.90916571428571
Zimbabwe,Chisumbanje,4.90245019607843
Zimbabwe,Kwekwe,4.89553389355742
Zimbabwe,Chisumbanje,4.88882554621849
Zimbabwe,Chisumbanje,4.87733781512605
Zimbabwe,Kwekwe,4.86174117647059
Zimbabwe,Kwekwe,4.8606368627451
Zimbabwe,Kwekwe,4.85259831932773
Zimbabwe,Kwekwe,4.8487081232493
Zimbabwe,Chisumbanje,4.84827428571429
Zimbabwe,Chisumbanje,4.8469243697479
Zimbabwe,Chisumbanje,4.77402711484594
Zimbabwe,Kwekwe,4.74634039215686
Zimbabwe,Kwekwe,4.69374207282913
Zimbabwe,Chisumbanje,4.65136941176471
Zimbabwe,Chisumbanje,4.64857277310924
Zimbabwe,Kwekwe,4.64233411764706
Zimbabwe,Chisumbanje,4.59394509803922
Zimbabwe,Kwekwe,4.57969299719888
Zimbabwe,Kwekwe,4.53747809523809
Zimbabwe,Kwekwe,4.5323168627451
Zimbabwe,Chisumbanje,4.51882487394958
Zimbabwe,Kwekwe,4.4721980952381
Zimbabwe,Kwekwe,4.46762666666667
Zimbabwe,Kwekwe,4.45592022408964
Zimbabwe,Kwekwe,4.44981781512605
Zimbabwe,Chisumbanje,4.43360268907563
Zimbabwe,Chisumbanje,4.43253781512605
Zimbabwe,Kwekwe,4.42454050420168
Zimbabwe,Kwekwe,4.42127058823529
Zimbabwe,Chisumbanje,4.38881882352941
Zimbabwe,Chisumbanje,4.38091294117647
Zimbabwe,Chisumbanje,4.3696887394958
Zimbabwe,Chisumbanje,4.26324257703081
Zimbabwe,Chisumbanje,4.24666711484594
Zimbabwe,Kwekwe,4.24661333333333
Zimbabwe,Kwekwe,4.21599731092437
Zimbabwe,Chisumbanje,4.19890196078431
Zimbabwe,Chisumbanje,4.11615731092437
Zimbabwe,Chisumbanje,4.07631058823529
Zimbabwe,Chisumbanje,4.06869333333333
Zimbabwe,Kwekwe,4.04138666666667
Zimbabwe,Chisumbanje,4.03587226890756
Zimbabwe,Chisumbanje,4.03490957983193
Zimbabwe,Chisumbanje,4.00443159663866
Zimbabwe,Chisumbanje,3.96968515406162
Zimbabwe,Chisumbanje,3.94287327731092
Zimbabwe,Chisumbanje,3.8666756302521
Zimbabwe,Chisumbanje,3.86528806722689
Zimbabwe,Kwekwe,3.32625030812325
Zimbabwe,Harare,1.84341512605042
Zimbabwe,Harare,1.7472
Zimbabwe,Harare,1.71987899159664
Zimbabwe,Harare,1.71057478991597
Zimbabwe,Harare,1.6323943977591
Zimbabwe,Harare,1.53051428571429
Zimbabwe,Harare,1.49727731092437
Zimbabwe,Harare,1.49577142857143
Zimbabwe,Harare,1.44381848739496
Zimbabwe,Harare,1.44048403361345
Zimbabwe,Harare,1.42214453781513
Zimbabwe,Harare,1.40878879551821
Zimbabwe,Harare,1.4062431372549
Zimbabwe,Harare,1.37626890756303
Zimbabwe,Harare,1.36658823529412
Zimbabwe,Harare,1.36576358543417
Zimbabwe,Harare,1.31949355742297
Zimbabwe,Harare,1.26730756302521
Zimbabwe,Harare,1.24070364145658
Zimbabwe,Harare,1.2376918767507
Zimbabwe,Harare,1.21044257703081
Zimbabwe,Harare,1.20040336134454
Zimbabwe,Harare,1.19036414565826
Zimbabwe,Harare,1.15809523809524
Zimbabwe,Harare,1.15673277310924
Zimbabwe,Harare,1.12496582633053
Zimbabwe,Harare,1.11700616246499
Zimbabwe,Harare,1.07545098039216
Zimbabwe,Harare,1.06008739495798
Zimbabwe,Harare,1.0574162464986
Zimbabwe,Harare,1.05537254901961
Zimbabwe,Harare,1.05081904761905
Zimbabwe,Harare,1.02525490196078
Zimbabwe,Harare,1.024
Zimbabwe,Harare,1.02227899159664
Zimbabwe,Harare,1.01374565826331
Zimbabwe,Harare,0.983484593837535
Zimbabwe,Harare,0.98212212885154
Zimbabwe,Harare,0.981458823529412
Zimbabwe,Harare,0.953438655462185
Zimbabwe,Harare,0.953187675070028
Zimbabwe,Harare,0.949207843137255
Zimbabwe,Harare,0.936085154061625
Zimbabwe,Harare,0.900302521008403
Zimbabwe,Harare,16.2231645938375
Zimbabwe,Harare,14.0273371428571
Zimbabwe,Harare,13.6932894117647
Zimbabwe,Harare,13.3470117647059
Zimbabwe,Harare,13.2297142857143
Zimbabwe,Harare,13.1886610644258
Zimbabwe,Harare,13.0835899159664
Zimbabwe,Harare,13.0718619607843
Zimbabwe,Harare,13.0062341736695
Zimbabwe,Harare,12.9006359663866
Zimbabwe,Harare,12.8397176470588
Zimbabwe,Harare,12.744856022409
Zimbabwe,Harare,12.7372549019608
Zimbabwe,Harare,12.6819603361345
Zimbabwe,Harare,12.6759260504202
Zimbabwe,Harare,12.6325082352941
Zimbabwe,Harare,12.5846050420168
Zimbabwe,Harare,12.5557315406162
Zimbabwe,Harare,12.5115805042017
Zimbabwe,Harare,12.4283374789916
Zimbabwe,Harare,12.4102274509804
Zimbabwe,Harare,12.3937129411765
Zimbabwe,Harare,12.3239762464986
Zimbabwe,Harare,12.2907966386555
Zimbabwe,Harare,12.2340894117647
Zimbabwe,Harare,12.1490823529412
Zimbabwe,Harare,12.1311247058824
Zimbabwe,Harare,12.1022906442577
Zimbabwe,Harare,12.096
Zimbabwe,Harare,12.0845158543417
Zimbabwe,Harare,12.0788687955182
Zimbabwe,Harare,11.9898621848739
Zimbabwe,Harare,11.9849250420168
Zimbabwe,Harare,11.9727256022409
Zimbabwe,Harare,11.9659419607843
Zimbabwe,Harare,11.9529053221289
Zimbabwe,Harare,11.9359569747899
Zimbabwe,Harare,11.9336802240896
Zimbabwe,Harare,11.9306505322129
Zimbabwe,Harare,11.9296896358543
Zimbabwe,Harare,11.912608627451
Zimbabwe,Harare,11.904537815126
Zimbabwe,Harare,11.8749579831933
Zimbabwe,Harare,11.8290070588235
Zimbabwe,Harare,11.8201331092437
Zimbabwe,Harare,11.7813028571429
Zimbabwe,Harare,11.7691607843137
Zimbabwe,Harare,11.7515670588235
Zimbabwe,Harare,11.7474169187675
Zimbabwe,Harare,11.7400524369748
Zimbabwe,Harare,11.6952739495798
Zimbabwe,Harare,11.6895623529412
Zimbabwe,Harare,11.6666155742297
Zimbabwe,Harare,11.6665295238095
Zimbabwe,Harare,11.6041142857143
Zimbabwe,Harare,11.6005647058824
Zimbabwe,Harare,11.5869472268908
Zimbabwe,Harare,11.5866890756303
Zimbabwe,Harare,11.5626666666667
Zimbabwe,Harare,11.5347361344538
Zimbabwe,Harare,11.5178164705882
Zimbabwe,Harare,11.4275029691877
Zimbabwe,Harare,11.4253176470588
Zimbabwe,Harare,11.4206924369748
Zimbabwe,Harare,11.4174924369748
Zimbabwe,Harare,11.3896443697479
Zimbabwe,Harare,11.3542166946779
Zimbabwe,Harare,11.3259204481793
Zimbabwe,Harare,11.31136
Zimbabwe,Harare,11.3084450420168
Zimbabwe,Harare,11.2653803921569
Zimbabwe,Harare,11.2450760784314
Zimbabwe,Harare,11.1921245938375
Zimbabwe,Harare,11.1920833613445
Zimbabwe,Harare,11.1830767507003
Zimbabwe,Harare,11.1376134453782
Zimbabwe,Harare,11.1201738935574
Zimbabwe,Harare,11.1163321008403
Zimbabwe,Harare,11.1079368067227
Zimbabwe,Harare,11.089073837535
Zimbabwe,Harare,11.0491966386555
Zimbabwe,Harare,11.0405485714286
Zimbabwe,Harare,10.9447529411765
Zimbabwe,Harare,10.9414023529412
Zimbabwe,Harare,10.9375247058824
Zimbabwe,Harare,10.9281380392157
Zimbabwe,Harare,10.9084396638655
Zimbabwe,Harare,10.906116302521
Zimbabwe,Harare,10.8945998879552
Zimbabwe,Harare,10.8649411764706
Zimbabwe,Harare,10.7845378151261
Zimbabwe,Harare,10.7667791596639
Zimbabwe,Harare,10.7611697478992
Zimbabwe,Harare,10.7420826890756
Zimbabwe,Harare,10.7334955742297
Zimbabwe,Harare,10.7291105882353
Zimbabwe,Harare,10.7183919327731
Zimbabwe,Harare,10.712981512605
Zimbabwe,Harare,10.6987096918767
Zimbabwe,Harare,10.663163697479
Zimbabwe,Harare,10.6516723809524
Zimbabwe,Harare,10.6271641456583
Zimbabwe,Harare,10.6116517647059
Zimbabwe,Harare,10.6069942857143
Zimbabwe,Harare,10.5784918767507
Zimbabwe,Harare,10.5703117086835
Zimbabwe,Harare,10.5567659383753
Zimbabwe,Harare,10.5459630252101
Zimbabwe,Harare,10.5209546218487
Zimbabwe,Harare,10.5182117647059
Zimbabwe,Harare,10.4812011204482
Zimbabwe,Harare,10.4511031932773
Zimbabwe,Harare,10.4466070588235
Zimbabwe,Harare,10.4294113165266
Zimbabwe,Harare,10.4154514285714
Zimbabwe,Harare,10.3963070028011
Zimbabwe,Harare,10.369115070028
Zimbabwe,Harare,10.3656300280112
Zimbabwe,Harare,10.3450317086835
Zimbabwe,Harare,10.3346124369748
Zimbabwe,Harare,10.331478767507
Zimbabwe,Harare,10.3125118207283
Zimbabwe,Harare,10.2966211764706
Zimbabwe,Harare,10.2906980392157
Zimbabwe,Lionsden,10.2876145658263
Zimbabwe,Harare,10.2806857142857
Zimbabwe,Harare,10.2779733333333
Zimbabwe,Harare,10.2652862745098
Zimbabwe,Harare,10.2564786554622
Zimbabwe,Harare,10.2501324369748
Zimbabwe,Harare,10.2454140056022
Zimbabwe,Harare,10.2340194957983
Zimbabwe,Harare,10.2284405602241
Zimbabwe,Harare,10.226952605042
Zimbabwe,Harare,10.2234352941176
Zimbabwe,Harare,10.1918117647059
Zimbabwe,Harare,10.1849707563025
Zimbabwe,Harare,10.1842895238095
Zimbabwe,Harare,10.1680905322129
Zimbabwe,Harare,10.1469866666667
Zimbabwe,Harare,10.1120376470588
Zimbabwe,Harare,10.1026778711485
Zimbabwe,Harare,10.0928752941176
Zimbabwe,Harare,10.0769344537815
Zimbabwe,Harare,10.0562464985994
Zimbabwe,Harare,10.0467307563025
Zimbabwe,Harare,10.0398682352941
Zimbabwe,Harare,10.0305891316527
Zimbabwe,Harare,10.0175166386555
Zimbabwe,Harare,9.97928156862745
Zimbabwe,Harare,9.97896605042017
Zimbabwe,Harare,9.97044705882353
Zimbabwe,Harare,9.96966722689076
Zimbabwe,Harare,9.96833882352941
Zimbabwe,Harare,9.93837535014006
Zimbabwe,Lionsden,9.90010084033613
Zimbabwe,Harare,9.89493781512605
Zimbabwe,Harare,9.8684056022409
Zimbabwe,Harare,9.86606969187675
Zimbabwe,Harare,9.83263731092437
Zimbabwe,Lionsden,9.82179495798319
Zimbabwe,Harare,9.81824
Zimbabwe,Harare,9.80357915966387
Zimbabwe,Harare,9.79593680672269
Zimbabwe,Harare,9.79523764705882
Zimbabwe,Harare,9.78147675070028
Zimbabwe,Harare,9.76921456582633
Zimbabwe,Harare,9.74908235294118
Zimbabwe,Harare,9.73361837535014
Zimbabwe,Harare,9.68013445378151
Zimbabwe,Harare,9.67230745098039
Zimbabwe,Harare,9.66294588235294
Zimbabwe,Harare,9.64504739495798
Zimbabwe,Harare,9.62812773109244
Zimbabwe,Harare,9.5984331652661
Zimbabwe,Harare,9.58140952380952
Zimbabwe,Harare,9.46246991596639
Zimbabwe,Harare,9.44282890756302
Zimbabwe,Harare,9.36386330532213
Zimbabwe,Harare,9.35475988795518
Zimbabwe,Harare,9.33002397759104
Zimbabwe,Harare,9.26772705882353
Zimbabwe,Harare,9.25461512605042
Zimbabwe,Harare,9.23860257703081
Zimbabwe,Harare,9.23061781512605
Zimbabwe,Harare,9.21796661064426
Zimbabwe,Harare,9.20793277310924
Zimbabwe,Harare,9.18998050420168
Zimbabwe,Harare,9.16028952380952
Zimbabwe,Harare,9.15027899159664
Zimbabwe,Harare,9.0935825210084
Zimbabwe,Harare,9.04745411764706
Zimbabwe,Harare,9.03939226890756
Zimbabwe,Harare,9.03095215686274
Zimbabwe,Harare,9.01964011204482
Zimbabwe,Harare,9.00861848739496
Zimbabwe,Harare,8.9950225210084
Zimbabwe,Harare,8.97430588235294
Zimbabwe,Harare,8.95397647058823
Zimbabwe,Harare,8.92697815126051
Zimbabwe,Harare,8.90853467787115
Zimbabwe,Harare,8.89586554621849
Zimbabwe,Harare,8.88501960784314
Zimbabwe,Harare,8.85497546218487
Zimbabwe,Harare,8.8526162464986
Zimbabwe,Harare,8.84504201680672
Zimbabwe,Harare,8.8033505882353
Zimbabwe,Harare,8.77361478991597
Zimbabwe,Harare,8.76801434173669
Zimbabwe,Harare,8.72413579831933
Zimbabwe,Harare,8.48177478991597
Zimbabwe,Lionsden,8.4512268907563
Zimbabwe,Lionsden,8.41487058823529
Zimbabwe,Harare,8.40471484593838
Zimbabwe,Harare,8.35618599439776
Zimbabwe,Harare,8.30345322128852
Zimbabwe,Lionsden,8.15987450980392
Zimbabwe,Harare,8.14172324929972
Zimbabwe,Harare,8.12186890756302
Zimbabwe,Harare,7.98547899159664
Zimbabwe,Lionsden,7.88795518207283
Zimbabwe,Harare,7.83939047619048
Zimbabwe,Harare,7.75197759103641
Zimbabwe,Harare,7.68286834733894
Zimbabwe,Lionsden,7.64385882352941
Zimbabwe,Harare,7.60473277310924
Zimbabwe,Harare,7.59610084033614
Zimbabwe,Harare,7.53882352941176
Zimbabwe,Harare,7.5367081232493
Zimbabwe,Harare,7.51446050420168
Zimbabwe,Mvurwi,7.46214005602241
Zimbabwe,Harare,7.36993165266106
Zimbabwe,Lionsden,7.2981512605042
Zimbabwe,Lionsden,7.22393277310924
Zimbabwe,Harare,7.18501288515406
Zimbabwe,Chisumbanje,7.18359663865546
Zimbabwe,Harare,7.17040224089636
Zimbabwe,Mvurwi,7.11755294117647
Zimbabwe,Lionsden,7.08410084033614
Zimbabwe,Mvurwi,7.0581781512605
Zimbabwe,Chisumbanje,7.05321232492997
Zimbabwe,Harare,7.04621176470588
Zimbabwe,Harare,7.04292212885154
Zimbabwe,Mvurwi,7.00251428571428
Zimbabwe,Mvurwi,6.9436056022409
Zimbabwe,Mvurwi,6.94149019607843
Zimbabwe,Harare,6.92473725490196
Zimbabwe,Harare,6.91773669467787
Zimbabwe,Harare,6.89894901960784
Zimbabwe,Harare,6.89414453781512
Zimbabwe,Lionsden,6.85950924369748
Zimbabwe,Mvurwi,6.75329971988796
Zimbabwe,Harare,6.72027787114846
Zimbabwe,Chisumbanje,6.70008649859944
Zimbabwe,Harare,6.68869019607843
Zimbabwe,Harare,6.63135014005602
Zimbabwe,Chisumbanje,6.60257344537815
Zimbabwe,Chisumbanje,6.59852549019608
Zimbabwe,Chisumbanje,6.59539899159664
Zimbabwe,Chisumbanje,6.59245176470588
Zimbabwe,Lionsden,6.59017142857143
Zimbabwe,Chisumbanje,6.48117781512605
Zimbabwe,Chisumbanje,6.44335148459384
Zimbabwe,Harare,6.40968067226891
Zimbabwe,Lionsden,6.4024380952381
Zimbabwe,Chisumbanje,6.39254588235294
Zimbabwe,Chisumbanje,6.36269714285714
Zimbabwe,Chisumbanje,6.33907630252101
Zimbabwe,Lionsden,6.33173333333333
Zimbabwe,Chisumbanje,6.32415731092437
Zimbabwe,Harare,6.31115294117647
Zimbabwe,Mvurwi,6.28693333333333
Zimbabwe,Lionsden,6.26482913165266
Zimbabwe,Chisumbanje,6.26120784313725
Zimbabwe,Chisumbanje,6.25664
Zimbabwe,Chisumbanje,6.24766386554622
Zimbabwe,Harare,6.24309243697479
Zimbabwe,Chisumbanje,6.23899607843137
Zimbabwe,Chisumbanje,6.23304605042017
Zimbabwe,Lionsden,6.21226666666667
Zimbabwe,Lionsden,6.1749781512605
Zimbabwe,Lionsden,6.14192044817927
Zimbabwe,Lionsden,6.13446274509804
Zimbabwe,Harare,6.10334117647059
Zimbabwe,Mvurwi,6.09975574229692
Zimbabwe,Mvurwi,6.09166162464986
Zimbabwe,Lionsden,6.08548571428571
Zimbabwe,Lionsden,6.05794957983193
Zimbabwe,Harare,6.05380840336134
Zimbabwe,Harare,5.97770756302521
Zimbabwe,Chisumbanje,5.94435585434174
Zimbabwe,Harare,5.94404929971989
Zimbabwe,Mvurwi,5.92457142857143
Zimbabwe,Chisumbanje,5.92403540616246
Zimbabwe,Mvurwi,5.92188235294118
Zimbabwe,Lionsden,5.87946666666667
Zimbabwe,Lionsden,5.85831260504202
Zimbabwe,Chisumbanje,5.81420280112045
Zimbabwe,Chisumbanje,5.80694050420168
Zimbabwe,Lionsden,5.76200784313725
Zimbabwe,Chisumbanje,5.75225725490196
Zimbabwe,Chisumbanje,5.7411943977591
Zimbabwe,Lionsden,5.73956302521008
Zimbabwe,Harare,5.70438991596639
Zimbabwe,Chisumbanje,5.7025774789916
Zimbabwe,Harare,5.69022745098039
Zimbabwe,Mvurwi,5.67593949579832
Zimbabwe,Chisumbanje,5.66804078431373
Zimbabwe,Harare,5.64705882352941
Zimbabwe,Lionsden,5.64454901960784
Zimbabwe,Mvurwi,5.62971428571429
Zimbabwe,Harare,5.62108235294118
Zimbabwe,Chisumbanje,5.6157687394958
Zimbabwe,Chisumbanje,5.60685535014006
Zimbabwe,Mvurwi,5.59253333333333
Zimbabwe,Chisumbanje,5.57649030812325
Zimbabwe,Mvurwi,5.55657142857143
Zimbabwe,Chisumbanje,5.5560443697479
Zimbabwe,Harare,5.54967843137255
Zimbabwe,Chisumbanje,5.54933422969188
Zimbabwe,Chisumbanje,5.52080134453781
Zimbabwe,Chisumbanje,5.51809075630252
Zimbabwe,Chisumbanje,5.51455193277311
Zimbabwe,Chisumbanje,5.50472246498599
Zimbabwe,Chisumbanje,5.50431193277311
Zimbabwe,Chisumbanje,5.49140257703081
Zimbabwe,Mvurwi,5.46487394957983
Zimbabwe,Chisumbanje,5.45495663865546
Zimbabwe,Mvurwi,5.45344537815126
Zimbabwe,Mvurwi,5.43847619047619
Zimbabwe,Chisumbanje,5.40952380952381
Zimbabwe,Chisumbanje,5.40517109243697
Zimbabwe,Chisumbanje,5.40464941176471
Zimbabwe,Chisumbanje,5.40437333333333
Zimbabwe,Chisumbanje,5.40329949579832
Zimbabwe,Chisumbanje,5.40133467787115
Zimbabwe,Chisumbanje,5.39168268907563
Zimbabwe,Chisumbanje,5.384361232493
Zimbabwe,Chisumbanje,5.33878319327731
Zimbabwe,Chisumbanje,5.3285862184874
Zimbabwe,Mvurwi,5.26804257703081
Zimbabwe,Mvurwi,5.26757647058824
Zimbabwe,Chisumbanje,5.25790476190476
Zimbabwe,Chisumbanje,5.25673411764706
Zimbabwe,Chisumbanje,5.24852885154062
Zimbabwe,Chisumbanje,5.23030588235294
Zimbabwe,Mvurwi,5.22648739495798
Zimbabwe,Lionsden,5.21013781512605
Zimbabwe,Chisumbanje,5.20734117647059
Zimbabwe,Lionsden,5.20432941176471
Zimbabwe,Mvurwi,5.20426666666667
Zimbabwe,Lionsden,5.19271260504202
Zimbabwe,Chisumbanje,5.18485333333333
Zimbabwe,Chisumbanje,5.13753277310924
Zimbabwe,Chisumbanje,5.13306352941176
Zimbabwe,Mvurwi,5.13072941176471
Zimbabwe,Chisumbanje,5.12717086834734
Zimbabwe,Chisumbanje,5.12068840336134
Zimbabwe,Mvurwi,5.10747787114846
Zimbabwe,Lionsden,5.10558655462185
Zimbabwe,Chisumbanje,5.10198857142857
Zimbabwe,Mvurwi,5.09421176470588
Zimbabwe,Chisumbanje,5.08651025210084
Zimbabwe,Mvurwi,5.08227226890756
Zimbabwe,Mvurwi,5.07592605042017
Zimbabwe,Mvurwi,5.07252885154062
Zimbabwe,Mvurwi,5.06116302521008
Zimbabwe,Lionsden,5.03954285714286
Zimbabwe,Chisumbanje,5.03612235294118
Zimbabwe,Chisumbanje,5.02596840336134
Zimbabwe,Chisumbanje,5.00678095238095
Zimbabwe,Harare,5.00103529411765
Zimbabwe,Mvurwi,4.98974117647059
Zimbabwe,Chisumbanje,4.98962464985994
Zimbabwe,Chisumbanje,4.98748235294118
Zimbabwe,Mvurwi,4.97260280112045
Zimbabwe,Mvurwi,4.96641792717087
Zimbabwe,Chisumbanje,4.96030476190476
Zimbabwe,Mvurwi,4.93323473389356
Zimbabwe,Mvurwi,4.92952380952381
Zimbabwe,Chisumbanje,4.90747697478992
Zimbabwe,Mvurwi,4.89971092436975
Zimbabwe,Chisumbanje,4.88400672268908
Zimbabwe,Harare,4.85324369747899
Zimbabwe,Chisumbanje,4.82985411764706
Zimbabwe,Chisumbanje,4.8144062745098
Zimbabwe,Chisumbanje,4.79497680672269
Zimbabwe,Chisumbanje,4.7947025210084
Zimbabwe,Chisumbanje,4.77498980392157
Zimbabwe,Lionsden,4.75987899159664
Zimbabwe,Chisumbanje,4.75391282913165
Zimbabwe,Mvurwi,4.72654341736695
Zimbabwe,Mvurwi,4.70936022408964
Zimbabwe,Chisumbanje,4.70727529411765
Zimbabwe,Lionsden,4.70602577030812
Zimbabwe,Mvurwi,4.68906666666667
Zimbabwe,Mvurwi,4.65156302521008
Zimbabwe,Chisumbanje,4.64492817927171
Zimbabwe,Chisumbanje,4.62533557422969
Zimbabwe,Mvurwi,4.59477871148459
Zimbabwe,Chisumbanje,4.58857411764706
Zimbabwe,Chisumbanje,4.57996190476191
Zimbabwe,Chisumbanje,4.57576336134454
Zimbabwe,Chisumbanje,4.56463058823529
Zimbabwe,Chisumbanje,4.54106352941177
Zimbabwe,Chisumbanje,4.51606050420168
Zimbabwe,Chisumbanje,4.50225120448179
Zimbabwe,Mvurwi,4.44867226890756
Zimbabwe,Chisumbanje,4.44059966386555
Zimbabwe,Chisumbanje,4.41876078431372
Zimbabwe,Chisumbanje,4.41002666666667
Zimbabwe,Lionsden,4.39373445378151
Zimbabwe,Chisumbanje,4.38730756302521
Zimbabwe,Mvurwi,4.38670700280112
Zimbabwe,Mvurwi,4.38308571428571
Zimbabwe,Chisumbanje,4.37641680672269
Zimbabwe,Mvurwi,4.35662521008403
Zimbabwe,Mvurwi,4.33000336134454
Zimbabwe,Mvurwi,4.3220974789916
Zimbabwe,Lionsden,4.26157535014006
Zimbabwe,Chisumbanje,4.25915159663866
Zimbabwe,Harare,4.23484593837535
Zimbabwe,Mvurwi,4.22642016806723
Zimbabwe,Harare,4.22498599439776
Zimbabwe,Lionsden,4.20392156862745
Zimbabwe,Chisumbanje,4.19486834733894
Zimbabwe,Lionsden,4.19029691876751
Zimbabwe,Mvurwi,4.18810980392157
Zimbabwe,Mvurwi,4.17887731092437
Zimbabwe,Chisumbanje,4.17335932773109
Zimbabwe,Lionsden,4.14117647058824
Zimbabwe,Mvurwi,4.13820056022409
Zimbabwe,Chisumbanje,4.12182588235294
Zimbabwe,Mvurwi,4.11105882352941
Zimbabwe,Lionsden,4.10173669467787
Zimbabwe,Lionsden,4.08452661064426
Zimbabwe,Chisumbanje,4.0736537815126
Zimbabwe,Mvurwi,4.07190588235294
Zimbabwe,Chisumbanje,4.05260907563025
Zimbabwe,Lionsden,4.04537366946779
Zimbabwe,Lionsden,4.03863305322129
Zimbabwe,Mvurwi,4.02264201680672
Zimbabwe,Mvurwi,3.99582296918767
Zimbabwe,Mvurwi,3.98944985994398
Zimbabwe,Lionsden,3.97617478991597
Zimbabwe,Mvurwi,3.97148683473389
Zimbabwe,Lionsden,3.96742633053221
Zimbabwe,Mvurwi,3.95084369747899
Zimbabwe,Chisumbanje,3.94752
Zimbabwe,Mvurwi,3.93216358543417
Zimbabwe,Chisumbanje,3.93001232492997
Zimbabwe,Lionsden,3.91687170868347
Zimbabwe,Mvurwi,3.91529411764706
Zimbabwe,Harare,3.91013109243697
Zimbabwe,Lionsden,3.90668907563025
Zimbabwe,Lionsden,3.90181288515406
Zimbabwe,Mvurwi,3.90107787114846
Zimbabwe,Chisumbanje,3.89559215686275
Zimbabwe,Lionsden,3.83354621848739
Zimbabwe,Chisumbanje,3.81176470588235
Zimbabwe,Lionsden,3.80557983193277
Zimbabwe,Chisumbanje,3.76837736694678
Zimbabwe,Mvurwi,3.75830588235294
Zimbabwe,Lionsden,3.75696134453781
Zimbabwe,Harare,3.75610084033613
Zimbabwe,Chisumbanje,3.75265882352941
Zimbabwe,Chisumbanje,3.74827742296919
Zimbabwe,Chisumbanje,3.72226868347339
Zimbabwe,Mvurwi,3.71834621848739
Zimbabwe,Mvurwi,3.70321568627451
Zimbabwe,Harare,3.69622408963585
Zimbabwe,Mvurwi,3.68475070028011
Zimbabwe,Chisumbanje,3.66250666666667
Zimbabwe,Mvurwi,3.63796078431373
Zimbabwe,Mvurwi,3.63001008403361
Zimbabwe,Mvurwi,3.60829131652661
Zimbabwe,Mvurwi,3.59893333333333
Zimbabwe,Chisumbanje,3.58769299719888
Zimbabwe,Harare,3.58668907563025
Zimbabwe,Mvurwi,3.58201008403361
Zimbabwe,Harare,3.58098823529412
Zimbabwe,Lionsden,3.57797647058824
Zimbabwe,Mvurwi,3.57718767507003
Zimbabwe,Lionsden,3.56592941176471
Zimbabwe,Chisumbanje,3.54110924369748
Zimbabwe,Mvurwi,3.52415910364146
Zimbabwe,Mvurwi,3.5018756302521
Zimbabwe,Mvurwi,3.47858823529412
Zimbabwe,Mvurwi,3.46783193277311
Zimbabwe,Harare,3.46553725490196
Zimbabwe,Harare,3.43914845938375
Zimbabwe,Mvurwi,3.43126050420168
Zimbabwe,Mvurwi,3.42801568627451
Zimbabwe,Chisumbanje,3.41831529411765
Zimbabwe,Chisumbanje,3.41568537815126
Zimbabwe,Harare,3.41548459383753
Zimbabwe,Chisumbanje,3.39379271708683
Zimbabwe,Chisumbanje,3.37451025210084
Zimbabwe,Harare,3.37271036414566
Zimbabwe,Harare,3.35316974789916
Zimbabwe,Chisumbanje,3.34418106442577
Zimbabwe,Mvurwi,3.34417927170868
Zimbabwe,Mvurwi,3.31619495798319
Zimbabwe,Harare,3.30236414565826
Zimbabwe,Chisumbanje,3.29126005602241
Zimbabwe,Harare,3.29063977591036
Zimbabwe,Mvurwi,3.28045714285714
Zimbabwe,Harare,3.26848179271709
Zimbabwe,Chisumbanje,3.26561344537815
Zimbabwe,Harare,3.264
Zimbabwe,Mvurwi,3.25743865546218
Zimbabwe,Mvurwi,3.24254117647059
Zimbabwe,Harare,3.23807731092437
Zimbabwe,Chisumbanje,3.22485243697479
Zimbabwe,Chisumbanje,3.22363518207283
Zimbabwe,Mvurwi,3.22352941176471
Zimbabwe,Chisumbanje,3.21718857142857
Zimbabwe,Harare,3.16489859943978
Zimbabwe,Mvurwi,3.15790700280112
Zimbabwe,Mvurwi,3.1342431372549
Zimbabwe,Harare,3.13166162464986
Zimbabwe,Mvurwi,3.12769075630252
Zimbabwe,Mvurwi,3.12513613445378
Zimbabwe,Chisumbanje,3.11404638655462
Zimbabwe,Harare,3.10857142857143
Zimbabwe,Mvurwi,3.07877647058823
Zimbabwe,Mvurwi,3.07692100840336
Zimbabwe,Mvurwi,3.07366722689076
Zimbabwe,Harare,3.05837535014006
Zimbabwe,Mvurwi,3.0570756302521
Zimbabwe,Chisumbanje,3.05299361344538
Zimbabwe,Mvurwi,3.04966274509804
Zimbabwe,Harare,3.04761904761905
Zimbabwe,Mvurwi,3.04086050420168
Zimbabwe,Mvurwi,3.03543753501401
Zimbabwe,Harare,3.03489075630252
Zimbabwe,Harare,3.03270364145658
Zimbabwe,Harare,3.03234509803922
Zimbabwe,Chisumbanje,3.01967058823529
Zimbabwe,Chisumbanje,2.9909512605042
Zimbabwe,Harare,2.98946330532213
Zimbabwe,Chisumbanje,2.97867831932773
Zimbabwe,Mvurwi,2.97398319327731
Zimbabwe,Chisumbanje,2.95806924369748
Zimbabwe,Chisumbanje,2.94632336134454
Zimbabwe,Chisumbanje,2.94530868347339
Zimbabwe,Chisumbanje,2.94298890756303
Zimbabwe,Chisumbanje,2.93624470588235
Zimbabwe,Chisumbanje,2.92698352941176
Zimbabwe,Chisumbanje,2.91423193277311
Zimbabwe,Chisumbanje,2.89122240896359
Zimbabwe,Chisumbanje,2.88007170868347
Zimbabwe,Mvurwi,2.87844033613445
Zimbabwe,Mvurwi,2.87256022408964
Zimbabwe,Harare,2.86318431372549
Zimbabwe,Mvurwi,2.85722352941176
Zimbabwe,Chisumbanje,2.85289411764706
Zimbabwe,Harare,2.84669131652661
Zimbabwe,Chisumbanje,2.8249868907563
Zimbabwe,Chisumbanje,2.81959977591036
Zimbabwe,Chisumbanje,2.80771764705882
Zimbabwe,Chisumbanje,2.79981535014006
Zimbabwe,Chisumbanje,2.7761568627451
Zimbabwe,Harare,2.75899159663866
Zimbabwe,Mvurwi,2.75748571428571
Zimbabwe,Mvurwi,2.75714509803922
Zimbabwe,Chisumbanje,2.74620593837535
Zimbabwe,Mvurwi,2.74619159663866
Zimbabwe,Mvurwi,2.74608403361345
Zimbabwe,Chisumbanje,2.73807596638655
Zimbabwe,Chisumbanje,2.72116885154062
Zimbabwe,Mvurwi,2.72066330532213
Zimbabwe,Mvurwi,2.71763361344538
Zimbabwe,Harare,2.69821848739496
Zimbabwe,Harare,2.69197983193277
Zimbabwe,Harare,2.66702521008403
Zimbabwe,Chisumbanje,2.64807619047619
Zimbabwe,Harare,2.63945322128852
Zimbabwe,Harare,2.63314285714286
Zimbabwe,Chisumbanje,2.62613333333333
Zimbabwe,Chisumbanje,2.60957579831933
Zimbabwe,Harare,2.59961904761905
Zimbabwe,Chisumbanje,2.5941512605042
Zimbabwe,Harare,2.57807058823529
Zimbabwe,Chisumbanje,2.56791305322129
Zimbabwe,Chisumbanje,2.5643168627451
Zimbabwe,Chisumbanje,2.55117803921569
Zimbabwe,Chisumbanje,2.53761254901961
Zimbabwe,Harare,2.53138823529412
Zimbabwe,Chisumbanje,2.52808784313725
Zimbabwe,Harare,2.52256806722689
Zimbabwe,Harare,2.50869243697479
Zimbabwe,Chisumbanje,2.49896336134454
Zimbabwe,Harare,2.48599663865546
Zimbabwe,Chisumbanje,2.48075831932773
Zimbabwe,Chisumbanje,2.46228616246499
Zimbabwe,Chisumbanje,2.45345703081232
Zimbabwe,Chisumbanje,2.45265568627451
Zimbabwe,Chisumbanje,2.43749647058824
Zimbabwe,Chisumbanje,2.43498487394958
Zimbabwe,Harare,2.43027899159664
Zimbabwe,Chisumbanje,2.41844705882353
Zimbabwe,Chisumbanje,2.41349915966387
Zimbabwe,Chisumbanje,2.39478857142857
Zimbabwe,Chisumbanje,2.38930285714286
Zimbabwe,Chisumbanje,2.38838857142857
Zimbabwe,Chisumbanje,2.33510005602241
Zimbabwe,Chisumbanje,2.33030991596639
Zimbabwe,Chisumbanje,2.31510588235294
Zimbabwe,Chisumbanje,2.31015977591036
Zimbabwe,Chisumbanje,2.30298352941176
Zimbabwe,Chisumbanje,2.28796235294118
Zimbabwe,Harare,2.26925714285714
Zimbabwe,Chisumbanje,2.25287887955182
Zimbabwe,Chisumbanje,2.24488336134454
Zimbabwe,Harare,2.239318767507
Zimbabwe,Chisumbanje,2.22541445378151
Zimbabwe,Chisumbanje,2.20620369747899
Zimbabwe,Harare,2.18654117647059
Zimbabwe,Harare,2.18603921568627
Zimbabwe,Harare,2.18101960784314
Zimbabwe,Chisumbanje,2.16793098039216
Zimbabwe,Harare,2.15871820728291
Zimbabwe,Chisumbanje,2.1425980952381
Zimbabwe,Chisumbanje,2.14165154061625
Zimbabwe,Harare,2.1358431372549
Zimbabwe,Harare,2.13501848739496
Zimbabwe,Chisumbanje,2.1290218487395
Zimbabwe,Chisumbanje,2.11329075630252
Zimbabwe,Harare,2.11027899159664
Zimbabwe,Chisumbanje,2.10034196078431
Zimbabwe,Chisumbanje,2.08102901960784
Zimbabwe,Chisumbanje,2.06476549019608
Zimbabwe,Chisumbanje,2.01656291316527
Zimbabwe,Chisumbanje,1.98145613445378
Zimbabwe,Chisumbanje,1.97376
Zimbabwe,Chisumbanje,1.97263058823529
Zimbabwe,Chisumbanje,1.95966386554622
Zimbabwe,Chisumbanje,1.91831843137255
Zimbabwe,Chisumbanje,1.90975282913165
Zimbabwe,Chisumbanje,1.90845131652661
Zimbabwe,Chisumbanje,1.89673770308123
Zimbabwe,Chisumbanje,1.86538666666667
Zimbabwe,Chisumbanje,1.86453333333333
Zimbabwe,Chisumbanje,1.86155742296919
Zimbabwe,Chisumbanje,1.84536201680672
Zimbabwe,Chisumbanje,1.83529411764706
Zimbabwe,Chisumbanje,1.79702319327731
Zimbabwe,Chisumbanje,1.78085467787115
Zimbabwe,Chisumbanje,1.77153613445378
Zimbabwe,Chisumbanje,1.76409098039216
Zimbabwe,Chisumbanje,1.73799260504202
Zimbabwe,Chisumbanje,1.73061736694678
Zimbabwe,Chisumbanje,1.72430700280112
Zimbabwe,Chisumbanje,1.7094131092437
Zimbabwe,Chisumbanje,1.70108773109244
Zimbabwe,Chisumbanje,1.67148638655462
Zimbabwe,Chisumbanje,1.64555294117647
Zimbabwe,Chisumbanje,1.60365714285714
Zimbabwe,Chisumbanje,1.6
Zimbabwe,Chisumbanje,1.58974565826331
Zimbabwe,Chisumbanje,1.58884033613445
Zimbabwe,Chisumbanje,1.57490196078431
Zimbabwe,Chisumbanje,1.55933042016807
Zimbabwe,Chisumbanje,1.54340392156863
Zimbabwe,Harare,1.43
Zimbabwe,Harare,1.31036862745098
Zimbabwe,Harare,1.0983619047619
Zimbabwe,Harare,1.02339943977591
Zimbabwe,Harare,1.00178823529412
Zimbabwe,Harare,0.992950140056022
Zimbabwe,Harare,0.989221288515406
Zimbabwe,Harare,0.953304201680672
Zimbabwe,Harare,0.932678991596639
Zimbabwe,Harare,0.906541176470588
Zimbabwe,Harare,0.86367731092437
Zimbabwe,Harare,0.852643137254902
Zimbabwe,Harare,0.840856022408964
Zimbabwe,Harare,0.831847619047619
Zimbabwe,Harare,0.782198319327731
Zimbabwe,Harare,0.765902521008403
Zimbabwe,Harare,0.765059943977591
Zimbabwe,Harare,0.684531092436975
Zimbabwe,Harare,0.676275630252101
Zimbabwe,Harare,0.66592268907563
Zimbabwe,Harare,0.662982633053221
Zimbabwe,Harare,0.644732773109244
Zimbabwe,Harare,0.644392156862745
Zimbabwe,Harare,0.643684033613445
Zimbabwe,Harare,0.638019047619047
Zimbabwe,Harare,0.611513725490196
Zimbabwe,Harare,0.592331652661064
Zimbabwe,Harare,0.589561904761905
Zimbabwe,Harare,0.542906442577031
Zimbabwe,Harare,0.53716974789916
Zimbabwe,Harare,0.530070588235294
Zimbabwe,Harare,0.529613445378151
Zimbabwe,Harare,0.513317647058824
Zimbabwe,Harare,0.50516974789916
Zimbabwe,Harare,0.494287955182073
Zimbabwe,Harare,0.472578151260504
Zimbabwe,Harare,0.470498599439776
Zimbabwe,Harare,0.431838655462185
Zimbabwe,Harare,0.417111484593838
Zimbabwe,Harare,0.415542857142857
Zimbabwe,Harare,0.411428571428571
Zimbabwe,Harare,0.406857142857143
Zimbabwe,Harare,0.39484593837535
Zimbabwe,Harare,0.39441568627451
Zimbabwe,Harare,0.391780392156863
Zimbabwe,Harare,0.391099159663866
Zimbabwe,Harare,0.38958431372549
Zimbabwe,Harare,0.38378487394958
Zimbabwe,Harare,0.382117647058824
Zimbabwe,Harare,0.372419047619048
Zimbabwe,Harare,0.371917086834734
Zimbabwe,Harare,0.350359663865546
Zimbabwe,Harare,0.349974229691877
Zimbabwe,Harare,0.342265546218487
Zimbabwe,Harare,0.341835294117647
Zimbabwe,Harare,0.338070588235294
Zimbabwe,Harare,0.334305882352941
Zimbabwe,Harare,0.333328851540616
Zimbabwe,Harare,0.310776470588235
Zimbabwe,Harare,0.309028571428571
Zimbabwe,Harare,0.305873389355742
Zimbabwe,Harare,0.300808963585434
Zimbabwe,Harare,0.277028571428571
Zimbabwe,Harare,0.276723809523809
Zimbabwe,Harare,0.264739495798319
Zimbabwe,Harare,0.260732773109244
Zimbabwe,Harare,0.260159103641457
Zimbabwe,Harare,0.25258487394958
Zimbabwe,Harare,0.236289075630252
Zimbabwe,Harare,0.232649859943978
Zimbabwe,Harare,0.226635294117647
Zimbabwe,Harare,0.200112044817927
Zimbabwe,Harare,0.195549579831933
Zimbabwe,Harare,0.195334453781513
Zimbabwe,Harare,0.192968067226891
Zimbabwe,Harare,0.176295798319328
Zimbabwe,Harare,0.171105882352941
Zimbabwe,Harare,0.162957983193277
Zimbabwe,Harare,0.154639775910364
Zimbabwe,Harare,0.146823529411765
Zimbabwe,Harare,0.130509803921569
Zimbabwe,Harare,0.113819607843137
Zimbabwe,Harare,0.106039215686275
Zimbabwe,Harare,0.0897254901960784
Zimbabwe,Harare,0.0895282913165266
Zimbabwe,Harare,0.0587294117647059
Zimbabwe,Harare,0.0407843137254902
Zimbabwe,Harare,0.008156862745098
Zimbabwe,Harare,14.9277947936508
Zimbabwe,Harare,14.5253109243697
Zimbabwe,Harare,14.3912156862745
Zimbabwe,Harare,14.1380840336134
Zimbabwe,Shamva,14.0850196078431
Zimbabwe,Harare,14.0461176470588
Zimbabwe,Shamva,14.0461176470588
Zimbabwe,Harare,13.930752
Zimbabwe,Harare,13.7096533333333
Zimbabwe,Harare,13.6720680634921
Zimbabwe,Harare,13.6013445378151
Zimbabwe,Harare,13.4608690196078
Zimbabwe,Harare,13.2355555555556
Zimbabwe,Shamva,13.2126834733894
Zimbabwe,Harare,13.1930087619048
Zimbabwe,Shamva,13.1657142857143
Zimbabwe,Harare,13.144380952381
Zimbabwe,Shamva,13.0895238095238
Zimbabwe,Shamva,12.9807058823529
Zimbabwe,Shamva,12.9656470588235
Zimbabwe,Harare,12.8093042016807
Zimbabwe,Harare,12.7733333333333
Zimbabwe,Harare,12.7512524369748
Zimbabwe,Harare,12.6870044444444
Zimbabwe,Harare,12.6624985994398
Zimbabwe,Harare,12.5486120634921
Zimbabwe,Harare,12.5318937815126
Zimbabwe,Harare,12.5044540952381
Zimbabwe,Harare,12.4952380952381
Zimbabwe,Harare,12.459025210084
Zimbabwe,Harare,12.4187428571429
Zimbabwe,Chinhoyi,12.3776358543417
Zimbabwe,Harare,12.3705457777778
Zimbabwe,Harare,12.37
Zimbabwe,Harare,12.352164929972
Zimbabwe,Harare,12.3496694677871
Zimbabwe,Shamva,12.333893557423
Zimbabwe,Harare,12.3335780392157
Zimbabwe,Shamva,12.2908683473389
Zimbabwe,Harare,12.2847731092437
Zimbabwe,Harare,12.2812464761905
Zimbabwe,Harare,12.2421458823529
Zimbabwe,Harare,12.2191596638655
Zimbabwe,Shamva,12.0947450980392
Zimbabwe,Harare,12.0783256022409
Zimbabwe,Harare,12.0664201680672
Zimbabwe,Chinhoyi,12.0646274509804
Zimbabwe,Harare,12.053512605042
Zimbabwe,Harare,12.0409994397759
Zimbabwe,Harare,12.0370196078431
Zimbabwe,Harare,11.9867570793651
Zimbabwe,Shamva,11.9696134453782
Zimbabwe,Harare,11.9625357983193
Zimbabwe,Harare,11.9455207619048
Zimbabwe,Harare,11.9403921568627
Zimbabwe,Harare,11.9216355555556
Zimbabwe,Harare,11.8949302857143
Zimbabwe,Harare,11.8776198095238
Zimbabwe,Harare,11.8713725490196
Zimbabwe,Harare,11.864064
Zimbabwe,Harare,11.8440156862745
Zimbabwe,Harare,11.7892998095238
Zimbabwe,Shamva,11.7580728291317
Zimbabwe,Harare,11.7558613333333
Zimbabwe,Shamva,11.7308235294118
Zimbabwe,Chinhoyi,11.7152268907563
Zimbabwe,Harare,11.7054171428571
Zimbabwe,Shamva,11.662700280112
Zimbabwe,Harare,11.5954823529412
Zimbabwe,Chinhoyi,11.5595831932773
Zimbabwe,Harare,11.5453239215686
Zimbabwe,Shamva,11.541512605042
Zimbabwe,Harare,11.5226890756303
Zimbabwe,Harare,11.5095592156863
Zimbabwe,Harare,11.509243697479
Zimbabwe,Harare,11.4689075630252
Zimbabwe,Harare,11.4482913165266
Zimbabwe,Harare,11.4366207282913
Zimbabwe,Harare,11.4088515406162
Zimbabwe,Shamva,11.4088515406162
Zimbabwe,Harare,11.3833949579832
Zimbabwe,Chinhoyi,11.3646503081232
Zimbabwe,Harare,11.3639619047619
Zimbabwe,Harare,11.3462857142857
Zimbabwe,Harare,11.3403966386555
Zimbabwe,Harare,11.3397960784314
Zimbabwe,Harare,11.3313882352941
Zimbabwe,Harare,11.2947235854342
Zimbabwe,Harare,11.2923428571429
Zimbabwe,Harare,11.2468805079365
Zimbabwe,Shamva,11.2154173669468
Zimbabwe,Harare,11.2122514285714
Zimbabwe,Harare,11.2110718207283
Zimbabwe,Harare,11.2098742857143
Zimbabwe,Harare,11.2095462184874
Zimbabwe,Shamva,11.2023305322129
Zimbabwe,Chinhoyi,11.1976336134454
Zimbabwe,Harare,11.1881680672269
Zimbabwe,Harare,11.1880927731092
Zimbabwe,Shamva,11.1761568627451
Zimbabwe,Harare,11.1313712044818
Zimbabwe,Chinhoyi,11.1164952380952
Zimbabwe,Harare,11.1134117647059
Zimbabwe,Shamva,11.1134117647059
Zimbabwe,Harare,11.0999341176471
Zimbabwe,Harare,11.0899748571429
Zimbabwe,Shamva,11.0875966386555
Zimbabwe,Chinhoyi,11.0681635854342
Zimbabwe,Harare,11.0354285714286
Zimbabwe,Shamva,11.0101512605042
Zimbabwe,Shamva,10.9803921568627
Zimbabwe,Harare,10.9620168067227
Zimbabwe,Harare,10.9336022408964
Zimbabwe,Shamva,10.9336022408964
Zimbabwe,Harare,10.9022117647059
Zimbabwe,Harare,10.8937853968254
Zimbabwe,Harare,10.8871842539683
Zimbabwe,Harare,10.8739047619048
Zimbabwe,Chinhoyi,10.8703193277311
Zimbabwe,Shamva,10.8699607843137
Zimbabwe,Harare,10.8423529411765
Zimbabwe,Shamva,10.8423529411765
Zimbabwe,Shamva,10.8172549019608
Zimbabwe,Harare,10.814780952381
Zimbabwe,Harare,10.8057994397759
Zimbabwe,Harare,10.7987899159664
Zimbabwe,Harare,10.7694789915966
Zimbabwe,Harare,10.769425210084
Zimbabwe,Chinhoyi,10.7649075630252
Zimbabwe,Shamva,10.7545098039216
Zimbabwe,Harare,10.7495798319328
Zimbabwe,Harare,10.7306971428571
Zimbabwe,Chinhoyi,10.7212369747899
Zimbabwe,Harare,10.7210218487395
Zimbabwe,Harare,10.6725736694678
Zimbabwe,Harare,10.6506433613445
Zimbabwe,Shamva,10.6503529411765
Zimbabwe,Harare,10.6448672268908
Zimbabwe,Harare,10.6422857142857
Zimbabwe,Harare,10.6402635294118
Zimbabwe,Harare,10.6306011428571
Zimbabwe,Shamva,10.6179047619048
Zimbabwe,Chinhoyi,10.600443697479
Zimbabwe,Harare,10.6003325490196
Zimbabwe,Shamva,10.5813333333333
Zimbabwe,Harare,10.5628525714286
Zimbabwe,Harare,10.557357535014
Zimbabwe,Harare,10.5566943492063
Zimbabwe,Harare,10.5461566386555
Zimbabwe,Shamva,10.5447619047619
Zimbabwe,Harare,10.5416167619048
Zimbabwe,Harare,10.5335466666667
Zimbabwe,Harare,10.5325714285714
Zimbabwe,Harare,10.5299504761905
Zimbabwe,Harare,10.5229307936508
Zimbabwe,Harare,10.5207287394958
Zimbabwe,Chinhoyi,10.5142857142857
Zimbabwe,Shamva,10.5081904761905
Zimbabwe,Harare,10.4986514285714
Zimbabwe,Harare,10.4901539495798
Zimbabwe,Harare,10.483968
Zimbabwe,Shamva,10.471619047619
Zimbabwe,Harare,10.4699159663866
Zimbabwe,Harare,10.4676732773109
Zimbabwe,Chinhoyi,10.4658823529412
Zimbabwe,Chinhoyi,10.4646991596639
Zimbabwe,Chinhoyi,10.4553411764706
Zimbabwe,Harare,10.4390156190476
Zimbabwe,Shamva,10.4228571428571
Zimbabwe,Harare,10.4139831932773
Zimbabwe,Harare,10.4047381512605
Zimbabwe,Shamva,10.3896918767507
Zimbabwe,Harare,10.3869358730159
Zimbabwe,Harare,10.3822344126984
Zimbabwe,Harare,10.3766050420168
Zimbabwe,Harare,10.3760672268908
Zimbabwe,Harare,10.3629803921569
Zimbabwe,Chinhoyi,10.3617254901961
Zimbabwe,Harare,10.3574677871148
Zimbabwe,Shamva,10.3536582633053
Zimbabwe,Shamva,10.3416470588235
Zimbabwe,Shamva,10.3411092436975
Zimbabwe,Chinhoyi,10.3385994397759
Zimbabwe,Harare,10.3314070588235
Zimbabwe,Harare,10.3283666106443
Zimbabwe,Harare,10.3273949579832
Zimbabwe,Harare,10.324974789916
Zimbabwe,Harare,10.3157871148459
Zimbabwe,Chinhoyi,10.3150072829132
Zimbabwe,Harare,10.293781512605
Zimbabwe,Harare,10.2915818487395
Zimbabwe,Harare,10.2903287394958
Zimbabwe,Shamva,10.2819495798319
Zimbabwe,Harare,10.2801568627451
Zimbabwe,Harare,10.2757969747899
Zimbabwe,Harare,10.2530420168067
Zimbabwe,Harare,10.2527569747899
Zimbabwe,Harare,10.2479238095238
Zimbabwe,Harare,10.2468835555556
Zimbabwe,Harare,10.2376981512605
Zimbabwe,Harare,10.2349206349206
Zimbabwe,Harare,10.2310765714286
Zimbabwe,Harare,10.2289855462185
Zimbabwe,Harare,10.2288349579832
Zimbabwe,Harare,10.2247152941176
Zimbabwe,Harare,10.2164795518207
Zimbabwe,Harare,10.2151457703081
Zimbabwe,Harare,10.2109579831933
Zimbabwe,Harare,10.1981622857143
Zimbabwe,Harare,10.1892571428571
Zimbabwe,Shamva,10.1754621848739
Zimbabwe,Harare,10.1653727731092
Zimbabwe,Shamva,10.1636302521008
Zimbabwe,Harare,10.1630207282913
Zimbabwe,Harare,10.1617478991597
Zimbabwe,Harare,10.1577874285714
Zimbabwe,Harare,10.1500235294118
Zimbabwe,Harare,10.1419025210084
Zimbabwe,Harare,10.1417244444444
Zimbabwe,Harare,10.1402331428571
Zimbabwe,Harare,10.113852952381
Zimbabwe,Harare,10.112991372549
Zimbabwe,Harare,10.1097305396825
Zimbabwe,Harare,10.1028571428571
Zimbabwe,Harare,10.0856888888889
Zimbabwe,Harare,10.0848080672269
Zimbabwe,Harare,10.0801756862745
Zimbabwe,Harare,10.0774346218487
Zimbabwe,Harare,10.0531235854342
Zimbabwe,Harare,10.0528843174603
Zimbabwe,Harare,10.0520909803922
Zimbabwe,Harare,10.0394792156863
Zimbabwe,Harare,10.028036302521
Zimbabwe,Chinhoyi,10.0222207282913
Zimbabwe,Chinhoyi,10.021180952381
Zimbabwe,Harare,10.0169142857143
Zimbabwe,Chinhoyi,10.00278767507
Zimbabwe,Harare,10.0021835294118
Zimbabwe,Harare,9.99730554621849
Zimbabwe,Shamva,9.98633053221289
Zimbabwe,Harare,9.97467787114846
Zimbabwe,Harare,9.9549956302521
Zimbabwe,Shamva,9.93595518207283
Zimbabwe,Harare,9.9252562464986
Zimbabwe,Harare,9.92448179271709
Zimbabwe,Harare,9.92405871148459
Zimbabwe,Harare,9.9015350140056
Zimbabwe,Harare,9.9008
Zimbabwe,Shamva,9.89006162464986
Zimbabwe,Harare,9.88702117647059
Zimbabwe,Harare,9.88452571428571
Zimbabwe,Harare,9.88235294117647
Zimbabwe,Harare,9.87858823529412
Zimbabwe,Harare,9.86711484593838
Zimbabwe,Shamva,9.86711484593838
Zimbabwe,Harare,9.84889008403361
Zimbabwe,Harare,9.83703663865546
Zimbabwe,Harare,9.83269467787115
Zimbabwe,Chinhoyi,9.81858599439776
Zimbabwe,Shamva,9.81458823529412
Zimbabwe,Harare,9.81024507936508
Zimbabwe,Harare,9.80649232492997
Zimbabwe,Harare,9.80590789915966
Zimbabwe,Shamva,9.80329411764706
Zimbabwe,Harare,9.80201447619048
Zimbabwe,Harare,9.79830319327731
Zimbabwe,Harare,9.792
Zimbabwe,Harare,9.78070588235294
Zimbabwe,Harare,9.77519327731092
Zimbabwe,Shamva,9.75811764705882
Zimbabwe,Shamva,9.73552941176471
Zimbabwe,Harare,9.73229893557423
Zimbabwe,Harare,9.72082016806723
Zimbabwe,Chinhoyi,9.71025210084034
Zimbabwe,Harare,9.69283764705882
Zimbabwe,Harare,9.68583529411765
Zimbabwe,Chinhoyi,9.68411428571429
Zimbabwe,Harare,9.66860369747899
Zimbabwe,Harare,9.66508459383754
Zimbabwe,Harare,9.64427294117647
Zimbabwe,Harare,9.64374946778711
Zimbabwe,Harare,9.6333246984127
Zimbabwe,Harare,9.59021176470588
Zimbabwe,Harare,9.58808560224089
Zimbabwe,Harare,9.58263932773109
Zimbabwe,Harare,9.58099719887955
Zimbabwe,Harare,9.57290845938375
Zimbabwe,Harare,9.5663806984127
Zimbabwe,Harare,9.56115540616246
Zimbabwe,Harare,9.56049568627451
Zimbabwe,Harare,9.5576918767507
Zimbabwe,Harare,9.54675630252101
Zimbabwe,Harare,9.54003719887955
Zimbabwe,Harare,9.53582072829132
Zimbabwe,Chinhoyi,9.52983305322129
Zimbabwe,Harare,9.52488515406162
Zimbabwe,Harare,9.52233949579832
Zimbabwe,Harare,9.51777882352941
Zimbabwe,Harare,9.50561703081232
Zimbabwe,Harare,9.49838879551821
Zimbabwe,Harare,9.49564952380952
Zimbabwe,Harare,9.48885154061625
Zimbabwe,Harare,9.48528761904762
Zimbabwe,Harare,9.4520094117647
Zimbabwe,Harare,9.44625777777778
Zimbabwe,Harare,9.44463596638655
Zimbabwe,Chinhoyi,9.41456134453781
Zimbabwe,Harare,9.41361777777777
Zimbabwe,Harare,9.41270050420168
Zimbabwe,Harare,9.39328
Zimbabwe,Harare,9.39105882352941
Zimbabwe,Harare,9.38539885714286
Zimbabwe,Chinhoyi,9.37680672268908
Zimbabwe,Harare,9.36990476190476
Zimbabwe,Harare,9.35499294117647
Zimbabwe,Harare,9.35217478991597
Zimbabwe,Harare,9.34049344537815
Zimbabwe,Harare,9.33888
Zimbabwe,Harare,9.33016022408964
Zimbabwe,Harare,9.32444862745098
Zimbabwe,Harare,9.32301086834734
Zimbabwe,Kwekwe,9.32007260504202
Zimbabwe,Chinhoyi,9.31942184873949
Zimbabwe,Harare,9.31065546218488
Zimbabwe,Harare,9.30707899159664
Zimbabwe,Chinhoyi,9.29057703081233
Zimbabwe,Harare,9.28628705882353
Zimbabwe,Chinhoyi,9.27365378151261
Zimbabwe,Harare,9.25631820728291
Zimbabwe,Chinhoyi,9.25343193277311
Zimbabwe,Harare,9.22767058823529
Zimbabwe,Harare,9.21087282913165
Zimbabwe,Harare,9.20648784313726
Zimbabwe,Harare,9.19934565826331
Zimbabwe,Harare,9.19235047619048
Zimbabwe,Harare,9.18753165266106
Zimbabwe,Harare,9.18016
Zimbabwe,Harare,9.14913165266107
Zimbabwe,Harare,9.14766831746032
Zimbabwe,Harare,9.14040470588235
Zimbabwe,Harare,9.13311695238095
Zimbabwe,Harare,9.13157019607843
Zimbabwe,Harare,9.12819988795518
Zimbabwe,Chinhoyi,9.12026890756302
Zimbabwe,Harare,9.10913254901961
Zimbabwe,Harare,9.10455753501401
Zimbabwe,Harare,9.09581983193277
Zimbabwe,Harare,9.08571607843137
Zimbabwe,Harare,9.07771697478992
Zimbabwe,Harare,9.06938442577031
Zimbabwe,Chinhoyi,9.06290196078431
Zimbabwe,Harare,9.05562352941176
Zimbabwe,Harare,9.05482039215686
Zimbabwe,Harare,9.05393837535014
Zimbabwe,Harare,9.04481344537815
Zimbabwe,Chinhoyi,9.04371988795518
Zimbabwe,Harare,9.04157257142857
Zimbabwe,Harare,9.03565266106443
Zimbabwe,Chinhoyi,9.02754957983193
Zimbabwe,Harare,9.02349445378151
Zimbabwe,Harare,9.00419047619047
Zimbabwe,Harare,9.00323316526611
Zimbabwe,Harare,8.98935574229692
Zimbabwe,Harare,8.98248784313726
Zimbabwe,Harare,8.97262789915967
Zimbabwe,Harare,8.9647937254902
Zimbabwe,Harare,8.95931159663866
Zimbabwe,Harare,8.95332212885154
Zimbabwe,Chinhoyi,8.95157422969188
Zimbabwe,Kwekwe,8.94034285714286
Zimbabwe,Harare,8.93021042016807
Zimbabwe,Harare,8.92588638655462
Zimbabwe,Harare,8.91686196825397
Zimbabwe,Harare,8.91327641456583
Zimbabwe,Harare,8.91009075630252
Zimbabwe,Harare,8.90048179271709
Zimbabwe,Harare,8.89756850793651
Zimbabwe,Harare,8.89057882352941
Zimbabwe,Harare,8.88259764705882
Zimbabwe,Harare,8.87819114845938
Zimbabwe,Harare,8.86746711484594
Zimbabwe,Harare,8.85781512605042
Zimbabwe,Chinhoyi,8.84250532212885
Zimbabwe,Harare,8.80157042016807
Zimbabwe,Harare,8.8007233015873
Zimbabwe,Harare,8.7978756302521
Zimbabwe,Harare,8.79388683473389
Zimbabwe,Harare,8.78913254901961
Zimbabwe,Harare,8.77939630252101
Zimbabwe,Harare,8.76730084033614
Zimbabwe,Harare,8.74486677871148
Zimbabwe,Harare,8.70588414565827
Zimbabwe,Harare,8.69216806722689
Zimbabwe,Harare,8.68623058823529
Zimbabwe,Harare,8.68134005602241
Zimbabwe,Harare,8.67173109243697
Zimbabwe,Chinhoyi,8.66957983193277
Zimbabwe,Harare,8.65808492997199
Zimbabwe,Harare,8.65269243697479
Zimbabwe,Harare,8.64761366946779
Zimbabwe,Harare,8.64169949579832
Zimbabwe,Chinhoyi,8.640681232493
Zimbabwe,Harare,8.64032448179272
Zimbabwe,Harare,8.61733647058823
Zimbabwe,Harare,8.59478767507003
Zimbabwe,Harare,8.58813848739496
Zimbabwe,Harare,8.58297546218487
Zimbabwe,Harare,8.57013422969188
Zimbabwe,Harare,8.55995159663865
Zimbabwe,Harare,8.53592201680672
Zimbabwe,Harare,8.51848963585434
Zimbabwe,Harare,8.50505142857143
Zimbabwe,Harare,8.49803473389356
Zimbabwe,Chinhoyi,8.48213333333333
Zimbabwe,Harare,8.48106666666667
Zimbabwe,Chinhoyi,8.48026890756302
Zimbabwe,Harare,8.47516324929972
Zimbabwe,Harare,8.47420235294118
Zimbabwe,Harare,8.4732593837535
Zimbabwe,Harare,8.46961120448179
Zimbabwe,Harare,8.46806050420168
Zimbabwe,Harare,8.46599111111111
Zimbabwe,Harare,8.45992515406162
Zimbabwe,Harare,8.45681120448179
Zimbabwe,Harare,8.45297371428571
Zimbabwe,Chinhoyi,8.44140280112045
Zimbabwe,Harare,8.43683495798319
Zimbabwe,Harare,8.43592067226891
Zimbabwe,Harare,8.40199350140056
Zimbabwe,Harare,8.39994084033613
Zimbabwe,Kwekwe,8.39354442577031
Zimbabwe,Kwekwe,8.3907406162465
Zimbabwe,Harare,8.38050420168067
Zimbabwe,Chinhoyi,8.31921120448179
Zimbabwe,Harare,8.30550767507003
Zimbabwe,Chinhoyi,8.30515630252101
Zimbabwe,Harare,8.26062521008403
Zimbabwe,Chinhoyi,8.25947787114846
Zimbabwe,Harare,8.25293815873016
Zimbabwe,Harare,8.24850285714286
Zimbabwe,Harare,8.23612235294118
Zimbabwe,Harare,8.20848941176471
Zimbabwe,Harare,8.20110521008403
Zimbabwe,Chinhoyi,8.19103193277311
Zimbabwe,Harare,8.18934319327731
Zimbabwe,Chinhoyi,8.18274957983193
Zimbabwe,Harare,8.18107338935574
Zimbabwe,Harare,8.17172974789916
Zimbabwe,Harare,8.1693687394958
Zimbabwe,Harare,8.15634285714286
Zimbabwe,Harare,8.1487381512605
Zimbabwe,Harare,8.14609210084034
Zimbabwe,Harare,8.14328470588235
Zimbabwe,Harare,8.14101154061625
Zimbabwe,Harare,8.13427988795518
Zimbabwe,Harare,8.13283137254902
Zimbabwe,Harare,8.11859899159664
Zimbabwe,Harare,8.10955294117647
Zimbabwe,Harare,8.10423215686275
Zimbabwe,Harare,8.10394412698413
Zimbabwe,Harare,8.10093714285714
Zimbabwe,Harare,8.08663843137255
Zimbabwe,Harare,8.08469512605042
Zimbabwe,Kwekwe,8.08410352941176
Zimbabwe,Chinhoyi,8.05446274509804
Zimbabwe,Harare,8.00545882352941
Zimbabwe,Harare,7.99832584126984
Zimbabwe,Harare,7.99172302521008
Zimbabwe,Harare,7.98195092436975
Zimbabwe,Harare,7.96964033613445
Zimbabwe,Harare,7.95012840336134
Zimbabwe,Chinhoyi,7.9413781512605
Zimbabwe,Harare,7.9384380952381
Zimbabwe,Harare,7.90702431372549
Zimbabwe,Harare,7.88949691876751
Zimbabwe,Kwekwe,7.87761120448179
Zimbabwe,Chinhoyi,7.86909579831933
Zimbabwe,Chinhoyi,7.85088179271709
Zimbabwe,Kwekwe,7.83907137254902
Zimbabwe,Harare,7.8368
Zimbabwe,Harare,7.83011495798319
Zimbabwe,Kwekwe,7.82989983193277
Zimbabwe,Chinhoyi,7.78935574229692
Zimbabwe,Harare,7.78761322128851
Zimbabwe,Harare,7.77729075630252
Zimbabwe,Kwekwe,7.76067226890756
Zimbabwe,Harare,7.75899428571429
Zimbabwe,Harare,7.71385366946779
Zimbabwe,Kwekwe,7.64465120448179
Zimbabwe,Harare,7.60295798319328
Zimbabwe,Harare,7.57694745098039
Zimbabwe,Harare,7.53802397759104
Zimbabwe,Harare,7.53086745098039
Zimbabwe,Kwekwe,7.45850621848739
Zimbabwe,Kwekwe,7.45375551820728
Zimbabwe,Kwekwe,7.4135556302521
Zimbabwe,Harare,7.38755764705882
Zimbabwe,Harare,7.38585098039216
Zimbabwe,Harare,7.35529591036415
Zimbabwe,Harare,7.34053109243697
Zimbabwe,Harare,7.30796638655462
Zimbabwe,Kwekwe,7.30414789915967
Zimbabwe,Harare,7.30413176470588
Zimbabwe,Harare,7.30080806722689
Zimbabwe,Kwekwe,7.23294655462185
Zimbabwe,Harare,7.1678637535014
Zimbabwe,Harare,7.15051025210084
Zimbabwe,Harare,7.14996705882353
Zimbabwe,Kwekwe,7.14224224089636
Zimbabwe,Harare,7.13861378151261
Zimbabwe,Harare,7.13392403361345
Zimbabwe,Harare,7.12510028011204
Zimbabwe,Harare,7.12287910364146
Zimbabwe,Harare,7.11405714285714
Zimbabwe,Harare,7.09937658263305
Zimbabwe,Kwekwe,7.08523025210084
Zimbabwe,Harare,7.08295350140056
Zimbabwe,Kwekwe,7.06248605042017
Zimbabwe,Harare,7.05669019607843
Zimbabwe,Harare,7.05478274509804
Zimbabwe,Kwekwe,7.04710991596639
Zimbabwe,Harare,6.97330196078431
Zimbabwe,Kwekwe,6.95879708683473
Zimbabwe,Harare,6.95433680672269
Zimbabwe,Kwekwe,6.94152425770308
Zimbabwe,Harare,6.93675742296919
Zimbabwe,Harare,6.90173848739496
Zimbabwe,Harare,6.86897478991597
Zimbabwe,Harare,6.86493042016807
Zimbabwe,Kwekwe,6.86359663865546
Zimbabwe,Kwekwe,6.86252100840336
Zimbabwe,Kwekwe,6.83779943977591
Zimbabwe,Harare,6.83252168067227
Zimbabwe,Kwekwe,6.8244150140056
Zimbabwe,Kwekwe,6.79825210084033
Zimbabwe,Kwekwe,6.79682868347339
Zimbabwe,Harare,6.79188078431372
Zimbabwe,Kwekwe,6.7737331092437
Zimbabwe,Harare,6.76523921568628
Zimbabwe,Kwekwe,6.76144941176471
Zimbabwe,Harare,6.75576112044818
Zimbabwe,Harare,6.73504448179272
Zimbabwe,Kwekwe,6.73001949579832
Zimbabwe,Harare,6.72888112044818
Zimbabwe,Kwekwe,6.72825546218487
Zimbabwe,Harare,6.71668705882353
Zimbabwe,Harare,6.71181803921569
Zimbabwe,Kwekwe,6.70628571428571
Zimbabwe,Harare,6.69825075630252
Zimbabwe,Kwekwe,6.68531092436975
Zimbabwe,Harare,6.6813956302521
Zimbabwe,Harare,6.67785680672269
Zimbabwe,Kwekwe,6.67242128851541
Zimbabwe,Kwekwe,6.67149803921569
Zimbabwe,Kwekwe,6.66160044817927
Zimbabwe,Harare,6.65487058823529
Zimbabwe,Kwekwe,6.62426890756302
Zimbabwe,Kwekwe,6.5681425210084
Zimbabwe,Kwekwe,6.51484145658263
Zimbabwe,Kwekwe,6.5076974789916
Zimbabwe,Masvingo,6.40752941176471
Zimbabwe,Kwekwe,6.39621378151261
Zimbabwe,Kwekwe,6.39033546218487
Zimbabwe,Kwekwe,6.33422521008403
Zimbabwe,Kwekwe,6.33293266106443
Zimbabwe,Kwekwe,6.29714285714286
Zimbabwe,Kwekwe,6.29612638655462
Zimbabwe,Kwekwe,6.29149042016807
Zimbabwe,Kwekwe,6.28917422969188
Zimbabwe,Kwekwe,6.28720224089636
Zimbabwe,Kwekwe,6.21402352941177
Zimbabwe,Kwekwe,6.12452392156863
Zimbabwe,Kwekwe,6.10157176470588
Zimbabwe,Kwekwe,6.07558991596639
Zimbabwe,Kwekwe,6.05281165266106
Zimbabwe,Kwekwe,6.048681232493
Zimbabwe,Kwekwe,6.04765221288515
Zimbabwe,Kwekwe,6.03715047619048
Zimbabwe,Kwekwe,5.9652625210084
Zimbabwe,Kwekwe,5.90586980392157
Zimbabwe,Kwekwe,5.89980324929972
Zimbabwe,Kwekwe,5.83559529411765
Zimbabwe,Kwekwe,5.82468302521008
Zimbabwe,Kwekwe,5.81943932773109
Zimbabwe,Kwekwe,5.75186823529412
Zimbabwe,Kwekwe,5.73512605042017
Zimbabwe,Kwekwe,5.72751596638655
Zimbabwe,Kwekwe,5.70185859943978
Zimbabwe,Kwekwe,5.69257949579832
Zimbabwe,Kwekwe,5.67310341736695
Zimbabwe,Kwekwe,5.6664237535014
Zimbabwe,Masvingo,5.65458823529412
Zimbabwe,Harare,5.63313299719888
Zimbabwe,Kwekwe,5.60617411764706
Zimbabwe,Kwekwe,5.58645960784314
Zimbabwe,Harare,5.58555428571429
Zimbabwe,Kwekwe,5.57815753501401
Zimbabwe,Harare,5.57487746031746
Zimbabwe,Kwekwe,5.56648515406162
Zimbabwe,Kwekwe,5.48397176470588
Zimbabwe,Kwekwe,5.46037243697479
Zimbabwe,Kwekwe,5.45750588235294
Zimbabwe,Kwekwe,5.44525983193277
Zimbabwe,Kwekwe,5.43369680672269
Zimbabwe,Harare,5.42652546031746
Zimbabwe,Kwekwe,5.37817277310924
Zimbabwe,Kwekwe,5.35710476190476
Zimbabwe,Chisumbanje,5.31504761904762
Zimbabwe,Chisumbanje,5.30895238095238
Zimbabwe,Kwekwe,5.27269467787115
Zimbabwe,Chisumbanje,5.27238095238095
Zimbabwe,Kwekwe,5.26233098039216
Zimbabwe,Kwekwe,5.19242218487395
Zimbabwe,Masvingo,5.17055462184874
Zimbabwe,Harare,5.16071619047619
Zimbabwe,Kwekwe,5.06652504201681
Zimbabwe,Kwekwe,5.0533037535014
Zimbabwe,Masvingo,5.04685714285714
Zimbabwe,Kwekwe,5.04230364145658
Zimbabwe,Harare,5.022336
Zimbabwe,Kwekwe,4.96676571428571
Zimbabwe,Harare,4.96527058823529
Zimbabwe,Harare,4.96481523809524
Zimbabwe,Chisumbanje,4.93355742296919
Zimbabwe,Kwekwe,4.90831596638656
Zimbabwe,Chisumbanje,4.90720448179272
Zimbabwe,Harare,4.89634133333333
Zimbabwe,Kwekwe,4.88904067226891
Zimbabwe,Harare,4.88658285714286
Zimbabwe,Masvingo,4.87260504201681
Zimbabwe,Kwekwe,4.85829198879552
Zimbabwe,Masvingo,4.83764705882353
Zimbabwe,Chisumbanje,4.8238431372549
Zimbabwe,Masvingo,4.81452100840336
Zimbabwe,Masvingo,4.8
Zimbabwe,Harare,4.78846780952381
Zimbabwe,Harare,4.7527905882353
Zimbabwe,Kwekwe,4.7527081232493
Zimbabwe,Harare,4.73353680672269
Zimbabwe,Harare,4.73114819047619
Zimbabwe,Chisumbanje,4.72825546218487
Zimbabwe,Harare,4.71326834733894
Zimbabwe,Harare,4.65792
Zimbabwe,Chisumbanje,4.65210084033613
Zimbabwe,Harare,4.64663843137255
Zimbabwe,Masvingo,4.64457142857143
Zimbabwe,Masvingo,4.63847619047619
Zimbabwe,Harare,4.60606386554622
Zimbabwe,Harare,4.56943746031746
Zimbabwe,Chisumbanje,4.56808336134454
Zimbabwe,Chisumbanje,4.55421848739496
Zimbabwe,Masvingo,4.5375462184874
Zimbabwe,Kwekwe,4.50463910364146
Zimbabwe,Harare,4.49554285714286
Zimbabwe,Masvingo,4.47838655462185
Zimbabwe,Harare,4.46082844444444
Zimbabwe,Masvingo,4.46063865546218
Zimbabwe,Harare,4.45249828571429
Zimbabwe,Harare,4.41054476190476
Zimbabwe,Harare,4.40593210084034
Zimbabwe,Harare,4.38084266666667
Zimbabwe,Harare,4.3776
Zimbabwe,Chisumbanje,4.37539137254902
Zimbabwe,Harare,4.37464584126984
Zimbabwe,Chisumbanje,4.3739500280112
Zimbabwe,Kwekwe,4.37376896358543
Zimbabwe,Harare,4.34583974603175
Zimbabwe,Harare,4.34297725490196
Zimbabwe,Harare,4.33519327731092
Zimbabwe,Harare,4.32609165266106
Zimbabwe,Harare,4.27874240896359
Zimbabwe,Kwekwe,4.27607305322129
Zimbabwe,Harare,4.27128649859944
Zimbabwe,Chisumbanje,4.26108773109244
Zimbabwe,Chisumbanje,4.25973243697479
Zimbabwe,Chisumbanje,4.24013445378151
Zimbabwe,Kwekwe,4.23663865546219
Zimbabwe,Chisumbanje,4.23045378151261
Zimbabwe,Kwekwe,4.21970823529412
Zimbabwe,Harare,4.21641680672269
Zimbabwe,Harare,4.20274554621849
Zimbabwe,Masvingo,4.19585434173669
Zimbabwe,Masvingo,4.19352380952381
Zimbabwe,Chisumbanje,4.18689075630252
Zimbabwe,Harare,4.15589647058824
Zimbabwe,Harare,4.15548952380952
Zimbabwe,Harare,4.1178550140056
Zimbabwe,Masvingo,4.10747338935574
Zimbabwe,Harare,4.08572773109244
Zimbabwe,Chisumbanje,4.08309243697479
Zimbabwe,Harare,4.07383843137255
Zimbabwe,Harare,4.06091294117647
Zimbabwe,Harare,4.05804100840336
Zimbabwe,Harare,4.05033411764706
Zimbabwe,Kwekwe,4.03282285714286
Zimbabwe,Chisumbanje,4.01399215686274
Zimbabwe,Harare,4.01163831932773
Zimbabwe,Masvingo,4.00313725490196
Zimbabwe,Harare,3.99539092436975
Zimbabwe,Harare,3.98743663865546
Zimbabwe,Harare,3.96936246498599
Zimbabwe,Chisumbanje,3.96566050420168
Zimbabwe,Masvingo,3.9615462184874
Zimbabwe,Harare,3.96029848739496
Zimbabwe,Harare,3.95074509803922
Zimbabwe,Harare,3.94388078431373
Zimbabwe,Harare,3.93598745098039
Zimbabwe,Chisumbanje,3.9181893557423
Zimbabwe,Masvingo,3.91529411764706
Zimbabwe,Harare,3.91015260504202
Zimbabwe,Harare,3.9087256022409
Zimbabwe,Harare,3.90784
Zimbabwe,Harare,3.90783641456583
Zimbabwe,Harare,3.89485714285714
Zimbabwe,Chisumbanje,3.89242980392157
Zimbabwe,Chisumbanje,3.89019607843137
Zimbabwe,Harare,3.88937142857143
Zimbabwe,Chisumbanje,3.88571428571429
Zimbabwe,Chisumbanje,3.8812324929972
Zimbabwe,Harare,3.86255955182073
Zimbabwe,Harare,3.8600031372549
Zimbabwe,Chisumbanje,3.85882352941176
Zimbabwe,Harare,3.85356011204482
Zimbabwe,Kwekwe,3.84562016806723
Zimbabwe,Masvingo,3.84501960784314
Zimbabwe,Chisumbanje,3.82949467787115
Zimbabwe,Harare,3.80543282913165
Zimbabwe,Chisumbanje,3.8048
Zimbabwe,Harare,3.8003881232493
Zimbabwe,Harare,3.8000887394958
Zimbabwe,Chisumbanje,3.79087058823529
Zimbabwe,Chisumbanje,3.78890756302521
Zimbabwe,Chisumbanje,3.78370868347339
Zimbabwe,Harare,3.77539764705882
Zimbabwe,Chisumbanje,3.74662095238095
Zimbabwe,Harare,3.74554890756303
Zimbabwe,Masvingo,3.72885154061625
Zimbabwe,Harare,3.69246296918768
Zimbabwe,Harare,3.6875025210084
Zimbabwe,Chisumbanje,3.68458039215686
Zimbabwe,Harare,3.68213333333333
Zimbabwe,Kwekwe,3.68085333333333
Zimbabwe,Harare,3.67886162464986
Zimbabwe,Chisumbanje,3.67388504201681
Zimbabwe,Harare,3.66488739495798
Zimbabwe,Masvingo,3.66413445378151
Zimbabwe,Masvingo,3.65929411764706
Zimbabwe,Harare,3.64553680672269
Zimbabwe,Harare,3.6416537815126
Zimbabwe,Harare,3.6298218487395
Zimbabwe,Harare,3.62097478991597
Zimbabwe,Harare,3.61521478991597
Zimbabwe,Harare,3.61297030812325
Zimbabwe,Harare,3.60603070028011
Zimbabwe,Masvingo,3.60121008403361
Zimbabwe,Harare,3.60095193277311
Zimbabwe,Chisumbanje,3.59547338935574
Zimbabwe,Harare,3.5943350140056
Zimbabwe,Chisumbanje,3.59133579831933
Zimbabwe,Harare,3.56265411764706
Zimbabwe,Chisumbanje,3.56248739495798
Zimbabwe,Chisumbanje,3.55836414565826
Zimbabwe,Masvingo,3.51444257703081
Zimbabwe,Chisumbanje,3.48665546218487
Zimbabwe,Harare,3.48041680672269
Zimbabwe,Harare,3.45268705882353
Zimbabwe,Chisumbanje,3.44071170868347
Zimbabwe,Harare,3.43658487394958
Zimbabwe,Harare,3.41674666666667
Zimbabwe,Harare,3.41436952380952
Zimbabwe,Kwekwe,3.41114621848739
Zimbabwe,Chisumbanje,3.40759663865546
Zimbabwe,Harare,3.38521635854342
Zimbabwe,Masvingo,3.37747899159664
Zimbabwe,Harare,3.37153792717087
Zimbabwe,Harare,3.37036549019608
Zimbabwe,Chisumbanje,3.36880224089636
Zimbabwe,Chisumbanje,3.3584062745098
Zimbabwe,Chisumbanje,3.34370420168067
Zimbabwe,Chisumbanje,3.34346039215686
Zimbabwe,Chisumbanje,3.32860952380952
Zimbabwe,Masvingo,3.32154621848739
Zimbabwe,Masvingo,3.32100840336134
Zimbabwe,Masvingo,3.31204481792717
Zimbabwe,Masvingo,3.29573109243697
Zimbabwe,Chisumbanje,3.29497277310924
Zimbabwe,Chisumbanje,3.264
Zimbabwe,Chisumbanje,3.25270588235294
Zimbabwe,Masvingo,3.24499719887955
Zimbabwe,Chisumbanje,3.23543843137255
Zimbabwe,Chisumbanje,3.22318162464986
Zimbabwe,Chisumbanje,3.22
Zimbabwe,Chisumbanje,3.21561635854342
Zimbabwe,Masvingo,3.19139495798319
Zimbabwe,Chisumbanje,3.17746554621849
Zimbabwe,Chisumbanje,3.17284033613445
Zimbabwe,Chisumbanje,3.17048291316527
Zimbabwe,Chisumbanje,3.16452571428571
Zimbabwe,Chisumbanje,3.15228862745098
Zimbabwe,Chisumbanje,3.13725490196078
Zimbabwe,Chisumbanje,3.1356737254902
Zimbabwe,Chisumbanje,3.12649859943978
Zimbabwe,Chisumbanje,3.11574229691877
Zimbabwe,Chisumbanje,3.11438521008403
Zimbabwe,Chisumbanje,3.10140056022409
Zimbabwe,Chisumbanje,3.09996638655462
Zimbabwe,Chisumbanje,3.09064425770308
Zimbabwe,Masvingo,3.07235854341737
Zimbabwe,Kwekwe,3.04728739495798
Zimbabwe,Kwekwe,3.04174610644258
Zimbabwe,Chisumbanje,3.03015798319328
Zimbabwe,Chisumbanje,3.02036974789916
Zimbabwe,Chisumbanje,3.01322756302521
Zimbabwe,Chisumbanje,3.00209837535014
Zimbabwe,Chisumbanje,2.9966574789916
Zimbabwe,Chisumbanje,2.98074173669468
Zimbabwe,Chisumbanje,2.98039215686274
Zimbabwe,Chisumbanje,2.97698599439776
Zimbabwe,Chisumbanje,2.95790610644258
Zimbabwe,Chisumbanje,2.95314285714286
Zimbabwe,Chisumbanje,2.95007731092437
Zimbabwe,Chisumbanje,2.94051495798319
Zimbabwe,Chisumbanje,2.90992403361345
Zimbabwe,Masvingo,2.90258823529412
Zimbabwe,Masvingo,2.88699159663866
Zimbabwe,Masvingo,2.88376470588235
Zimbabwe,Masvingo,2.88
Zimbabwe,Masvingo,2.8540056022409
Zimbabwe,Masvingo,2.84235294117647
Zimbabwe,Chisumbanje,2.83810957983193
Zimbabwe,Kwekwe,2.83597086834734
Zimbabwe,Chisumbanje,2.83043137254902
Zimbabwe,Chisumbanje,2.82352941176471
Zimbabwe,Masvingo,2.82352941176471
Zimbabwe,Chisumbanje,2.8203025210084
Zimbabwe,Chisumbanje,2.80739495798319
Zimbabwe,Chisumbanje,2.80416806722689
Zimbabwe,Chisumbanje,2.80094117647059
Zimbabwe,Chisumbanje,2.79771428571429
Zimbabwe,Chisumbanje,2.79292414565826
Zimbabwe,Chisumbanje,2.78538039215686
Zimbabwe,Chisumbanje,2.78480672268908
Zimbabwe,Chisumbanje,2.77788862745098
Zimbabwe,Masvingo,2.71775910364146
Zimbabwe,Masvingo,2.71058823529412
Zimbabwe,Chisumbanje,2.66361904761905
Zimbabwe,Chisumbanje,2.64838095238095
Zimbabwe,Chisumbanje,2.63
Zimbabwe,Masvingo,2.56143417366947
Zimbabwe,Masvingo,2.55802801120448
Zimbabwe,Chisumbanje,2.50693557422969
Zimbabwe,Masvingo,2.40457142857143
Zimbabwe,Masvingo,2.36208403361345
Zimbabwe,Masvingo,2.34057142857143
Zimbabwe,Masvingo,2.25828571428571
Zimbabwe,Masvingo,2.23731092436975
Zimbabwe,Masvingo,2.21149579831933
Zimbabwe,Masvingo,2.19141736694678
Zimbabwe,Kwekwe,1.78
Zimbabwe,Harare,14.614358767507
Zimbabwe,Harare,13.3877171988796
Zimbabwe,Harare,12.7776735014006
Zimbabwe,Harare,12.6995361344538
Zimbabwe,Harare,12.6729680672269
Zimbabwe,Harare,12.4488515406162
Zimbabwe,Harare,12.2775699719888
Zimbabwe,Harare,12.17664
Zimbabwe,Harare,12.1610397759104
Zimbabwe,Harare,12.0600309243697
Zimbabwe,Harare,12.0250084033613
Zimbabwe,Harare,12.0116580392157
Zimbabwe,Harare,11.9875621288515
Zimbabwe,Harare,11.7646198319328
Zimbabwe,Harare,11.7635657142857
Zimbabwe,Harare,11.6370285714286
Zimbabwe,Harare,11.5668974789916
Zimbabwe,Harare,11.4953626890756
Zimbabwe,Harare,11.4882366386555
Zimbabwe,Harare,11.4499764705882
Zimbabwe,Harare,11.3086386554622
Zimbabwe,Harare,11.2789835294118
Zimbabwe,Harare,11.2663663865546
Zimbabwe,Harare,11.2618917647059
Zimbabwe,Harare,11.2264605042017
Zimbabwe,Harare,11.1984403361345
Zimbabwe,Harare,11.1166171428571
Zimbabwe,Harare,11.1035589915966
Zimbabwe,Harare,11.0687515966387
Zimbabwe,Harare,11.0385568627451
Zimbabwe,Harare,10.8359529411765
Zimbabwe,Harare,10.8057098039216
Zimbabwe,Harare,10.5992605042017
Zimbabwe,Harare,10.5586931092437
Zimbabwe,Harare,10.5545788235294
Zimbabwe,Harare,10.5391865546218
Zimbabwe,Harare,10.5184268907563
Zimbabwe,Harare,10.5147338935574
Zimbabwe,Harare,10.4924181512605
Zimbabwe,Harare,10.4599090196078
Zimbabwe,Harare,10.4469620168067
Zimbabwe,Harare,10.4447211204482
Zimbabwe,Harare,10.4147576470588
Zimbabwe,Harare,10.4007619047619
Zimbabwe,Harare,10.3588212885154
Zimbabwe,Harare,10.3040752941176
Zimbabwe,Harare,10.2438543417367
Zimbabwe,Harare,10.2387092436975
Zimbabwe,Harare,10.1733503641457
Zimbabwe,Harare,10.153662745098
Zimbabwe,Harare,10.1225142857143
Zimbabwe,Harare,10.105621512605
Zimbabwe,Harare,10.0853207843137
Zimbabwe,Harare,10.08
Zimbabwe,Harare,10.073806162465
Zimbabwe,Harare,10.0114285714286
Zimbabwe,Harare,9.97361658263305
Zimbabwe,Harare,9.94572190476191
Zimbabwe,Harare,9.91514352941176
Zimbabwe,Harare,9.8908737254902
Zimbabwe,Harare,9.85609142857143
Zimbabwe,Harare,9.8485781512605
Zimbabwe,Harare,9.84530285714286
Zimbabwe,Harare,9.83204033613445
Zimbabwe,Harare,9.79843764705882
Zimbabwe,Harare,9.72220056022409
Zimbabwe,Harare,9.6843025210084
Zimbabwe,Harare,9.68252235294118
Zimbabwe,Harare,9.66829535014006
Zimbabwe,Harare,9.6256
Zimbabwe,Harare,9.5924705882353
Zimbabwe,Harare,9.59166386554622
Zimbabwe,Harare,9.58741512605042
Zimbabwe,Harare,9.58473680672269
Zimbabwe,Harare,9.53575260504202
Zimbabwe,Harare,9.50107428571429
Zimbabwe,Harare,9.4276768627451
Zimbabwe,Harare,9.40888380952381
Zimbabwe,Harare,9.39808985994398
Zimbabwe,Harare,9.35911260504202
Zimbabwe,Harare,9.34434420168067
Zimbabwe,Harare,9.3246368627451
Zimbabwe,Harare,9.3096217815126
Zimbabwe,Harare,9.29995294117647
Zimbabwe,Harare,9.28596974789916
Zimbabwe,Harare,9.28105411764706
Zimbabwe,Harare,9.2663968627451
Zimbabwe,Harare,9.24114285714286
Zimbabwe,Harare,9.20721568627451
Zimbabwe,Harare,9.16058352941177
Zimbabwe,Harare,9.14607507002801
Zimbabwe,Harare,9.13849008403361
Zimbabwe,Harare,9.12568470588235
Zimbabwe,Harare,9.03636974789916
Zimbabwe,Harare,9.01100280112045
Zimbabwe,Harare,8.97957647058824
Zimbabwe,Harare,8.92784403361344
Zimbabwe,Harare,8.91642980392157
Zimbabwe,Harare,8.90980392156863
Zimbabwe,Harare,8.88428280112045
Zimbabwe,Harare,8.86784896358543
Zimbabwe,Harare,8.8654700280112
Zimbabwe,Harare,8.82601232492997
Zimbabwe,Harare,8.82499047619048
Zimbabwe,Harare,8.82104291316526
Zimbabwe,Harare,8.81437579831933
Zimbabwe,Harare,8.81035294117647
Zimbabwe,Harare,8.78650084033614
Zimbabwe,Harare,8.75381960784314
Zimbabwe,Harare,8.7439937254902
Zimbabwe,Harare,8.73399574229692
Zimbabwe,Harare,8.7327462184874
Zimbabwe,Harare,8.72131764705882
Zimbabwe,Harare,8.70887619047619
Zimbabwe,Harare,8.70512941176471
Zimbabwe,Harare,8.69859316526611
Zimbabwe,Harare,8.68687238095238
Zimbabwe,Harare,8.68374946778712
Zimbabwe,Harare,8.68065882352941
Zimbabwe,Harare,8.6612831372549
Zimbabwe,Harare,8.65994397759104
Zimbabwe,Harare,8.65727426330532
Zimbabwe,Harare,8.63139495798319
Zimbabwe,Harare,8.61741176470588
Zimbabwe,Harare,8.61168582633053
Zimbabwe,Harare,8.60695843137255
Zimbabwe,Harare,8.59824941176471
Zimbabwe,Harare,8.55354084033613
Zimbabwe,Harare,8.54841366946779
Zimbabwe,Harare,8.53703529411765
Zimbabwe,Harare,8.53361120448179
Zimbabwe,Harare,8.52463148459384
Zimbabwe,Harare,8.48806722689075
Zimbabwe,Harare,8.40159731092437
Zimbabwe,Harare,8.39388862745098
Zimbabwe,Harare,8.39240605042017
Zimbabwe,Harare,8.37557422969188
Zimbabwe,Harare,8.3459262745098
Zimbabwe,Harare,8.34157714285714
Zimbabwe,Harare,8.3267406162465
Zimbabwe,Harare,8.2676974789916
Zimbabwe,Harare,8.25739831932773
Zimbabwe,Harare,8.22832582633053
Zimbabwe,Harare,8.22579988795518
Zimbabwe,Harare,8.22365579831933
Zimbabwe,Harare,8.20588638655462
Zimbabwe,Harare,8.18109131652661
Zimbabwe,Harare,8.16603428571429
Zimbabwe,Harare,8.15896739495798
Zimbabwe,Harare,8.09575260504202
Zimbabwe,Harare,8.06242240896358
Zimbabwe,Harare,8.03979831932773
Zimbabwe,Harare,8.03474285714286
Zimbabwe,Harare,7.99548235294118
Zimbabwe,Harare,7.98262677871148
Zimbabwe,Harare,7.95411361344538
Zimbabwe,Harare,7.93242532212885
Zimbabwe,Harare,7.92191641456583
Zimbabwe,Harare,7.8119905882353
Zimbabwe,Harare,7.8026218487395
Zimbabwe,Harare,7.77764571428571
Zimbabwe,Harare,7.7559143977591
Zimbabwe,Harare,7.75160470588235
Zimbabwe,Harare,7.73945546218487
Zimbabwe,Harare,7.70194285714286
Zimbabwe,Harare,7.67069579831933
Zimbabwe,Harare,7.64838005602241
Zimbabwe,Harare,7.6191731092437
Zimbabwe,Harare,7.61781422969188
Zimbabwe,Harare,7.59624425770308
Zimbabwe,Harare,7.58392470588235
Zimbabwe,Harare,7.57019607843137
Zimbabwe,Harare,7.56545434173669
Zimbabwe,Harare,7.55856851540616
Zimbabwe,Harare,7.55759507002801
Zimbabwe,Harare,7.55504941176471
Zimbabwe,Harare,7.55488268907563
Zimbabwe,Harare,7.54477176470588
Zimbabwe,Harare,7.54104291316527
Zimbabwe,Harare,7.54014296918767
Zimbabwe,Harare,7.52361053221289
Zimbabwe,Harare,7.52245243697479
Zimbabwe,Harare,7.49543619047619
Zimbabwe,Harare,7.48833882352941
Zimbabwe,Harare,7.42678946778711
Zimbabwe,Harare,7.40921008403361
Zimbabwe,Harare,7.38656806722689
Zimbabwe,Harare,7.3579706442577
Zimbabwe,Harare,7.34410218487395
Zimbabwe,Harare,7.30703596638655
Zimbabwe,Harare,7.27508078431373
Zimbabwe,Harare,7.24329411764706
Zimbabwe,Harare,7.2355137254902
Zimbabwe,Harare,7.22974476190476
Zimbabwe,Harare,7.22812773109244
Zimbabwe,Harare,7.19423103641457
Zimbabwe,Harare,7.18908235294118
Zimbabwe,Harare,7.18875966386554
Zimbabwe,Harare,7.18380280112045
Zimbabwe,Harare,7.18162823529412
Zimbabwe,Harare,7.17647058823529
Zimbabwe,Harare,7.17281344537815
Zimbabwe,Harare,7.10904470588235
Zimbabwe,Harare,7.09875809523809
Zimbabwe,Harare,7.07603361344538
Zimbabwe,Harare,7.06814565826331
Zimbabwe,Harare,7.06014834733894
Zimbabwe,Harare,7.05351529411765
Zimbabwe,Harare,7.03119417366947
Zimbabwe,Harare,6.9408268907563
Zimbabwe,Harare,6.9251943977591
Zimbabwe,Harare,6.87668347338935
Zimbabwe,Harare,6.77091316526611
Zimbabwe,Harare,6.75662521008403
Zimbabwe,Harare,6.70024425770308
Zimbabwe,Harare,6.69924033613445
Zimbabwe,Harare,6.66603921568627
Zimbabwe,Harare,6.63735574229692
Zimbabwe,Harare,6.57102521008403
Zimbabwe,Harare,6.56494789915966
Zimbabwe,Harare,6.5024
Zimbabwe,Harare,6.50075428571429
Zimbabwe,Harare,6.48051092436975
Zimbabwe,Harare,6.44595809523809
Zimbabwe,Harare,6.43893781512605
Zimbabwe,Harare,6.39641456582633
Zimbabwe,Harare,6.34118633053221
Zimbabwe,Harare,6.1841568627451
Zimbabwe,Harare,6.17945994397759
Zimbabwe,Harare,6.16562016806723
Zimbabwe,Harare,6.15203137254902
Zimbabwe,Harare,6.13596862745098
Zimbabwe,Harare,6.09581176470588
Zimbabwe,Harare,6.09385650793651
Zimbabwe,Harare,6.09021848739496
Zimbabwe,Harare,6.08268907563025
Zimbabwe,Harare,6.07849411764706
Zimbabwe,Harare,6.06848717086835
Zimbabwe,Harare,6.06655462184874
Zimbabwe,Harare,6.03701422969188
Zimbabwe,Harare,6.02869243697479
Zimbabwe,Harare,5.99417546218487
Zimbabwe,Harare,5.9889156302521
Zimbabwe,Harare,5.9886431372549
Zimbabwe,Harare,5.98588235294118
Zimbabwe,Harare,5.90521008403361
Zimbabwe,Harare,5.86584201680672
Zimbabwe,Harare,5.8403137254902
Zimbabwe,Harare,5.81776134453782
Zimbabwe,Harare,5.66919529411765
Zimbabwe,Harare,5.65960784313726
Zimbabwe,Harare,5.64858263305322
Zimbabwe,Harare,5.64431596638655
Zimbabwe,Harare,5.6309243697479
Zimbabwe,Harare,5.62726722689076
Zimbabwe,Harare,5.62148033613445
Zimbabwe,Harare,5.54026666666667
Zimbabwe,Harare,5.50968888888889
Zimbabwe,Harare,5.50811607843137
Zimbabwe,Harare,5.49790476190476
Zimbabwe,Harare,5.48781176470588
Zimbabwe,Harare,5.48752492997199
Zimbabwe,Harare,5.47335529411765
Zimbabwe,Harare,5.45308683473389
Zimbabwe,Harare,5.4436356302521
Zimbabwe,Harare,5.42259630252101
Zimbabwe,Harare,5.39733333333333
Zimbabwe,Harare,5.37442240896359
Zimbabwe,Harare,5.37189109243697
Zimbabwe,Harare,5.26524593837535
Zimbabwe,Harare,5.24037019607843
Zimbabwe,Harare,5.23459047619048
Zimbabwe,Harare,5.21117759103641
Zimbabwe,Harare,5.20468317460317
Zimbabwe,Harare,5.18692212885154
Zimbabwe,Harare,5.17025882352941
Zimbabwe,Harare,5.16803047619048
Zimbabwe,Harare,5.13376806722689
Zimbabwe,Harare,5.12309781512605
Zimbabwe,Harare,5.00570352941177
Zimbabwe,Harare,4.90054991596639
Zimbabwe,Harare,4.90031327731092
Zimbabwe,Harare,4.85552403361345
Zimbabwe,Harare,4.85216806722689
Zimbabwe,Harare,4.83809882352941
Zimbabwe,Harare,4.7872
Zimbabwe,Harare,4.77500414565826
Zimbabwe,Harare,4.75475899159664
Zimbabwe,Harare,4.61348033613445
Zimbabwe,Harare,4.51974095238095
Zimbabwe,Harare,4.50215798319328
Zimbabwe,Harare,4.44386420168067
Zimbabwe,Harare,4.42672941176471
Zimbabwe,Harare,4.38095775910364
Zimbabwe,Harare,4.36519081232493
Zimbabwe,Harare,4.36332280112045
Zimbabwe,Harare,4.36315787114846
Zimbabwe,Harare,4.32371988795518
Zimbabwe,Harare,4.28505635854342
Zimbabwe,Chisumbanje,4.2216981512605
Zimbabwe,Harare,4.19787114845938
Zimbabwe,Harare,4.19043316526611
Zimbabwe,Harare,4.17696806722689
Zimbabwe,Harare,4.14848
Zimbabwe,Harare,4.14415775910364
Zimbabwe,Harare,4.08561658263305
Zimbabwe,Harare,4.06426890756302
Zimbabwe,Harare,4.01190722689076
Zimbabwe,Harare,3.97621422969188
Zimbabwe,Harare,3.8921662745098
Zimbabwe,Harare,3.84598767507003
Zimbabwe,Harare,3.82676974789916
Zimbabwe,Harare,3.49530352941176
Zimbabwe,Harare,3.48586666666667
Zimbabwe,Harare,3.2099818487395
Zimbabwe,Chisumbanje,2.56299921568628
Zimbabwe,Chisumbanje,2.52981960784314
Zimbabwe,Chisumbanje,2.47
Zimbabwe,Chisumbanje,2.38731114845938
Zimbabwe,Chisumbanje,2.32501781512605
Zimbabwe,Chisumbanje,2.19858823529412
Zimbabwe,Chisumbanje,2.18288403361345
Zimbabwe,Chisumbanje,2.1512300280112
Zimbabwe,Chisumbanje,2.08746666666667
Zimbabwe,Chisumbanje,1.99466128851541
Zimbabwe,Chisumbanje,1.78884840336134
Zimbabwe,Chisumbanje,1.73
Zimbabwe,Chisumbanje,1.72588459383754
Zimbabwe,Chisumbanje,1.71019473389356
Zimbabwe,Chisumbanje,1.67919865546218
Zimbabwe,Chisumbanje,1.67900683473389
Zimbabwe,Chisumbanje,1.66331518207283
Zimbabwe,Chisumbanje,1.64724705882353
Zimbabwe,Chisumbanje,1.63137254901961
Zimbabwe,Chisumbanje,1.61
Zimbabwe,Chisumbanje,1.56898599439776
Zimbabwe,Chisumbanje,1.53778196078431
Zimbabwe,Chisumbanje,1.5376062745098
Zimbabwe,Chisumbanje,1.53743058823529
Zimbabwe,Chisumbanje,1.45899025210084
Zimbabwe,Chisumbanje,1.45882352941176
Zimbabwe,Chisumbanje,1.43
Zimbabwe,Chisumbanje,1.39623798319328
Zimbabwe,Chisumbanje,1.39607843137255
Zimbabwe,Chisumbanje,1.38039215686275
Zimbabwe,Chisumbanje,1.3648618487395
Zimbabwe,Chisumbanje,1.36470588235294
Zimbabwe,Chisumbanje,1.33348571428571
Zimbabwe,Chisumbanje,1.33333333333333
Zimbabwe,Chisumbanje,1.31779764705882
Zimbabwe,Chisumbanje,1.30196078431373
Zimbabwe,Chisumbanje,1.27058823529412
Zimbabwe,Chisumbanje,1.25490196078431
Zimbabwe,Chisumbanje,1.25102969187675
Zimbabwe,Chisumbanje,1.20798117647059
Zimbabwe,Chisumbanje,1.2078431372549
Zimbabwe,Chisumbanje,0.938164705882353
Zimbabwe,Chisumbanje,0.782700280112045
Zimbabwe,Chisumbanje,0.62666218487395
Zimbabwe,Chisumbanje,0.596078431372549
Zimbabwe,Chisumbanje,0.313725490196078
Zimbabwe,Chisumbanje,0.313653781512605
Zimbabwe,Chisumbanje,0.250980392156863
Zimbabwe,Chisumbanje,0.0156862745098039
Zimbabwe,Chisumbanje,0.0
Zimbabwe,Harare,12.9147855238095
Zimbabwe,Harare,12.6010676825397
Zimbabwe,Harare,11.9151014603175
Zimbabwe,Harare,11.7832777142857
Zimbabwe,Lionsden,11.5626236414566
Zimbabwe,Harare,11.547648
Zimbabwe,Harare,11.4927043764706
Zimbabwe,Harare,11.4025874285714
Zimbabwe,Harare,11.3522016806723
Zimbabwe,Lionsden,11.3357086834734
Zimbabwe,Lionsden,11.3133355742297
Zimbabwe,Lionsden,11.2079811764706
Zimbabwe,Lionsden,11.1879314285714
Zimbabwe,Harare,11.1573983492063
Zimbabwe,Harare,11.1198655462185
Zimbabwe,Harare,11.0906737777778
Zimbabwe,Harare,11.0526529971989
Zimbabwe,Lionsden,11.0478413445378
Zimbabwe,Harare,11.0114635294118
Zimbabwe,Lionsden,10.9770218487395
Zimbabwe,Lionsden,10.9300096358543
Zimbabwe,Lionsden,10.9090420168067
Zimbabwe,Harare,10.897217254902
Zimbabwe,Lionsden,10.8799282913165
Zimbabwe,Lionsden,10.8626608403361
Zimbabwe,Harare,10.849340952381
Zimbabwe,Lionsden,10.8406032492997
Zimbabwe,Lionsden,10.7390924369748
Zimbabwe,Harare,10.7020292063492
Zimbabwe,Harare,10.6954544761905
Zimbabwe,Harare,10.6907733333333
Zimbabwe,Lionsden,10.6496
Zimbabwe,Lionsden,10.6465308683473
Zimbabwe,Lionsden,10.6325333333333
Zimbabwe,Harare,10.6065676190476
Zimbabwe,Harare,10.6033909243697
Zimbabwe,Lionsden,10.5824806722689
Zimbabwe,Lionsden,10.5817922689076
Zimbabwe,Lionsden,10.5392833613445
Zimbabwe,Harare,10.5250133333333
Zimbabwe,Harare,10.5084647619048
Zimbabwe,Harare,10.5021362554622
Zimbabwe,Harare,10.4854146031746
Zimbabwe,Harare,10.4804571428571
Zimbabwe,Lionsden,10.4594285714286
Zimbabwe,Lionsden,10.4591417366947
Zimbabwe,Lionsden,10.4261557422969
Zimbabwe,Harare,10.3576015238095
Zimbabwe,Lionsden,10.3343112605042
Zimbabwe,Lionsden,10.3132002240896
Zimbabwe,Lionsden,10.3103892436975
Zimbabwe,Harare,10.2914438095238
Zimbabwe,Harare,10.2511865546218
Zimbabwe,Lionsden,10.2265761344538
Zimbabwe,Harare,10.220739047619
Zimbabwe,Lionsden,10.2080752941176
Zimbabwe,Lionsden,10.2032277871148
Zimbabwe,Lionsden,10.2029983193277
Zimbabwe,Harare,10.190019047619
Zimbabwe,Harare,10.1856731428571
Zimbabwe,Lionsden,10.1790476190476
Zimbabwe,Harare,10.1731029691877
Zimbabwe,Harare,10.1621304888889
Zimbabwe,Harare,10.1456782222222
Zimbabwe,Harare,10.1415905882353
Zimbabwe,Harare,10.1044705882353
Zimbabwe,Harare,10.0477561904762
Zimbabwe,Lionsden,10.0470175910364
Zimbabwe,Harare,10.0334789915966
Zimbabwe,Lionsden,10.033134789916
Zimbabwe,Lionsden,10.0151215686274
Zimbabwe,Harare,10.0148705882353
Zimbabwe,Lionsden,9.99183058823529
Zimbabwe,Harare,9.94020392156863
Zimbabwe,Harare,9.93606274509804
Zimbabwe,Harare,9.934848
Zimbabwe,Lionsden,9.93236974789916
Zimbabwe,Lionsden,9.90382969187675
Zimbabwe,Harare,9.89905676190476
Zimbabwe,Lionsden,9.89063529411764
Zimbabwe,Harare,9.85178209523809
Zimbabwe,Harare,9.85071746031746
Zimbabwe,Lionsden,9.83943529411764
Zimbabwe,Lionsden,9.79658218487395
Zimbabwe,Harare,9.7756862745098
Zimbabwe,Lionsden,9.73436773109243
Zimbabwe,Harare,9.69987226890756
Zimbabwe,Lionsden,9.69788235294117
Zimbabwe,Harare,9.68133485714286
Zimbabwe,Harare,9.67598120634921
Zimbabwe,Harare,9.67432425770308
Zimbabwe,Harare,9.65279288888889
Zimbabwe,Harare,9.63299495798319
Zimbabwe,Lionsden,9.6156181512605
Zimbabwe,Lionsden,9.60655417366947
Zimbabwe,Harare,9.57683809523809
Zimbabwe,Lionsden,9.56659809523809
Zimbabwe,Lionsden,9.55779226890756
Zimbabwe,Harare,9.55437307936508
Zimbabwe,Lionsden,9.55191215686274
Zimbabwe,Lionsden,9.52466285714285
Zimbabwe,Lionsden,9.523716302521
Zimbabwe,Lionsden,9.49153344537815
Zimbabwe,Harare,9.4909956302521
Zimbabwe,Lionsden,9.48921008403361
Zimbabwe,Harare,9.45304380952381
Zimbabwe,Harare,9.44589803921568
Zimbabwe,Harare,9.41399771428572
Zimbabwe,Harare,9.40820723809524
Zimbabwe,Harare,9.39650509803922
Zimbabwe,Harare,9.3516118767507
Zimbabwe,Harare,9.33265568627451
Zimbabwe,Harare,9.32900571428571
Zimbabwe,Harare,9.31399708683473
Zimbabwe,Harare,9.27483697478992
Zimbabwe,Harare,9.26752914285714
Zimbabwe,Harare,9.26504228571429
Zimbabwe,Harare,9.26224492997199
Zimbabwe,Harare,9.26044504201681
Zimbabwe,Harare,9.25991009523809
Zimbabwe,Harare,9.23376941176471
Zimbabwe,Harare,9.23071820728291
Zimbabwe,Harare,9.20043682539683
Zimbabwe,Harare,9.16182146031746
Zimbabwe,Harare,9.13152
Zimbabwe,Harare,9.12694857142857
Zimbabwe,Harare,9.11973587301587
Zimbabwe,Harare,9.06657726984127
Zimbabwe,Harare,9.04156862745098
Zimbabwe,Harare,9.03770412698413
Zimbabwe,Harare,9.01837086834734
Zimbabwe,Harare,9.00429803921569
Zimbabwe,Harare,9.00306106442577
Zimbabwe,Harare,8.97850084033613
Zimbabwe,Harare,8.95297828571428
Zimbabwe,Harare,8.91685384126984
Zimbabwe,Harare,8.8930043697479
Zimbabwe,Harare,8.87022789915966
Zimbabwe,Harare,8.83367798319328
Zimbabwe,Harare,8.82890218487395
Zimbabwe,Harare,8.82702341736695
Zimbabwe,Harare,8.82260974789916
Zimbabwe,Harare,8.81920203174603
Zimbabwe,Harare,8.81313882352941
Zimbabwe,Harare,8.80683921568627
Zimbabwe,Harare,8.72712605042017
Zimbabwe,Harare,8.68000507936508
Zimbabwe,Harare,8.66715966386555
Zimbabwe,Harare,8.65982386554622
Zimbabwe,Harare,8.63835070028011
Zimbabwe,Harare,8.61843361344538
Zimbabwe,Harare,8.59798588235294
Zimbabwe,Harare,8.59302005602241
Zimbabwe,Harare,8.59067733333333
Zimbabwe,Harare,8.55727542857143
Zimbabwe,Harare,8.55121568627451
Zimbabwe,Harare,8.52764444444445
Zimbabwe,Harare,8.51671663865546
Zimbabwe,Harare,8.51594397759104
Zimbabwe,Harare,8.51551898412698
Zimbabwe,Harare,8.51096022408964
Zimbabwe,Harare,8.50149467787115
Zimbabwe,Chisumbanje,8.5012831372549
Zimbabwe,Harare,8.48934603174603
Zimbabwe,Harare,8.47806565826331
Zimbabwe,Harare,8.47168
Zimbabwe,Harare,8.46222222222222
Zimbabwe,Harare,8.4491025210084
Zimbabwe,Harare,8.43954913165266
Zimbabwe,Harare,8.43658039215686
Zimbabwe,Harare,8.42666666666667
Zimbabwe,Harare,8.4097362464986
Zimbabwe,Harare,8.40889546218487
Zimbabwe,Harare,8.38086274509804
Zimbabwe,Harare,8.36465658263305
Zimbabwe,Harare,8.33162756302521
Zimbabwe,Harare,8.32803137254902
Zimbabwe,Harare,8.32693781512605
Zimbabwe,Harare,8.24698263305322
Zimbabwe,Harare,8.23667450980392
Zimbabwe,Harare,8.21989647058823
Zimbabwe,Harare,8.20041859943978
Zimbabwe,Harare,8.17900901587302
Zimbabwe,Harare,8.15969344537815
Zimbabwe,Harare,8.15435294117647
Zimbabwe,Harare,8.14218039215686
Zimbabwe,Harare,8.13207843137255
Zimbabwe,Harare,8.12003495798319
Zimbabwe,Harare,8.11286588235294
Zimbabwe,Harare,8.10437557422969
Zimbabwe,Harare,8.08862476190476
Zimbabwe,Harare,8.07032291316527
Zimbabwe,Harare,8.07013109243698
Zimbabwe,Harare,8.06095238095238
Zimbabwe,Harare,8.02307406162465
Zimbabwe,Harare,8.02291450980392
Zimbabwe,Harare,8.00575462184874
Zimbabwe,Harare,8.00232336134454
Zimbabwe,Harare,7.96808963585434
Zimbabwe,Harare,7.95388749206349
Zimbabwe,Harare,7.95147473389356
Zimbabwe,Harare,7.94889322128851
Zimbabwe,Harare,7.93721904761905
Zimbabwe,Harare,7.93305456582633
Zimbabwe,Harare,7.92478476190476
Zimbabwe,Harare,7.90806755555555
Zimbabwe,Harare,7.90446431372549
Zimbabwe,Harare,7.89481770308123
Zimbabwe,Harare,7.87372638655462
Zimbabwe,Harare,7.86608403361345
Zimbabwe,Harare,7.86377549206349
Zimbabwe,Harare,7.84994957983193
Zimbabwe,Harare,7.84158117647059
Zimbabwe,Harare,7.83650133333333
Zimbabwe,Harare,7.83451787114846
Zimbabwe,Harare,7.81406273015873
Zimbabwe,Harare,7.80416537815126
Zimbabwe,Harare,7.79962263305322
Zimbabwe,Harare,7.79874957983193
Zimbabwe,Harare,7.79190857142857
Zimbabwe,Harare,7.78945613445378
Zimbabwe,Harare,7.76610420168067
Zimbabwe,Harare,7.76499450980392
Zimbabwe,Harare,7.76098599439776
Zimbabwe,Harare,7.75768380952381
Zimbabwe,Chisumbanje,7.73472089635854
Zimbabwe,Harare,7.72352717086835
Zimbabwe,Harare,7.69755428571428
Zimbabwe,Harare,7.69045333333333
Zimbabwe,Harare,7.68870543417367
Zimbabwe,Harare,7.66512044817927
Zimbabwe,Harare,7.66386554621849
Zimbabwe,Harare,7.65930128851541
Zimbabwe,Harare,7.64439305322129
Zimbabwe,Harare,7.63770980392157
Zimbabwe,Harare,7.63152492997199
Zimbabwe,Harare,7.62664336134454
Zimbabwe,Harare,7.60069915966386
Zimbabwe,Harare,7.59128918767507
Zimbabwe,Harare,7.59115294117647
Zimbabwe,Harare,7.58319327731092
Zimbabwe,Harare,7.58028907563025
Zimbabwe,Harare,7.56557086834734
Zimbabwe,Harare,7.56342653968254
Zimbabwe,Harare,7.53500504201681
Zimbabwe,Harare,7.53204705882353
Zimbabwe,Harare,7.51726789915966
Zimbabwe,Harare,7.50984533333333
Zimbabwe,Harare,7.50354285714286
Zimbabwe,Harare,7.47558722689076
Zimbabwe,Harare,7.4594312605042
Zimbabwe,Harare,7.45351529411765
Zimbabwe,Harare,7.44791484593838
Zimbabwe,Harare,7.43083204481793
Zimbabwe,Harare,7.42991238095238
Zimbabwe,Harare,7.42313949579832
Zimbabwe,Harare,7.41127517460317
Zimbabwe,Harare,7.39883025210084
Zimbabwe,Harare,7.39665030812325
Zimbabwe,Harare,7.38391365079365
Zimbabwe,Harare,7.38164705882353
Zimbabwe,Chisumbanje,7.38028638655462
Zimbabwe,Harare,7.37783394957983
Zimbabwe,Harare,7.36968067226891
Zimbabwe,Harare,7.36462425396825
Zimbabwe,Harare,7.35023327731092
Zimbabwe,Harare,7.34984605042017
Zimbabwe,Harare,7.34258016806723
Zimbabwe,Harare,7.29615847619048
Zimbabwe,Harare,7.27412168067227
Zimbabwe,Harare,7.25596145658263
Zimbabwe,Harare,7.23299961904762
Zimbabwe,Harare,7.19141467787115
Zimbabwe,Harare,7.1480649859944
Zimbabwe,Harare,7.13697882352941
Zimbabwe,Harare,7.12334700280112
Zimbabwe,Harare,7.11663746031746
Zimbabwe,Harare,7.09583238095238
Zimbabwe,Chisumbanje,7.04151663865546
Zimbabwe,Harare,7.03858016806723
Zimbabwe,Harare,6.97930768253968
Zimbabwe,Harare,6.97164728291316
Zimbabwe,Harare,6.96045714285714
Zimbabwe,Harare,6.95631238095238
Zimbabwe,Chisumbanje,6.93675742296919
Zimbabwe,Harare,6.91914039215686
Zimbabwe,Harare,6.91216253968254
Zimbabwe,Harare,6.91014704761905
Zimbabwe,Harare,6.90157535014006
Zimbabwe,Harare,6.88015058823529
Zimbabwe,Chisumbanje,6.86379025210084
Zimbabwe,Harare,6.84825994397759
Zimbabwe,Harare,6.83783529411765
Zimbabwe,Harare,6.78766431372549
Zimbabwe,Harare,6.78214991596639
Zimbabwe,Harare,6.76756974789916
Zimbabwe,Harare,6.749952
Zimbabwe,Chisumbanje,6.73235719887955
Zimbabwe,Harare,6.72431327731092
Zimbabwe,Harare,6.72163675070028
Zimbabwe,Harare,6.71439775910364
Zimbabwe,Harare,6.69038431372549
Zimbabwe,Harare,6.67244997198879
Zimbabwe,Harare,6.67236368253968
Zimbabwe,Harare,6.67083831932773
Zimbabwe,Harare,6.66968739495798
Zimbabwe,Harare,6.66368812698413
Zimbabwe,Harare,6.6596499719888
Zimbabwe,Harare,6.65953165266106
Zimbabwe,Harare,6.64456246498599
Zimbabwe,Harare,6.63002352941176
Zimbabwe,Harare,6.62801066666667
Zimbabwe,Harare,6.62247619047619
Zimbabwe,Harare,6.60509257142857
Zimbabwe,Harare,6.5728772063492
Zimbabwe,Harare,6.52759365079365
Zimbabwe,Harare,6.5015825210084
Zimbabwe,Harare,6.50057680672269
Zimbabwe,Harare,6.47639365079365
Zimbabwe,Chisumbanje,6.44961882352941
Zimbabwe,Harare,6.44783542857143
Zimbabwe,Kwekwe,6.41157019607843
Zimbabwe,Chisumbanje,6.40631932773109
Zimbabwe,Harare,6.39389042016807
Zimbabwe,Harare,6.37074285714286
Zimbabwe,Chisumbanje,6.35580235294118
Zimbabwe,Chisumbanje,6.33535462184874
Zimbabwe,Chisumbanje,6.33345434173669
Zimbabwe,Harare,6.32456246498599
Zimbabwe,Chisumbanje,6.31923450980392
Zimbabwe,Harare,6.31587137254902
Zimbabwe,Chisumbanje,6.30027831932773
Zimbabwe,Chisumbanje,6.29768784313725
Zimbabwe,Chisumbanje,6.27606588235294
Zimbabwe,Chisumbanje,6.26902588235294
Zimbabwe,Kwekwe,6.26873008403361
Zimbabwe,Chisumbanje,6.22202621848739
Zimbabwe,Harare,6.18906890756302
Zimbabwe,Harare,6.18384851540616
Zimbabwe,Harare,6.16549467787115
Zimbabwe,Kwekwe,6.12522666666667
Zimbabwe,Harare,6.11491316526611
Zimbabwe,Chisumbanje,6.09975574229692
Zimbabwe,Harare,6.07874509803922
Zimbabwe,Chisumbanje,6.07497142857143
Zimbabwe,Chisumbanje,6.07404100840336
Zimbabwe,Harare,6.05779182072829
Zimbabwe,Harare,6.0280918767507
Zimbabwe,Harare,6.0200712605042
Zimbabwe,Chisumbanje,6.01086924369748
Zimbabwe,Chisumbanje,6.00423798319328
Zimbabwe,Chisumbanje,5.91193098039216
Zimbabwe,Harare,5.90258554621849
Zimbabwe,Harare,5.85828571428571
Zimbabwe,Chisumbanje,5.85051428571429
Zimbabwe,Harare,5.84982229691877
Zimbabwe,Chisumbanje,5.83780392156863
Zimbabwe,Chisumbanje,5.82059383753501
Zimbabwe,Harare,5.79226352941176
Zimbabwe,Chisumbanje,5.76321254901961
Zimbabwe,Chisumbanje,5.7610756302521
Zimbabwe,Harare,5.75328806722689
Zimbabwe,Chisumbanje,5.74335641456583
Zimbabwe,Harare,5.73825613445378
Zimbabwe,Harare,5.69675294117647
Zimbabwe,Kwekwe,5.66805691876751
Zimbabwe,Chisumbanje,5.66266980392157
Zimbabwe,Chisumbanje,5.65135058823529
Zimbabwe,Harare,5.63924078431373
Zimbabwe,Kwekwe,5.62916392156863
Zimbabwe,Kwekwe,5.57206050420168
Zimbabwe,Kwekwe,5.55690666666667
Zimbabwe,Kwekwe,5.55122733893557
Zimbabwe,Chisumbanje,5.52460907563025
Zimbabwe,Chisumbanje,5.52230901960784
Zimbabwe,Harare,5.52228571428571
Zimbabwe,Kwekwe,5.51652033613445
Zimbabwe,Harare,5.50543417366947
Zimbabwe,Harare,5.49709445378151
Zimbabwe,Chisumbanje,5.47986106442577
Zimbabwe,Harare,5.47842868347339
Zimbabwe,Harare,5.47467652661064
Zimbabwe,Kwekwe,5.47067697478992
Zimbabwe,Chisumbanje,5.46895238095238
Zimbabwe,Kwekwe,5.46342722689076
Zimbabwe,Chisumbanje,5.45916773109244
Zimbabwe,Chisumbanje,5.45380392156863
Zimbabwe,Chisumbanje,5.45180862745098
Zimbabwe,Chisumbanje,5.40441098039216
Zimbabwe,Kwekwe,5.38447596638655
Zimbabwe,Harare,5.33138285714286
Zimbabwe,Chisumbanje,5.31262565826331
Zimbabwe,Chisumbanje,5.30356526610644
Zimbabwe,Chisumbanje,5.26398386554622
Zimbabwe,Chisumbanje,5.1893243697479
Zimbabwe,Kwekwe,5.11371831932773
Zimbabwe,Chisumbanje,5.09532324929972
Zimbabwe,Chisumbanje,5.04527596638655
Zimbabwe,Chisumbanje,5.02844235294118
Zimbabwe,Chisumbanje,4.99853803921569
Zimbabwe,Kwekwe,4.98858666666667
Zimbabwe,Kwekwe,4.97392941176471
Zimbabwe,Kwekwe,4.95701333333333
Zimbabwe,Chisumbanje,4.92427294117647
Zimbabwe,Kwekwe,4.90909579831933
Zimbabwe,Chisumbanje,4.90171159663866
Zimbabwe,Kwekwe,4.8949781512605
Zimbabwe,Kwekwe,4.89219943977591
Zimbabwe,Chisumbanje,4.86114957983193
Zimbabwe,Kwekwe,4.84320448179272
Zimbabwe,Chisumbanje,4.83909019607843
Zimbabwe,Chisumbanje,4.83218106442577
Zimbabwe,Chisumbanje,4.81051966386555
Zimbabwe,Kwekwe,4.80078162464986
Zimbabwe,Kwekwe,4.79914666666667
Zimbabwe,Kwekwe,4.78118722689076
Zimbabwe,Kwekwe,4.76324212885154
Zimbabwe,Kwekwe,4.68970487394958
Zimbabwe,Kwekwe,4.68651025210084
Zimbabwe,Chisumbanje,4.66703058823529
Zimbabwe,Kwekwe,4.66595495798319
Zimbabwe,Kwekwe,4.65283585434174
Zimbabwe,Kwekwe,4.63969882352941
Zimbabwe,Kwekwe,4.60865971988795
Zimbabwe,Kwekwe,4.59548504201681
Zimbabwe,Chisumbanje,4.59423193277311
Zimbabwe,Kwekwe,4.59287663865546
Zimbabwe,Chisumbanje,4.56450868347339
Zimbabwe,Chisumbanje,4.55390296918767
Zimbabwe,Kwekwe,4.54294588235294
Zimbabwe,Chisumbanje,4.52786554621849
Zimbabwe,Chisumbanje,4.52461176470588
Zimbabwe,Kwekwe,4.49868907563025
Zimbabwe,Chisumbanje,4.46366117647059
Zimbabwe,Chisumbanje,4.44205176470588
Zimbabwe,Chisumbanje,4.43467294117647
Zimbabwe,Kwekwe,4.42597826330532
Zimbabwe,Chisumbanje,4.41853848739496
Zimbabwe,Kwekwe,4.40297949579832
Zimbabwe,Chisumbanje,4.38547361344538
Zimbabwe,Chisumbanje,4.34541176470588
Zimbabwe,Chisumbanje,4.33525602240896
Zimbabwe,Chisumbanje,4.33371607843137
Zimbabwe,Chisumbanje,4.33231238095238
Zimbabwe,Chisumbanje,4.33169030812325
Zimbabwe,Chisumbanje,4.31628907563025
Zimbabwe,Chisumbanje,4.30964705882353
Zimbabwe,Kwekwe,4.30731294117647
Zimbabwe,Chisumbanje,4.30334386554622
Zimbabwe,Chisumbanje,4.29564235294118
Zimbabwe,Chisumbanje,4.27183865546218
Zimbabwe,Chisumbanje,4.26782117647059
Zimbabwe,Chisumbanje,4.25620974789916
Zimbabwe,Chisumbanje,4.25446722689076
Zimbabwe,Kwekwe,4.24516661064426
Zimbabwe,Kwekwe,4.2446843697479
Zimbabwe,Kwekwe,4.22794397759104
Zimbabwe,Chisumbanje,4.2192887394958
Zimbabwe,Kwekwe,4.1806162464986
Zimbabwe,Kwekwe,4.16436705882353
Zimbabwe,Chisumbanje,4.16167798319328
Zimbabwe,Chisumbanje,4.14696156862745
Zimbabwe,Chisumbanje,4.13842285714286
Zimbabwe,Chisumbanje,4.13792806722689
Zimbabwe,Chisumbanje,4.13752649859944
Zimbabwe,Chisumbanje,4.13552941176471
Zimbabwe,Chisumbanje,4.12783865546218
Zimbabwe,Chisumbanje,4.09905478991597
Zimbabwe,Kwekwe,4.06972235294118
Zimbabwe,Chisumbanje,4.06906980392157
Zimbabwe,Chisumbanje,4.05902162464986
Zimbabwe,Chisumbanje,4.05373490196078
Zimbabwe,Kwekwe,4.0534875070028
Zimbabwe,Chisumbanje,4.0179881232493
Zimbabwe,Chisumbanje,4.01465546218487
Zimbabwe,Chisumbanje,3.99771428571429
Zimbabwe,Kwekwe,3.97905927170868
Zimbabwe,Chisumbanje,3.97655843137255
Zimbabwe,Chisumbanje,3.97063529411765
Zimbabwe,Chisumbanje,3.95595294117647
Zimbabwe,Chisumbanje,3.94019675070028
Zimbabwe,Chisumbanje,3.9355231372549
Zimbabwe,Chisumbanje,3.93456403361345
Zimbabwe,Chisumbanje,3.91678386554622
Zimbabwe,Kwekwe,3.90975820728291
Zimbabwe,Chisumbanje,3.8788768627451
Zimbabwe,Kwekwe,3.87646386554622
Zimbabwe,Kwekwe,3.70270476190476
Zimbabwe,Kwekwe,3.38488291316527
Zimbabwe,Shamva,1.61
Zimbabwe,Shamva,1.55
Zimbabwe,Shamva,1.10099719887955
Zimbabwe,Shamva,1.03411092436975
Zimbabwe,Shamva,0.994742857142857
Zimbabwe,Shamva,0.971437535014006
Zimbabwe,Shamva,0.96921456582633
Zimbabwe,Shamva,0.910843697478991
Zimbabwe,Shamva,0.877427450980392
Zimbabwe,Shamva,0.848026890756303
Zimbabwe,Shamva,0.844154621848739
Zimbabwe,Shamva,0.817550700280112
Zimbabwe,Shamva,0.790857142857143
Zimbabwe,Shamva,0.748638655462185
Zimbabwe,Shamva,0.722393277310924
Zimbabwe,Shamva,0.627450980392157
Zimbabwe,Shamva,0.626733893557423
Zimbabwe,Shamva,0.621714285714286
Zimbabwe,Shamva,0.615977591036415
Zimbabwe,Shamva,0.615260504201681
Zimbabwe,Shamva,0.596759663865546
Zimbabwe,Shamva,0.591309803921569
Zimbabwe,Shamva,0.589266106442577
Zimbabwe,Shamva,0.547764705882353
Zimbabwe,Shamva,0.532114285714286
Zimbabwe,Shamva,0.471663865546218
Zimbabwe,Shamva,0.470050420168067
Zimbabwe,Shamva,0.465210084033613
Zimbabwe,Shamva,0.438713725490196
Zimbabwe,Shamva,0.434196078431373
Zimbabwe,Shamva,0.408775350140056
Zimbabwe,Shamva,0.406910924369748
Zimbabwe,Shamva,0.405978711484594
Zimbabwe,Harare,16.9690352941176
Zimbabwe,Harare,16.4939831932773
Zimbabwe,Harare,15.5386980392157
Zimbabwe,Harare,15.311462184874
Zimbabwe,Harare,15.2357647058824
Zimbabwe,Harare,15.0263394957983
Zimbabwe,Harare,14.5874913165266
Zimbabwe,Harare,14.3444329411765
Zimbabwe,Harare,14.1556705882353
Zimbabwe,Harare,13.998019047619
Zimbabwe,Harare,13.9330151260504
Zimbabwe,Harare,13.8548168067227
Zimbabwe,Harare,13.723025210084
Zimbabwe,Harare,13.5446050420168
Zimbabwe,Harare,13.3976918767507
Zimbabwe,Harare,13.3756773109244
Zimbabwe,Harare,13.3172705882353
Zimbabwe,Harare,13.2923159663866
Zimbabwe,Harare,13.2881765826331
Zimbabwe,Harare,13.1563473389356
Zimbabwe,Harare,13.0734789915966
Zimbabwe,Harare,12.9540392156863
Zimbabwe,Harare,12.9210352941176
Zimbabwe,Harare,12.9103955182073
Zimbabwe,Harare,12.8573848739496
Zimbabwe,Harare,12.7922016806723
Zimbabwe,Harare,12.7905434173669
Zimbabwe,Harare,12.7213893557423
Zimbabwe,Harare,12.6799058823529
Zimbabwe,Harare,12.6426352941176
Zimbabwe,Harare,12.6408067226891
Zimbabwe,Harare,12.6092047058824
Zimbabwe,Harare,12.5949221288515
Zimbabwe,Harare,12.5703529411765
Zimbabwe,Harare,12.5650823529412
Zimbabwe,Harare,12.5081098039216
Zimbabwe,Harare,12.4986442577031
Zimbabwe,Harare,12.4767731092437
Zimbabwe,Harare,12.4370016806723
Zimbabwe,Harare,12.3997759103641
Zimbabwe,Harare,12.3914397759104
Zimbabwe,Harare,12.3885714285714
Zimbabwe,Harare,12.3303977591036
Zimbabwe,Harare,12.3116638655462
Zimbabwe,Harare,12.286574789916
Zimbabwe,Harare,12.2672941176471
Zimbabwe,Harare,12.2234980392157
Zimbabwe,Harare,12.2058039215686
Zimbabwe,Harare,12.1856
Zimbabwe,Harare,12.1821579831933
Zimbabwe,Harare,12.0458541176471
Zimbabwe,Harare,12.0
Zimbabwe,Harare,11.960380952381
Zimbabwe,Harare,11.92
Zimbabwe,Harare,11.7977546218487
Zimbabwe,Harare,11.786899719888
Zimbabwe,Harare,11.7462050420168
Zimbabwe,Harare,11.6959462184874
Zimbabwe,Harare,11.6557266106443
Zimbabwe,Harare,11.6100392156863
Zimbabwe,Harare,11.6094081792717
Zimbabwe,Harare,11.5872089635854
Zimbabwe,Harare,11.5299495798319
Zimbabwe,Harare,11.4679663865546
Zimbabwe,Harare,11.4374722689076
Zimbabwe,Harare,11.4326050420168
Zimbabwe,Harare,11.4066733893557
Zimbabwe,Harare,11.3403787114846
Zimbabwe,Harare,11.3371428571429
Zimbabwe,Harare,11.3312448179272
Zimbabwe,Harare,11.2487798319328
Zimbabwe,Harare,11.1853176470588
Zimbabwe,Harare,11.1163518207283
Zimbabwe,Harare,11.1066890756303
Zimbabwe,Harare,11.0682352941176
Zimbabwe,Harare,11.0462924369748
Zimbabwe,Harare,11.045718767507
Zimbabwe,Harare,11.0359663865546
Zimbabwe,Harare,11.0201008403361
Zimbabwe,Harare,11.0005871148459
Zimbabwe,Harare,10.9677176470588
Zimbabwe,Harare,10.93718767507
Zimbabwe,Harare,10.9348033613445
Zimbabwe,Harare,10.8860952380952
Zimbabwe,Harare,10.8795697478992
Zimbabwe,Harare,10.8782072829132
Zimbabwe,Harare,10.7716625210084
Zimbabwe,Harare,10.7670588235294
Zimbabwe,Harare,10.7575215686275
Zimbabwe,Harare,10.7084907563025
Zimbabwe,Harare,10.6901512605042
Zimbabwe,Harare,10.6021396078431
Zimbabwe,Harare,10.5180235294118
Zimbabwe,Harare,10.4771764705882
Zimbabwe,Harare,10.4768537815126
Zimbabwe,Harare,10.4527955182073
Zimbabwe,Harare,10.4511462184874
Zimbabwe,Harare,10.4155428571429
Zimbabwe,Harare,10.3683226890756
Zimbabwe,Harare,10.291675070028
Zimbabwe,Harare,10.2530151260504
Zimbabwe,Harare,10.1950745098039
Zimbabwe,Harare,10.1840672268908
Zimbabwe,Harare,10.1824
Zimbabwe,Harare,10.1680672268908
Zimbabwe,Harare,10.1334140056022
Zimbabwe,Harare,10.1302857142857
Zimbabwe,Harare,10.0857223529412
Zimbabwe,Harare,9.97653333333333
Zimbabwe,Harare,9.96881568627451
Zimbabwe,Harare,9.96486274509804
Zimbabwe,Harare,9.95124705882353
Zimbabwe,Harare,9.86202352941176
Zimbabwe,Harare,9.84446386554622
Zimbabwe,Harare,9.81666420168067
Zimbabwe,Harare,9.79540616246499
Zimbabwe,Harare,9.77383977591036
Zimbabwe,Harare,9.77005714285714
Zimbabwe,Harare,9.75739159663866
Zimbabwe,Harare,9.74359663865546
Zimbabwe,Harare,9.74356078431373
Zimbabwe,Harare,9.73866666666667
Zimbabwe,Harare,9.72398431372549
Zimbabwe,Harare,9.69518431372549
Zimbabwe,Harare,9.67955182072829
Zimbabwe,Harare,9.66658151260504
Zimbabwe,Harare,9.64746039215686
Zimbabwe,Harare,9.64185994397759
Zimbabwe,Harare,9.6372974789916
Zimbabwe,Harare,9.63085983193277
Zimbabwe,Harare,9.61121344537815
Zimbabwe,Harare,9.5758700280112
Zimbabwe,Harare,9.54442577030812
Zimbabwe,Harare,9.52470588235294
Zimbabwe,Harare,9.49590588235294
Zimbabwe,Harare,9.48956862745098
Zimbabwe,Harare,9.47271708683473
Zimbabwe,Norton,9.45855462184874
Zimbabwe,Harare,9.44833613445378
Zimbabwe,Harare,9.39347899159664
Zimbabwe,Harare,9.34959327731092
Zimbabwe,Harare,9.34582140056022
Zimbabwe,Harare,9.33243697478992
Zimbabwe,Harare,9.31721142857143
Zimbabwe,Harare,9.31545098039216
Zimbabwe,Harare,9.26246722689076
Zimbabwe,Harare,9.2529299719888
Zimbabwe,Harare,9.22905098039216
Zimbabwe,Harare,9.21662745098039
Zimbabwe,Harare,9.21173333333333
Zimbabwe,Harare,9.19556302521008
Zimbabwe,Harare,9.18429579831933
Zimbabwe,Harare,9.17881904761905
Zimbabwe,Harare,9.14980571428572
Zimbabwe,Harare,9.13288963585434
Zimbabwe,Harare,9.08522128851541
Zimbabwe,Harare,9.07738711484594
Zimbabwe,Harare,9.07285154061625
Zimbabwe,Harare,9.06937366946779
Zimbabwe,Harare,9.06928403361345
Zimbabwe,Harare,9.06635294117647
Zimbabwe,Harare,9.05879663865546
Zimbabwe,Harare,9.04365714285714
Zimbabwe,Harare,9.03698823529412
Zimbabwe,Harare,9.03431170868347
Zimbabwe,Harare,9.03013109243697
Zimbabwe,Harare,9.00956862745098
Zimbabwe,Harare,9.007958767507
Zimbabwe,Harare,8.96899047619048
Zimbabwe,Harare,8.94607058823529
Zimbabwe,Harare,8.91907226890756
Zimbabwe,Harare,8.88146823529412
Zimbabwe,Harare,8.86117647058824
Zimbabwe,Harare,8.84318655462185
Zimbabwe,Harare,8.84221848739496
Zimbabwe,Harare,8.81140168067227
Zimbabwe,Harare,8.79836862745098
Zimbabwe,Norton,8.78843697478991
Zimbabwe,Harare,8.78332235294118
Zimbabwe,Harare,8.7743731092437
Zimbabwe,Harare,8.76351820728291
Zimbabwe,Harare,8.76314173669468
Zimbabwe,Harare,8.7292737254902
Zimbabwe,Harare,8.72471663865546
Zimbabwe,Harare,8.68736
Zimbabwe,Harare,8.68356302521008
Zimbabwe,Harare,8.6553868907563
Zimbabwe,Harare,8.65140168067227
Zimbabwe,Harare,8.63490151260504
Zimbabwe,Norton,8.59966386554622
Zimbabwe,Harare,8.5859137254902
Zimbabwe,Norton,8.56605042016807
Zimbabwe,Harare,8.56072605042017
Zimbabwe,Harare,8.55287394957983
Zimbabwe,Harare,8.54996974789916
Zimbabwe,Harare,8.5472268907563
Zimbabwe,Harare,8.54435854341737
Zimbabwe,Harare,8.51504761904762
Zimbabwe,Harare,8.48489411764706
Zimbabwe,Norton,8.48134453781513
Zimbabwe,Harare,8.4337299719888
Zimbabwe,Harare,8.43093333333333
Zimbabwe,Norton,8.39744537815126
Zimbabwe,Harare,8.288
Zimbabwe,Harare,8.1938106442577
Zimbabwe,Harare,8.18296470588235
Zimbabwe,Harare,8.14811428571428
Zimbabwe,Norton,8.12280112044818
Zimbabwe,Norton,8.11419607843137
Zimbabwe,Norton,8.08004481792717
Zimbabwe,Harare,8.05811988795518
Zimbabwe,Norton,8.03728851540616
Zimbabwe,Harare,8.00914285714286
Zimbabwe,Harare,8.00761008403361
Zimbabwe,Harare,8.00103081232493
Zimbabwe,Norton,7.99211204481793
Zimbabwe,Norton,7.89942857142857
Zimbabwe,Norton,7.79885714285714
Zimbabwe,Norton,7.77411764705882
Zimbabwe,Harare,7.72969411764706
Zimbabwe,Harare,7.72861848739496
Zimbabwe,Norton,7.71872268907563
Zimbabwe,Norton,7.62514285714286
Zimbabwe,Harare,7.61214565826331
Zimbabwe,Norton,7.60685714285714
Zimbabwe,Norton,7.55217927170868
Zimbabwe,Harare,7.48065882352941
Zimbabwe,Harare,7.43077647058823
Zimbabwe,Harare,7.40815238095238
Zimbabwe,Harare,7.31670588235294
Zimbabwe,Norton,7.28829131652661
Zimbabwe,Norton,7.27878991596639
Zimbabwe,Harare,7.17823641456583
Zimbabwe,Harare,7.03372549019608
Zimbabwe,Harare,7.00988235294118
Zimbabwe,Harare,7.00776694677871
Zimbabwe,Norton,6.97366946778711
Zimbabwe,Norton,6.94283473389356
Zimbabwe,Harare,6.92906666666667
Zimbabwe,Norton,6.89747899159664
Zimbabwe,Harare,6.87435294117647
Zimbabwe,Norton,6.83545098039216
Zimbabwe,Norton,6.49178711484594
Zimbabwe,Norton,6.47601120448179
Zimbabwe,Harare,6.42081344537815
Zimbabwe,Norton,6.38727170868347
Zimbabwe,Norton,6.375081232493
Zimbabwe,Harare,6.23774117647059
Zimbabwe,Norton,6.16775350140056
Zimbabwe,Mvurwi,6.15384201680672
Zimbabwe,Norton,6.12060504201681
Zimbabwe,Norton,6.03070028011204
Zimbabwe,Norton,6.0116974789916
Zimbabwe,Norton,6.00443697478992
Zimbabwe,Mvurwi,5.98480672268908
Zimbabwe,Norton,5.9303081232493
Zimbabwe,Norton,5.90879551820728
Zimbabwe,Norton,5.87294117647059
Zimbabwe,Norton,5.86666666666667
Zimbabwe,Norton,5.84201680672269
Zimbabwe,Norton,5.77003921568627
Zimbabwe,Norton,5.76752941176471
Zimbabwe,Norton,5.7155406162465
Zimbabwe,Norton,5.65082352941176
Zimbabwe,Norton,5.6
Zimbabwe,Norton,5.58610644257703
Zimbabwe,Chisumbanje,5.53592470588235
Zimbabwe,Mvurwi,5.47816694677871
Zimbabwe,Norton,5.47710924369748
Zimbabwe,Mvurwi,5.41068907563025
Zimbabwe,Norton,5.3521568627451
Zimbabwe,Norton,5.29998879551821
Zimbabwe,Mvurwi,5.29726386554622
Zimbabwe,Norton,5.2533781512605
Zimbabwe,Norton,5.23858823529412
Zimbabwe,Norton,5.22039215686274
Zimbabwe,Norton,5.063081232493
Zimbabwe,Mvurwi,4.99248403361344
Zimbabwe,Norton,4.97371428571429
Zimbabwe,Norton,4.95757983193277
Zimbabwe,Mvurwi,4.88752044817927
Zimbabwe,Mvurwi,4.87045378151261
Zimbabwe,Mvurwi,4.85523361344538
Zimbabwe,Norton,4.75571988795518
Zimbabwe,Mvurwi,4.75428571428571
Zimbabwe,Mvurwi,4.7221243697479
Zimbabwe,Chisumbanje,4.68535574229692
Zimbabwe,Mvurwi,4.67070924369748
Zimbabwe,Norton,4.66447058823529
Zimbabwe,Norton,4.59840896358543
Zimbabwe,Chisumbanje,4.4485718767507
Zimbabwe,Mvurwi,4.42722240896359
Zimbabwe,Mvurwi,4.30709243697479
Zimbabwe,Mvurwi,4.224
Zimbabwe,Mvurwi,4.21291204481793
Zimbabwe,Mvurwi,4.18359215686274
Zimbabwe,Chisumbanje,4.16582633053221
Zimbabwe,Chisumbanje,4.15277535014006
Zimbabwe,Chisumbanje,4.13372235294118
Zimbabwe,Chisumbanje,4.07645579831933
Zimbabwe,Norton,4.07072268907563
Zimbabwe,Chisumbanje,4.05136134453782
Zimbabwe,Chisumbanje,3.9713631372549
Zimbabwe,Chisumbanje,3.96251428571429
Zimbabwe,Mvurwi,3.94
Zimbabwe,Norton,3.93393837535014
Zimbabwe,Chisumbanje,3.88562823529412
Zimbabwe,Mvurwi,3.84922352941176
Zimbabwe,Mvurwi,3.84129075630252
Zimbabwe,Mvurwi,3.83446050420168
Zimbabwe,Chisumbanje,3.81990005602241
Zimbabwe,Chisumbanje,3.80130599439776
Zimbabwe,Chisumbanje,3.79812929971989
Zimbabwe,Chisumbanje,3.78711484593838
Zimbabwe,Chisumbanje,3.78657703081232
Zimbabwe,Chisumbanje,3.76882196078431
Zimbabwe,Norton,3.76614005602241
Zimbabwe,Chisumbanje,3.76006991596639
Zimbabwe,Chisumbanje,3.74749579831933
Zimbabwe,Chisumbanje,3.73592918767507
Zimbabwe,Chisumbanje,3.71576470588235
Zimbabwe,Chisumbanje,3.7068118767507
Zimbabwe,Chisumbanje,3.69172974789916
Zimbabwe,Mvurwi,3.63501176470588
Zimbabwe,Chisumbanje,3.62057142857143
Zimbabwe,Chisumbanje,3.58211764705882
Zimbabwe,Chisumbanje,3.56916705882353
Zimbabwe,Chisumbanje,3.55567507002801
Zimbabwe,Mvurwi,3.55119327731092
Zimbabwe,Chisumbanje,3.53882352941176
Zimbabwe,Mvurwi,3.53794509803922
Zimbabwe,Chisumbanje,3.53725490196078
Zimbabwe,Mvurwi,3.5285781512605
Zimbabwe,Chisumbanje,3.5047619047619
Zimbabwe,Chisumbanje,3.50428862745098
Zimbabwe,Mvurwi,3.50337254901961
Zimbabwe,Chisumbanje,3.49651540616246
Zimbabwe,Chisumbanje,3.49214117647059
Zimbabwe,Chisumbanje,3.49090778711485
Zimbabwe,Chisumbanje,3.49043450980392
Zimbabwe,Chisumbanje,3.46277647058824
Zimbabwe,Chisumbanje,3.46187294117647
Zimbabwe,Chisumbanje,3.45984
Zimbabwe,Chisumbanje,3.44963047619048
Zimbabwe,Chisumbanje,3.43878991596639
Zimbabwe,Chisumbanje,3.40114285714286
Zimbabwe,Chisumbanje,3.38823529411765
Zimbabwe,Chisumbanje,3.38420168067227
Zimbabwe,Chisumbanje,3.34292974789916
Zimbabwe,Chisumbanje,3.33499518207283
Zimbabwe,Chisumbanje,3.33374386554622
Zimbabwe,Mvurwi,3.29164369747899
Zimbabwe,Chisumbanje,3.22993837535014
Zimbabwe,Chisumbanje,3.22222969187675
Zimbabwe,Chisumbanje,3.20288268907563
Zimbabwe,Chisumbanje,3.20254207282913
Zimbabwe,Chisumbanje,3.19894588235294
Zimbabwe,Chisumbanje,3.19225546218487
Zimbabwe,Chisumbanje,3.18870588235294
Zimbabwe,Chisumbanje,3.18710319327731
Zimbabwe,Chisumbanje,3.18610285714286
Zimbabwe,Mvurwi,3.16206610644258
Zimbabwe,Chisumbanje,3.15722577030812
Zimbabwe,Chisumbanje,3.1554312605042
Zimbabwe,Chisumbanje,3.15026285714286
Zimbabwe,Chisumbanje,3.14871036414566
Zimbabwe,Chisumbanje,3.1389543977591
Zimbabwe,Chisumbanje,3.13636571428571
Zimbabwe,Chisumbanje,3.12013445378151
Zimbabwe,Mvurwi,3.11688963585434
Zimbabwe,Chisumbanje,3.10729859943978
Zimbabwe,Chisumbanje,3.09274890756303
Zimbabwe,Chisumbanje,3.09232941176471
Zimbabwe,Chisumbanje,3.08955428571429
Zimbabwe,Chisumbanje,3.08458487394958
Zimbabwe,Chisumbanje,3.08194599439776
Zimbabwe,Chisumbanje,3.0753631372549
Zimbabwe,Mvurwi,3.0413893557423
Zimbabwe,Chisumbanje,3.04044817927171
Zimbabwe,Chisumbanje,3.0024712605042
Zimbabwe,Chisumbanje,2.99558722689076
Zimbabwe,Chisumbanje,2.99383753501401
Zimbabwe,Mvurwi,2.97734453781513
Zimbabwe,Chisumbanje,2.96094117647059
Zimbabwe,Chisumbanje,2.95386352941176
Zimbabwe,Chisumbanje,2.95047529411765
Zimbabwe,Chisumbanje,2.94996616246499
Zimbabwe,Mvurwi,2.93604033613445
Zimbabwe,Chisumbanje,2.93452728291317
Zimbabwe,Chisumbanje,2.92629333333333
Zimbabwe,Chisumbanje,2.91367798319328
Zimbabwe,Chisumbanje,2.90886274509804
Zimbabwe,Chisumbanje,2.89811719887955
Zimbabwe,Mvurwi,2.87553613445378
Zimbabwe,Chisumbanje,2.87427226890756
Zimbabwe,Chisumbanje,2.84755182072829
Zimbabwe,Chisumbanje,2.83700705882353
Zimbabwe,Mvurwi,2.82236414565826
Zimbabwe,Chisumbanje,2.81932728291316
Zimbabwe,Chisumbanje,2.81513949579832
Zimbabwe,Chisumbanje,2.79914845938375
Zimbabwe,Chisumbanje,2.78919170868347
Zimbabwe,Chisumbanje,2.77811092436975
Zimbabwe,Chisumbanje,2.77339787114846
Zimbabwe,Chisumbanje,2.7726162464986
Zimbabwe,Mvurwi,2.77
Zimbabwe,Chisumbanje,2.76432672268908
Zimbabwe,Chisumbanje,2.75449546218487
Zimbabwe,Chisumbanje,2.74974117647059
Zimbabwe,Chisumbanje,2.74509803921569
Zimbabwe,Chisumbanje,2.74486857142857
Zimbabwe,Chisumbanje,2.74406543417367
Zimbabwe,Chisumbanje,2.74193927170868
Zimbabwe,Chisumbanje,2.73471820728291
Zimbabwe,Chisumbanje,2.70225030812325
Zimbabwe,Chisumbanje,2.70131988795518
Zimbabwe,Chisumbanje,2.69531428571429
Zimbabwe,Mvurwi,2.69
Zimbabwe,Chisumbanje,2.68167529411765
Zimbabwe,Chisumbanje,2.63258352941176
Zimbabwe,Chisumbanje,2.61362016806723
Zimbabwe,Mvurwi,2.61333333333333
Zimbabwe,Mvurwi,2.55490868347339
Zimbabwe,Chisumbanje,2.55043406162465
Zimbabwe,Mvurwi,2.54902857142857
Zimbabwe,Chisumbanje,2.53362554621849
Zimbabwe,Mvurwi,2.5315406162465
Zimbabwe,Chisumbanje,2.52315966386555
Zimbabwe,Mvurwi,2.52073949579832
Zimbabwe,Chisumbanje,2.51971764705882
Zimbabwe,Chisumbanje,2.5185631372549
Zimbabwe,Chisumbanje,2.51769725490196
Zimbabwe,Chisumbanje,2.51132773109244
Zimbabwe,Chisumbanje,2.50435406162465
Zimbabwe,Chisumbanje,2.49949579831933
Zimbabwe,Chisumbanje,2.49833053221289
Zimbabwe,Chisumbanje,2.46993389355742
Zimbabwe,Chisumbanje,2.46341915966387
Zimbabwe,Mvurwi,2.43796974789916
Zimbabwe,Mvurwi,2.31346554621849
Zimbabwe,Mvurwi,2.30142745098039
Zimbabwe,Mvurwi,2.23523137254902
Zimbabwe,Mvurwi,2.23
Zimbabwe,Mvurwi,2.22268235294118
Zimbabwe,Mvurwi,2.20454005602241
Zimbabwe,Mvurwi,2.17909243697479
Zimbabwe,Mvurwi,2.09712941176471
Zimbabwe,Mvurwi,2.07590901960784
Zimbabwe,Mvurwi,1.99887058823529
Zimbabwe,Mvurwi,1.95531652661064
Zimbabwe,Mvurwi,1.95029691876751
Zimbabwe,Mvurwi,1.90183081232493
Zimbabwe,Mvurwi,1.88862745098039
Zimbabwe,Kwekwe,1.70779607843137
Zimbabwe,Mvurwi,1.66122128851541
Zimbabwe,Mvurwi,1.64374229691877
Zimbabwe,Kwekwe,1.55213445378151
Zimbabwe,Kwekwe,1.38787675070028
Zimbabwe,Kwekwe,1.31579159663866
Zimbabwe,Kwekwe,1.30765266106443
Zimbabwe,Kwekwe,1.30538487394958
Zimbabwe,Kwekwe,1.21097142857143
Zimbabwe,Kwekwe,1.19488179271709
Zimbabwe,Kwekwe,1.16064985994398
Zimbabwe,Kwekwe,1.04475966386555
Zimbabwe,Kwekwe,1.03801904761905
Zimbabwe,Kwekwe,0.928134453781512
Zimbabwe,Kwekwe,0.857833053221288
Zimbabwe,Kwekwe,0.85770756302521
Zimbabwe,Kwekwe,0.853835294117647
Zimbabwe,Kwekwe,0.802742857142857
Zimbabwe,Kwekwe,0.766001120448179
Zimbabwe,Kwekwe,0.74315294117647
Zimbabwe,Kwekwe,0.742310364145658
Zimbabwe,Kwekwe,0.729191260504202
Zimbabwe,Kwekwe,0.632470588235294
Zimbabwe,Kwekwe,0.625272829131653
Zimbabwe,Kwekwe,0.615654901960784
Zimbabwe,Kwekwe,0.596974789915966
Zimbabwe,Kwekwe,0.591005042016807
Zimbabwe,Kwekwe,0.565
Zimbabwe,Kwekwe,0.555294117647059
Zimbabwe,Kwekwe,0.550808739495798
Zimbabwe,Kwekwe,0.547979831932773
Zimbabwe,Kwekwe,11.43
Zimbabwe,Harare,11.15
Zimbabwe,Kwekwe,11.06
Zimbabwe,Harare,11.04
Zimbabwe,Harare,10.85
Zimbabwe,Harare,10.84
Zimbabwe,Kwekwe,10.81
Zimbabwe,Harare,10.81
Zimbabwe,Harare,10.78
Zimbabwe,Harare,10.75
Zimbabwe,Kwekwe,10.72
Zimbabwe,Murehwa,10.7
Zimbabwe,Kwekwe,10.61
Zimbabwe,Harare,10.61
Zimbabwe,Murehwa,10.61
Zimbabwe,Harare,10.52
Zimbabwe,Kwekwe,10.47
Zimbabwe,Kwekwe,10.44
Zimbabwe,Harare,10.41
Zimbabwe,Harare,10.38
Zimbabwe,Glendale,10.25
Zimbabwe,Harare,10.24
Zimbabwe,Harare,10.21
Zimbabwe,Harare,10.2
Zimbabwe,Kwekwe,10.15
Zimbabwe,Harare,10.13
Zimbabwe,Harare,10.1
Zimbabwe,Kwekwe,10.07
Zimbabwe,Harare,10.07
Zimbabwe,Harare,10.04
Zimbabwe,Kwekwe,10.01
Zimbabwe,Kwekwe,9.98
Zimbabwe,Glendale,9.98
Zimbabwe,Harare,9.98
Zimbabwe,Harare,9.97
Zimbabwe,Kwekwe,9.96
Zimbabwe,Harare,9.96
Zimbabwe,Kwekwe,9.9
Zimbabwe,Kwekwe,9.87
Zimbabwe,Harare,9.86
Zimbabwe,Glendale,9.84
Zimbabwe,Harare,9.84
Zimbabwe,Kwekwe,9.81
Zimbabwe,Harare,9.8
Zimbabwe,Harare,9.77
Zimbabwe,Harare,9.76
Zimbabwe,Kwekwe,9.73
Zimbabwe,Harare,9.73
Zimbabwe,Kwekwe,9.7
Zimbabwe,Harare,9.67
Zimbabwe,Kwekwe,9.67
Zimbabwe,Harare,9.66
Zimbabwe,Harare,9.59
Zimbabwe,Kwekwe,9.59
Zimbabwe,Harare,9.56
Zimbabwe,Kwekwe,9.56
Zimbabwe,Harare,9.54
Zimbabwe,Kwekwe,9.53
Zimbabwe,Kwekwe,9.5
Zimbabwe,Harare,9.48
Zimbabwe,Glendale,9.48
Zimbabwe,Harare,9.47
Zimbabwe,Kwekwe,9.44
Zimbabwe,Harare,9.44
Zimbabwe,Harare,9.43
Zimbabwe,Harare,9.42
Zimbabwe,Kwekwe,9.42
Zimbabwe,Harare,9.4
Zimbabwe,Glendale,9.39
Zimbabwe,Harare,9.39
Zimbabwe,Harare,9.38
Zimbabwe,Harare,9.37
Zimbabwe,Harare,9.36
Zimbabwe,Harare,9.35
Zimbabwe,Kwekwe,9.33
Zimbabwe,Harare,9.33
Zimbabwe,Kwekwe,9.3
Zimbabwe,Harare,9.3
Zimbabwe,Kwekwe,9.28
Zimbabwe,Kwekwe,9.27
Zimbabwe,Harare,9.25
Zimbabwe,Harare,9.24
Zimbabwe,Harare,9.22
Zimbabwe,Harare,9.17
Zimbabwe,Harare,9.16
Zimbabwe,Glendale,9.15
Zimbabwe,Kwekwe,9.13
Zimbabwe,Harare,9.13
Zimbabwe,Harare,9.12
Zimbabwe,Harare,9.1
Zimbabwe,Kwekwe,9.1
Zimbabwe,Harare,9.08
Zimbabwe,Harare,9.07
Zimbabwe,Kwekwe,9.05
Zimbabwe,Harare,9.05
Zimbabwe,Harare,9.04
Zimbabwe,Harare,9.03
Zimbabwe,Kwekwe,9.02
Zimbabwe,Lionsden,9.02
Zimbabwe,Harare,9.02
Zimbabwe,Harare,9.01
Zimbabwe,Glendale,9.01
Zimbabwe,Harare,8.99
Zimbabwe,Harare,8.97
Zimbabwe,Kwekwe,8.96
Zimbabwe,Harare,8.96
Zimbabwe,Harare,8.93
Zimbabwe,Harare,8.91
Zimbabwe,Harare,8.9
Zimbabwe,Harare,8.88
Zimbabwe,Harare,8.87
Zimbabwe,Harare,8.86
Zimbabwe,Harare,8.85
Zimbabwe,Kwekwe,8.85
Zimbabwe,Harare,8.84
Zimbabwe,Harare,8.83
Zimbabwe,Harare,8.82
Zimbabwe,Kwekwe,8.82
Zimbabwe,Murehwa,8.82
Zimbabwe,Harare,8.79
Zimbabwe,Harare,8.78
Zimbabwe,Harare,8.76
Zimbabwe,Kwekwe,8.73
Zimbabwe,Harare,8.73
Zimbabwe,Glendale,8.7
Zimbabwe,Harare,8.7
Zimbabwe,Harare,8.69
Zimbabwe,Harare,8.68
Zimbabwe,Harare,8.67
Zimbabwe,Harare,8.66
Zimbabwe,Harare,8.65
Zimbabwe,Harare,8.63
Zimbabwe,Kwekwe,8.62
Zimbabwe,Harare,8.62
Zimbabwe,Harare,8.61
Zimbabwe,Harare,8.6
Zimbabwe,Harare,8.59
Zimbabwe,Harare,8.58
Zimbabwe,Harare,8.57
Zimbabwe,Kwekwe,8.56
Zimbabwe,Harare,8.56
Zimbabwe,Harare,8.55
Zimbabwe,Harare,8.54
Zimbabwe,Harare,8.53
Zimbabwe,Glendale,8.52
Zimbabwe,Harare,8.51
Zimbabwe,Harare,8.5
Zimbabwe,Kwekwe,8.48
Zimbabwe,Harare,8.48
Zimbabwe,Harare,8.47
Zimbabwe,Kwekwe,8.45
Zimbabwe,Harare,8.45
Zimbabwe,Kwekwe,8.42
Zimbabwe,Harare,8.42
Zimbabwe,Harare,8.41
Zimbabwe,Harare,8.4
Zimbabwe,Harare,8.39
Zimbabwe,Harare,8.38
Zimbabwe,Harare,8.37
Zimbabwe,Harare,8.36
Zimbabwe,Kwekwe,8.36
Zimbabwe,Kwekwe,8.33
Zimbabwe,Lionsden,8.33
Zimbabwe,Harare,8.33
Zimbabwe,Glendale,8.32
Zimbabwe,Harare,8.31
Zimbabwe,Kwekwe,8.31
Zimbabwe,Lionsden,8.31
Zimbabwe,Murehwa,8.31
Zimbabwe,Harare,8.3
Zimbabwe,Harare,8.29
Zimbabwe,Kariba,8.29
Zimbabwe,Lionsden,8.28
Zimbabwe,Glendale,8.28
Zimbabwe,Harare,8.28
Zimbabwe,Harare,8.27
Zimbabwe,Harare,8.25
Zimbabwe,Harare,8.24
Zimbabwe,Harare,8.23
Zimbabwe,Lionsden,8.22
Zimbabwe,Harare,8.22
Zimbabwe,Harare,8.2
Zimbabwe,Lionsden,8.19
Zimbabwe,Harare,8.19
Zimbabwe,Harare,8.18
Zimbabwe,Glendale,8.18
Zimbabwe,Murehwa,8.16
Zimbabwe,Harare,8.15
Zimbabwe,Harare,8.14
Zimbabwe,Kwekwe,8.14
Zimbabwe,Lionsden,8.14
Zimbabwe,Glendale,8.14
Zimbabwe,Harare,8.13
Zimbabwe,Glendale,8.13
Zimbabwe,Harare,8.12
Zimbabwe,Harare,8.11
Zimbabwe,Harare,8.1
Zimbabwe,Harare,8.09
Zimbabwe,Lionsden,8.08
Zimbabwe,Harare,8.08
Zimbabwe,Harare,8.05
Zimbabwe,Harare,8.03
Zimbabwe,Harare,8.02
Zimbabwe,Harare,7.99
Zimbabwe,Harare,7.96
Zimbabwe,Harare,7.95
Zimbabwe,Lionsden,7.94
Zimbabwe,Glendale,7.94
Zimbabwe,Harare,7.94
Zimbabwe,Murehwa,7.94
Zimbabwe,Harare,7.93
Zimbabwe,Lionsden,7.91
Zimbabwe,Harare,7.91
Zimbabwe,Kariba,7.9
Zimbabwe,Harare,7.89
Zimbabwe,Harare,7.88
Zimbabwe,Lionsden,7.88
Zimbabwe,Murehwa,7.88
Zimbabwe,Harare,7.87
Zimbabwe,Glendale,7.87
Zimbabwe,Harare,7.86
Zimbabwe,Kariba,7.86
Zimbabwe,Lionsden,7.85
Zimbabwe,Harare,7.85
Zimbabwe,Harare,7.84
Zimbabwe,Glendale,7.83
Zimbabwe,Harare,7.82
Zimbabwe,Harare,7.79
Zimbabwe,Lionsden,7.79
Zimbabwe,Harare,7.77
Zimbabwe,Lionsden,7.77
Zimbabwe,Kariba,7.77
Zimbabwe,Harare,7.76
Zimbabwe,Kariba,7.75
Zimbabwe,Glendale,7.75
Zimbabwe,Glendale,7.74
Zimbabwe,Harare,7.74
Zimbabwe,Harare,7.72
Zimbabwe,Lionsden,7.71
Zimbabwe,Kariba,7.71
Zimbabwe,Harare,7.71
Zimbabwe,Harare,7.7
Zimbabwe,Harare,7.69
Zimbabwe,Glendale,7.69
Zimbabwe,Glendale,7.68
Zimbabwe,Harare,7.68
Zimbabwe,Glendale,7.66
Zimbabwe,Lionsden,7.65
Zimbabwe,Glendale,7.65
Zimbabwe,Harare,7.65
Zimbabwe,Kariba,7.64
Zimbabwe,Glendale,7.63
Zimbabwe,Lionsden,7.62
Zimbabwe,Harare,7.62
Zimbabwe,Kariba,7.61
Zimbabwe,Harare,7.59
Zimbabwe,Glendale,7.59
Zimbabwe,Murehwa,7.59
Zimbabwe,Lionsden,7.57
Zimbabwe,Kariba,7.57
Zimbabwe,Glendale,7.57
Zimbabwe,Harare,7.57
Zimbabwe,Harare,7.56
Zimbabwe,Harare,7.55
Zimbabwe,Kariba,7.55
Zimbabwe,Murehwa,7.54
Zimbabwe,Lionsden,7.51
Zimbabwe,Harare,7.51
Zimbabwe,Murehwa,7.51
Zimbabwe,Kariba,7.5
Zimbabwe,Kariba,7.49
Zimbabwe,Harare,7.48
Zimbabwe,Harare,7.47
Zimbabwe,Kariba,7.47
Zimbabwe,Harare,7.45
Zimbabwe,Lionsden,7.45
Zimbabwe,Kariba,7.45
Zimbabwe,Glendale,7.44
Zimbabwe,Lionsden,7.42
Zimbabwe,Glendale,7.42
Zimbabwe,Harare,7.42
Zimbabwe,Glendale,7.4
Zimbabwe,Harare,7.4
Zimbabwe,Murehwa,7.4
Zimbabwe,Harare,7.38
Zimbabwe,Kariba,7.38
Zimbabwe,Kariba,7.37
Zimbabwe,Harare,7.37
Zimbabwe,Glendale,7.35
Zimbabwe,Lionsden,7.34
Zimbabwe,Glendale,7.34
Zimbabwe,Harare,7.34
Zimbabwe,Harare,7.31
Zimbabwe,Glendale,7.3
Zimbabwe,Kariba,7.3
Zimbabwe,Lionsden,7.28
Zimbabwe,Harare,7.28
Zimbabwe,Harare,7.26
Zimbabwe,Kariba,7.26
Zimbabwe,Glendale,7.25
Zimbabwe,Harare,7.25
Zimbabwe,Kariba,7.24
Zimbabwe,Harare,7.23
Zimbabwe,Lionsden,7.22
Zimbabwe,Glendale,7.22
Zimbabwe,Harare,7.22
Zimbabwe,Glendale,7.2
Zimbabwe,Harare,7.2
Zimbabwe,Glendale,7.19
Zimbabwe,Lionsden,7.17
Zimbabwe,Harare,7.17
Zimbabwe,Lionsden,7.14
Zimbabwe,Kariba,7.14
Zimbabwe,Harare,7.14
Zimbabwe,Kariba,7.12
Zimbabwe,Glendale,7.1
Zimbabwe,Harare,7.08
Zimbabwe,Lionsden,7.08
Zimbabwe,Kariba,7.08
Zimbabwe,Glendale,7.07
Zimbabwe,Kariba,7.07
Zimbabwe,Kariba,7.05
Zimbabwe,Harare,7.05
Zimbabwe,Murehwa,7.05
Zimbabwe,Harare,7.03
Zimbabwe,Lionsden,7.03
Zimbabwe,Glendale,7.03
Zimbabwe,Murehwa,7.03
Zimbabwe,Kariba,7.01
Zimbabwe,Lionsden,7.0
Zimbabwe,Glendale,7.0
Zimbabwe,Harare,7.0
Zimbabwe,Harare,6.99
Zimbabwe,Kariba,6.99
Zimbabwe,Kariba,6.97
Zimbabwe,Harare,6.97
Zimbabwe,Murehwa,6.97
Zimbabwe,Lionsden,6.94
Zimbabwe,Harare,6.94
Zimbabwe,Murehwa,6.94
Zimbabwe,Kariba,6.92
Zimbabwe,Lionsden,6.91
Zimbabwe,Harare,6.91
Zimbabwe,Harare,6.9
Zimbabwe,Glendale,6.9
Zimbabwe,Lionsden,6.86
Zimbabwe,Harare,6.86
Zimbabwe,Glendale,6.84
Zimbabwe,Glendale,6.83
Zimbabwe,Kariba,6.83
Zimbabwe,Harare,6.83
Zimbabwe,Kariba,6.82
Zimbabwe,Harare,6.8
Zimbabwe,Lionsden,6.8
Zimbabwe,Kariba,6.8
Zimbabwe,Murehwa,6.8
Zimbabwe,Harare,6.78
Zimbabwe,Glendale,6.78
Zimbabwe,Lionsden,6.77
Zimbabwe,Murehwa,6.77
Zimbabwe,Glendale,6.76
Zimbabwe,Kariba,6.76
Zimbabwe,Lionsden,6.74
Zimbabwe,Harare,6.74
Zimbabwe,Harare,6.73
Zimbabwe,Glendale,6.72
Zimbabwe,Kariba,6.72
Zimbabwe,Lionsden,6.71
Zimbabwe,Harare,6.7
Zimbabwe,Glendale,6.67
Zimbabwe,Lionsden,6.66
Zimbabwe,Kariba,6.66
Zimbabwe,Lionsden,6.63
Zimbabwe,Harare,6.63
Zimbabwe,Murehwa,6.63
Zimbabwe,Glendale,6.62
Zimbabwe,Glendale,6.61
Zimbabwe,Lionsden,6.6
Zimbabwe,Harare,6.6
Zimbabwe,Harare,6.59
Zimbabwe,Glendale,6.59
Zimbabwe,Harare,6.57
Zimbabwe,Lionsden,6.57
Zimbabwe,Murehwa,6.57
Zimbabwe,Kariba,6.56
Zimbabwe,Glendale,6.56
Zimbabwe,Chisumbanje,6.55
Zimbabwe,Glendale,6.52
Zimbabwe,Lionsden,6.51
Zimbabwe,Harare,6.51
Zimbabwe,Glendale,6.5
Zimbabwe,Lionsden,6.49
Zimbabwe,Harare,6.49
Zimbabwe,Murehwa,6.49
Zimbabwe,Harare,6.48
Zimbabwe,Lionsden,6.46
Zimbabwe,Harare,6.45
Zimbabwe,Harare,6.44
Zimbabwe,Kariba,6.44
Zimbabwe,Lionsden,6.43
Zimbabwe,Kariba,6.43
Zimbabwe,Glendale,6.43
Zimbabwe,Glendale,6.42
Zimbabwe,Kariba,6.41
Zimbabwe,Kariba,6.4
Zimbabwe,Glendale,6.4
Zimbabwe,Harare,6.4
Zimbabwe,Murehwa,6.4
Zimbabwe,Glendale,6.38
Zimbabwe,Lionsden,6.37
Zimbabwe,Kariba,6.37
Zimbabwe,Glendale,6.37
Zimbabwe,Murehwa,6.37
Zimbabwe,Glendale,6.36
Zimbabwe,Kariba,6.36
Zimbabwe,Glendale,6.35
Zimbabwe,Kariba,6.35
Zimbabwe,Lionsden,6.34
Zimbabwe,Harare,6.34
Zimbabwe,Murehwa,6.34
Zimbabwe,Glendale,6.33
Zimbabwe,Kariba,6.33
Zimbabwe,Kariba,6.32
Zimbabwe,Glendale,6.32
Zimbabwe,Murehwa,6.31
Zimbabwe,Harare,6.3
Zimbabwe,Lionsden,6.29
Zimbabwe,Murehwa,6.29
Zimbabwe,Chisumbanje,6.28
Zimbabwe,Harare,6.27
Zimbabwe,Kariba,6.27
Zimbabwe,Glendale,6.26
Zimbabwe,Kariba,6.25
Zimbabwe,Harare,6.24
Zimbabwe,Lionsden,6.23
Zimbabwe,Harare,6.23
Zimbabwe,Murehwa,6.23
Zimbabwe,Kariba,6.22
Zimbabwe,Lionsden,6.2
Zimbabwe,Glendale,6.19
Zimbabwe,Kariba,6.18
Zimbabwe,Lionsden,6.17
Zimbabwe,Harare,6.17
Zimbabwe,Murehwa,6.17
Zimbabwe,Glendale,6.15
Zimbabwe,Lionsden,6.14
Zimbabwe,Kariba,6.14
Zimbabwe,Glendale,6.14
Zimbabwe,Harare,6.14
Zimbabwe,Harare,6.13
Zimbabwe,Harare,6.11
Zimbabwe,Lionsden,6.09
Zimbabwe,Glendale,6.09
Zimbabwe,Glendale,6.07
Zimbabwe,Kariba,6.07
Zimbabwe,Harare,6.07
Zimbabwe,Kariba,6.06
Zimbabwe,Murehwa,6.06
Zimbabwe,Glendale,6.05
Zimbabwe,Harare,6.04
Zimbabwe,Lionsden,6.03
Zimbabwe,Glendale,6.03
Zimbabwe,Murehwa,6.03
Zimbabwe,Kariba,6.02
Zimbabwe,Glendale,6.02
Zimbabwe,Kariba,6.01
Zimbabwe,Lionsden,6.0
Zimbabwe,Murehwa,6.0
Zimbabwe,Chisumbanje,5.99
Zimbabwe,Kariba,5.99
Zimbabwe,Lionsden,5.97
Zimbabwe,Glendale,5.97
Zimbabwe,Harare,5.97
Zimbabwe,Murehwa,5.97
Zimbabwe,Chisumbanje,5.95
Zimbabwe,Lionsden,5.94
Zimbabwe,Glendale,5.94
Zimbabwe,Murehwa,5.94
Zimbabwe,Glendale,5.93
Zimbabwe,Kariba,5.92
Zimbabwe,Harare,5.92
Zimbabwe,Murehwa,5.92
Zimbabwe,Harare,5.91
Zimbabwe,Glendale,5.9
Zimbabwe,Kariba,5.9
Zimbabwe,Murehwa,5.9
Zimbabwe,Kariba,5.89
Zimbabwe,Harare,5.88
Zimbabwe,Glendale,5.88
Zimbabwe,Harare,5.87
Zimbabwe,Kariba,5.87
Zimbabwe,Lionsden,5.86
Zimbabwe,Harare,5.86
Zimbabwe,Kariba,5.86
Zimbabwe,Glendale,5.86
Zimbabwe,Harare,5.85
Zimbabwe,Glendale,5.85
Zimbabwe,Harare,5.84
Zimbabwe,Kariba,5.83
Zimbabwe,Glendale,5.83
Zimbabwe,Murehwa,5.83
Zimbabwe,Harare,5.82
Zimbabwe,Glendale,5.82
Zimbabwe,Kariba,5.81
Zimbabwe,Glendale,5.81
Zimbabwe,Harare,5.8
Zimbabwe,Lionsden,5.8
Zimbabwe,Kariba,5.8
Zimbabwe,Kariba,5.79
Zimbabwe,Glendale,5.79
Zimbabwe,Harare,5.78
Zimbabwe,Lionsden,5.77
Zimbabwe,Glendale,5.77
Zimbabwe,Chisumbanje,5.76
Zimbabwe,Glendale,5.75
Zimbabwe,Murehwa,5.75
Zimbabwe,Kariba,5.74
Zimbabwe,Glendale,5.74
Zimbabwe,Kariba,5.73
Zimbabwe,Glendale,5.73
Zimbabwe,Harare,5.72
Zimbabwe,Glendale,5.72
Zimbabwe,Harare,5.71
Zimbabwe,Kariba,5.71
Zimbabwe,Glendale,5.71
Zimbabwe,Glendale,5.7
Zimbabwe,Kwekwe,5.7
Zimbabwe,Murehwa,5.69
Zimbabwe,Harare,5.68
Zimbabwe,Harare,5.67
Zimbabwe,Kariba,5.67
Zimbabwe,Kariba,5.65
Zimbabwe,Glendale,5.65
Zimbabwe,Kwekwe,5.65
Zimbabwe,Glendale,5.64
Zimbabwe,Glendale,5.62
Zimbabwe,Harare,5.61
Zimbabwe,Harare,5.6
Zimbabwe,Harare,5.59
Zimbabwe,Harare,5.58
Zimbabwe,Glendale,5.58
Zimbabwe,Harare,5.57
Zimbabwe,Kariba,5.57
Zimbabwe,Glendale,5.57
Zimbabwe,Harare,5.56
Zimbabwe,Harare,5.55
Zimbabwe,Glendale,5.55
Zimbabwe,Harare,5.54
Zimbabwe,Glendale,5.54
Zimbabwe,Kariba,5.52
Zimbabwe,Chisumbanje,5.51
Zimbabwe,Harare,5.49
Zimbabwe,Glendale,5.47
Zimbabwe,Kariba,5.47
Zimbabwe,Harare,5.46
Zimbabwe,Glendale,5.46
Zimbabwe,Murehwa,5.46
Zimbabwe,Harare,5.45
Zimbabwe,Chisumbanje,5.44
Zimbabwe,Harare,5.43
Zimbabwe,Kariba,5.43
Zimbabwe,Kariba,5.41
Zimbabwe,Glendale,5.4
Zimbabwe,Murehwa,5.4
Zimbabwe,Harare,5.39
Zimbabwe,Glendale,5.39
Zimbabwe,Murehwa,5.38
Zimbabwe,Chisumbanje,5.37
Zimbabwe,Kariba,5.37
Zimbabwe,Kariba,5.36
Zimbabwe,Kariba,5.35
Zimbabwe,Harare,5.35
Zimbabwe,Murehwa,5.35
Zimbabwe,Kariba,5.34
Zimbabwe,Harare,5.33
Zimbabwe,Glendale,5.33
Zimbabwe,Chisumbanje,5.32
Zimbabwe,Kariba,5.32
Zimbabwe,Harare,5.32
Zimbabwe,Kariba,5.3
Zimbabwe,Glendale,5.29
Zimbabwe,Kariba,5.29
Zimbabwe,Murehwa,5.29
Zimbabwe,Harare,5.28
Zimbabwe,Glendale,5.27
Zimbabwe,Kariba,5.27
Zimbabwe,Harare,5.26
Zimbabwe,Murehwa,5.26
Zimbabwe,Harare,5.24
Zimbabwe,Harare,5.23
Zimbabwe,Murehwa,5.23
Zimbabwe,Harare,5.22
Zimbabwe,Kariba,5.22
Zimbabwe,Kariba,5.19
Zimbabwe,Harare,5.18
Zimbabwe,Kariba,5.18
Zimbabwe,Murehwa,5.18
Zimbabwe,Harare,5.15
Zimbabwe,Murehwa,5.15
Zimbabwe,Kariba,5.14
Zimbabwe,Harare,5.13
Zimbabwe,Harare,5.12
Zimbabwe,Chisumbanje,5.11
Zimbabwe,Kariba,5.11
Zimbabwe,Harare,5.1
Zimbabwe,Harare,5.09
Zimbabwe,Murehwa,5.09
Zimbabwe,Harare,5.08
Zimbabwe,Harare,5.05
Zimbabwe,Kariba,5.04
Zimbabwe,Kariba,5.03
Zimbabwe,Harare,5.02
Zimbabwe,Harare,5.01
Zimbabwe,Chisumbanje,5.0
Zimbabwe,Harare,4.99
Zimbabwe,Harare,4.98
Zimbabwe,Harare,4.97
Zimbabwe,Kwekwe,4.97
Zimbabwe,Kariba,4.96
Zimbabwe,Harare,4.96
Zimbabwe,Kariba,4.92
Zimbabwe,Harare,4.92
Zimbabwe,Harare,4.91
Zimbabwe,Harare,4.9
Zimbabwe,Harare,4.89
Zimbabwe,Chisumbanje,4.88
Zimbabwe,Harare,4.87
Zimbabwe,Kariba,4.87
Zimbabwe,Kwekwe,4.87
Zimbabwe,Kariba,4.86
Zimbabwe,Chisumbanje,4.85
Zimbabwe,Kariba,4.85
Zimbabwe,Harare,4.82
Zimbabwe,Chisumbanje,4.8
Zimbabwe,Chisumbanje,4.79
Zimbabwe,Harare,4.76
Zimbabwe,Kariba,4.76
Zimbabwe,Kariba,4.74
Zimbabwe,Kariba,4.73
Zimbabwe,Harare,4.73
Zimbabwe,Kariba,4.72
Zimbabwe,Harare,4.71
Zimbabwe,Chisumbanje,4.7
Zimbabwe,Chisumbanje,4.69
Zimbabwe,Harare,4.69
Zimbabwe,Kwekwe,4.67
Zimbabwe,Chisumbanje,4.66
Zimbabwe,Harare,4.66
Zimbabwe,Chisumbanje,4.62
Zimbabwe,Harare,4.62
Zimbabwe,Kariba,4.61
Zimbabwe,Chisumbanje,4.59
Zimbabwe,Harare,4.59
Zimbabwe,Kariba,4.58
Zimbabwe,Harare,4.56
Zimbabwe,Chisumbanje,4.55
Zimbabwe,Harare,4.55
Zimbabwe,Kariba,4.54
Zimbabwe,Harare,4.53
Zimbabwe,Harare,4.52
Zimbabwe,Chisumbanje,4.51
Zimbabwe,Chisumbanje,4.5
Zimbabwe,Harare,4.5
Zimbabwe,Chisumbanje,4.49
Zimbabwe,Harare,4.49
Zimbabwe,Kwekwe,4.48
Zimbabwe,Chisumbanje,4.47
Zimbabwe,Harare,4.47
Zimbabwe,Chisumbanje,4.46
Zimbabwe,Harare,4.46
Zimbabwe,Chisumbanje,4.45
Zimbabwe,Chisumbanje,4.43
Zimbabwe,Harare,4.43
Zimbabwe,Harare,4.42
Zimbabwe,Chisumbanje,4.41
Zimbabwe,Harare,4.41
Zimbabwe,Chisumbanje,4.4
Zimbabwe,Harare,4.4
Zimbabwe,Chisumbanje,4.38
Zimbabwe,Harare,4.38
Zimbabwe,Harare,4.36
Zimbabwe,Chisumbanje,4.35
Zimbabwe,Kwekwe,4.34
Zimbabwe,Chisumbanje,4.33
Zimbabwe,Harare,4.33
Zimbabwe,Kwekwe,4.32
Zimbabwe,Chisumbanje,4.31
Zimbabwe,Harare,4.31
Zimbabwe,Harare,4.29
Zimbabwe,Harare,4.28
Zimbabwe,Chisumbanje,4.26
Zimbabwe,Harare,4.26
Zimbabwe,Harare,4.25
Zimbabwe,Harare,4.23
Zimbabwe,Kwekwe,4.23
Zimbabwe,Harare,4.21
Zimbabwe,Chisumbanje,4.19
Zimbabwe,Harare,4.17
Zimbabwe,Chisumbanje,4.16
Zimbabwe,Harare,4.16
Zimbabwe,Chisumbanje,4.15
Zimbabwe,Kwekwe,4.15
Zimbabwe,Chisumbanje,4.14
Zimbabwe,Harare,4.14
Zimbabwe,Chisumbanje,4.13
Zimbabwe,Harare,4.13
Zimbabwe,Chisumbanje,4.12
Zimbabwe,Chisumbanje,4.11
Zimbabwe,Harare,4.11
Zimbabwe,Harare,4.1
Zimbabwe,Harare,4.09
Zimbabwe,Harare,4.07
Zimbabwe,Harare,4.06
Zimbabwe,Chisumbanje,4.04
Zimbabwe,Harare,4.04
Zimbabwe,Chisumbanje,4.02
Zimbabwe,Kwekwe,4.02
Zimbabwe,Harare,3.97
Zimbabwe,Kwekwe,3.97
Zimbabwe,Chisumbanje,3.94
Zimbabwe,Kwekwe,3.94
Zimbabwe,Chisumbanje,3.93
Zimbabwe,Harare,3.93
Zimbabwe,Kwekwe,3.92
Zimbabwe,Chisumbanje,3.91
Zimbabwe,Harare,3.9
Zimbabwe,Kwekwe,3.89
Zimbabwe,Chisumbanje,3.88
Zimbabwe,Chisumbanje,3.87
Zimbabwe,Chisumbanje,3.86
Zimbabwe,Kwekwe,3.86
Zimbabwe,Chisumbanje,3.84
Zimbabwe,Kwekwe,3.84
Zimbabwe,Chisumbanje,3.83
Zimbabwe,Chisumbanje,3.82
Zimbabwe,Harare,3.82
Zimbabwe,Harare,3.8
Zimbabwe,Harare,3.79
Zimbabwe,Chisumbanje,3.78
Zimbabwe,Harare,3.78
Zimbabwe,Kwekwe,3.78
Zimbabwe,Chisumbanje,3.77
Zimbabwe,Harare,3.76
Zimbabwe,Chisumbanje,3.75
Zimbabwe,Kwekwe,3.75
Zimbabwe,Chisumbanje,3.74
Zimbabwe,Harare,3.74
Zimbabwe,Kwekwe,3.74
Zimbabwe,Chisumbanje,3.73
Zimbabwe,Harare,3.72
Zimbabwe,Chisumbanje,3.71
Zimbabwe,Chisumbanje,3.69
Zimbabwe,Kwekwe,3.69
Zimbabwe,Harare,3.67
Zimbabwe,Chisumbanje,3.66
Zimbabwe,Harare,3.65
Zimbabwe,Kwekwe,3.63
Zimbabwe,Chisumbanje,3.62
Zimbabwe,Kwekwe,3.61
Zimbabwe,Chisumbanje,3.59
Zimbabwe,Kwekwe,3.59
Zimbabwe,Chisumbanje,3.58
Zimbabwe,Chisumbanje,3.56
Zimbabwe,Kwekwe,3.56
Zimbabwe,Harare,3.55
Zimbabwe,Chisumbanje,3.53
Zimbabwe,Chisumbanje,3.52
Zimbabwe,Chisumbanje,3.51
Zimbabwe,Kwekwe,3.5
Zimbabwe,Harare,3.48
Zimbabwe,Kwekwe,3.48
Zimbabwe,Harare,3.47
Zimbabwe,Kwekwe,3.46
Zimbabwe,Harare,3.45
Zimbabwe,Harare,3.44
Zimbabwe,Chisumbanje,3.41
Zimbabwe,Harare,3.41
Zimbabwe,Chisumbanje,3.39
Zimbabwe,Harare,3.39
Zimbabwe,Chisumbanje,3.38
Zimbabwe,Chisumbanje,3.36
Zimbabwe,Chisumbanje,3.35
Zimbabwe,Kwekwe,3.35
Zimbabwe,Kwekwe,3.34
Zimbabwe,Chisumbanje,3.33
Zimbabwe,Chisumbanje,3.32
Zimbabwe,Harare,3.32
Zimbabwe,Kwekwe,3.32
Zimbabwe,Harare,3.31
Zimbabwe,Kwekwe,3.3
Zimbabwe,Chisumbanje,3.27
Zimbabwe,Harare,3.27
Zimbabwe,Chisumbanje,3.26
Zimbabwe,Chisumbanje,3.25
Zimbabwe,Harare,3.25
Zimbabwe,Kwekwe,3.25
Zimbabwe,Chisumbanje,3.24
Zimbabwe,Kwekwe,3.24
Zimbabwe,Chisumbanje,3.23
Zimbabwe,Chisumbanje,3.2
Zimbabwe,Chisumbanje,3.19
Zimbabwe,Kwekwe,3.19
Zimbabwe,Kwekwe,3.18
Zimbabwe,Kwekwe,3.16
Zimbabwe,Chisumbanje,3.14
Zimbabwe,Kwekwe,3.14
Zimbabwe,Chisumbanje,3.13
Zimbabwe,Harare,3.13
Zimbabwe,Kwekwe,3.13
Zimbabwe,Chisumbanje,3.11
Zimbabwe,Kwekwe,3.11
Zimbabwe,Kwekwe,3.1
Zimbabwe,Chisumbanje,3.08
Zimbabwe,Kwekwe,3.07
Zimbabwe,Kwekwe,3.06
Zimbabwe,Chisumbanje,3.05
Zimbabwe,Kwekwe,3.05
Zimbabwe,Kwekwe,3.04
Zimbabwe,Chisumbanje,3.01
Zimbabwe,Kwekwe,3.01
Zimbabwe,Kwekwe,3.0
Zimbabwe,Chisumbanje,2.99
Zimbabwe,Kwekwe,2.98
Zimbabwe,Kwekwe,2.97
Zimbabwe,Kwekwe,2.94
Zimbabwe,Chisumbanje,2.93
Zimbabwe,Kwekwe,2.91
Zimbabwe,Kwekwe,2.89
Zimbabwe,Chisumbanje,2.88
Zimbabwe,Kwekwe,2.88
Zimbabwe,Chisumbanje,2.87
Zimbabwe,Kwekwe,2.87
Zimbabwe,Harare,2.85
Zimbabwe,Kwekwe,2.84
Zimbabwe,Kwekwe,2.83
Zimbabwe,Chisumbanje,2.82
Zimbabwe,Kwekwe,2.82
Zimbabwe,Harare,2.81
Zimbabwe,Kwekwe,2.81
Zimbabwe,Chisumbanje,2.79
Zimbabwe,Kwekwe,2.79
Zimbabwe,Kwekwe,2.77
Zimbabwe,Kwekwe,2.76
Zimbabwe,Kwekwe,2.75
Zimbabwe,Kwekwe,2.74
Zimbabwe,Kwekwe,2.71
Zimbabwe,Kwekwe,2.69
Zimbabwe,Kwekwe,2.61
Zimbabwe,Kwekwe,2.56
Zimbabwe,Kwekwe,2.53
Zimbabwe,Kwekwe,2.51
Zimbabwe,Harare,2.47
Zimbabwe,Kwekwe,2.41
Zimbabwe,Kwekwe,2.38
Zimbabwe,Kwekwe,2.36
Zimbabwe,Harare,2.33
Zimbabwe,Kwekwe,2.33
Zimbabwe,Harare,2.32
Zimbabwe,Kwekwe,2.31
Zimbabwe,Kwekwe,2.28
Zimbabwe,Kwekwe,2.26
Zimbabwe,Kwekwe,2.23
Zimbabwe,Kwekwe,2.21
Zimbabwe,Kwekwe,2.16
Zimbabwe,Kwekwe,2.13
Zimbabwe,Kwekwe,2.11
Zimbabwe,Kwekwe,2.08
Zimbabwe,Kwekwe,2.03
Zimbabwe,Harare,1.84
Zimbabwe,Kwekwe,1.76
Zimbabwe,Kwekwe,1.68
Zimbabwe,Kwekwe,1.66
Zimbabwe,Kwekwe,1.58
Zimbabwe,Harare,1.51
Zimbabwe,Kwekwe,1.51
Zimbabwe,Kwekwe,1.43
Zimbabwe,Kwekwe,1.38
Zimbabwe,Kwekwe,1.36
Zimbabwe,Kwekwe,1.31
Zimbabwe,Kwekwe,1.28
Zimbabwe,Kwekwe,1.25
Zimbabwe,Kwekwe,1.23
Zimbabwe,Kwekwe,1.2
Zimbabwe,Kwekwe,1.18
Zimbabwe,Kwekwe,1.15
Zimbabwe,Kwekwe,1.13
Zimbabwe,Kwekwe,1.08
Zimbabwe,Kwekwe,1.05
Zimbabwe,Kwekwe,1.03
Zimbabwe,Kwekwe,1.0
Zimbabwe,Kwekwe,0.98
Zimbabwe,Kwekwe,0.95
Zimbabwe,Kwekwe,0.93
Zimbabwe,Kwekwe,0.9
Zimbabwe,Kwekwe,0.88
Zimbabwe,Kwekwe,0.85
Zimbabwe,Kwekwe,0.83
Zimbabwe,Kwekwe,0.8
Zimbabwe,Kwekwe,0.78
Zimbabwe,Kwekwe,0.73
Zimbabwe,Harare,12.14
Zimbabwe,Harare,12.04
Zimbabwe,Murehwa,11.78
Zimbabwe,Harare,11.75
Zimbabwe,Harare,11.71
Zimbabwe,Harare,11.69
Zimbabwe,Harare,11.61
Zimbabwe,Harare,11.53
Zimbabwe,Harare,11.42
Zimbabwe,Harare,11.32
Zimbabwe,Murehwa,11.29
Zimbabwe,Harare,11.28
Zimbabwe,Harare,11.24
Zimbabwe,Harare,11.22
Zimbabwe,Harare,11.07
Zimbabwe,Harare,11.06
Zimbabwe,Murehwa,11.06
Zimbabwe,Harare,11.05
Zimbabwe,Harare,11.01
Zimbabwe,Murehwa,11.01
Zimbabwe,Harare,10.99
Zimbabwe,Harare,10.98
Zimbabwe,Harare,10.96
Zimbabwe,Harare,10.95
Zimbabwe,Harare,10.93
Zimbabwe,Harare,10.92
Zimbabwe,Harare,10.9
Zimbabwe,Harare,10.87
Zimbabwe,Harare,10.77
Zimbabwe,Kwekwe,10.75
Zimbabwe,Murehwa,10.75
Zimbabwe,Harare,10.73
Zimbabwe,Harare,10.72
Zimbabwe,Murehwa,10.72
Zimbabwe,Harare,10.7
Zimbabwe,Harare,10.66
Zimbabwe,Harare,10.58
Zimbabwe,Kwekwe,10.58
Zimbabwe,Harare,10.55
Zimbabwe,Kwekwe,10.55
Zimbabwe,Harare,10.53
Zimbabwe,Harare,10.47
Zimbabwe,Harare,10.46
Zimbabwe,Harare,10.45
Zimbabwe,Kwekwe,10.38
Zimbabwe,Harare,10.35
Zimbabwe,Kwekwe,10.35
Zimbabwe,Harare,10.33
Zimbabwe,Harare,10.32
Zimbabwe,Harare,10.31
Zimbabwe,Harare,10.3
Zimbabwe,Harare,10.29
Zimbabwe,Kwekwe,10.27
Zimbabwe,Harare,10.25
Zimbabwe,Harare,10.23
Zimbabwe,Harare,10.19
Zimbabwe,Kwekwe,10.18
Zimbabwe,Harare,10.14
Zimbabwe,Harare,10.06
Zimbabwe,Harare,10.03
Zimbabwe,Harare,10.02
Zimbabwe,Harare,9.99
Zimbabwe,Murehwa,9.98
Zimbabwe,Harare,9.94
Zimbabwe,Kwekwe,9.93
Zimbabwe,Harare,9.91
Zimbabwe,Harare,9.9
Zimbabwe,Harare,9.88
Zimbabwe,Harare,9.87
Zimbabwe,Harare,9.85
Zimbabwe,Harare,9.81
Zimbabwe,Harare,9.79
Zimbabwe,Harare,9.78
Zimbabwe,Kwekwe,9.76
Zimbabwe,Harare,9.75
Zimbabwe,Harare,9.74
Zimbabwe,Murehwa,9.73
Zimbabwe,Harare,9.7
Zimbabwe,Harare,9.69
Zimbabwe,Harare,9.65
Zimbabwe,Harare,9.64
Zimbabwe,Harare,9.61
Zimbabwe,Murehwa,9.59
Zimbabwe,Harare,9.58
Zimbabwe,Harare,9.57
Zimbabwe,Harare,9.55
Zimbabwe,Harare,9.51
Zimbabwe,Harare,9.5
Zimbabwe,Lionsden,9.5
Zimbabwe,Harare,9.49
Zimbabwe,Murehwa,9.47
Zimbabwe,Harare,9.46
Zimbabwe,Harare,9.45
Zimbabwe,Lionsden,9.44
Zimbabwe,Kwekwe,9.39
Zimbabwe,Kwekwe,9.36
Zimbabwe,Harare,9.34
Zimbabwe,Harare,9.31
Zimbabwe,Lionsden,9.3
Zimbabwe,Harare,9.29
Zimbabwe,Lionsden,9.27
Zimbabwe,Harare,9.27
Zimbabwe,Kwekwe,9.24
Zimbabwe,Murehwa,9.24
Zimbabwe,Harare,9.21
Zimbabwe,Harare,9.2
Zimbabwe,Kwekwe,9.19
Zimbabwe,Harare,9.19
Zimbabwe,Murehwa,9.19
Zimbabwe,Kwekwe,9.16
Zimbabwe,Murehwa,9.13
Zimbabwe,Harare,9.11
Zimbabwe,Harare,9.09
Zimbabwe,Lionsden,9.03
Zimbabwe,Harare,9.0
Zimbabwe,Kwekwe,8.99
Zimbabwe,Murehwa,8.96
Zimbabwe,Harare,8.95
Zimbabwe,Harare,8.94
Zimbabwe,Kwekwe,8.93
Zimbabwe,Murehwa,8.93
Zimbabwe,Harare,8.92
Zimbabwe,Murehwa,8.87
Zimbabwe,Lionsden,8.85
Zimbabwe,Harare,8.81
Zimbabwe,Murehwa,8.79
Zimbabwe,Harare,8.77
Zimbabwe,Kwekwe,8.76
Zimbabwe,Harare,8.75
Zimbabwe,Harare,8.74
Zimbabwe,Harare,8.71
Zimbabwe,Kwekwe,8.7
Zimbabwe,Lionsden,8.7
Zimbabwe,Kwekwe,8.68
Zimbabwe,Murehwa,8.68
Zimbabwe,Kwekwe,8.65
Zimbabwe,Murehwa,8.62
Zimbabwe,Kwekwe,8.59
Zimbabwe,Kwekwe,8.53
Zimbabwe,Harare,8.46
Zimbabwe,Harare,8.43
Zimbabwe,Lionsden,8.39
Zimbabwe,Murehwa,8.39
Zimbabwe,Harare,8.32
Zimbabwe,Murehwa,8.28
Zimbabwe,Murehwa,8.22
Zimbabwe,Murehwa,8.19
Zimbabwe,Murehwa,8.14
Zimbabwe,Kariba,8.11
Zimbabwe,Harare,8.06
Zimbabwe,Lionsden,8.02
Zimbabwe,Murehwa,8.02
Zimbabwe,Lionsden,7.99
Zimbabwe,Kariba,7.93
Zimbabwe,Harare,7.92
Zimbabwe,Kariba,7.91
Zimbabwe,Murehwa,7.91
Zimbabwe,Harare,7.9
Zimbabwe,Kariba,7.85
Zimbabwe,Murehwa,7.85
Zimbabwe,Harare,7.78
Zimbabwe,Lionsden,7.74
Zimbabwe,Kariba,7.69
Zimbabwe,Murehwa,7.68
Zimbabwe,Harare,7.67
Zimbabwe,Harare,7.66
Zimbabwe,Murehwa,7.65
Zimbabwe,Harare,7.63
Zimbabwe,Kariba,7.62
Zimbabwe,Lionsden,7.59
Zimbabwe,Harare,7.54
Zimbabwe,Harare,7.53
Zimbabwe,Harare,7.52
Zimbabwe,Harare,7.5
Zimbabwe,Lionsden,7.48
Zimbabwe,Murehwa,7.48
Zimbabwe,Harare,7.46
Zimbabwe,Harare,7.44
Zimbabwe,Glendale,7.41
Zimbabwe,Harare,7.39
Zimbabwe,Kariba,7.39
Zimbabwe,Lionsden,7.37
Zimbabwe,Murehwa,7.37
Zimbabwe,Harare,7.36
Zimbabwe,Harare,7.35
Zimbabwe,Kariba,7.35
Zimbabwe,Kariba,7.34
Zimbabwe,Murehwa,7.34
Zimbabwe,Harare,7.33
Zimbabwe,Lionsden,7.31
Zimbabwe,Murehwa,7.31
Zimbabwe,Harare,7.29
Zimbabwe,Kariba,7.29
Zimbabwe,Kariba,7.28
Zimbabwe,Glendale,7.27
Zimbabwe,Murehwa,7.25
Zimbabwe,Harare,7.24
Zimbabwe,Kariba,7.22
Zimbabwe,Kariba,7.21
Zimbabwe,Glendale,7.21
Zimbabwe,Lionsden,7.2
Zimbabwe,Harare,7.19
Zimbabwe,Kariba,7.19
Zimbabwe,Murehwa,7.17
Zimbabwe,Harare,7.16
Zimbabwe,Murehwa,7.14
Zimbabwe,Kariba,7.13
Zimbabwe,Harare,7.12
Zimbabwe,Harare,7.11
Zimbabwe,Harare,7.09
Zimbabwe,Kariba,7.09
Zimbabwe,Glendale,7.08
Zimbabwe,Harare,7.07
Zimbabwe,Harare,7.06
Zimbabwe,Kariba,7.06
Zimbabwe,Harare,6.98
Zimbabwe,Glendale,6.97
Zimbabwe,Kariba,6.96
Zimbabwe,Harare,6.95
Zimbabwe,Kariba,6.95
Zimbabwe,Kariba,6.94
Zimbabwe,Harare,6.93
Zimbabwe,Harare,6.92
Zimbabwe,Kariba,6.91
Zimbabwe,Glendale,6.89
Zimbabwe,Harare,6.88
Zimbabwe,Harare,6.87
Zimbabwe,Kariba,6.86
Zimbabwe,Murehwa,6.86
Zimbabwe,Kariba,6.85
Zimbabwe,Harare,6.84
Zimbabwe,Harare,6.82
Zimbabwe,Harare,6.81
Zimbabwe,Kariba,6.81
Zimbabwe,Glendale,6.77
Zimbabwe,Harare,6.77
Zimbabwe,Harare,6.75
Zimbabwe,Kariba,6.73
Zimbabwe,Harare,6.72
Zimbabwe,Harare,6.71
Zimbabwe,Kariba,6.71
Zimbabwe,Glendale,6.71
Zimbabwe,Kariba,6.7
Zimbabwe,Kariba,6.69
Zimbabwe,Kariba,6.68
Zimbabwe,Murehwa,6.68
Zimbabwe,Harare,6.68
Zimbabwe,Glendale,6.66
Zimbabwe,Harare,6.66
Zimbabwe,Harare,6.65
Zimbabwe,Kariba,6.65
Zimbabwe,Glendale,6.65
Zimbabwe,Kariba,6.64
Zimbabwe,Glendale,6.64
Zimbabwe,Kariba,6.63
Zimbabwe,Harare,6.62
Zimbabwe,Harare,6.61
Zimbabwe,Kariba,6.58
Zimbabwe,Kariba,6.57
Zimbabwe,Harare,6.56
Zimbabwe,Harare,6.55
Zimbabwe,Kariba,6.55
Zimbabwe,Harare,6.54
Zimbabwe,Glendale,6.54
Zimbabwe,Murehwa,6.54
Zimbabwe,Glendale,6.53
Zimbabwe,Kariba,6.52
Zimbabwe,Kariba,6.51
Zimbabwe,Kariba,6.49
Zimbabwe,Kariba,6.48
Zimbabwe,Harare,6.47
Zimbabwe,Kariba,6.47
Zimbabwe,Harare,6.43
Zimbabwe,Murehwa,6.43
Zimbabwe,Harare,6.42
Zimbabwe,Glendale,6.39
Zimbabwe,Kariba,6.38
Zimbabwe,Harare,6.35
Zimbabwe,Glendale,6.34
Zimbabwe,Harare,6.33
Zimbabwe,Harare,6.31
Zimbabwe,Glendale,6.31
Zimbabwe,Kariba,6.3
Zimbabwe,Harare,6.29
Zimbabwe,Kariba,6.29
Zimbabwe,Glendale,6.28
Zimbabwe,Glendale,6.27
Zimbabwe,Harare,6.26
Zimbabwe,Kariba,6.26
Zimbabwe,Murehwa,6.26
Zimbabwe,Glendale,6.25
Zimbabwe,Glendale,6.23
Zimbabwe,Kariba,6.21
Zimbabwe,Harare,6.2
Zimbabwe,Kariba,6.19
Zimbabwe,Glendale,6.18
Zimbabwe,Harare,6.16
Zimbabwe,Glendale,6.16
Zimbabwe,Kariba,6.15
Zimbabwe,Kariba,6.12
Zimbabwe,Harare,6.1
Zimbabwe,Harare,6.09
Zimbabwe,Kariba,6.04
Zimbabwe,Kariba,6.03
Zimbabwe,Glendale,6.01
Zimbabwe,Glendale,6.0
Zimbabwe,Glendale,5.99
Zimbabwe,Kariba,5.98
Zimbabwe,Kariba,5.88
Zimbabwe,Chisumbanje,5.85
Zimbabwe,Glendale,5.84
Zimbabwe,Harare,5.79
Zimbabwe,Kariba,5.78
Zimbabwe,Harare,5.77
Zimbabwe,Kariba,5.77
Zimbabwe,Harare,5.75
Zimbabwe,Harare,5.74
Zimbabwe,Kariba,5.7
Zimbabwe,Glendale,5.69
Zimbabwe,Harare,5.69
Zimbabwe,Glendale,5.63
Zimbabwe,Harare,5.62
Zimbabwe,Kariba,5.61
Zimbabwe,Glendale,5.6
Zimbabwe,Kariba,5.56
Zimbabwe,Kariba,5.55
Zimbabwe,Chisumbanje,5.53
Zimbabwe,Harare,5.52
Zimbabwe,Glendale,5.52
Zimbabwe,Harare,5.51
Zimbabwe,Glendale,5.5
Zimbabwe,Harare,5.48
Zimbabwe,Kariba,5.48
Zimbabwe,Harare,5.47
Zimbabwe,Kariba,5.46
Zimbabwe,Glendale,5.42
Zimbabwe,Kariba,5.4
Zimbabwe,Harare,5.4
Zimbabwe,Kariba,5.39
Zimbabwe,Kariba,5.28
Zimbabwe,Chisumbanje,5.25
Zimbabwe,Kariba,5.25
Zimbabwe,Harare,5.25
Zimbabwe,Kariba,5.24
Zimbabwe,Harare,5.21
Zimbabwe,Harare,5.17
Zimbabwe,Kariba,5.17
Zimbabwe,Chisumbanje,5.03
Zimbabwe,Chisumbanje,4.97
Zimbabwe,Kariba,4.9
Zimbabwe,Chisumbanje,4.87
Zimbabwe,Harare,4.86
Zimbabwe,Harare,4.85
Zimbabwe,Kariba,4.83
Zimbabwe,Harare,4.78
Zimbabwe,Kariba,4.78
Zimbabwe,Harare,4.77
Zimbabwe,Kariba,4.75
Zimbabwe,Harare,4.72
Zimbabwe,Harare,4.68
Zimbabwe,Kariba,4.68
Zimbabwe,Kariba,4.66
Zimbabwe,Chisumbanje,4.65
Zimbabwe,Kariba,4.65
Zimbabwe,Harare,4.64
Zimbabwe,Kariba,4.62
Zimbabwe,Chisumbanje,4.6
Zimbabwe,Harare,4.57
Zimbabwe,Chisumbanje,4.54
Zimbabwe,Chisumbanje,4.53
Zimbabwe,Kariba,4.53
Zimbabwe,Kariba,4.52
Zimbabwe,Harare,4.51
Zimbabwe,Chisumbanje,4.48
Zimbabwe,Chisumbanje,4.39
Zimbabwe,Chisumbanje,4.36
Zimbabwe,Harare,4.35
Zimbabwe,Harare,4.34
Zimbabwe,Harare,4.32
Zimbabwe,Chisumbanje,4.3
Zimbabwe,Harare,4.3
Zimbabwe,Harare,4.27
Zimbabwe,Chisumbanje,4.24
Zimbabwe,Harare,4.2
Zimbabwe,Harare,4.19
Zimbabwe,Harare,4.18
Zimbabwe,Kwekwe,4.17
Zimbabwe,Harare,4.12
Zimbabwe,Chisumbanje,4.09
Zimbabwe,Harare,4.08
Zimbabwe,Chisumbanje,4.03
Zimbabwe,Harare,4.0
Zimbabwe,Chisumbanje,3.99
Zimbabwe,Chisumbanje,3.97
Zimbabwe,Harare,3.94
Zimbabwe,Chisumbanje,3.92
Zimbabwe,Harare,3.91
Zimbabwe,Chisumbanje,3.9
Zimbabwe,Harare,3.87
Zimbabwe,Chisumbanje,3.85
Zimbabwe,Harare,3.85
Zimbabwe,Chisumbanje,3.81
Zimbabwe,Harare,3.81
Zimbabwe,Chisumbanje,3.79
Zimbabwe,Kwekwe,3.79
Zimbabwe,Harare,3.77
Zimbabwe,Chisumbanje,3.76
Zimbabwe,Harare,3.71
Zimbabwe,Harare,3.69
Zimbabwe,Chisumbanje,3.68
Zimbabwe,Harare,3.68
Zimbabwe,Kwekwe,3.64
Zimbabwe,Harare,3.63
Zimbabwe,Chisumbanje,3.61
Zimbabwe,Chisumbanje,3.57
Zimbabwe,Chisumbanje,3.55
Zimbabwe,Harare,3.54
Zimbabwe,Harare,3.53
Zimbabwe,Harare,3.52
Zimbabwe,Chisumbanje,3.49
Zimbabwe,Chisumbanje,3.48
Zimbabwe,Harare,3.46
Zimbabwe,Chisumbanje,3.43
Zimbabwe,Harare,3.42
Zimbabwe,Kwekwe,3.41
Zimbabwe,Chisumbanje,3.4
Zimbabwe,Harare,3.38
Zimbabwe,Chisumbanje,3.34
Zimbabwe,Harare,3.33
Zimbabwe,Kwekwe,3.31
Zimbabwe,Chisumbanje,3.29
Zimbabwe,Chisumbanje,3.28
Zimbabwe,Harare,3.28
Zimbabwe,Harare,3.26
Zimbabwe,Harare,3.24
Zimbabwe,Harare,3.22
Zimbabwe,Kwekwe,3.21
Zimbabwe,Harare,3.18
Zimbabwe,Chisumbanje,3.17
Zimbabwe,Harare,3.17
Zimbabwe,Harare,3.16
Zimbabwe,Chisumbanje,3.16
Zimbabwe,Harare,3.14
Zimbabwe,Harare,3.12
Zimbabwe,Chisumbanje,3.09
Zimbabwe,Kwekwe,3.09
Zimbabwe,Chisumbanje,3.07
Zimbabwe,Chisumbanje,3.06
Zimbabwe,Harare,3.05
Zimbabwe,Chisumbanje,3.04
Zimbabwe,Harare,3.04
Zimbabwe,Chisumbanje,3.03
Zimbabwe,Harare,3.02
Zimbabwe,Kwekwe,3.02
Zimbabwe,Harare,3.0
Zimbabwe,Chisumbanje,2.97
Zimbabwe,Chisumbanje,2.96
Zimbabwe,Kwekwe,2.96
Zimbabwe,Kwekwe,2.93
Zimbabwe,Chisumbanje,2.92
Zimbabwe,Chisumbanje,2.91
Zimbabwe,Harare,2.91
Zimbabwe,Chisumbanje,2.89
Zimbabwe,Harare,2.89
Zimbabwe,Harare,2.88
Zimbabwe,Chisumbanje,2.86
Zimbabwe,Harare,2.86
Zimbabwe,Kwekwe,2.86
Zimbabwe,Chisumbanje,2.84
Zimbabwe,Harare,2.84
Zimbabwe,Harare,2.79
Zimbabwe,Chisumbanje,2.78
Zimbabwe,Chisumbanje,2.76
Zimbabwe,Chisumbanje,2.74
Zimbabwe,Chisumbanje,2.73
Zimbabwe,Masvingo,2.73
Zimbabwe,Kwekwe,2.72
Zimbabwe,Chisumbanje,2.71
Zimbabwe,Kwekwe,2.7
Zimbabwe,Chisumbanje,2.69
Zimbabwe,Kwekwe,2.67
Zimbabwe,Chisumbanje,2.66
Zimbabwe,Harare,2.66
Zimbabwe,Kwekwe,2.66
Zimbabwe,Chisumbanje,2.65
Zimbabwe,Chisumbanje,2.64
Zimbabwe,Kwekwe,2.64
Zimbabwe,Harare,2.63
Zimbabwe,Kwekwe,2.63
Zimbabwe,Kwekwe,2.62
Zimbabwe,Chisumbanje,2.61
Zimbabwe,Chisumbanje,2.59
Zimbabwe,Harare,2.59
Zimbabwe,Kwekwe,2.59
Zimbabwe,Chisumbanje,2.58
Zimbabwe,Chisumbanje,2.57
Zimbabwe,Chisumbanje,2.56
Zimbabwe,Harare,2.56
Zimbabwe,Kwekwe,2.55
Zimbabwe,Chisumbanje,2.54
Zimbabwe,Kwekwe,2.54
Zimbabwe,Chisumbanje,2.53
Zimbabwe,Masvingo,2.53
Zimbabwe,Harare,2.53
Zimbabwe,Chisumbanje,2.51
Zimbabwe,Chisumbanje,2.5
Zimbabwe,Chisumbanje,2.49
Zimbabwe,Kwekwe,2.49
Zimbabwe,Kwekwe,2.48
Zimbabwe,Harare,2.46
Zimbabwe,Kwekwe,2.46
Zimbabwe,Chisumbanje,2.45
Zimbabwe,Kwekwe,2.45
Zimbabwe,Chisumbanje,2.43
Zimbabwe,Kwekwe,2.43
Zimbabwe,Chisumbanje,2.42
Zimbabwe,Kwekwe,2.42
Zimbabwe,Chisumbanje,2.4
Zimbabwe,Harare,2.4
Zimbabwe,Kwekwe,2.4
Zimbabwe,Chisumbanje,2.39
Zimbabwe,Kwekwe,2.39
Zimbabwe,Chisumbanje,2.37
Zimbabwe,Kwekwe,2.37
Zimbabwe,Harare,2.36
Zimbabwe,Kwekwe,2.35
Zimbabwe,Kwekwe,2.32
Zimbabwe,Kwekwe,2.3
Zimbabwe,Kwekwe,2.29
Zimbabwe,Masvingo,2.28
Zimbabwe,Kwekwe,2.27
Zimbabwe,Masvingo,2.26
Zimbabwe,Masvingo,2.23
Zimbabwe,Masvingo,2.21
Zimbabwe,Kwekwe,2.18
Zimbabwe,Kwekwe,2.06
Zimbabwe,Masvingo,2.03
Zimbabwe,Kwekwe,2.01
Zimbabwe,Kwekwe,1.98
Zimbabwe,Masvingo,1.96
Zimbabwe,Kwekwe,1.96
Zimbabwe,Masvingo,1.91
Zimbabwe,Kwekwe,1.91
Zimbabwe,Kwekwe,1.88
Zimbabwe,Kwekwe,1.86
Zimbabwe,Masvingo,1.84
Zimbabwe,Kwekwe,1.83
Zimbabwe,Masvingo,1.81
Zimbabwe,Kwekwe,1.81
Zimbabwe,Masvingo,1.79
Zimbabwe,Kwekwe,1.79
Zimbabwe,Masvingo,1.76
Zimbabwe,Kwekwe,1.73
Zimbabwe,Masvingo,1.66
Zimbabwe,Kwekwe,1.65
Zimbabwe,Masvingo,1.64
Zimbabwe,Kwekwe,1.63
Zimbabwe,Masvingo,1.61
Zimbabwe,Kwekwe,1.61
Zimbabwe,Kwekwe,1.56
Zimbabwe,Masvingo,1.49
Zimbabwe,Kwekwe,1.48
Zimbabwe,Kwekwe,1.45
Zimbabwe,Kwekwe,1.42
Zimbabwe,Masvingo,1.39
Zimbabwe,Kwekwe,1.39
Zimbabwe,Kwekwe,1.37
Zimbabwe,Masvingo,1.29
Zimbabwe,Masvingo,1.27
Zimbabwe,Masvingo,1.24
Zimbabwe,Masvingo,1.22
Zimbabwe,Masvingo,1.19
Zimbabwe,Masvingo,1.17
Zimbabwe,Masvingo,1.14
Zimbabwe,Masvingo,1.07
Zimbabwe,Masvingo,1.04
Zimbabwe,Masvingo,1.02
Zimbabwe,Masvingo,0.99
Zimbabwe,Masvingo,0.97
Zimbabwe,Masvingo,0.94
Zimbabwe,Masvingo,0.92
Zimbabwe,Masvingo,0.89
Zimbabwe,Masvingo,0.87
Zimbabwe,Masvingo,0.84
Zimbabwe,Masvingo,0.82
Zimbabwe,Masvingo,0.79
Zimbabwe,Masvingo,0.74
Zimbabwe,Masvingo,0.72
Zimbabwe,Harare,13.65
Zimbabwe,Harare,13.4
Zimbabwe,Harare,12.66
Zimbabwe,Harare,12.2
Zimbabwe,Harare,12.09
Zimbabwe,Harare,12.06
Zimbabwe,Harare,11.78
Zimbabwe,Harare,11.52
Zimbabwe,Harare,11.43
Zimbabwe,Harare,11.19
Zimbabwe,Harare,11.18
Zimbabwe,Lionsden,11.12
Zimbabwe,Harare,11.0
Zimbabwe,Harare,10.89
Zimbabwe,Kariba,10.75
Zimbabwe,Harare,10.68
Zimbabwe,Harare,10.48
Zimbabwe,Harare,10.43
Zimbabwe,Glendale,10.42
Zimbabwe,Harare,10.39
Zimbabwe,Harare,10.37
Zimbabwe,Harare,10.17
Zimbabwe,Harare,10.16
Zimbabwe,Harare,10.15
Zimbabwe,Harare,10.12
Zimbabwe,Harare,10.01
Zimbabwe,Kariba,9.97
Zimbabwe,Harare,9.95
Zimbabwe,Harare,9.93
Zimbabwe,Harare,9.82
Zimbabwe,Kariba,9.81
Zimbabwe,Glendale,9.79
Zimbabwe,Glendale,9.74
Zimbabwe,Glendale,9.69
Zimbabwe,Harare,9.63
Zimbabwe,Glendale,9.63
Zimbabwe,Harare,9.6
Zimbabwe,Glendale,9.58
Zimbabwe,Harare,9.53
Zimbabwe,Harare,9.52
Zimbabwe,Kariba,9.47
Zimbabwe,Glendale,9.46
Zimbabwe,Murehwa,9.42
Zimbabwe,Kariba,9.39
Zimbabwe,Glendale,9.35
Zimbabwe,Kariba,9.35
Zimbabwe,Harare,9.32
Zimbabwe,Murehwa,9.3
Zimbabwe,Glendale,9.28
Zimbabwe,Glendale,9.27
Zimbabwe,Glendale,9.26
Zimbabwe,Kariba,9.24
Zimbabwe,Glendale,9.23
Zimbabwe,Kariba,9.23
Zimbabwe,Kariba,9.2
Zimbabwe,Glendale,9.19
Zimbabwe,Harare,9.18
Zimbabwe,Kariba,9.14
Zimbabwe,Glendale,9.08
Zimbabwe,Glendale,9.05
Zimbabwe,Kariba,9.01
Zimbabwe,Kariba,8.95
Zimbabwe,Kariba,8.93
Zimbabwe,Glendale,8.92
Zimbabwe,Kariba,8.92
Zimbabwe,Harare,8.89
Zimbabwe,Kariba,8.85
Zimbabwe,Kariba,8.83
Zimbabwe,Glendale,8.81
Zimbabwe,Lionsden,8.76
Zimbabwe,Kariba,8.76
Zimbabwe,Glendale,8.75
Zimbabwe,Glendale,8.74
Zimbabwe,Lionsden,8.73
Zimbabwe,Glendale,8.73
Zimbabwe,Murehwa,8.7
Zimbabwe,Glendale,8.69
Zimbabwe,Kariba,8.68
Zimbabwe,Glendale,8.66
Zimbabwe,Lionsden,8.65
Zimbabwe,Murehwa,8.65
Zimbabwe,Glendale,8.64
Zimbabwe,Kariba,8.64
Zimbabwe,Glendale,8.61
Zimbabwe,Glendale,8.59
Zimbabwe,Glendale,8.58
Zimbabwe,Lionsden,8.56
Zimbabwe,Kariba,8.56
Zimbabwe,Harare,8.52
Zimbabwe,Kariba,8.52
Zimbabwe,Glendale,8.51
Zimbabwe,Lionsden,8.5
Zimbabwe,Glendale,8.49
Zimbabwe,Kariba,8.49
Zimbabwe,Lionsden,8.48
Zimbabwe,Glendale,8.47
Zimbabwe,Kariba,8.47
Zimbabwe,Kariba,8.46
Zimbabwe,Lionsden,8.45
Zimbabwe,Harare,8.44
Zimbabwe,Glendale,8.42
Zimbabwe,Glendale,8.39
Zimbabwe,Kariba,8.39
Zimbabwe,Glendale,8.36
Zimbabwe,Kariba,8.35
Zimbabwe,Harare,8.34
Zimbabwe,Kariba,8.34
Zimbabwe,Kariba,8.33
Zimbabwe,Murehwa,8.33
Zimbabwe,Kariba,8.3
Zimbabwe,Glendale,8.3
Zimbabwe,Glendale,8.26
Zimbabwe,Glendale,8.24
Zimbabwe,Glendale,8.19
Zimbabwe,Kariba,8.19
Zimbabwe,Kariba,8.18
Zimbabwe,Kariba,8.12
Zimbabwe,Lionsden,8.11
Zimbabwe,Glendale,8.1
Zimbabwe,Kariba,8.09
Zimbabwe,Glendale,8.08
Zimbabwe,Glendale,8.07
Zimbabwe,Lionsden,8.05
Zimbabwe,Kariba,8.04
Zimbabwe,Glendale,8.04
Zimbabwe,Kariba,8.03
Zimbabwe,Glendale,8.02
Zimbabwe,Glendale,7.97
Zimbabwe,Lionsden,7.96
Zimbabwe,Murehwa,7.96
Zimbabwe,Glendale,7.95
Zimbabwe,Kariba,7.95
Zimbabwe,Kariba,7.92
Zimbabwe,Glendale,7.91
Zimbabwe,Glendale,7.9
Zimbabwe,Kariba,7.84
Zimbabwe,Harare,7.83
Zimbabwe,Lionsden,7.82
Zimbabwe,Harare,7.8
Zimbabwe,Glendale,7.8
Zimbabwe,Kariba,7.78
Zimbabwe,Glendale,7.76
Zimbabwe,Murehwa,7.74
Zimbabwe,Kariba,7.72
Zimbabwe,Glendale,7.7
Zimbabwe,Kariba,7.7
Zimbabwe,Lionsden,7.68
Zimbabwe,Glendale,7.67
Zimbabwe,Kariba,7.67
Zimbabwe,Glendale,7.6
Zimbabwe,Kariba,7.58
Zimbabwe,Kariba,7.56
Zimbabwe,Kariba,7.54
Zimbabwe,Kariba,7.44
Zimbabwe,Lionsden,7.4
Zimbabwe,Kariba,7.33
Zimbabwe,Glendale,7.33
Zimbabwe,Kariba,7.27
Zimbabwe,Lionsden,7.25
Zimbabwe,Murehwa,7.22
Zimbabwe,Harare,7.18
Zimbabwe,Kariba,7.18
Zimbabwe,Glendale,7.17
Zimbabwe,Harare,7.13
Zimbabwe,Lionsden,7.11
Zimbabwe,Lionsden,7.1
Zimbabwe,Harare,7.1
Zimbabwe,Lionsden,7.05
Zimbabwe,Kariba,7.03
Zimbabwe,Kariba,7.02
Zimbabwe,Glendale,7.02
Zimbabwe,Lionsden,6.97
Zimbabwe,Glendale,6.96
Zimbabwe,Harare,6.89
Zimbabwe,Kariba,6.89
Zimbabwe,Kariba,6.88
Zimbabwe,Glendale,6.88
Zimbabwe,Kariba,6.87
Zimbabwe,Lionsden,6.83
Zimbabwe,Murehwa,6.83
Zimbabwe,Glendale,6.8
Zimbabwe,Harare,6.79
Zimbabwe,Harare,6.76
Zimbabwe,Murehwa,6.74
Zimbabwe,Lionsden,6.68
Zimbabwe,Murehwa,6.66
Zimbabwe,Glendale,6.63
Zimbabwe,Kariba,6.6
Zimbabwe,Glendale,6.57
Zimbabwe,Kariba,6.54
Zimbabwe,Kariba,6.53
Zimbabwe,Murehwa,6.51
Zimbabwe,Kariba,6.5
Zimbabwe,Glendale,6.47
Zimbabwe,Glendale,6.46
Zimbabwe,Kariba,6.45
Zimbabwe,Glendale,6.45
Zimbabwe,Kariba,6.42
Zimbabwe,Harare,6.39
Zimbabwe,Kariba,6.39
Zimbabwe,Harare,6.37
Zimbabwe,Harare,6.36
Zimbabwe,Murehwa,6.36
Zimbabwe,Lionsden,6.31
Zimbabwe,Chisumbanje,6.23
Zimbabwe,Kariba,6.23
Zimbabwe,Murehwa,6.2
Zimbabwe,Chisumbanje,6.17
Zimbabwe,Kariba,6.17
Zimbabwe,Chisumbanje,6.13
Zimbabwe,Murehwa,6.12
Zimbabwe,Kariba,6.1
Zimbabwe,Murehwa,6.09
Zimbabwe,Murehwa,6.07
Zimbabwe,Murehwa,6.02
Zimbabwe,Murehwa,5.87
Zimbabwe,Murehwa,5.86
Zimbabwe,Kariba,5.84
Zimbabwe,Chisumbanje,5.83
Zimbabwe,Murehwa,5.82
Zimbabwe,Murehwa,5.8
Zimbabwe,Murehwa,5.79
Zimbabwe,Murehwa,5.77
Zimbabwe,Chisumbanje,5.67
Zimbabwe,Murehwa,5.6
Zimbabwe,Murehwa,5.55
Zimbabwe,Chisumbanje,5.54
Zimbabwe,Murehwa,5.49
Zimbabwe,Chisumbanje,5.48
Zimbabwe,Chisumbanje,5.43
Zimbabwe,Murehwa,5.43
Zimbabwe,Murehwa,5.42
Zimbabwe,Chisumbanje,5.38
Zimbabwe,Chisumbanje,5.35
Zimbabwe,Chisumbanje,5.34
Zimbabwe,Chisumbanje,5.29
Zimbabwe,Chisumbanje,5.23
Zimbabwe,Kariba,5.23
Zimbabwe,Chisumbanje,5.18
Zimbabwe,Chisumbanje,5.15
Zimbabwe,Chisumbanje,5.08
Zimbabwe,Chisumbanje,5.06
Zimbabwe,Chisumbanje,4.99
Zimbabwe,Chisumbanje,4.96
Zimbabwe,Chisumbanje,4.86
Zimbabwe,Chisumbanje,4.81
Zimbabwe,Chisumbanje,4.77
Zimbabwe,Chisumbanje,4.64
Zimbabwe,Chisumbanje,4.63
Zimbabwe,Chisumbanje,4.61
Zimbabwe,Chisumbanje,4.58
Zimbabwe,Chisumbanje,4.57
Zimbabwe,Chisumbanje,4.52
Zimbabwe,Chisumbanje,4.44
Zimbabwe,Kwekwe,4.42
Zimbabwe,Chisumbanje,4.37
Zimbabwe,Harare,4.37
Zimbabwe,Chisumbanje,4.34
Zimbabwe,Chisumbanje,4.32
Zimbabwe,Chisumbanje,4.22
Zimbabwe,Kwekwe,4.19
Zimbabwe,Chisumbanje,4.17
Zimbabwe,Chisumbanje,4.07
Zimbabwe,Chisumbanje,4.05
Zimbabwe,Kwekwe,4.04
Zimbabwe,Chisumbanje,4.0
Zimbabwe,Kwekwe,3.71
Zimbabwe,Chisumbanje,3.7
Zimbabwe,Kwekwe,3.66
Zimbabwe,Chisumbanje,3.64
Zimbabwe,Chisumbanje,3.63
Zimbabwe,Kwekwe,3.57
Zimbabwe,Kwekwe,3.55
Zimbabwe,Chisumbanje,3.54
Zimbabwe,Kwekwe,3.54
Zimbabwe,Kwekwe,3.51
Zimbabwe,Kwekwe,3.49
Zimbabwe,Chisumbanje,3.46
Zimbabwe,Chisumbanje,3.45
Zimbabwe,Kwekwe,3.44
Zimbabwe,Chisumbanje,3.42
Zimbabwe,Kwekwe,3.42
Zimbabwe,Kwekwe,3.39
Zimbabwe,Chisumbanje,3.37
Zimbabwe,Kwekwe,3.36
Zimbabwe,Kwekwe,3.33
Zimbabwe,Chisumbanje,3.31
Zimbabwe,Kwekwe,3.29
Zimbabwe,Kwekwe,3.28
Zimbabwe,Kwekwe,3.23
Zimbabwe,Chisumbanje,3.21
Zimbabwe,Kwekwe,3.2
Zimbabwe,Kwekwe,3.12
Zimbabwe,Kwekwe,3.08
Zimbabwe,Kwekwe,3.03
Zimbabwe,Kwekwe,2.99
Zimbabwe,Kwekwe,2.95
Zimbabwe,Kwekwe,2.68
Zimbabwe,Kwekwe,2.6
Zimbabwe,Masvingo,2.59
Zimbabwe,Kwekwe,2.52
Zimbabwe,Kwekwe,2.47
Zimbabwe,Masvingo,2.11
Zimbabwe,Masvingo,2.04
Zimbabwe,Masvingo,1.89
Zimbabwe,Masvingo,1.74
Zimbabwe,Masvingo,1.67
Zimbabwe,Masvingo,1.62
Zimbabwe,Masvingo,1.47
Zimbabwe,Masvingo,1.46
Zimbabwe,Masvingo,1.42
Zimbabwe,Masvingo,1.37
Zimbabwe,Masvingo,1.34
Zimbabwe,Masvingo,1.32
Zimbabwe,Masvingo,1.2
Zimbabwe,Masvingo,1.15
Zimbabwe,Kwekwe,1.14
Zimbabwe,Masvingo,1.1
Zimbabwe,Masvingo,0.95
Zimbabwe,Masvingo,0.85
Zimbabwe,Kwekwe,0.82
Zimbabwe,Masvingo,0.8
Zimbabwe,Masvingo,0.77
Zimbabwe,Masvingo,0.75
Zimbabwe,Kwekwe,0.74
Zimbabwe,Kwekwe,0.71
Zimbabwe,Masvingo,0.7
Zimbabwe,Masvingo,0.69
Zimbabwe,Masvingo,0.68
Zimbabwe,Kwekwe,0.68
Zimbabwe,Masvingo,0.67
Zimbabwe,Masvingo,0.65
Zimbabwe,Masvingo,0.64
Zimbabwe,Kwekwe,0.63
Zimbabwe,Kwekwe,0.57
Zimbabwe,Kwekwe,0.54
Zimbabwe,Kwekwe,0.51
Zimbabwe,Kwekwe,0.48
Zimbabwe,Kwekwe,0.46
Zimbabwe,Kwekwe,0.43
Zimbabwe,Kwekwe,0.4
Zimbabwe,Kwekwe,0.37
Zimbabwe,Kwekwe,0.34
Zimbabwe,Kwekwe,0.31
Zimbabwe,Kwekwe,0.28
Zimbabwe,Chipinge,9.9691
Zimbabwe,Chipinge,9.9662
Zimbabwe,Chipinge,9.9319
Zimbabwe,Chipinge,9.924
Zimbabwe,Chipinge,9.8507
Zimbabwe,Chipinge,9.8503
Zimbabwe,Chipinge,9.8056
Zimbabwe,Chipinge,9.7994
Zimbabwe,Chipinge,9.789
Zimbabwe,Chipinge,9.7434
Zimbabwe,Chipinge,9.7306
Zimbabwe,Chipinge,9.7272
Zimbabwe,Chipinge,9.7268
Zimbabwe,Chipinge,9.7265
Zimbabwe,Chipinge,9.7105
Zimbabwe,Chipinge,9.7072
Zimbabwe,Chipinge,9.6652
Zimbabwe,Chipinge,9.6404
Zimbabwe,Chipinge,9.6263
Zimbabwe,Chipinge,9.6008
Zimbabwe,Chipinge,9.5584
Zimbabwe,Chipinge,9.5265
Zimbabwe,Chipinge,9.52395869565217
Zimbabwe,Chipinge,9.5231
Zimbabwe,Chipinge,9.5036
Zimbabwe,Chipinge,9.4902
Zimbabwe,Chipinge,9.4554
Zimbabwe,Chipinge,9.455
Zimbabwe,Chipinge,9.439
Zimbabwe,Chipinge,9.4241
Zimbabwe,Chipinge,9.4197
Zimbabwe,Chipinge,9.3999
Zimbabwe,Chipinge,9.3953
Zimbabwe,Chipinge,9.3832
Zimbabwe,Chipinge,9.357
Zimbabwe,Chipinge,9.3494
Zimbabwe,Chipinge,9.3477
Zimbabwe,Chipinge,9.3405
Zimbabwe,Chipinge,9.3301
Zimbabwe,Chipinge,9.2879
Zimbabwe,Chipinge,9.2782
Zimbabwe,Chipinge,9.2549
Zimbabwe,Chipinge,9.2465
Zimbabwe,Chipinge,9.2285
Zimbabwe,Chipinge,9.2172
Zimbabwe,Chipinge,9.2074
Zimbabwe,Chipinge,9.2069
Zimbabwe,Chipinge,9.1898
Zimbabwe,Chipinge,9.1895
Zimbabwe,Chipinge,9.1314
Zimbabwe,Chipinge,9.1073
Zimbabwe,Chipinge,9.0732
Zimbabwe,Chipinge,9.0651
Zimbabwe,Chipinge,9.0354
Zimbabwe,Chipinge,9.0243
Zimbabwe,Chipinge,8.9941
Zimbabwe,Chipinge,8.9775
Zimbabwe,Chipinge,8.9754
Zimbabwe,Chipinge,8.9716
Zimbabwe,Chipinge,8.9646
Zimbabwe,Chipinge,8.9524
Zimbabwe,Chipinge,8.9371
Zimbabwe,Chipinge,8.9233
Zimbabwe,Chipinge,8.9147
Zimbabwe,Chipinge,8.914
Zimbabwe,Chipinge,8.894
Zimbabwe,Chipinge,8.8798
Zimbabwe,Chipinge,8.8693
Zimbabwe,Chipinge,8.8655
Zimbabwe,Chipinge,8.8257
Zimbabwe,Chipinge,8.7774
Zimbabwe,Chipinge,8.7669
Zimbabwe,Chipinge,8.7302
Zimbabwe,Chipinge,8.6786
Zimbabwe,Chipinge,8.6497
Zimbabwe,Chipinge,8.6317
Zimbabwe,Chipinge,8.6151
Zimbabwe,Chipinge,8.5944
Zimbabwe,Chipinge,8.5662
Zimbabwe,Chipinge,8.5369
Zimbabwe,Chipinge,8.4894
Zimbabwe,Chipinge,8.4753
Zimbabwe,Chipinge,8.4636
Zimbabwe,Chipinge,8.4564
Zimbabwe,Chipinge,8.4068
Zimbabwe,Chipinge,8.2676
Zimbabwe,Chipinge,8.2565
Zimbabwe,Chipinge,8.2146
Zimbabwe,Chipinge,8.2109
Zimbabwe,Chipinge,8.1636
Zimbabwe,Chipinge,8.1606
Zimbabwe,Chipinge,8.1182
Zimbabwe,Chipinge,8.1111
Zimbabwe,Chipinge,8.1088
Zimbabwe,Chipinge,8.0581
Zimbabwe,Chipinge,7.9945
Zimbabwe,Chipinge,7.9767
Zimbabwe,Chipinge,7.9606
Zimbabwe,Chipinge,7.957
Zimbabwe,Chipinge,7.9163
Zimbabwe,Chipinge,7.8677
Zimbabwe,Chipinge,7.8544
Zimbabwe,Chipinge,7.8366
Zimbabwe,Chipinge,7.8356
Zimbabwe,Chipinge,7.8244
Zimbabwe,Chipinge,7.8173
Zimbabwe,Chipinge,7.7967
Zimbabwe,Chipinge,7.7844
Zimbabwe,Chipinge,7.7829
Zimbabwe,Chipinge,7.7139
Zimbabwe,Chipinge,7.6783
Zimbabwe,Chipinge,7.6522
Zimbabwe,Chipinge,7.5994
Zimbabwe,Chipinge,7.5255
Zimbabwe,Chipinge,7.4767
Zimbabwe,Chipinge,7.4667
Zimbabwe,Chipinge,7.3776
Zimbabwe,Chipinge,7.2712
Zimbabwe,Chipinge,7.2128
Zimbabwe,Chipinge,7.1531
Zimbabwe,Chipinge,7.1173
Zimbabwe,Chipinge,7.061
Zimbabwe,Chipinge,6.9799
Zimbabwe,Chipinge,6.9463
Zimbabwe,Chipinge,6.8889
Zimbabwe,Chipinge,6.872
Zimbabwe,Chipinge,6.8399
Zimbabwe,Chipinge,6.219
Zimbabwe,Chipinge,6.0332
Zimbabwe,Chipinge,5.9831
Zimbabwe,Chipinge,5.8574
Zimbabwe,Chipinge,9.3985
Zimbabwe,Chipinge,8.9078
Zimbabwe,Chipinge,8.5366
Zimbabwe,Chipinge,8.5022
Zimbabwe,Chipinge,8.4646
Zimbabwe,Chipinge,8.3756
Zimbabwe,Chipinge,8.3654
Zimbabwe,Chipinge,8.3532
Zimbabwe,Chipinge,8.2943
Zimbabwe,Chipinge,8.2914
Zimbabwe,Chipinge,8.274
Zimbabwe,Chipinge,8.2581
Zimbabwe,Chipinge,8.2296
Zimbabwe,Chipinge,8.2187
Zimbabwe,Chipinge,8.2149
Zimbabwe,Chipinge,8.192
Zimbabwe,Chipinge,8.185
Zimbabwe,Chipinge,8.181
Zimbabwe,Chipinge,8.1755
Zimbabwe,Chipinge,8.1715
Zimbabwe,Chipinge,8.0864
Zimbabwe,Chipinge,8.0843
Zimbabwe,Chipinge,8.0523
Zimbabwe,Chipinge,8.0351
Zimbabwe,Chipinge,8.034
Zimbabwe,Chipinge,8.0308
Zimbabwe,Chipinge,8.0225
Zimbabwe,Chipinge,7.995
Zimbabwe,Chipinge,7.9937
Zimbabwe,Chipinge,7.9802
Zimbabwe,Chipinge,7.9757
Zimbabwe,Chipinge,7.9686
Zimbabwe,Chipinge,7.9682
Zimbabwe,Chipinge,7.9596
Zimbabwe,Chipinge,7.9405
Zimbabwe,Chipinge,7.9292
Zimbabwe,Chipinge,7.9285
Zimbabwe,Chipinge,7.9261
Zimbabwe,Chipinge,7.914
Zimbabwe,Chipinge,7.886
Zimbabwe,Chipinge,7.868
Zimbabwe,Chipinge,7.8651
Zimbabwe,Chipinge,7.8615
Zimbabwe,Chipinge,7.8532
Zimbabwe,Chipinge,7.8353
Zimbabwe,Chipinge,7.8337
Zimbabwe,Chipinge,7.8234
Zimbabwe,Chipinge,7.8227
Zimbabwe,Chipinge,7.8126
Zimbabwe,Chipinge,7.783
Zimbabwe,Chipinge,7.7796
Zimbabwe,Chipinge,7.7132
Zimbabwe,Chipinge,7.7011
Zimbabwe,Chipinge,7.6841
Zimbabwe,Chipinge,7.6645
Zimbabwe,Chipinge,7.6454
Zimbabwe,Chipinge,7.6376
Zimbabwe,Chipinge,7.6295
Zimbabwe,Chipinge,7.6247
Zimbabwe,Chipinge,7.6228
Zimbabwe,Chipinge,7.5878
Zimbabwe,Chipinge,7.5743
Zimbabwe,Chipinge,7.5692
Zimbabwe,Chipinge,7.5667
Zimbabwe,Chipinge,7.5212
Zimbabwe,Chipinge,7.5191
Zimbabwe,Chipinge,7.5173
Zimbabwe,Chipinge,7.514
Zimbabwe,Chipinge,7.5136
Zimbabwe,Chipinge,7.5015
Zimbabwe,Chipinge,7.4998
Zimbabwe,Chipinge,7.4938
Zimbabwe,Chipinge,7.4893
Zimbabwe,Chipinge,7.4887
Zimbabwe,Chipinge,7.4869
Zimbabwe,Chipinge,7.4724
Zimbabwe,Chipinge,7.4697
Zimbabwe,Chipinge,7.4685
Zimbabwe,Chipinge,7.4661
Zimbabwe,Chipinge,7.4446
Zimbabwe,Chipinge,7.4368
Zimbabwe,Chipinge,7.4154
Zimbabwe,Chipinge,7.407
Zimbabwe,Chipinge,7.3971
Zimbabwe,Chipinge,7.3949
Zimbabwe,Chipinge,7.3944
Zimbabwe,Chipinge,7.3803
Zimbabwe,Chipinge,7.3781
Zimbabwe,Chipinge,7.3592
Zimbabwe,Chipinge,7.3558
Zimbabwe,Chipinge,7.3548
Zimbabwe,Chipinge,7.328
Zimbabwe,Chipinge,7.3272
Zimbabwe,Chipinge,7.3244
Zimbabwe,Chipinge,7.3138
Zimbabwe,Chipinge,7.3023
Zimbabwe,Chipinge,7.2976
Zimbabwe,Chipinge,7.2958
Zimbabwe,Chipinge,7.2857
Zimbabwe,Chipinge,7.2773
Zimbabwe,Chipinge,7.2756
Zimbabwe,Chipinge,7.2695
Zimbabwe,Chipinge,7.2601
Zimbabwe,Chipinge,7.2498
Zimbabwe,Chipinge,7.2439
Zimbabwe,Chipinge,7.2384
Zimbabwe,Chipinge,7.2374
Zimbabwe,Chipinge,7.2281
Zimbabwe,Chipinge,7.2153
Zimbabwe,Chipinge,7.2088
Zimbabwe,Chipinge,7.2023
Zimbabwe,Chipinge,7.1889
Zimbabwe,Chipinge,7.1825
Zimbabwe,Chipinge,7.1556
Zimbabwe,Chipinge,7.1517
Zimbabwe,Chipinge,7.1496
Zimbabwe,Chipinge,7.1299
Zimbabwe,Chipinge,7.1263
Zimbabwe,Chipinge,7.0991
Zimbabwe,Chipinge,7.0986
Zimbabwe,Chipinge,7.0943
Zimbabwe,Chipinge,7.0927
Zimbabwe,Chipinge,7.0918
Zimbabwe,Chipinge,7.0902
Zimbabwe,Chipinge,7.0719
Zimbabwe,Chipinge,7.0672
Zimbabwe,Chipinge,7.0551
Zimbabwe,Chipinge,7.0499
Zimbabwe,Chipinge,9.9948
Zimbabwe,Chipinge,9.9923
Zimbabwe,Chipinge,9.9888
Zimbabwe,Chipinge,9.908
Zimbabwe,Chipinge,9.9074
Zimbabwe,Chipinge,9.9069
Zimbabwe,Chipinge,9.9035
Zimbabwe,Chipinge,9.8902
Zimbabwe,Chipinge,9.8386
Zimbabwe,Chipinge,9.8264
Zimbabwe,Chipinge,9.8256
Zimbabwe,Chipinge,9.7879
Zimbabwe,Chipinge,9.738
Zimbabwe,Chipinge,9.7222
Zimbabwe,Chipinge,9.7131
Zimbabwe,Chipinge,9.7081
Zimbabwe,Chipinge,9.7021
Zimbabwe,Chipinge,9.6778
Zimbabwe,Chipinge,9.6713
Zimbabwe,Chipinge,9.6317
Zimbabwe,Chipinge,9.5987
Zimbabwe,Chipinge,9.5872
Zimbabwe,Chipinge,9.5602
Zimbabwe,Chipinge,9.5373
Zimbabwe,Chipinge,9.5274
Zimbabwe,Chipinge,9.496
Zimbabwe,Chipinge,9.4499
Zimbabwe,Chipinge,9.4411
Zimbabwe,Chipinge,9.4352
Zimbabwe,Chipinge,9.4341
Zimbabwe,Chipinge,9.4153
Zimbabwe,Chipinge,9.3917
Zimbabwe,Chipinge,9.3888
Zimbabwe,Chipinge,9.3831
Zimbabwe,Chipinge,9.3418
Zimbabwe,Chipinge,9.3368
Zimbabwe,Chipinge,9.3316
Zimbabwe,Chipinge,9.3155
Zimbabwe,Chipinge,9.3029
Zimbabwe,Chipinge,9.2598
Zimbabwe,Chipinge,9.259
Zimbabwe,Chipinge,9.2498
Zimbabwe,Chipinge,9.232
Zimbabwe,Chipinge,9.2187
Zimbabwe,Chipinge,9.2003
Zimbabwe,Chipinge,9.1873
Zimbabwe,Chipinge,9.1273
Zimbabwe,Chipinge,9.1242
Zimbabwe,Chipinge,9.0863
Zimbabwe,Chipinge,9.0812
Zimbabwe,Chipinge,9.0597
Zimbabwe,Chipinge,9.0548
Zimbabwe,Chipinge,9.0457
Zimbabwe,Chipinge,9.0327
Zimbabwe,Chipinge,9.0271
Zimbabwe,Chipinge,9.011
Zimbabwe,Chipinge,9.0072
Zimbabwe,Chipinge,8.9933
Zimbabwe,Chipinge,8.992
Zimbabwe,Chipinge,8.9714
Zimbabwe,Chipinge,8.9527
Zimbabwe,Chipinge,8.9365
Zimbabwe,Chipinge,8.9325
Zimbabwe,Chipinge,8.9292
Zimbabwe,Chipinge,8.9209
Zimbabwe,Chipinge,8.9127
Zimbabwe,Chipinge,8.9057
Zimbabwe,Chipinge,8.9051
Zimbabwe,Chipinge,8.8968
Zimbabwe,Chipinge,8.8953
Zimbabwe,Chipinge,8.8941
Zimbabwe,Chipinge,8.8852
Zimbabwe,Chipinge,8.8789
Zimbabwe,Chipinge,8.8604
Zimbabwe,Chipinge,8.8563
Zimbabwe,Chipinge,8.8481
Zimbabwe,Chipinge,8.8313
Zimbabwe,Chipinge,8.8279
Zimbabwe,Chipinge,8.8209
Zimbabwe,Chipinge,8.8002
Zimbabwe,Chipinge,8.7874
Zimbabwe,Chipinge,8.7825
Zimbabwe,Chipinge,8.78199956521739
Zimbabwe,Chipinge,8.7736
Zimbabwe,Chipinge,8.7667
Zimbabwe,Chipinge,8.7452
Zimbabwe,Chipinge,8.7434
Zimbabwe,Chipinge,8.7301
Zimbabwe,Chipinge,8.7213
Zimbabwe,Chipinge,8.7062
Zimbabwe,Chipinge,8.6921
Zimbabwe,Chipinge,8.6476
Zimbabwe,Chipinge,8.6431
Zimbabwe,Chipinge,8.6411
Zimbabwe,Chipinge,8.574
Zimbabwe,Chipinge,8.5471
Zimbabwe,Chipinge,8.5464
Zimbabwe,Chipinge,8.5342
Zimbabwe,Chipinge,8.5151
Zimbabwe,Chipinge,8.4911
Zimbabwe,Chipinge,8.4628
Zimbabwe,Chipinge,8.4589
Zimbabwe,Chipinge,8.4411
Zimbabwe,Chipinge,8.4224
Zimbabwe,Chipinge,8.4157
Zimbabwe,Chipinge,8.3874
Zimbabwe,Chipinge,8.3854
Zimbabwe,Chipinge,8.3687
Zimbabwe,Chipinge,8.3671
Zimbabwe,Chipinge,8.3609
Zimbabwe,Chipinge,8.3211
Zimbabwe,Chipinge,8.1955
Zimbabwe,Chipinge,8.1862
Zimbabwe,Chipinge,8.1696
Zimbabwe,Chipinge,8.1654
Zimbabwe,Chipinge,8.1589
Zimbabwe,Chipinge,8.141
Zimbabwe,Chipinge,8.1358
Zimbabwe,Chipinge,8.1315
Zimbabwe,Chipinge,8.1231
Zimbabwe,Chipinge,8.1023
Zimbabwe,Chipinge,8.0976
Zimbabwe,Chipinge,8.0895
Zimbabwe,Chipinge,8.0754
Zimbabwe,Chipinge,8.0647
Zimbabwe,Chipinge,7.9967
Zimbabwe,Chipinge,7.9542
Zimbabwe,Chipinge,5.8678
Zimbabwe,Chipinge,5.6918
Zimbabwe,Chipinge,5.6395
Zimbabwe,Chipinge,5.3664
Zimbabwe,Chipinge,5.3255
Zimbabwe,Chipinge,5.2784
Zimbabwe,Chipinge,5.2322
Zimbabwe,Chipinge,5.1777
Zimbabwe,Chipinge,5.1767
Zimbabwe,Chipinge,5.1717
Zimbabwe,Chipinge,5.1716
Zimbabwe,Chipinge,5.1212
Zimbabwe,Chipinge,5.1073
Zimbabwe,Chipinge,5.0591
Zimbabwe,Chipinge,5.0568
Zimbabwe,Chipinge,5.0371
Zimbabwe,Chipinge,5.0223
Zimbabwe,Chipinge,5.0159
Zimbabwe,Chipinge,4.9823
Zimbabwe,Chipinge,4.9424
Zimbabwe,Chipinge,4.933
Zimbabwe,Chipinge,4.9204
Zimbabwe,Chipinge,4.8727
Zimbabwe,Chipinge,4.8605
Zimbabwe,Chipinge,4.8546
Zimbabwe,Chipinge,4.8532
Zimbabwe,Chipinge,4.8378
Zimbabwe,Chipinge,4.8201
Zimbabwe,Chipinge,4.8198
Zimbabwe,Chipinge,4.8144
Zimbabwe,Chipinge,4.7948
Zimbabwe,Chipinge,4.7911
Zimbabwe,Chipinge,4.7849
Zimbabwe,Chipinge,4.7673
Zimbabwe,Chipinge,4.7584
Zimbabwe,Chipinge,4.7472
Zimbabwe,Chipinge,4.7459
Zimbabwe,Chipinge,4.7458
Zimbabwe,Chipinge,4.7096
Zimbabwe,Chipinge,4.6842
Zimbabwe,Chipinge,4.6795
Zimbabwe,Chipinge,4.6785
Zimbabwe,Chipinge,4.6691
Zimbabwe,Chipinge,4.6617
Zimbabwe,Chipinge,4.6478
Zimbabwe,Chipinge,4.6356
Zimbabwe,Chipinge,4.6071
Zimbabwe,Chipinge,4.5742
Zimbabwe,Chipinge,4.5485
Zimbabwe,Chipinge,4.5454
Zimbabwe,Chipinge,4.5398
Zimbabwe,Chipinge,4.5359
Zimbabwe,Chipinge,4.5188
Zimbabwe,Chipinge,4.5097
Zimbabwe,Chipinge,4.4995
Zimbabwe,Chipinge,4.4859
Zimbabwe,Chipinge,4.4798
Zimbabwe,Chipinge,4.4403
Zimbabwe,Chipinge,4.4251
Zimbabwe,Chipinge,4.4121
Zimbabwe,Chipinge,4.4076
Zimbabwe,Chipinge,4.4038
Zimbabwe,Chipinge,4.401
Zimbabwe,Chipinge,4.3963
Zimbabwe,Chipinge,4.3949
Zimbabwe,Chipinge,4.3905
Zimbabwe,Chipinge,4.3811
Zimbabwe,Chipinge,4.366
Zimbabwe,Chipinge,4.3593
Zimbabwe,Chipinge,4.3529
Zimbabwe,Chipinge,4.3456
Zimbabwe,Chipinge,4.3369
Zimbabwe,Chipinge,4.3353
Zimbabwe,Chipinge,4.3337
Zimbabwe,Chipinge,4.3278
Zimbabwe,Chipinge,4.3212
Zimbabwe,Chipinge,4.3151
Zimbabwe,Chipinge,4.3049
Zimbabwe,Chipinge,4.2942
Zimbabwe,Chipinge,4.2829
Zimbabwe,Chipinge,4.269
Zimbabwe,Chipinge,4.2686
Zimbabwe,Chipinge,4.2625
Zimbabwe,Chipinge,4.2504
Zimbabwe,Chipinge,4.24
Zimbabwe,Chipinge,4.2393
Zimbabwe,Chipinge,4.2358
Zimbabwe,Chipinge,4.235
Zimbabwe,Chipinge,4.2323
Zimbabwe,Chipinge,4.2288
Zimbabwe,Chipinge,4.2259
Zimbabwe,Chipinge,4.2063
Zimbabwe,Chipinge,4.2008
Zimbabwe,Chipinge,4.1376
Zimbabwe,Chipinge,4.121
Zimbabwe,Chipinge,4.1158
Zimbabwe,Chipinge,4.1019
Zimbabwe,Chipinge,4.0885
Zimbabwe,Chipinge,4.0818
Zimbabwe,Chipinge,4.0663
Zimbabwe,Chipinge,4.04
Zimbabwe,Chipinge,4.0386
Zimbabwe,Chipinge,4.0177
Zimbabwe,Chipinge,4.0094
Zimbabwe,Chipinge,3.9964
Zimbabwe,Chipinge,3.9953
Zimbabwe,Chipinge,3.9807
Zimbabwe,Chipinge,3.9779
Zimbabwe,Chipinge,3.9769
Zimbabwe,Chipinge,3.9632
Zimbabwe,Chipinge,3.9506
Zimbabwe,Chipinge,3.9487
Zimbabwe,Chipinge,3.9485
Zimbabwe,Chipinge,3.9366
Zimbabwe,Chipinge,3.9255
Zimbabwe,Chipinge,3.91370652173913
Zimbabwe,Chipinge,3.912
Zimbabwe,Chipinge,3.9065
Zimbabwe,Chipinge,3.9061
Zimbabwe,Chipinge,3.9008
Zimbabwe,Chipinge,3.8996
Zimbabwe,Chipinge,3.8991
Zimbabwe,Chipinge,3.8936
Zimbabwe,Chipinge,3.8808
Zimbabwe,Chipinge,3.858
Zimbabwe,Chipinge,3.8558
Zimbabwe,Chipinge,3.8528
Zimbabwe,Chipinge,3.8385
Zimbabwe,Chipinge,3.8351
Zimbabwe,Chipinge,3.8337
