product_name,sales,price,reorder_quantity,stock_level,holding_cost,Production_cost,currency_fluctuation,stockout,timestamp
Water,54,12.87,57,57,4.58,1.7,-1.51,0,30/9/2024
Sauces and Soups,61,3.88,68,140,2.85,2.18,-1.95,0,30/9/2024
Instant Porridge,50,16.62,54,400,3.21,1.45,-0.07,0,30/9/2024
Biscuits,60,7.84,63,17,2.51,3.96,1.42,0,30/9/2024
Water,59,18.48,64,450,4.98,8.8,-1.84,1,29/9/2024
Sauces and Soups,39,13.87,46,53,1.12,5,0.36,0,29/9/2024
Instant Porridge,52,13.71,61,199,3.01,3.91,0.63,0,29/9/2024
Biscuits,59,11,59,308,5,5.96,-0.04,1,29/9/2024
Water,50,2.02,59,111,2.29,9.87,-0.46,0,28/9/2024
Sauces and Soups,43,8.08,50,234,2.18,1.61,0.15,0,28/9/2024
Instant Porridge,54,10.81,59,465,2.86,9.54,1.84,1,28/9/2024
Biscuits,51,14.52,55,97,3.79,1.46,-0.75,0,28/9/2024
Water,52,16.07,60,212,2.81,6.2,1.82,1,27/9/2024
Sauces and Soups,52,10.84,57,78,1.54,9.63,-0.95,0,27/9/2024
Instant Porridge,57,5.06,61,132,1.24,9.33,-0.64,0,27/9/2024
Biscuits,48,7.45,57,228,3.51,4.42,1.84,0,27/9/2024
Water,43,4.63,47,16,1.22,4.49,0.31,1,26/9/2024
Sauces and Soups,50,12.12,50,137,3.9,6.31,0.04,0,26/9/2024
Instant Porridge,43,1.08,52,111,2.39,4.62,-1.01,0,26/9/2024
Biscuits,49,8.93,53,324,2.08,4.19,-1.85,0,26/9/2024
Water,55,1.87,62,301,2.89,8.71,1.79,1,25/9/2024
Sauces and Soups,43,9.43,52,5,2.81,3.39,-1.93,0,25/9/2024
Instant Porridge,39,13.29,47,334,3.66,2.53,0.96,0,25/9/2024
Biscuits,48,12.43,57,245,3.67,3.48,-1.38,0,25/9/2024
Water,41,13.13,49,289,1.76,5.11,1.54,0,24/9/2024
Sauces and Soups,56,19.03,60,135,2.78,2.81,0.49,0,24/9/2024
Instant Porridge,53,1.5,57,125,4.14,3.43,-0.56,1,24/9/2024
Biscuits,58,4.88,64,234,1.96,8.79,1.8,1,24/9/2024
Water,52,12.74,53,409,4.7,7.14,0.13,0,23/9/2024
Sauces and Soups,46,11.34,52,156,3.88,4.29,-0.96,0,23/9/2024
Instant Porridge,50,1.02,59,333,3.65,1.05,-1.26,1,23/9/2024
Biscuits,52,18.27,52,176,2.03,1.46,0.8,0,23/9/2024
Water,55,9.36,63,435,3.39,9.33,0.27,1,22/9/2024
Sauces and Soups,62,17.82,68,134,4.02,6.22,-1.34,1,22/9/2024
Instant Porridge,49,15.15,57,357,4.76,3.81,-1.2,0,22/9/2024
Biscuits,43,5.54,43,437,3.55,9.03,-0.77,0,22/9/2024
Water,55,5.41,57,297,0.5,9.8,-0.63,1,21/9/2024
Sauces and Soups,49,7.73,56,281,1.18,3.09,1.97,1,21/9/2024
Instant Porridge,47,9.83,51,257,2.08,5.6,1.19,1,21/9/2024
Biscuits,38,12.85,47,73,0.55,4.75,1.09,1,21/9/2024
Water,53,6.18,61,26,1.7,4.04,-1.43,0,20/9/2024
Sauces and Soups,49,5.51,57,301,1.07,4.99,0.72,1,20/9/2024
Instant Porridge,46,12.51,49,235,4.52,6.45,-0.68,0,20/9/2024
Biscuits,59,10.25,67,63,3.71,6.81,-1.43,1,20/9/2024
Water,62,3.3,63,234,2.08,1.73,-1.2,1,19/9/2024
Sauces and Soups,39,17.82,40,191,1.21,8.33,0.21,0,19/9/2024
Instant Porridge,59,13.02,59,224,3.26,4.17,-0.96,0,19/9/2024
Biscuits,51,7.9,53,79,4.08,7.03,0.23,0,19/9/2024
Water,69,2.33,76,156,4.56,5.5,-1.61,1,18/9/2024
Sauces and Soups,57,5.21,59,107,4.44,7.48,0.93,0,18/9/2024
Instant Porridge,39,16.08,44,123,4,7.11,-0.77,0,18/9/2024
Biscuits,52,11.1,54,144,0.94,7.96,-1.47,0,18/9/2024
Water,43,14.07,50,106,4.82,5.32,-1.92,1,17/9/2024
Sauces and Soups,46,11.55,50,486,0.52,5.93,0.38,0,17/9/2024
Instant Porridge,62,13.69,69,193,4.12,3.62,1.31,1,17/9/2024
Biscuits,53,2.89,62,119,1.95,8.19,-1,0,17/9/2024
Water,52,7.84,56,30,1.33,1.98,0.61,1,16/9/2024
Sauces and Soups,41,15.58,42,249,4.9,5.56,-1.48,1,16/9/2024
Instant Porridge,53,4.22,60,98,2.85,3.46,-0.23,0,16/9/2024
Biscuits,37,10.69,42,294,3.01,2.53,-0.4,1,16/9/2024
Water,54,6.95,57,438,3.49,5.73,0.67,1,15/9/2024
Sauces and Soups,61,3.2,66,374,2.88,6.36,-0.33,0,15/9/2024
Instant Porridge,37,14.85,42,37,2.16,2.2,0.03,0,15/9/2024
Biscuits,39,7.83,45,245,4.01,3.21,-1.49,0,15/9/2024
Water,47,12.7,56,485,4.49,5.19,1.38,0,14/9/2024
Sauces and Soups,46,10.33,47,68,1.05,9.89,-1.96,0,14/9/2024
Instant Porridge,49,15.67,49,451,2.5,1.12,-0.72,0,14/9/2024
Biscuits,46,8.01,47,280,2.41,9.28,-0.19,1,14/9/2024
Water,47,16.31,47,31,1.03,5.12,-0.69,1,13/9/2024
Sauces and Soups,58,12.95,58,413,4.62,1,1.71,0,13/9/2024
Instant Porridge,57,2.73,64,142,2.77,1.54,-1.92,1,13/9/2024
Biscuits,43,14.47,49,286,3.85,8.79,-1.43,1,13/9/2024
Water,45,16.94,50,223,1.08,4.75,0.85,1,12/9/2024
Sauces and Soups,42,15.88,49,100,4.46,9.4,0.22,1,12/9/2024
Instant Porridge,51,5.53,58,311,1.5,1.83,-1.28,0,12/9/2024
Biscuits,38,6.92,41,486,0.52,8.41,0.86,1,12/9/2024
Water,60,19.18,69,294,1.53,9.11,-0.45,1,11/9/2024
Sauces and Soups,54,1.08,61,17,3.45,9.72,-1.36,0,11/9/2024
Instant Porridge,46,13.89,46,292,4.47,4.67,-1.73,0,11/9/2024
Biscuits,58,16.13,58,319,1.82,1.07,1.1,0,11/9/2024
Water,52,4.12,59,273,3.85,3.54,1.26,0,10/9/2024
Sauces and Soups,61,14.28,64,407,1.02,4.9,0.64,0,10/9/2024
Instant Porridge,45,18.98,47,485,3.91,5.55,1.08,0,10/9/2024
Biscuits,43,3.38,45,72,4.14,8.93,0.41,1,10/9/2024
Water,43,6.7,48,116,3.82,3.19,1.4,0,9/9/2024
Sauces and Soups,57,1.12,59,352,2.28,8.4,-0.11,0,9/9/2024
Instant Porridge,48,10.05,49,244,1.91,2.05,0.28,1,9/9/2024
Biscuits,53,10.92,55,339,4.87,7.08,-0.6,1,9/9/2024
Water,49,14.32,55,257,2.41,1.14,-0.24,0,8/9/2024
Sauces and Soups,53,16.42,59,483,4.17,2.27,-1.31,0,8/9/2024
Instant Porridge,55,7.43,56,144,3.45,2.61,0.35,0,8/9/2024
Biscuits,53,1.41,60,324,3.23,6.1,-1.46,0,8/9/2024
Water,50,4.37,59,77,4.04,9.16,-1.52,0,7/9/2024
Sauces and Soups,54,16.34,56,179,1.19,2.08,1.45,1,7/9/2024
Instant Porridge,51,12.21,56,331,1.13,7.03,-1.76,1,7/9/2024
Biscuits,48,3.06,54,92,3.15,7.37,-0.02,0,7/9/2024
Water,54,16.04,56,489,2.71,1.66,-0.17,1,6/9/2024
Sauces and Soups,50,14.67,50,42,2.27,9.01,0.3,1,6/9/2024
Instant Porridge,51,15.5,55,411,4.71,7.9,0.94,0,6/9/2024
Biscuits,59,11.76,66,39,4.52,5.52,-0.49,1,6/9/2024
Water,54,14.17,54,77,2.57,3.89,-0.38,1,5/9/2024
Sauces and Soups,64,9.79,68,334,4.76,8.52,0.68,1,5/9/2024
Instant Porridge,36,2.22,42,11,4.96,8.06,-0.24,1,5/9/2024
Biscuits,46,1.62,47,93,2.26,6.99,-0.65,1,5/9/2024
Water,46,9.48,55,439,1.72,9.22,-0.87,1,4/9/2024
Sauces and Soups,50,17.31,56,147,2.84,8.95,1.96,0,4/9/2024
Instant Porridge,54,19.66,58,419,3.87,5.01,-0.37,0,4/9/2024
Biscuits,48,7.26,48,147,4.09,9.15,-0.82,1,4/9/2024
Water,59,1.31,61,183,1.29,7.17,1.8,1,3/9/2024
Sauces and Soups,35,3.66,39,428,3.83,4.56,-1.71,0,3/9/2024
Instant Porridge,44,18.23,52,177,4.53,5.01,0.06,0,3/9/2024
Biscuits,45,17.19,53,51,4.64,9.5,-0.08,1,3/9/2024
Water,38,12.12,40,160,1.93,4.18,1.85,1,2/9/2024
Sauces and Soups,59,10.35,64,410,4.92,1.44,0.39,1,2/9/2024
Instant Porridge,52,10.96,54,204,1.64,3.61,-0.06,0,2/9/2024
Biscuits,67,16.36,71,165,1.11,4.31,1.31,0,2/9/2024
Water,63,16.93,68,12,1.05,5.19,-0.33,1,1/9/2024
Sauces and Soups,42,13.59,47,72,2.86,6.86,-0.55,0,1/9/2024
Instant Porridge,47,6.05,55,157,2.84,9.5,0.39,1,1/9/2024
Biscuits,47,10.13,56,53,3.63,1.3,-1.09,0,1/9/2024
Water,34,19.31,40,268,0.65,1.58,0,1,31/8/2024
Sauces and Soups,48,5.68,52,456,3.22,7.81,-0.96,1,31/8/2024
Instant Porridge,50,14.78,50,416,1.44,7.84,-1.6,0,31/8/2024
Biscuits,55,19.71,59,164,4.15,6.25,1.24,1,31/8/2024
Water,40,4.16,47,379,0.52,8.9,-0.91,0,30/8/2024
Sauces and Soups,55,10.97,55,285,2.43,9.78,1.9,1,30/8/2024
Instant Porridge,60,6.15,64,137,2.53,7.61,0.38,0,30/8/2024
Biscuits,33,18.55,40,393,2.53,2.2,-1.99,1,30/8/2024
Water,47,19.47,49,350,1.01,6.05,-0.48,0,29/8/2024
Sauces and Soups,46,1.68,50,288,2.83,3.42,0.62,0,29/8/2024
Instant Porridge,61,8.08,63,373,3.84,8.7,0.32,0,29/8/2024
Biscuits,46,11.24,46,396,4.94,8,1.95,1,29/8/2024
Water,46,1.51,53,274,3,9.29,-0.13,1,28/8/2024
Sauces and Soups,51,15.72,51,146,2.76,8.61,-1.36,0,28/8/2024
Instant Porridge,39,16.91,48,332,3.43,3.03,1.3,0,28/8/2024
Biscuits,42,8.16,45,395,3.84,4.96,0.15,0,28/8/2024
Water,60,15.73,63,19,3.97,9.61,-0.39,0,27/8/2024
Sauces and Soups,52,10.97,53,422,3.96,3.4,-1.59,1,27/8/2024
Instant Porridge,43,18.18,47,330,0.93,1.17,-0.8,0,27/8/2024
Biscuits,47,5.05,47,44,1.86,6.9,0.55,1,27/8/2024
Water,59,19.01,61,289,2.63,3.78,-0.2,1,26/8/2024
Sauces and Soups,55,18.78,57,372,4.26,2.86,0.78,1,26/8/2024
Instant Porridge,29,6.09,34,5,3.46,2,-1.4,0,26/8/2024
Biscuits,60,10.23,68,207,4.11,3.55,-0.37,1,26/8/2024
Water,43,7.66,46,4,1.47,7.23,1.35,0,25/8/2024
Sauces and Soups,54,15.19,61,368,3.58,5.31,1.08,1,25/8/2024
Instant Porridge,58,1.25,58,34,4.88,9.71,0.98,0,25/8/2024
Biscuits,50,10.61,51,129,4.67,1.62,0.53,1,25/8/2024
Water,47,4.26,49,89,4.6,6.83,-0.8,1,24/8/2024
Sauces and Soups,40,1.19,47,422,4.35,9.24,1.95,1,24/8/2024
Instant Porridge,42,5.77,42,27,2.05,7.19,-1.16,1,24/8/2024
Biscuits,43,13.96,43,432,2.25,4.27,1.33,1,24/8/2024
Water,49,12.74,53,38,3.93,2.96,0.33,0,23/8/2024
Sauces and Soups,52,15.68,57,12,2.11,8.23,1.97,0,23/8/2024
Instant Porridge,44,14.4,45,228,2.89,8.74,1.68,1,23/8/2024
Biscuits,40,6.33,43,222,0.97,1.42,-0.58,1,23/8/2024
Water,66,11.62,75,349,1.14,7.75,1.8,0,22/8/2024
Sauces and Soups,42,13.74,44,262,4.26,2.1,-1.79,1,22/8/2024
Instant Porridge,50,16.58,59,391,4.99,7.77,-0.61,0,22/8/2024
Biscuits,42,6.52,48,226,0.54,7.54,-0.71,0,22/8/2024
Water,42,16.13,45,298,3.41,6.24,-0.63,0,21/8/2024
Sauces and Soups,61,12.33,69,131,3.07,6.87,0.95,0,21/8/2024
Instant Porridge,54,11,58,383,3.21,8.92,-1.26,0,21/8/2024
Biscuits,61,19.79,69,40,3.11,8.42,1.57,0,21/8/2024
Water,43,4.63,49,208,1.95,5.43,-1.87,0,20/8/2024
Sauces and Soups,56,17.76,56,17,3.76,9.59,-1.28,0,20/8/2024
Instant Porridge,63,7.09,71,153,4.72,4.49,0.72,1,20/8/2024
Biscuits,46,19.89,47,106,4.34,3.16,1.27,1,20/8/2024
Water,67,12.32,68,348,2.74,6.75,1.76,1,19/8/2024
Sauces and Soups,57,8.08,65,86,4.68,4.06,0.67,0,19/8/2024
Instant Porridge,51,5.99,54,225,2.04,5.61,0.25,0,19/8/2024
Biscuits,59,1.99,65,154,1.51,5.98,-0.73,0,19/8/2024
Water,48,14.78,50,60,3.6,6.45,1.99,1,18/8/2024
Sauces and Soups,63,14.84,68,98,3.66,9.6,-1.81,1,18/8/2024
Instant Porridge,62,17.07,69,281,4.3,1.98,1.79,0,18/8/2024
Biscuits,63,6.77,71,87,0.79,1.24,-0.49,1,18/8/2024
Water,51,5.43,54,64,3.65,7.45,0.95,1,17/8/2024
Sauces and Soups,50,12.45,55,215,1.87,3.82,-0.51,0,17/8/2024
Instant Porridge,48,4.75,54,35,4.59,8.5,-0.2,0,17/8/2024
Biscuits,36,11.89,38,437,4.88,2.45,0.7,0,17/8/2024
Water,48,18.46,55,166,4.62,9.73,-0.6,0,16/8/2024
Sauces and Soups,56,7.6,63,179,1.7,2.24,-1.95,1,16/8/2024
Instant Porridge,50,4.58,50,176,4.1,9.18,-0.72,0,16/8/2024
Biscuits,58,13.24,58,89,1.32,6.38,1.13,0,16/8/2024
Water,55,18.21,58,200,3.55,6.64,-1.65,1,15/8/2024
Sauces and Soups,52,2.75,52,243,2.4,8.93,-1.15,1,15/8/2024
Instant Porridge,41,19.73,44,270,3.92,6.14,0.59,1,15/8/2024
Biscuits,58,16.77,58,466,0.61,1.35,0.5,1,15/8/2024
Water,46,3.01,49,173,2.31,8.63,-0.56,0,14/8/2024
Sauces and Soups,42,8.38,47,122,4.21,5.94,-1.22,1,14/8/2024
Instant Porridge,56,18.76,60,454,2.29,7.77,0.24,1,14/8/2024
Biscuits,46,15.05,46,57,1.73,7.34,1.39,1,14/8/2024
Water,51,2.94,57,193,2.42,7.59,-1,0,13/8/2024
Sauces and Soups,40,4.31,46,366,2.45,8.01,-0.02,0,13/8/2024
Instant Porridge,46,15.86,49,318,1.51,2.66,-1.74,0,13/8/2024
Biscuits,45,9.9,50,176,3.22,3.05,-0.64,1,13/8/2024
Water,44,5.91,45,191,4.96,5.6,0.7,1,12/8/2024
Sauces and Soups,59,5.93,66,316,4.47,7.37,0.92,0,12/8/2024
Instant Porridge,44,10.9,48,288,4.23,6.56,-1.15,0,12/8/2024
Biscuits,59,4.9,65,370,1.4,2.67,1.42,0,12/8/2024
Water,46,19.29,49,90,4.77,9.1,-1.87,1,11/8/2024
Sauces and Soups,43,17.3,48,494,2.94,5.98,-1.24,1,11/8/2024
Instant Porridge,59,13.8,67,55,4.48,3.78,-0.51,0,11/8/2024
Biscuits,51,5.03,59,464,3.82,7.84,1.94,0,11/8/2024
Water,45,2.39,53,85,0.94,3.07,0.82,1,10/8/2024
Sauces and Soups,32,7.36,40,45,3.62,6.38,1.66,0,10/8/2024
Instant Porridge,47,2.23,52,13,3.08,1.94,0.05,1,10/8/2024
Biscuits,48,6.47,57,65,1.48,3.07,1.77,1,10/8/2024
Water,63,18.13,71,426,1.61,7.88,-0.82,0,9/8/2024
Sauces and Soups,59,19.88,64,283,0.84,1.95,1.1,1,9/8/2024
Instant Porridge,57,8.51,64,432,3.1,3.48,1.9,0,9/8/2024
Biscuits,54,14.64,55,278,2.69,7.32,1.91,1,9/8/2024
Water,49,18.52,52,369,1.22,1.78,-1.56,0,8/8/2024
Sauces and Soups,52,17.44,52,102,0.55,4.07,-1.14,1,8/8/2024
Instant Porridge,49,9.77,54,136,4.83,9.69,0.09,1,8/8/2024
Biscuits,59,7.83,65,479,2.54,8.1,-1.18,0,8/8/2024
Water,50,15.78,51,203,0.82,8.35,0.18,0,7/8/2024
Sauces and Soups,46,13.63,53,224,2.19,4.41,-1.61,0,7/8/2024
Instant Porridge,52,10.59,58,194,0.77,2.08,1.27,1,7/8/2024
Biscuits,53,15.92,62,181,4.91,3.58,-1.5,0,7/8/2024
Water,40,5.89,48,9,4.36,9.69,-0.74,1,6/8/2024
Sauces and Soups,44,5.79,48,323,3.79,4.95,-0.92,0,6/8/2024
Instant Porridge,60,10.12,63,399,0.79,2.05,1.54,1,6/8/2024
Biscuits,58,14.51,63,323,0.55,8.15,0.07,1,6/8/2024
Water,54,8.36,61,455,0.84,4.95,-0.25,1,5/8/2024
Sauces and Soups,53,4.15,61,241,1.54,1.34,1.91,0,5/8/2024
Instant Porridge,68,5.08,71,400,1.83,2.74,-1.05,0,5/8/2024
Biscuits,50,7.39,52,328,3.79,7.44,0.03,0,5/8/2024
Water,49,6.03,50,407,2.52,5.76,-1.73,0,4/8/2024
Sauces and Soups,56,2.36,58,94,1.29,9.24,-0.03,1,4/8/2024
Instant Porridge,62,2.15,69,166,2.24,5.97,-0.75,1,4/8/2024
Biscuits,52,1.29,57,83,0.97,4.28,0.69,1,4/8/2024
Water,58,17.98,67,318,2.28,9.49,0.76,1,3/8/2024
Sauces and Soups,53,10.31,60,127,1.99,6.81,1.56,1,3/8/2024
Instant Porridge,58,13.59,62,448,1.8,9.46,0.43,0,3/8/2024
Biscuits,45,1.66,51,84,1,2.45,1.93,1,3/8/2024
Water,51,12.61,58,138,4.28,2.18,-1.82,0,2/8/2024
Sauces and Soups,49,4.09,54,252,0.93,3.48,1.57,1,2/8/2024
Instant Porridge,61,13.19,66,225,1.77,2.05,0.16,0,2/8/2024
Biscuits,31,1.84,40,450,2.84,3.19,0.22,0,2/8/2024
Water,44,7.6,52,21,0.67,2.67,-1.43,1,1/8/2024
Sauces and Soups,51,11.97,56,149,2.95,4.48,-1,1,1/8/2024
Instant Porridge,52,3.72,61,396,4.93,7.59,-0.62,1,1/8/2024
Biscuits,47,13.28,53,484,4.94,3.92,1.27,1,1/8/2024
Water,41,3.64,45,339,4.09,3.86,0.94,0,31/7/2024
Sauces and Soups,49,12.72,56,166,2.5,7.45,-1.6,0,31/7/2024
Instant Porridge,48,5.26,49,455,0.81,7.47,1.17,0,31/7/2024
Biscuits,51,8.64,60,182,3.21,2.44,1.14,1,31/7/2024
Water,45,18.52,51,463,3.86,5.86,-1.54,1,30/7/2024
Sauces and Soups,39,14.87,44,314,1.64,3.43,-1.19,0,30/7/2024
Instant Porridge,55,16.26,60,230,4.82,4.26,1.53,0,30/7/2024
Biscuits,41,10.38,46,441,1.33,6.79,0.06,0,30/7/2024
Water,51,14.6,55,14,1.72,6.95,1.61,0,29/7/2024
Sauces and Soups,45,18.52,50,76,2.01,7.94,1.34,0,29/7/2024
Instant Porridge,55,13.59,56,442,4.29,1.6,0.03,1,29/7/2024
Biscuits,34,7.41,39,155,4.55,2.77,1.16,0,29/7/2024
Water,49,4.38,58,378,1.53,9.49,0.22,0,28/7/2024
Sauces and Soups,60,6.35,61,123,2.97,5.82,-1.93,1,28/7/2024
Instant Porridge,55,17.15,60,121,4.36,1.38,1.78,1,28/7/2024
Biscuits,48,13.92,55,460,2.02,6.86,-0.91,1,28/7/2024
Water,46,5.29,53,342,1.92,9.1,0.71,1,27/7/2024
Sauces and Soups,47,9.08,48,406,2.76,4.81,-0.29,0,27/7/2024
Instant Porridge,51,11.57,57,236,1.48,5.53,-1.63,1,27/7/2024
Biscuits,35,7.93,43,296,1.89,1.1,-1.77,1,27/7/2024
Water,49,6.8,58,363,2.35,1.69,1.16,0,26/7/2024
Sauces and Soups,53,10.91,58,11,1.93,9.49,0.78,0,26/7/2024
Instant Porridge,53,19.22,55,96,3.17,2.91,1.96,0,26/7/2024
Biscuits,42,17.01,49,483,2.17,3.2,0.67,1,26/7/2024
Water,49,2.56,53,368,3.69,5.12,0.97,1,25/7/2024
Sauces and Soups,42,14.74,50,13,4.65,9.94,-1.12,0,25/7/2024
Instant Porridge,44,1.35,50,95,2.41,5.52,1.04,1,25/7/2024
Biscuits,47,5.59,53,393,4.96,8.76,-1.04,1,25/7/2024
Water,43,14.42,50,236,4.24,8.45,-0.26,1,24/7/2024
Sauces and Soups,52,14.37,54,131,2.56,6.61,0.29,1,24/7/2024
Instant Porridge,66,9.19,67,411,1.52,8.86,-1.2,1,24/7/2024
Biscuits,48,17.09,53,250,2.77,8.36,-0.16,0,24/7/2024
Water,47,3.52,53,392,1.08,3.12,-0.28,1,23/7/2024
Sauces and Soups,53,8.37,54,323,3.83,4.46,1.49,0,23/7/2024
Instant Porridge,53,7.3,56,104,1.67,9.72,-0.52,1,23/7/2024
Biscuits,48,4.86,48,32,4.13,1.7,-1.32,0,23/7/2024
Water,39,9.82,40,137,4.12,2.52,-0.57,1,22/7/2024
Sauces and Soups,52,7.88,56,298,3.08,4.8,-0.97,1,22/7/2024
Instant Porridge,48,1.93,52,462,3.89,5.82,1.06,0,22/7/2024
Biscuits,65,8.1,72,112,4.14,5.66,-1.04,1,22/7/2024
Water,50,15.28,53,374,1.55,5.1,1.81,0,21/7/2024
Sauces and Soups,61,17.7,64,235,2.91,7.85,0.7,1,21/7/2024
Instant Porridge,60,12.39,60,400,0.96,1.93,-1.73,0,21/7/2024
Biscuits,45,19.74,48,490,0.85,7.79,1.83,1,21/7/2024
Water,56,17.52,65,366,3.83,4.86,0.99,1,20/7/2024
Sauces and Soups,69,12.29,77,196,2.29,5.61,-0.01,1,20/7/2024
Instant Porridge,64,6.58,73,170,2.23,8.61,-1.33,1,20/7/2024
Biscuits,43,12.6,46,18,4.88,7.76,-1.05,1,20/7/2024
Water,54,15.13,57,250,1.62,3.81,0.49,0,19/7/2024
Sauces and Soups,52,15.15,54,349,1.48,1.04,0.23,0,19/7/2024
Instant Porridge,55,19.39,59,33,4.43,8.41,0.87,1,19/7/2024
Biscuits,43,2.46,49,344,4.34,7.03,-1.56,0,19/7/2024
Water,61,9.67,67,276,3.35,5.49,1.49,1,18/7/2024
Sauces and Soups,63,9.97,68,69,2.51,5.14,1.49,0,18/7/2024
Instant Porridge,56,1.58,61,396,1.98,3.05,0.47,1,18/7/2024
Biscuits,52,9.76,61,346,2.16,5.71,-1.77,1,18/7/2024
Water,40,10.34,40,164,4.3,4.06,-0.53,0,17/7/2024
Sauces and Soups,49,4.09,58,226,3.07,5.61,-1.51,1,17/7/2024
Instant Porridge,53,9.1,55,262,2.94,6.87,-1.43,1,17/7/2024
Biscuits,51,8.04,53,300,2.06,8.87,1.53,1,17/7/2024
Water,54,6.98,57,266,2.93,9.55,0.06,1,16/7/2024
Sauces and Soups,40,3.57,45,192,3.53,3.23,1.41,1,16/7/2024
Instant Porridge,46,15.39,51,439,1.41,9.17,0.4,0,16/7/2024
Biscuits,40,1.38,44,127,3.97,6.63,-0.44,0,16/7/2024
Water,41,4.49,48,193,0.92,1.86,1.5,1,15/7/2024
Sauces and Soups,45,7.27,47,492,4.31,9.15,1.98,1,15/7/2024
Instant Porridge,61,11.71,70,248,2.21,3.6,-0.36,0,15/7/2024
Biscuits,58,8.87,58,284,0.81,1.27,0.95,1,15/7/2024
Water,47,13.25,47,486,2.54,4.9,0.84,0,14/7/2024
Sauces and Soups,48,9.9,55,493,4.61,6.32,1.67,0,14/7/2024
Instant Porridge,44,11.07,52,28,3.31,3.09,-0.67,1,14/7/2024
Biscuits,49,19.11,52,426,1.7,8.67,0.54,1,14/7/2024
Water,42,18.82,42,187,1.16,9.72,0.22,1,13/7/2024
Sauces and Soups,49,14.67,53,176,3.6,7.72,-0.72,1,13/7/2024
Instant Porridge,43,7.53,52,185,1.82,1.28,-0.12,1,13/7/2024
Biscuits,47,3.01,55,140,1.99,6.87,-0.19,1,13/7/2024
Water,49,14.14,53,106,2.26,7.99,0.05,0,12/7/2024
Sauces and Soups,51,19.09,55,490,3.04,9.35,1.12,1,12/7/2024
Instant Porridge,45,8.36,46,493,4.84,1.71,1.92,1,12/7/2024
Biscuits,38,2.56,41,181,2.61,2.1,-0.29,1,12/7/2024
Water,49,4.23,51,138,3.21,6.02,-0.54,0,11/7/2024
Sauces and Soups,44,9.81,52,340,1.39,7.06,1.28,1,11/7/2024
Instant Porridge,37,9.02,39,81,0.9,2.61,-1.08,0,11/7/2024
Biscuits,35,5.8,37,287,2.05,8.87,-1.37,1,11/7/2024
Water,47,16.69,50,201,3.9,5.1,-0.58,1,10/7/2024
Sauces and Soups,41,12.21,43,31,2.49,1.76,0.03,1,10/7/2024
Instant Porridge,40,9.06,47,81,1.09,6.39,-1.81,0,10/7/2024
Biscuits,44,7.17,53,199,1.47,8.12,-1.7,0,10/7/2024
Water,51,5.86,51,475,0.56,8.49,-1.21,1,9/7/2024
Sauces and Soups,43,4.84,49,136,1.23,8.85,0.81,0,9/7/2024
Instant Porridge,41,1.53,45,227,0.95,7.6,-0.32,1,9/7/2024
Biscuits,40,18.96,48,288,2.12,1.57,0.77,0,9/7/2024
Water,46,17.81,50,297,4.95,6.73,1.07,0,8/7/2024
Sauces and Soups,62,11.32,70,165,3.6,7,0.14,1,8/7/2024
Instant Porridge,62,1.24,62,266,1.51,1.28,-0.84,0,8/7/2024
Biscuits,51,3.47,59,358,1.45,7.48,1.95,0,8/7/2024
Water,53,18.59,61,493,2.47,3.13,-1.92,1,7/7/2024
Sauces and Soups,54,2.21,56,266,1.26,5.79,-0.7,0,7/7/2024
Instant Porridge,46,15.78,55,261,2.5,8.56,-0.58,1,7/7/2024
Biscuits,54,3.67,57,487,1.37,2.42,1.44,1,7/7/2024
Water,64,14.04,72,64,2.48,8.38,-0.87,0,6/7/2024
Sauces and Soups,58,9.01,64,468,3.31,6.48,-1.97,1,6/7/2024
Instant Porridge,50,15.13,50,303,2.4,7.9,-1.19,1,6/7/2024
Biscuits,56,6.27,65,366,4.24,1.56,1.1,1,6/7/2024
Water,47,4.01,47,150,2.69,6.27,-0.92,1,5/7/2024
Sauces and Soups,53,19.05,61,190,4.01,7.22,-0.66,0,5/7/2024
Instant Porridge,56,8.71,62,209,3.7,3.83,-0.04,0,5/7/2024
Biscuits,47,2.02,50,494,2.66,3.13,0.06,0,5/7/2024
Water,55,6.81,56,435,4.34,5.47,1.55,0,4/7/2024
Sauces and Soups,52,14.4,56,2,0.77,9.95,-0.29,1,4/7/2024
Instant Porridge,61,16.53,64,36,4.04,3.74,-0.09,0,4/7/2024
Biscuits,56,5.98,61,43,3.75,6.67,0.75,1,4/7/2024
Water,49,10.49,58,137,4.76,7.87,-1.49,0,3/7/2024
Sauces and Soups,45,15.14,45,112,4.34,2.16,1.3,1,3/7/2024
Instant Porridge,64,7.48,70,417,1.65,4.79,0.18,1,3/7/2024
Biscuits,66,10.49,67,25,1.87,4.85,-1.92,0,3/7/2024
Water,39,11.23,43,371,0.73,5.35,1.2,0,2/7/2024
Sauces and Soups,50,2.92,52,69,4.24,7.87,-0.7,0,2/7/2024
Instant Porridge,52,18.5,58,451,2.25,9.1,-0.13,0,2/7/2024
Biscuits,50,14.03,59,288,4.68,5.19,0.29,0,2/7/2024
Water,46,8.35,55,474,3.13,7.13,0.87,0,1/7/2024
Sauces and Soups,51,10.16,53,444,1.61,8.23,-0.36,1,1/7/2024
Instant Porridge,48,11.59,56,144,2.53,8.63,1.39,0,1/7/2024
Biscuits,55,13.46,56,414,2.79,6.72,0.75,1,1/7/2024
Water,61,1.13,70,242,3.8,2.78,1.35,0,30/6/2024
Sauces and Soups,47,8.89,48,355,3.37,1.65,-1.96,1,30/6/2024
Instant Porridge,55,10.82,60,495,0.94,4.62,-0.79,1,30/6/2024
Biscuits,50,9.74,59,186,4.99,4.53,0.52,1,30/6/2024
Water,44,14.22,47,350,4.08,2.46,-0.96,0,29/6/2024
Sauces and Soups,63,17.68,69,34,2.09,1.66,-0.19,1,29/6/2024
Instant Porridge,54,7,59,329,1.35,8.56,0.76,0,29/6/2024
Biscuits,63,11.67,70,323,1.5,3.2,0.4,0,29/6/2024
Water,59,12.91,65,214,2.76,1.45,-0.85,0,28/6/2024
Sauces and Soups,47,11.18,47,276,3.06,3.82,-1.74,0,28/6/2024
Instant Porridge,54,1.78,56,298,0.53,2.02,1.86,0,28/6/2024
Biscuits,38,11.91,43,216,2.5,5.02,0.02,0,28/6/2024
Water,46,17.71,53,493,1.74,9.57,-0.17,1,27/6/2024
Sauces and Soups,48,6.79,49,167,0.93,3.59,-1.54,1,27/6/2024
Instant Porridge,64,18.13,69,230,3.92,2.7,-1.01,1,27/6/2024
Biscuits,33,18.92,38,237,3.94,6.13,-0.74,1,27/6/2024
Water,50,6.6,50,5,2.73,9.43,1.16,0,26/6/2024
Sauces and Soups,55,13.03,58,86,0.89,9.69,1.81,0,26/6/2024
Instant Porridge,48,13.75,48,245,3,3.77,-1.47,0,26/6/2024
Biscuits,53,8.58,55,404,3.09,4.8,1.95,0,26/6/2024
Water,57,7.02,60,152,3.85,9.16,-1.77,1,25/6/2024
Sauces and Soups,43,14.35,47,80,2.98,5.01,-1.69,1,25/6/2024
Instant Porridge,60,16.5,67,101,1.32,1.55,-0.66,1,25/6/2024
Biscuits,40,5.42,42,184,4.63,2.71,-0.11,0,25/6/2024
Water,51,10.61,54,355,3.5,3.53,-0.17,1,24/6/2024
Sauces and Soups,62,12.93,71,113,3.24,6.02,-0.77,1,24/6/2024
Instant Porridge,38,7.98,40,356,0.8,2.52,1.05,1,24/6/2024
Biscuits,49,3.18,57,153,1.73,3.11,1.51,1,24/6/2024
Water,49,3.91,58,258,0.63,5.57,0.24,1,23/6/2024
Sauces and Soups,47,2.29,51,50,2.85,5.51,0.63,1,23/6/2024
Instant Porridge,52,9.12,52,466,0.82,6.56,-1.62,0,23/6/2024
Biscuits,52,5.65,60,203,3.29,7.1,-0.31,1,23/6/2024
Water,50,4.35,50,125,2.15,5.25,0.87,0,22/6/2024
Sauces and Soups,48,14.82,48,368,4.41,9.66,0.88,1,22/6/2024
Instant Porridge,47,3.59,52,243,2.2,7.97,-1.92,0,22/6/2024
Biscuits,53,10.42,57,393,2.45,3.32,0.29,1,22/6/2024
Water,52,7.8,56,23,1.4,8.86,1.97,1,21/6/2024
Sauces and Soups,57,15.68,63,73,4.26,7.69,1.37,1,21/6/2024
Instant Porridge,49,8.55,52,233,0.88,1.41,0.63,0,21/6/2024
Biscuits,60,5.79,65,435,2.96,2.9,0.27,0,21/6/2024
Water,50,2.03,56,234,2.23,7.42,0.4,1,20/6/2024
Sauces and Soups,37,19.48,41,189,4.9,1.56,-1.69,1,20/6/2024
Instant Porridge,52,10.65,54,332,1.02,2.59,1.37,1,20/6/2024
Biscuits,44,7.41,51,129,0.6,5.37,1.86,1,20/6/2024
Water,55,14.45,57,246,3.07,5.95,-1.02,1,19/6/2024
Sauces and Soups,56,7.67,60,343,2.93,3.08,0.18,1,19/6/2024
Instant Porridge,50,3.9,59,457,0.8,7.33,-0.11,1,19/6/2024
Biscuits,32,6.58,38,498,1.71,2.14,-0.52,0,19/6/2024
Water,44,12.99,50,246,4.02,4.48,-1.55,0,18/6/2024
Sauces and Soups,57,16.02,58,260,1.71,6.99,-1.44,1,18/6/2024
Instant Porridge,53,11,56,180,1.48,8,0.25,0,18/6/2024
Biscuits,46,11.33,47,172,4.26,2.8,0.74,1,18/6/2024
Water,59,13.4,61,340,3.41,6.59,1.5,1,17/6/2024
Sauces and Soups,46,2.34,47,379,0.61,6.09,1.44,1,17/6/2024
Instant Porridge,61,8.76,67,431,4.43,8.43,-1.14,1,17/6/2024
Biscuits,39,3.68,47,126,1.85,7.51,1.2,0,17/6/2024
Water,59,15.43,66,63,3.13,1.28,-1.83,0,16/6/2024
Sauces and Soups,51,17.04,60,421,3.28,7.16,1.36,1,16/6/2024
Instant Porridge,52,4,58,38,2.86,9.98,1.85,0,16/6/2024
Biscuits,48,1.29,57,352,2.6,4.76,-1.77,0,16/6/2024
Water,42,13.08,48,456,4.95,4.41,0.53,1,15/6/2024
Sauces and Soups,37,10.41,44,480,0.91,7.11,-1.03,1,15/6/2024
Instant Porridge,43,14.46,43,239,2.82,5.6,-1.26,1,15/6/2024
Biscuits,51,5.54,52,479,1.45,3.5,-0.97,1,15/6/2024
Water,57,16.29,59,5,3.13,9.95,-1.96,0,14/6/2024
Sauces and Soups,43,1.96,51,138,3.22,3.76,-1.45,0,14/6/2024
Instant Porridge,59,19.77,66,365,4.78,2.78,-1.45,1,14/6/2024
Biscuits,35,7.44,35,247,1.79,8.02,1.81,1,14/6/2024
Water,42,5.52,47,479,0.82,9.91,-1.07,0,13/6/2024
Sauces and Soups,48,14.4,55,335,4.98,5.6,-0.15,1,13/6/2024
Instant Porridge,51,11.28,51,317,3.79,5.64,1.9,0,13/6/2024
Biscuits,43,8.26,47,326,1.14,6.06,1.19,1,13/6/2024
Water,44,3.32,46,403,3.53,5.83,-1.19,0,12/6/2024
Sauces and Soups,38,17.36,38,454,2.68,5.48,-0.18,0,12/6/2024
Instant Porridge,52,9.15,57,77,1.42,1.89,0.94,0,12/6/2024
Biscuits,35,11.9,36,31,3.64,3.07,-0.84,1,12/6/2024
Water,51,19.45,53,368,4.16,5.36,1.6,1,11/6/2024
Sauces and Soups,43,9.26,48,293,0.85,9.18,0.22,1,11/6/2024
Instant Porridge,48,9.68,55,5,2.82,3.77,0.87,1,11/6/2024
Biscuits,49,13.36,51,381,1.65,9.47,1.24,1,11/6/2024
Water,47,8.44,50,228,0.95,4.48,-1.04,0,10/6/2024
Sauces and Soups,51,13.12,55,296,4.96,4.21,-0.63,0,10/6/2024
Instant Porridge,45,2.03,49,368,4.24,2.12,-0.92,0,10/6/2024
Biscuits,56,7.9,58,472,2.44,2.57,-1.75,1,10/6/2024
Water,53,11.44,56,10,3.07,8.77,-0.35,1,9/6/2024
Sauces and Soups,46,16.71,54,284,2.48,3.54,-0.12,1,9/6/2024
Instant Porridge,51,15.45,53,70,4.06,2.58,-1.11,0,9/6/2024
Biscuits,74,9.14,74,0,3.58,8.98,1.72,0,9/6/2024
Water,57,1.25,63,26,3.35,2,0.38,1,8/6/2024
Sauces and Soups,36,6.73,40,305,4.49,8.67,-0.33,1,8/6/2024
Instant Porridge,47,12.43,49,43,2.17,3.59,0.15,1,8/6/2024
Biscuits,55,12.21,56,47,3.9,2.47,-1.18,0,8/6/2024
Water,55,14.25,60,89,4.57,2.49,1.07,0,7/6/2024
Sauces and Soups,57,17.99,57,76,3.03,7.97,-1.31,0,7/6/2024
Instant Porridge,43,2.04,43,475,4.9,8.99,1.95,0,7/6/2024
Biscuits,53,4.31,57,25,0.75,4.05,0.4,0,7/6/2024
Water,45,17.41,51,214,4.07,1.03,1.3,1,6/6/2024
Sauces and Soups,49,2.17,54,270,0.58,5.91,1.23,0,6/6/2024
Instant Porridge,49,19.76,53,73,2.16,5.31,-1.79,1,6/6/2024
Biscuits,41,8.02,47,460,2.93,9.79,-1.35,0,6/6/2024
Water,51,8.27,56,199,3.84,4.05,1.97,0,5/6/2024
Sauces and Soups,46,2.92,53,333,4.84,7.99,-1,0,5/6/2024
Instant Porridge,61,13.15,65,309,0.76,9.44,-0.35,1,5/6/2024
Biscuits,49,12.14,54,81,3.35,1.08,-1.74,1,5/6/2024
Water,52,6.85,54,81,3.64,1.75,-0.78,1,4/6/2024
Sauces and Soups,64,15.97,69,358,2.13,1.16,-1.97,1,4/6/2024
Instant Porridge,65,8.07,72,351,3.68,8.81,0.55,1,4/6/2024
Biscuits,56,6.21,63,144,1.21,6.47,0.96,0,4/6/2024
Water,50,8.72,55,392,3.48,5.61,-1.2,0,3/6/2024
Sauces and Soups,54,9.3,58,114,2.57,7.66,-1.97,1,3/6/2024
Instant Porridge,49,3.59,54,232,1.28,8.53,1.56,0,3/6/2024
Biscuits,41,12.95,43,300,1.95,9.44,-1.07,0,3/6/2024
Water,50,3.06,58,188,4.83,3.05,-0.32,0,2/6/2024
Sauces and Soups,58,9.04,62,489,3.97,6.74,0.28,0,2/6/2024
Instant Porridge,50,10.04,54,85,2.45,8.39,-0.96,0,2/6/2024
Biscuits,47,18.25,51,220,0.61,2.21,-0.79,0,2/6/2024
Water,51,4.48,57,362,2.95,1.43,-1.83,1,1/6/2024
Sauces and Soups,49,15.32,58,185,2.91,5.77,-1.08,1,1/6/2024
Instant Porridge,60,19.14,62,73,2.23,7.37,1.58,1,1/6/2024
Biscuits,53,17.67,62,357,1.7,8.14,0.7,1,1/6/2024
Water,41,6.7,44,369,1.76,9.65,-1.96,1,31/5/2024
Sauces and Soups,56,2.6,60,203,1.36,8.17,1.76,0,31/5/2024
Instant Porridge,40,6.01,47,45,3.57,6.61,-1.62,0,31/5/2024
Biscuits,43,16.1,45,370,2,2.65,1.19,0,31/5/2024
Water,57,16.84,62,150,3.52,3.77,0.38,0,30/5/2024
Sauces and Soups,52,4,57,171,2.13,6.19,1.17,0,30/5/2024
Instant Porridge,48,7.68,57,208,1.14,2.83,0.05,0,30/5/2024
Biscuits,50,4.08,53,160,2.61,9.1,0.51,1,30/5/2024
Water,49,9.64,53,133,4.64,2.39,1.3,0,29/5/2024
Sauces and Soups,54,8.09,61,387,1.19,5.27,0.96,1,29/5/2024
Instant Porridge,49,1.24,52,190,1.88,9.59,-0.08,0,29/5/2024
Biscuits,46,11.67,47,184,2.17,5.71,-0.32,1,29/5/2024
Water,43,6.25,47,258,2.8,4.35,-1.75,1,28/5/2024
Sauces and Soups,58,19.59,62,404,1.28,7.93,-1.27,1,28/5/2024
Instant Porridge,62,9.25,64,248,4.85,8.7,0.56,1,28/5/2024
Biscuits,47,19.57,56,490,1.17,2.32,-1.45,0,28/5/2024
Water,53,15.2,54,381,4.77,5.2,-1.23,1,27/5/2024
Sauces and Soups,52,6.71,54,180,1.82,8.98,1.66,0,27/5/2024
Instant Porridge,47,10.97,48,442,3.76,9.8,-0.71,1,27/5/2024
Biscuits,44,11.91,47,441,2.83,3.5,1.46,1,27/5/2024
Water,45,10.36,50,138,2.29,5.98,-0.54,1,26/5/2024
Sauces and Soups,35,3.77,43,414,4.31,2.43,-0.09,1,26/5/2024
Instant Porridge,51,6.36,53,1,4.35,6.63,1.42,1,26/5/2024
Biscuits,48,19.22,48,385,4.39,9.06,-1.78,1,26/5/2024
Water,60,11.39,68,341,3.68,6.11,-1.3,0,25/5/2024
Sauces and Soups,49,18.08,58,142,1.24,9.11,0.3,0,25/5/2024
Instant Porridge,35,8.65,39,71,0.63,7.07,-1.57,1,25/5/2024
Biscuits,39,7.33,43,94,1.42,8.66,-1.67,0,25/5/2024
Water,60,6.4,64,157,2.73,7.89,-0.11,0,24/5/2024
Sauces and Soups,60,14.39,67,457,4.98,2.57,-1.57,1,24/5/2024
Instant Porridge,54,2.16,62,227,1.22,3.2,0.49,1,24/5/2024
Biscuits,58,4.14,60,307,4.04,4.19,-0.91,1,24/5/2024
Water,50,15.85,59,280,3.39,4.84,-1.05,0,23/5/2024
Sauces and Soups,48,7.3,55,414,2.04,5.34,1.4,0,23/5/2024
Instant Porridge,50,1.15,56,492,0.61,1.98,0.42,1,23/5/2024
Biscuits,47,8.16,54,262,4.77,2.07,1.37,0,23/5/2024
Water,52,14.72,59,161,3.17,3.09,-1.71,1,22/5/2024
Sauces and Soups,40,19.81,44,336,1.81,9.2,-0.01,1,22/5/2024
Instant Porridge,59,17.55,60,124,0.78,6.28,1.39,0,22/5/2024
Biscuits,51,3.5,56,138,3.42,9.94,-1.69,0,22/5/2024
Water,42,19.7,44,114,4.18,4.17,0.98,1,21/5/2024
Sauces and Soups,53,15.61,61,7,1.89,2.91,-0.81,0,21/5/2024
Instant Porridge,50,1.01,50,267,3.02,2.55,1.61,0,21/5/2024
Biscuits,52,11.02,53,188,2.26,7.7,-0.38,1,21/5/2024
Water,62,10.45,63,450,2.46,6.98,1.51,0,20/5/2024
Sauces and Soups,47,1.78,55,244,4.91,1.59,-0.87,0,20/5/2024
Instant Porridge,61,1.64,68,292,1.37,3.05,0.49,1,20/5/2024
Biscuits,52,6.37,52,156,1.42,4.42,0.3,1,20/5/2024
Water,51,6.41,51,194,3.86,8.78,-1.15,1,19/5/2024
Sauces and Soups,37,6.97,45,50,0.83,5.69,-1.55,0,19/5/2024
Instant Porridge,32,1.39,38,229,3.06,7.48,-0.47,1,19/5/2024
Biscuits,46,11.01,52,23,3.59,7.84,0.04,0,19/5/2024
Water,54,17.03,57,495,1.91,9.71,-0.4,1,18/5/2024
Sauces and Soups,63,15.8,67,10,1.27,3.23,1.87,1,18/5/2024
Instant Porridge,57,9.3,62,134,0.9,5.79,-1.25,1,18/5/2024
Biscuits,44,6.34,45,438,4.37,8.59,-1.21,0,18/5/2024
Water,61,4.13,63,179,1.9,3.01,0.62,0,17/5/2024
Sauces and Soups,55,7.47,59,101,2.15,8.1,-1.17,0,17/5/2024
Instant Porridge,57,12.26,59,491,3.86,2.44,-0.27,0,17/5/2024
Biscuits,43,5.98,46,113,1.95,2.91,1.23,1,17/5/2024
Water,46,13.17,50,17,0.93,1.65,-0.78,1,16/5/2024
Sauces and Soups,54,17.6,61,399,1.09,8.74,0.88,1,16/5/2024
Instant Porridge,51,17.87,58,485,1.01,3.36,0.8,1,16/5/2024
Biscuits,65,1.06,74,480,1.96,6.35,-0.62,0,16/5/2024
Water,54,13.71,58,122,1.44,9.52,1.26,0,15/5/2024
Sauces and Soups,65,1.21,68,34,4.57,2.68,0.22,0,15/5/2024
Instant Porridge,59,13.64,61,280,2.81,2.74,-0.35,1,15/5/2024
Biscuits,60,17.19,60,398,2.63,3.77,-1.82,0,15/5/2024
Water,44,5.7,45,59,2.35,5.76,-1.19,0,14/5/2024
Sauces and Soups,40,1.12,47,185,4.17,2.89,0.76,0,14/5/2024
Instant Porridge,51,8.2,56,130,4.09,2.64,-1.02,1,14/5/2024
Biscuits,47,10.97,47,81,1.29,4.89,-0.2,0,14/5/2024
Water,55,10.84,60,306,4.85,5.27,-1.88,0,13/5/2024
Sauces and Soups,39,12.48,44,5,0.85,1.93,0.25,0,13/5/2024
Instant Porridge,39,13.92,46,226,2.94,1.25,1.32,0,13/5/2024
Biscuits,62,1.81,71,38,1.96,4.13,-0.37,1,13/5/2024
Water,42,7.75,47,316,4.28,9.64,1.34,0,12/5/2024
Sauces and Soups,57,3.96,57,43,4.93,2.26,-1.82,1,12/5/2024
Instant Porridge,62,15.63,64,90,3.15,6.31,-0.88,1,12/5/2024
Biscuits,48,14.84,52,29,3.52,2.47,1.52,0,12/5/2024
Water,53,19.15,62,210,1.45,3.99,-0.52,1,11/5/2024
Sauces and Soups,57,4.05,59,364,1.41,2.15,-1.95,1,11/5/2024
Instant Porridge,45,11.01,48,82,0.72,3.67,-0.91,1,11/5/2024
Biscuits,59,9.86,66,440,4.62,6.97,-1.89,1,11/5/2024
Water,42,7.12,44,70,3.15,1.54,-1.84,1,10/5/2024
Sauces and Soups,55,7.56,56,404,4.3,8.93,-1.36,0,10/5/2024
Instant Porridge,59,5.69,67,353,4.01,1.38,1.74,1,10/5/2024
Biscuits,54,5,54,32,2.87,9.51,0.56,1,10/5/2024
Water,45,7.66,47,400,3.69,4.15,1.56,1,9/5/2024
Sauces and Soups,40,3.04,48,218,1.28,9.34,0.3,1,9/5/2024
Instant Porridge,54,1.97,56,260,1.83,6.57,1.8,0,9/5/2024
Biscuits,48,11.83,48,158,1.64,8.47,1.67,1,9/5/2024
Water,52,3.54,55,124,0.97,5.81,-0.33,1,8/5/2024
Sauces and Soups,71,10.48,71,22,1.2,5.86,1.22,0,8/5/2024
Instant Porridge,57,15.93,63,90,2.89,8.53,-0.03,1,8/5/2024
Biscuits,40,1.33,42,286,4.57,4.8,1.99,0,8/5/2024
Water,54,9.26,57,96,2.96,5.26,1.65,1,7/5/2024
Sauces and Soups,57,8.6,66,46,2.75,1.89,-0.76,0,7/5/2024
Instant Porridge,53,7.19,57,65,0.8,9.38,1.95,0,7/5/2024
Biscuits,56,14.22,63,424,1.83,6.18,-0.27,1,7/5/2024
Water,56,11.19,57,268,1.77,8.97,1.62,0,6/5/2024
Sauces and Soups,41,9.91,50,140,4.85,9.56,1.55,0,6/5/2024
Instant Porridge,56,18.84,59,149,1.89,1.45,-1.78,1,6/5/2024
Biscuits,48,8.55,55,204,4.36,3.79,-1.51,0,6/5/2024
Water,49,17.32,58,0,1.68,1.46,1.62,0,5/5/2024
Sauces and Soups,47,12.06,56,192,1.24,2.53,1.09,0,5/5/2024
Instant Porridge,62,1.47,71,12,2.23,1.61,-0.35,0,5/5/2024
Biscuits,42,18.14,45,180,0.78,5.58,1,0,5/5/2024
Water,54,11.66,62,170,1.27,4.57,0.7,1,4/5/2024
Sauces and Soups,46,19.4,52,74,0.92,3.82,-1.27,1,4/5/2024
Instant Porridge,54,17.63,57,283,4.17,3.98,0.41,0,4/5/2024
Biscuits,53,14.84,55,2,1.67,8.49,0.88,0,4/5/2024
Water,51,18.38,54,242,3.37,4.53,-0.71,0,3/5/2024
Sauces and Soups,53,1.67,62,165,3.16,1.91,0.57,1,3/5/2024
Instant Porridge,58,17.72,60,266,4.45,3.02,-1.46,0,3/5/2024
Biscuits,44,8.59,44,458,1.05,3.48,1.81,0,3/5/2024
Water,57,8.6,65,280,3.74,4.72,0.42,1,2/5/2024
Sauces and Soups,46,13.71,52,157,1.06,2.74,-0.3,0,2/5/2024
Instant Porridge,42,12.43,46,425,3.88,6.99,-1.26,0,2/5/2024
Biscuits,56,2.96,61,56,4.19,2.99,-0.93,1,2/5/2024
Water,55,2.76,64,7,1.94,9.27,0.39,1,1/5/2024
Sauces and Soups,51,18.31,53,259,3.66,3.2,-0.62,1,1/5/2024
Instant Porridge,51,6.26,52,453,1.12,9.3,-0.32,1,1/5/2024
Biscuits,42,17.92,48,219,2.21,6.76,0.52,0,1/5/2024
Water,39,14.95,44,454,3.95,5.23,-1.78,1,30/4/2024
Sauces and Soups,70,16.77,79,147,0.85,8.73,0.64,0,30/4/2024
Instant Porridge,64,3.63,73,413,2.16,5.44,1.15,1,30/4/2024
Biscuits,51,2.8,53,462,3.37,3.22,0.08,1,30/4/2024
Water,61,18.84,62,141,4.68,8.92,1.21,1,29/4/2024
Sauces and Soups,49,13.33,56,414,1.92,8.71,0.42,0,29/4/2024
Instant Porridge,33,4.27,36,401,2.47,1.96,-1.3,1,29/4/2024
Biscuits,58,10.65,67,203,1.14,4.02,-1.07,1,29/4/2024
Water,55,12.53,61,376,0.94,9.86,1.93,1,28/4/2024
Sauces and Soups,46,19.12,54,144,1.82,2.01,0.01,0,28/4/2024
Instant Porridge,43,3.76,45,171,4.74,3.73,-1.88,1,28/4/2024
Biscuits,44,3.73,45,120,1.17,5.18,1.76,0,28/4/2024
Water,50,7.21,59,347,4.64,5.59,1.96,0,27/4/2024
Sauces and Soups,31,5.53,34,489,3.54,7.08,1.45,0,27/4/2024
Instant Porridge,41,3.06,48,413,1.22,4.13,1.16,1,27/4/2024
Biscuits,43,18.38,48,340,1.34,1.32,-1.33,1,27/4/2024
Water,65,15.9,65,484,2.36,2.47,0.13,1,26/4/2024
Sauces and Soups,48,19.6,49,499,3.29,8.06,-1.21,0,26/4/2024
Instant Porridge,56,7.39,61,331,0.58,8.83,0.38,0,26/4/2024
Biscuits,48,8.56,48,106,3.05,8.67,-1.7,1,26/4/2024
Water,46,17.79,48,34,2.32,5.97,-0.59,0,25/4/2024
Sauces and Soups,40,11.26,42,86,1.51,3.05,-1.5,0,25/4/2024
Instant Porridge,54,12.21,63,215,2.08,5.71,0.95,1,25/4/2024
Biscuits,56,15.53,63,203,2.25,4.19,0.27,1,25/4/2024
Water,57,16.16,65,190,1.94,6.88,0.22,1,24/4/2024
Sauces and Soups,55,11.16,57,402,3.39,3.11,-1.69,0,24/4/2024
Instant Porridge,39,14.76,45,324,3.31,8.25,1.07,1,24/4/2024
Biscuits,45,6.71,52,207,3.19,8.19,-0.92,0,24/4/2024
Water,51,10.44,51,441,0.52,8.34,0.12,0,23/4/2024
Sauces and Soups,44,9.53,53,47,0.84,1.18,-1.13,1,23/4/2024
Instant Porridge,51,8.13,58,245,1.88,9.86,1.09,0,23/4/2024
Biscuits,45,1.72,47,279,4.15,6.16,-0.56,0,23/4/2024
Water,50,3.49,53,359,2.34,3.82,-1.16,1,22/4/2024
Sauces and Soups,48,14.65,57,87,2.38,1.21,0.57,0,22/4/2024
Instant Porridge,55,17.8,63,20,3.19,5.38,1.95,1,22/4/2024
Biscuits,69,15.39,76,202,3.2,7.45,1.2,1,22/4/2024
Water,49,4.01,53,375,3,3.47,1.48,1,21/4/2024
Sauces and Soups,47,14.8,51,186,1.48,5.32,-0.13,0,21/4/2024
Instant Porridge,53,1.7,61,237,1.73,1.35,-0.26,1,21/4/2024
Biscuits,44,16.82,50,393,2.7,1.67,1.77,0,21/4/2024
Water,60,17.1,69,389,1.6,1.73,-1.01,1,20/4/2024
Sauces and Soups,34,4.29,42,290,1.9,2.08,1.9,0,20/4/2024
Instant Porridge,61,10.06,69,131,1.97,4.87,1.43,1,20/4/2024
Biscuits,47,9.65,47,472,2.06,9.79,-0.75,0,20/4/2024
Water,50,7.23,58,265,3.95,2.84,1.56,0,19/4/2024
Sauces and Soups,57,13.94,64,33,2.37,2.37,0.16,0,19/4/2024
Instant Porridge,56,11.38,65,51,4.02,5.84,0.9,1,19/4/2024
Biscuits,53,14.4,57,90,4.36,1.62,-1.39,0,19/4/2024
Water,45,16.47,51,474,4.97,6.61,0.62,0,18/4/2024
Sauces and Soups,45,12.82,45,390,3.36,6.44,-1.57,1,18/4/2024
Instant Porridge,52,14.06,58,79,4.21,4.46,-1.43,1,18/4/2024
Biscuits,48,1.92,56,177,3.67,5.35,-1.15,0,18/4/2024
Water,47,10.65,49,479,2.6,7.61,1.27,0,17/4/2024
Sauces and Soups,51,8,54,43,4.29,1.91,-1.04,0,17/4/2024
Instant Porridge,59,6.08,66,308,0.72,8.45,-1.64,0,17/4/2024
Biscuits,67,13.7,76,481,2.57,8.37,0.45,1,17/4/2024
Water,38,15.21,39,489,1.62,7,-0.4,0,16/4/2024
Sauces and Soups,42,2.91,42,160,1.23,6.96,0.21,1,16/4/2024
Instant Porridge,56,2.67,61,258,2.11,5.54,1.18,0,16/4/2024
Biscuits,48,4.54,48,426,3.39,4.78,1.81,1,16/4/2024
Water,47,5,48,208,1.01,9.41,-0.84,1,15/4/2024
Sauces and Soups,51,5.86,51,14,1.6,2.57,-1.49,1,15/4/2024
Instant Porridge,36,12.58,43,138,4.2,2.33,1.81,1,15/4/2024
Biscuits,45,11.28,48,359,0.77,9.26,1.71,1,15/4/2024
Water,47,17.65,54,406,3.1,2.27,1.94,1,14/4/2024
Sauces and Soups,50,13.08,50,362,2.43,3.16,-1.5,1,14/4/2024
Instant Porridge,53,13.93,53,277,2.99,4.01,-0.19,1,14/4/2024
Biscuits,37,12.51,41,3,3.53,9.51,-1.57,1,14/4/2024
Water,40,16.06,49,236,1.22,2.76,-1.57,1,13/4/2024
Sauces and Soups,40,3.24,44,466,0.88,8.68,-1.5,1,13/4/2024
Instant Porridge,49,18.68,55,480,2.94,3.65,0.46,1,13/4/2024
Biscuits,51,12.47,59,343,1.98,7.57,-1.89,0,13/4/2024
Water,46,6.1,55,254,3.76,5.3,1.83,0,12/4/2024
Sauces and Soups,54,16.21,55,143,2.78,5.88,0.83,1,12/4/2024
Instant Porridge,46,17.96,55,302,1.23,5.84,1.16,0,12/4/2024
Biscuits,64,1.81,71,432,1.9,9.08,-0.92,1,12/4/2024
Water,47,8.32,47,45,0.66,9.89,-1.46,0,11/4/2024
Sauces and Soups,49,3.01,52,63,4.37,3.91,-1.91,0,11/4/2024
Instant Porridge,54,19.11,61,71,2.62,2.31,1.51,0,11/4/2024
Biscuits,54,3.71,61,298,2.08,1.39,-0.22,0,11/4/2024
Water,37,16.67,43,105,1.51,2.29,0.47,0,10/4/2024
Sauces and Soups,40,10.82,47,126,4.3,1.7,-1.37,1,10/4/2024
Instant Porridge,47,11.23,52,421,0.55,8.98,-0.84,0,10/4/2024
Biscuits,53,4.75,54,426,3.2,1.78,1.6,1,10/4/2024
Water,48,1.65,51,332,2.49,8.43,1.9,0,9/4/2024
Sauces and Soups,53,18.44,62,75,0.51,1.52,-1.81,0,9/4/2024
Instant Porridge,55,6.83,62,21,1.35,1.6,0.5,0,9/4/2024
Biscuits,48,5.44,56,76,3.25,8.56,1.22,1,9/4/2024
Water,43,4.94,48,421,4.28,9.82,0.64,1,8/4/2024
Sauces and Soups,40,2.26,45,371,1.65,1.32,-0.68,1,8/4/2024
Instant Porridge,51,1.01,60,248,2.93,4.24,-1.53,0,8/4/2024
Biscuits,48,11.05,52,394,1.69,3.44,0.11,1,8/4/2024
Water,39,18.72,48,196,0.99,3.68,-1.31,1,7/4/2024
Sauces and Soups,60,8.66,63,11,3.91,1.81,-1.58,0,7/4/2024
Instant Porridge,59,10.39,59,463,3.98,4.55,-0.69,1,7/4/2024
Biscuits,44,11.99,52,290,3.94,4.68,-1.74,0,7/4/2024
Water,57,16.11,59,35,3.63,4.81,-1.98,1,6/4/2024
Sauces and Soups,51,3.16,53,310,3.2,8.63,1.51,1,6/4/2024
Instant Porridge,52,13.09,59,424,1.5,2.24,-0.85,0,6/4/2024
Biscuits,61,3.33,66,68,2.33,6.73,-1.51,0,6/4/2024
Water,52,10.87,58,310,3.82,8.18,1.96,0,5/4/2024
Sauces and Soups,53,14.23,59,252,2.9,5.45,1.04,1,5/4/2024
Instant Porridge,50,5.36,50,171,2.24,6.59,1.71,0,5/4/2024
Biscuits,47,19.37,50,40,1.62,4.78,0.37,0,5/4/2024
Water,48,12.62,55,483,0.59,5.11,0.85,1,4/4/2024
Sauces and Soups,62,8.89,63,153,4.6,6.8,-1.59,0,4/4/2024
Instant Porridge,47,9.68,47,303,3.8,8.85,0,0,4/4/2024
Biscuits,45,9.69,51,368,4.53,5.98,-1.99,1,4/4/2024
Water,45,18.85,52,333,4.54,5.19,-1.99,1,3/4/2024
Sauces and Soups,52,9.2,60,102,2.84,4.55,0.82,1,3/4/2024
Instant Porridge,41,9.96,43,494,1.64,1.5,0.46,1,3/4/2024
Biscuits,43,17.72,50,109,1.71,5.43,1.2,1,3/4/2024
Water,40,17.77,46,42,1.29,9.83,1.85,1,2/4/2024
Sauces and Soups,51,2.25,60,400,4.96,4.54,-1.83,0,2/4/2024
Instant Porridge,47,16.16,47,444,0.69,8.57,-0.17,0,2/4/2024
Biscuits,52,3.17,61,185,3.56,2.68,1.14,0,2/4/2024
Water,51,1.68,53,168,4.4,3.91,-0.67,1,1/4/2024
Sauces and Soups,49,16.12,54,494,3.39,2.93,-1.11,1,1/4/2024
Instant Porridge,43,10.16,51,109,2.63,2.89,-0.88,0,1/4/2024
Biscuits,41,12.17,45,311,0.61,2.9,1.92,0,1/4/2024
Water,66,17.85,75,166,2.86,1.45,1.44,1,31/3/2024
Sauces and Soups,48,13.95,50,147,0.64,1.61,1.3,0,31/3/2024
Instant Porridge,46,16.76,49,218,3.84,6.12,0.73,1,31/3/2024
Biscuits,53,7.1,56,411,1.75,4.53,-0.54,1,31/3/2024
Water,57,8.54,58,184,3.51,9.47,0.07,1,30/3/2024
Sauces and Soups,57,19.94,59,390,2.18,2.36,-1.27,1,30/3/2024
Instant Porridge,53,13.22,58,14,1.33,9.4,-1.26,0,30/3/2024
Biscuits,45,12.35,48,425,1.32,8.87,-1.7,1,30/3/2024
Water,60,18.66,63,38,4.19,1.24,1.05,0,29/3/2024
Sauces and Soups,63,17.4,65,121,0.7,3.57,1.01,0,29/3/2024
Instant Porridge,52,2.96,52,31,0.56,8.23,-0.74,0,29/3/2024
Biscuits,44,11.47,48,232,1.83,6.12,0.36,0,29/3/2024
Water,38,11.16,42,150,3.7,3.5,0.11,1,28/3/2024
Sauces and Soups,53,12.87,53,394,0.85,1.93,1.86,0,28/3/2024
Instant Porridge,48,15.5,48,468,4.75,1.32,-1.15,0,28/3/2024
Biscuits,54,3.29,59,1,4.46,7.94,-1.17,1,28/3/2024
Water,31,8.92,38,264,4.13,1.85,1.65,0,27/3/2024
Sauces and Soups,52,17.56,59,476,1.93,1.68,-1.4,1,27/3/2024
Instant Porridge,53,16.67,60,183,2.23,4.58,1.15,0,27/3/2024
Biscuits,44,19.89,45,51,1.92,1.42,0.64,0,27/3/2024
Water,71,3.07,78,308,3.39,1.99,1.55,1,26/3/2024
Sauces and Soups,49,19.38,58,444,2.32,5.95,1.43,0,26/3/2024
Instant Porridge,44,3.83,50,74,2.5,3.7,0.78,0,26/3/2024
Biscuits,43,10.38,50,217,2.33,5.84,-1.35,1,26/3/2024
Water,46,13.86,51,117,2.63,2.7,-1.76,1,25/3/2024
Sauces and Soups,61,13.82,61,394,0.88,3.08,1.32,1,25/3/2024
Instant Porridge,57,11.36,65,153,1.98,1.66,-1.71,1,25/3/2024
Biscuits,50,4.44,54,264,2.97,8.38,0.8,1,25/3/2024
Water,39,12.19,40,291,2.26,9.24,-0.05,0,24/3/2024
Sauces and Soups,53,19.79,59,132,4.71,7.34,1.35,1,24/3/2024
Instant Porridge,45,11.52,46,107,1.93,5.68,-1.15,1,24/3/2024
Biscuits,47,3.82,53,52,4.2,7.46,0.37,0,24/3/2024
Water,52,8.85,59,376,3.16,8.47,1.61,1,23/3/2024
Sauces and Soups,56,13.02,59,349,2.08,4.77,0.19,0,23/3/2024
Instant Porridge,56,9.1,65,277,2.64,9.27,-1.99,1,23/3/2024
Biscuits,53,3.05,55,179,3.44,3.36,-0.73,1,23/3/2024
Water,51,1.85,55,156,4.79,1.95,-1.58,1,22/3/2024
Sauces and Soups,42,1.9,44,490,4.97,5.48,-0.96,1,22/3/2024
Instant Porridge,40,12.99,40,322,4.9,3.53,1.14,1,22/3/2024
Biscuits,45,3.73,51,402,3.65,5.07,-0.12,0,22/3/2024
Water,63,1.82,66,249,3.4,5.94,1.04,0,21/3/2024
Sauces and Soups,54,8.7,63,2,2.44,9.94,-0.36,1,21/3/2024
Instant Porridge,55,14.47,60,92,1.99,8.92,1.61,1,21/3/2024
Biscuits,55,7.62,58,8,2.42,8.44,-1.66,1,21/3/2024
Water,53,19.98,61,147,3.36,8.34,-1.69,1,20/3/2024
Sauces and Soups,39,1.72,45,8,4.35,3.58,-0.36,1,20/3/2024
Instant Porridge,49,7.4,50,436,1.15,8.55,-1.54,0,20/3/2024
Biscuits,47,2.37,47,437,1.09,8.16,0.67,1,20/3/2024
Water,47,2.8,47,254,1.24,1.57,0.68,1,19/3/2024
Sauces and Soups,43,7.86,43,479,1.39,2.96,1.01,0,19/3/2024
Instant Porridge,37,17.65,41,150,1.17,3.85,-1.18,0,19/3/2024
Biscuits,58,13.68,60,31,3.75,7.13,-1.39,0,19/3/2024
Water,40,9.21,41,457,4.16,9.89,0.83,1,18/3/2024
Sauces and Soups,35,12.04,42,359,1.11,4.67,-1.1,1,18/3/2024
Instant Porridge,54,8.99,56,25,2.63,4.24,-0.64,0,18/3/2024
Biscuits,53,7.59,57,431,2.35,5.41,-0.24,0,18/3/2024
Water,43,17.71,48,316,2.06,2.39,1.65,1,17/3/2024
Sauces and Soups,51,10.98,58,185,3.66,1.72,1.8,0,17/3/2024
Instant Porridge,33,16.74,42,202,3.35,6.2,-1.77,0,17/3/2024
Biscuits,57,8.29,61,372,1.21,4.23,1.79,0,17/3/2024
Water,45,16.22,50,267,0.84,4.85,-1.6,0,16/3/2024
Sauces and Soups,56,2.95,56,175,2.15,5.88,-0.83,0,16/3/2024
Instant Porridge,40,18.95,44,46,2.66,7.71,-1.75,1,16/3/2024
Biscuits,37,7.22,38,340,4.86,2.78,-0.72,1,16/3/2024
Water,48,10.38,55,130,2.04,1.91,-0.4,1,15/3/2024
Sauces and Soups,43,7.05,46,45,0.69,6.89,-0.49,0,15/3/2024
Instant Porridge,50,18.75,52,419,0.79,9.91,-1.18,1,15/3/2024
Biscuits,57,9.13,61,81,4.18,7.89,0.6,1,15/3/2024
Water,55,3.33,57,13,4.91,5.13,0.25,1,14/3/2024
Sauces and Soups,38,13.77,45,437,0.61,8.09,-1.89,0,14/3/2024
Instant Porridge,57,1.21,60,243,4.05,9.33,-1.4,0,14/3/2024
Biscuits,57,17.32,63,261,0.95,7.59,-1.36,1,14/3/2024
Water,62,16.35,63,366,4.03,7.67,-0.87,1,13/3/2024
Sauces and Soups,61,16.68,65,138,4.17,4.33,0.14,1,13/3/2024
Instant Porridge,55,12.26,57,50,3.18,5.42,-0.98,0,13/3/2024
Biscuits,37,9.31,37,194,1.19,6.53,-0.74,0,13/3/2024
Water,53,16.81,62,464,2.54,4.43,-1.27,1,12/3/2024
Sauces and Soups,31,3.38,32,208,1.34,1.26,0.54,1,12/3/2024
Instant Porridge,48,4.02,52,496,0.6,3.33,0.85,0,12/3/2024
Biscuits,52,14.18,61,323,4.52,5.75,-1.91,0,12/3/2024
Water,50,6.4,54,73,2.07,5.79,0.18,1,11/3/2024
Sauces and Soups,52,16.48,52,121,0.79,3.89,0.18,0,11/3/2024
Instant Porridge,45,1.71,51,355,3.9,5.31,-1.8,1,11/3/2024
Biscuits,68,6.78,68,356,4.49,7.49,-0.62,1,11/3/2024
Water,45,2.48,50,331,3.55,8.83,-1.31,0,10/3/2024
Sauces and Soups,56,12.16,64,29,4.29,4.21,-1.49,0,10/3/2024
Instant Porridge,47,11.35,54,479,2.14,3.74,0.6,0,10/3/2024
Biscuits,48,4.42,50,379,4.65,4.68,-0.25,0,10/3/2024
Water,50,9.65,56,91,2.76,7.54,-0.88,1,9/3/2024
Sauces and Soups,58,18.54,64,208,0.54,8.82,1.02,0,9/3/2024
Instant Porridge,45,2.87,50,470,4.68,2.28,-0.33,1,9/3/2024
Biscuits,55,19.18,58,82,4.16,4.03,1.77,0,9/3/2024
Water,53,16.05,55,247,3.56,2.94,0.16,0,8/3/2024
Sauces and Soups,57,2.52,62,275,1.42,1.52,-0.15,1,8/3/2024
Instant Porridge,44,3.45,52,313,2.77,9.72,-1.37,0,8/3/2024
Biscuits,53,16.22,54,193,3.52,3.59,-0.79,0,8/3/2024
Water,49,11.35,54,315,1.65,9.76,-1.45,1,7/3/2024
Sauces and Soups,56,3.02,57,241,2.58,3.63,1.65,1,7/3/2024
Instant Porridge,53,2.66,58,307,1.88,4.26,-0.48,0,7/3/2024
Biscuits,38,5.78,43,311,2.27,5.51,1.32,0,7/3/2024
Water,48,6.52,57,92,2.57,9.36,-1.14,0,6/3/2024
Sauces and Soups,43,19.8,47,187,3.83,1.01,0.56,1,6/3/2024
Instant Porridge,38,5.92,38,172,1.15,3.75,-0.82,0,6/3/2024
Biscuits,51,16.23,51,357,2.37,2.13,0.81,0,6/3/2024
Water,46,8.21,48,189,3.09,2.96,1.84,0,5/3/2024
Sauces and Soups,49,16.43,58,187,3.98,4.58,1.92,1,5/3/2024
Instant Porridge,51,1.05,55,133,0.66,9.7,0.81,1,5/3/2024
Biscuits,41,5.49,45,137,4.67,9.89,0.07,0,5/3/2024
Water,45,10.06,52,376,2.83,8.83,1.22,0,4/3/2024
Sauces and Soups,63,14,65,459,2.73,1.72,-0.41,1,4/3/2024
Instant Porridge,39,7.78,45,339,1.63,5.44,0.56,0,4/3/2024
Biscuits,49,2.44,50,351,2.88,3.84,-1.24,0,4/3/2024
Water,52,17.72,57,434,3.77,3.42,1.64,0,3/3/2024
Sauces and Soups,42,15.14,43,156,4.8,2.15,-0.36,1,3/3/2024
Instant Porridge,47,1.94,49,115,1.54,3.57,0.34,1,3/3/2024
Biscuits,36,2.82,40,68,0.67,8.82,1.02,1,3/3/2024
Water,51,5.48,55,142,4.79,5.46,0.19,0,2/3/2024
Sauces and Soups,47,3.17,55,24,3.1,7.97,-0.74,0,2/3/2024
Instant Porridge,47,1.53,55,359,4.09,6.94,1.88,1,2/3/2024
Biscuits,49,18.06,49,239,1.9,6.51,1.33,1,2/3/2024
Water,44,1.86,47,217,3.76,7.12,1.06,1,1/3/2024
Sauces and Soups,53,4.05,60,455,1.1,3.39,-1.55,0,1/3/2024
Instant Porridge,42,8.31,47,410,2.34,1.17,-0.1,1,1/3/2024
Biscuits,42,8.98,42,137,4.3,3.37,1.69,0,1/3/2024
Water,54,17.92,56,381,3.22,3.66,1.15,1,29/2/2024
Sauces and Soups,47,14.72,53,226,2.34,3.87,-0.99,0,29/2/2024
Instant Porridge,65,4.11,69,368,4.77,2.45,-0.3,0,29/2/2024
Biscuits,51,9.6,56,413,4.62,4.63,-0.61,1,29/2/2024
Water,56,16.22,59,11,3.91,7.03,-0.11,1,28/2/2024
Sauces and Soups,46,16.13,51,460,1.04,6.88,-1.29,1,28/2/2024
Instant Porridge,51,5.69,53,352,4.94,5.7,-0.27,0,28/2/2024
Biscuits,44,5.16,50,19,2.26,8.87,1.11,1,28/2/2024
Water,44,14.08,47,155,4.87,8.85,-1.41,0,27/2/2024
Sauces and Soups,53,6.73,60,1,4.87,6.22,-1.7,0,27/2/2024
Instant Porridge,51,11.05,60,48,3.03,9.2,-1.75,0,27/2/2024
Biscuits,47,18.05,48,166,4.53,6.92,-1.38,1,27/2/2024
Water,52,6.36,54,206,2.02,4.59,-1.96,0,26/2/2024
Sauces and Soups,40,10.71,42,75,0.96,4.23,-1,0,26/2/2024
Instant Porridge,42,11.92,50,220,2.23,8.94,-1.7,1,26/2/2024
Biscuits,51,15.78,51,237,4.23,3.82,-0.71,0,26/2/2024
Water,52,15.86,54,443,1.05,5.14,-0.47,1,25/2/2024
Sauces and Soups,61,3.29,62,124,0.99,7.99,-1.59,1,25/2/2024
Instant Porridge,52,11.5,53,324,1.8,6.69,-1.52,0,25/2/2024
Biscuits,36,8.34,37,205,1.47,4.01,-0.71,1,25/2/2024
Water,55,14.19,63,305,0.71,7.88,0.37,1,24/2/2024
Sauces and Soups,49,7.95,54,139,1.19,6.18,1.13,1,24/2/2024
Instant Porridge,52,18.59,57,359,4.07,3.58,-1.29,0,24/2/2024
Biscuits,50,10.44,51,142,3.49,7.23,-1.96,1,24/2/2024
Water,40,18.09,45,64,3.93,8.63,-0.65,0,23/2/2024
Sauces and Soups,49,10.7,49,450,2.06,8.66,-1.2,0,23/2/2024
Instant Porridge,53,6.81,61,403,4.02,8.94,1.39,0,23/2/2024
Biscuits,56,17.8,63,115,1.31,5.81,-1.93,0,23/2/2024
Water,51,15.09,53,471,3.52,2.64,-0.22,1,22/2/2024
Sauces and Soups,35,11.97,39,377,4.38,1.62,-1.29,0,22/2/2024
Instant Porridge,44,5.37,48,391,3.91,3.67,-0.54,1,22/2/2024
Biscuits,49,1.99,57,125,0.51,9.27,0.08,1,22/2/2024
Water,41,8.32,42,315,4.5,6.95,0.43,1,21/2/2024
Sauces and Soups,40,3.55,40,378,1.56,9.72,-0.95,1,21/2/2024
Instant Porridge,52,7.63,60,332,5,4.06,0.33,1,21/2/2024
Biscuits,56,2.03,62,448,2.33,4.99,-1.34,0,21/2/2024
Water,58,17.18,59,12,4.22,8.99,0.87,1,20/2/2024
Sauces and Soups,37,18.85,40,148,2.98,7.93,-1.95,1,20/2/2024
Instant Porridge,44,16.21,44,438,1.35,3.88,0.04,1,20/2/2024
Biscuits,61,11.89,69,275,3.84,3.57,-0.12,0,20/2/2024
Water,38,19.58,44,497,3.48,3.41,1.88,0,19/2/2024
Sauces and Soups,59,3.38,59,203,2.81,3.13,-1.69,1,19/2/2024
Instant Porridge,57,18.09,66,387,0.88,5.24,1.74,1,19/2/2024
Biscuits,45,5.66,46,104,4.41,2.22,-1.45,1,19/2/2024
Water,59,2.75,63,451,1.69,2.56,1.47,1,18/2/2024
Sauces and Soups,43,9.84,45,50,2.96,1.51,1.77,1,18/2/2024
Instant Porridge,51,19.26,53,158,3.89,9.46,1.77,0,18/2/2024
Biscuits,56,12.88,56,468,3.07,2.9,-0.5,1,18/2/2024
Water,42,10.83,49,167,1.93,3.64,-0.24,0,17/2/2024
Sauces and Soups,46,17.82,55,25,3.51,5.47,-1.29,0,17/2/2024
Instant Porridge,47,11.14,47,126,4.29,1.67,1.15,0,17/2/2024
Biscuits,44,3.56,49,482,2.97,4.14,1.15,1,17/2/2024
Water,55,1.97,57,99,2.76,2.17,-0.57,1,16/2/2024
Sauces and Soups,49,3.03,50,341,2.14,6.18,-0.69,1,16/2/2024
Instant Porridge,55,12.27,59,92,3.63,8.17,0.83,0,16/2/2024
Biscuits,49,4.54,54,265,3.45,3.53,-0.43,1,16/2/2024
Water,41,3.61,45,148,2.02,6.13,1.27,1,15/2/2024
Sauces and Soups,40,6.44,49,113,2.13,9.42,0.6,0,15/2/2024
Instant Porridge,41,17.42,43,465,2.3,3.24,-0.7,0,15/2/2024
Biscuits,42,3.68,49,432,1.04,5.01,1.48,1,15/2/2024
Water,44,11.68,45,309,3.83,6.49,-0.88,1,14/2/2024
Sauces and Soups,50,16.49,53,292,4.76,1.74,0.88,1,14/2/2024
Instant Porridge,63,8.98,69,441,4.83,9.44,0.82,1,14/2/2024
Biscuits,51,16.62,59,346,2.79,8.48,-1.12,1,14/2/2024
Water,62,11.05,69,211,2.12,4.03,1.53,0,13/2/2024
Sauces and Soups,54,1.69,56,444,2.77,7.54,0.09,0,13/2/2024
Instant Porridge,48,15.1,52,319,3.23,7.7,-0.41,0,13/2/2024
Biscuits,60,12.09,60,352,3.74,8.25,1.56,1,13/2/2024
Water,42,10.67,42,472,3.19,9.81,1.72,1,12/2/2024
Sauces and Soups,42,14.87,49,404,0.58,2.67,1.55,1,12/2/2024
Instant Porridge,29,3.55,36,325,3.24,5.89,-0.57,0,12/2/2024
Biscuits,44,3.22,46,490,2.09,3.58,0.69,1,12/2/2024
Water,41,2.76,47,381,3.13,6.5,0.82,1,11/2/2024
Sauces and Soups,59,15.34,62,173,3.69,7.27,1.5,0,11/2/2024
Instant Porridge,44,9.7,49,199,1.96,6.81,0.91,1,11/2/2024
Biscuits,44,18.33,50,268,4.41,1.62,-1.46,0,11/2/2024
Water,47,10.31,53,369,2.28,2.61,1.4,1,10/2/2024
Sauces and Soups,64,3.69,71,18,4.28,9.64,-1.21,1,10/2/2024
Instant Porridge,48,18.78,54,150,0.54,7.3,1.02,1,10/2/2024
Biscuits,52,19.61,57,426,4.31,6.71,-1.6,1,10/2/2024
Water,55,5.47,60,40,0.77,7.04,1.54,1,9/2/2024
Sauces and Soups,56,10.37,59,3,4.77,5.48,-0.06,0,9/2/2024
Instant Porridge,43,6.23,52,197,4.35,5.09,0.25,1,9/2/2024
Biscuits,53,12.49,58,426,1.79,6.63,-1.01,1,9/2/2024
Water,54,8.89,56,355,2.82,6.35,-0.94,0,8/2/2024
Sauces and Soups,55,2.1,55,198,1.31,2.5,-0.94,0,8/2/2024
Instant Porridge,53,5.5,59,223,3.04,2.56,1.61,0,8/2/2024
Biscuits,51,6.22,51,353,1.11,7.61,-0.88,1,8/2/2024
Water,50,8.9,54,31,1.29,9.44,-0.05,0,7/2/2024
Sauces and Soups,44,19.27,52,190,1.13,9.64,-1.33,0,7/2/2024
Instant Porridge,47,1.64,48,148,1.42,5.25,-1.84,0,7/2/2024
Biscuits,48,16.49,48,89,4.67,6.93,-1.08,1,7/2/2024
Water,55,5.35,55,253,4.12,4.58,0.32,1,6/2/2024
Sauces and Soups,45,13,47,222,3.27,1.39,0.62,1,6/2/2024
Instant Porridge,52,12.44,55,377,1.07,5.32,0.45,1,6/2/2024
Biscuits,46,11.57,50,378,0.85,4.81,1.99,0,6/2/2024
Water,43,14.6,48,45,2.08,9.65,0.48,0,5/2/2024
Sauces and Soups,45,13.86,47,299,0.7,8.99,-0.98,1,5/2/2024
Instant Porridge,50,9.05,57,250,4.87,7.22,1.44,1,5/2/2024
Biscuits,42,3.76,50,482,4.05,7.4,-1.03,0,5/2/2024
Water,61,10.17,62,28,4.96,4.14,1.11,1,4/2/2024
Sauces and Soups,44,12.74,50,159,0.55,6.83,0.17,1,4/2/2024
Instant Porridge,58,1.96,59,161,3.47,3.89,1.74,1,4/2/2024
Biscuits,49,2.91,54,233,3.24,1.52,-1.54,1,4/2/2024
Water,56,6.94,56,345,1.57,5.07,0.01,0,3/2/2024
Sauces and Soups,56,11.22,63,426,1.85,4.11,-1.8,0,3/2/2024
Instant Porridge,35,7.4,40,440,1.71,4.14,-0.34,1,3/2/2024
Biscuits,64,15.35,73,240,2.2,6.14,-1.88,0,3/2/2024
Water,31,18.15,32,404,0.9,4.62,0.25,0,2/2/2024
Sauces and Soups,48,3.25,57,27,2.99,4.67,1.85,0,2/2/2024
Instant Porridge,48,1.4,56,206,2.37,5.58,1.74,0,2/2/2024
Biscuits,67,19.25,74,153,2.25,5.06,0,0,2/2/2024
Water,49,8.49,51,107,2.77,7.57,-0.54,0,1/2/2024
Sauces and Soups,51,12.45,60,294,4.51,5.35,-0.11,1,1/2/2024
Instant Porridge,58,12.4,61,265,3.2,1.46,1.16,1,1/2/2024
Biscuits,52,14.27,53,497,2.62,5.68,0.96,1,1/2/2024
Water,49,12.06,57,487,1.87,9.57,1.77,1,31/1/2024
Sauces and Soups,48,9.14,56,21,4.42,3.56,1.23,1,31/1/2024
Instant Porridge,50,19.19,56,430,3.6,8.19,0.96,0,31/1/2024
Biscuits,41,13.06,44,15,3.62,4.92,-1.28,1,31/1/2024
Water,54,4.33,63,295,4.9,9.22,1.97,0,30/1/2024
Sauces and Soups,45,18.2,54,342,2.33,6.2,1.25,0,30/1/2024
Instant Porridge,63,3.87,70,415,1.05,5.37,1.97,0,30/1/2024
Biscuits,55,12.7,57,343,2.85,1.43,0.4,0,30/1/2024
Water,38,15.45,46,435,0.64,4.94,0.72,1,29/1/2024
Sauces and Soups,51,12.15,52,290,2.14,6.29,0.28,0,29/1/2024
Instant Porridge,48,9.83,52,261,0.52,3.24,0.08,1,29/1/2024
Biscuits,38,2.77,39,169,0.8,2.76,-0.95,0,29/1/2024
Water,59,4.33,59,140,3.57,4.1,-0.77,1,28/1/2024
Sauces and Soups,55,16.88,61,330,3.58,9.17,-1.96,1,28/1/2024
Instant Porridge,53,9.5,62,10,4.23,2.23,-1.25,1,28/1/2024
Biscuits,53,19.39,58,442,1.79,3.56,0.75,1,28/1/2024
Water,50,2.44,52,462,2.62,5.03,0.98,1,27/1/2024
Sauces and Soups,38,9.86,46,400,4.16,3.67,-1.39,0,27/1/2024
Instant Porridge,47,9.95,49,269,4.12,9.34,-0.37,1,27/1/2024
Biscuits,52,7.46,56,313,3.04,4.11,-1.53,1,27/1/2024
Water,57,14.21,61,81,1.7,1.82,-0.67,0,26/1/2024
Sauces and Soups,53,14.34,56,393,4.91,5.04,0.21,0,26/1/2024
Instant Porridge,50,9.82,57,220,4.72,6.55,1.14,1,26/1/2024
Biscuits,49,19.75,55,13,0.93,8.65,-2,0,26/1/2024
Water,47,1.79,52,85,0.97,4.46,-0.77,0,25/1/2024
Sauces and Soups,55,4.98,62,486,3.78,2.27,1.03,1,25/1/2024
Instant Porridge,60,14.57,61,168,2.32,3.67,1.05,0,25/1/2024
Biscuits,53,14.44,59,197,3.08,8.9,0.09,0,25/1/2024
Water,45,5.53,46,59,0.7,4.61,1.24,0,24/1/2024
Sauces and Soups,50,2.03,57,77,1.87,9.05,-0.91,1,24/1/2024
Instant Porridge,66,9.28,71,467,3.61,2.19,-1.83,1,24/1/2024
Biscuits,46,8.52,49,218,1.61,3.86,1.24,0,24/1/2024
Water,43,8.41,51,80,3.48,5.61,-1.5,1,23/1/2024
Sauces and Soups,44,7.14,52,280,1.49,1.26,1.34,1,23/1/2024
Instant Porridge,42,17.16,44,182,0.75,3.58,-1.5,0,23/1/2024
Biscuits,62,3.71,71,2,0.77,6.07,0.28,1,23/1/2024
Water,55,3.37,60,31,4.57,1.91,0.4,0,22/1/2024
Sauces and Soups,72,15.86,79,222,4.01,5.44,0.22,1,22/1/2024
Instant Porridge,48,3.32,54,317,4.06,1.97,1.57,1,22/1/2024
Biscuits,44,17.54,45,46,0.77,4.59,0.29,1,22/1/2024
Water,52,6.71,60,286,1.12,3.52,1.56,1,21/1/2024
Sauces and Soups,39,12.74,43,232,0.68,2.6,-1,0,21/1/2024
Instant Porridge,47,18.09,52,288,4.09,4.58,-0.35,0,21/1/2024
Biscuits,45,16.93,50,339,1.26,9.09,-1.09,0,21/1/2024
Water,53,1.43,56,97,3.19,9.87,0.12,0,20/1/2024
Sauces and Soups,36,10.56,37,102,4.51,7.54,-1.12,1,20/1/2024
Instant Porridge,54,11.3,63,216,4.27,8.09,0.15,1,20/1/2024
Biscuits,51,13.12,59,316,1.07,4.24,-0.23,1,20/1/2024
Water,56,11.92,63,244,0.77,8.22,-0.62,1,19/1/2024
Sauces and Soups,51,10.46,57,475,0.68,2.41,0.16,0,19/1/2024
Instant Porridge,43,7.07,43,407,4.39,9.25,-0.66,1,19/1/2024
Biscuits,48,9.66,56,28,1.31,6.94,-0.14,0,19/1/2024
Water,33,12.39,39,474,2.62,4.2,-1.29,1,18/1/2024
Sauces and Soups,42,13.14,48,38,4.37,4.58,-0.17,1,18/1/2024
Instant Porridge,57,1.1,62,27,3.38,9.57,-1.37,1,18/1/2024
Biscuits,49,8.26,57,234,4.98,4.15,0.28,1,18/1/2024
Water,40,7.94,41,249,0.56,3.59,1.91,0,17/1/2024
Sauces and Soups,45,5.59,47,244,2.36,4.58,-0.12,0,17/1/2024
Instant Porridge,62,9.35,68,199,4.52,4.88,-1.06,1,17/1/2024
Biscuits,45,12.66,49,359,1.4,6.86,-1.55,0,17/1/2024
Water,48,18.62,50,0,4.17,8.38,-0.28,0,16/1/2024
Sauces and Soups,52,7.26,55,335,1.55,7.4,-0.63,1,16/1/2024
Instant Porridge,57,2.69,64,112,3.71,5.4,1.55,0,16/1/2024
Biscuits,45,1.77,46,8,2.23,9.18,-0.16,1,16/1/2024
Water,42,17.71,45,134,4.46,1.89,1.03,0,15/1/2024
Sauces and Soups,53,14.4,60,378,2.1,9.79,-0.5,1,15/1/2024
Instant Porridge,50,18.62,54,95,2.18,4.77,-0.43,1,15/1/2024
Biscuits,47,10.47,56,118,4.73,8.22,1,0,15/1/2024
Water,51,2.29,53,88,4.35,9.41,0.24,0,14/1/2024
Sauces and Soups,56,11.35,64,308,1.12,1.19,-0.71,1,14/1/2024
Instant Porridge,45,6.44,45,136,1.22,7.58,-1.17,0,14/1/2024
Biscuits,57,13.36,61,306,1.21,4.88,-1.76,1,14/1/2024
Water,46,3.39,47,55,1.18,5.37,-1.51,1,13/1/2024
Sauces and Soups,48,13.32,55,74,4.06,7.81,1.04,0,13/1/2024
Instant Porridge,55,13.84,61,373,1.28,3.03,1.35,1,13/1/2024
Biscuits,62,19.09,64,497,1.74,6.59,1.84,1,13/1/2024
Water,64,6.28,72,230,3.78,8.06,0.9,1,12/1/2024
Sauces and Soups,49,10.04,51,189,3.89,4.99,0.52,1,12/1/2024
Instant Porridge,53,2.86,53,354,1.67,7.19,1.79,0,12/1/2024
Biscuits,58,14.29,62,224,3.67,1.31,0.93,1,12/1/2024
Water,60,18.94,67,129,3.3,5.53,0.29,1,11/1/2024
Sauces and Soups,51,16.77,57,46,2,6.31,-0.3,0,11/1/2024
Instant Porridge,49,13.9,58,381,2.37,9.02,1.89,1,11/1/2024
Biscuits,49,17.78,50,162,3.15,9.59,-1.89,1,11/1/2024
Water,57,13.3,57,491,1.06,8.3,1.67,0,10/1/2024
Sauces and Soups,49,16.32,49,178,0.97,2.75,-0.54,1,10/1/2024
Instant Porridge,57,2.89,58,413,2.43,4.28,1.64,1,10/1/2024
Biscuits,57,3.88,64,152,1.49,9.27,0.98,1,10/1/2024
Water,48,6.17,53,90,1.75,2.84,-1.19,1,9/1/2024
Sauces and Soups,42,6.95,50,121,4.64,6.63,-1.41,1,9/1/2024
Instant Porridge,53,13.03,59,342,1.23,4.34,-1.26,1,9/1/2024
Biscuits,57,1.88,59,250,3.71,3.25,-0.32,1,9/1/2024
Water,44,7.98,45,477,2.68,7.4,0.5,0,8/1/2024
Sauces and Soups,49,8.15,51,261,3.43,4.91,-0.04,0,8/1/2024
Instant Porridge,43,18.53,45,401,2.33,5.71,-1.35,1,8/1/2024
Biscuits,52,9.72,56,291,3.95,4.33,1.04,1,8/1/2024
Water,50,4.46,52,122,4.27,4.94,0.31,1,7/1/2024
Sauces and Soups,43,1.4,51,147,3.1,8.34,-0.96,0,7/1/2024
Instant Porridge,47,9.57,54,14,4.6,5.18,-1.29,1,7/1/2024
Biscuits,40,19.84,44,245,3.21,1.51,0.74,1,7/1/2024
Water,46,2.33,55,140,1.9,2.26,1.27,0,6/1/2024
Sauces and Soups,45,16.66,50,172,4.76,5.66,-0.24,1,6/1/2024
Instant Porridge,56,14.84,60,273,3.81,6.02,-1.82,1,6/1/2024
Biscuits,43,4.89,44,218,1.94,7.4,0.34,1,6/1/2024
Water,47,9.34,52,176,1.43,3.68,-1.96,1,5/1/2024
Sauces and Soups,52,15.15,53,137,1.95,2.89,0.25,0,5/1/2024
Instant Porridge,44,3.48,47,143,3.83,2.78,-1.52,1,5/1/2024
Biscuits,50,13.66,51,498,2.29,4.48,1.65,1,5/1/2024
Water,65,19.43,66,209,2.81,2.28,1.51,1,4/1/2024
Sauces and Soups,47,1.11,52,279,2.98,3.25,-0.77,0,4/1/2024
Instant Porridge,46,1.95,50,71,2.71,7.64,-1.45,1,4/1/2024
Biscuits,44,2.78,47,108,3.66,9.23,1.63,1,4/1/2024
Water,48,6.67,56,335,2.97,3.58,0.8,0,3/1/2024
Sauces and Soups,45,17.06,49,159,4.42,8.53,0.25,0,3/1/2024
Instant Porridge,61,8.74,68,464,4.23,4.84,0.72,1,3/1/2024
Biscuits,55,15.12,60,186,3.81,1.08,1.72,0,3/1/2024
Water,55,12.89,62,140,3.24,6.26,1.33,0,2/1/2024
Sauces and Soups,63,15.98,66,465,4.51,2.16,0.46,0,2/1/2024
Instant Porridge,52,15.01,59,128,2.91,3.62,-1.51,0,2/1/2024
Biscuits,55,16.65,58,242,3.62,7.86,-0.09,1,2/1/2024
Water,38,4.11,46,124,2.84,4.26,-1.59,1,1/1/2024
Sauces and Soups,46,3.72,51,319,3.48,9.51,-1.29,0,1/1/2024
Instant Porridge,42,19,46,499,2.99,2.56,-1.74,1,1/1/2024
Biscuits,48,12.67,53,490,4.5,5.83,-1.79,0,1/1/2024
Water,45,15.1,49,428,3.9,7.71,0.58,0,31/12/2023
Sauces and Soups,39,12.23,46,226,0.83,3.97,0.7,1,31/12/2023
Instant Porridge,42,5.24,51,210,3.66,6.18,1.44,0,31/12/2023
Biscuits,64,3.18,64,304,2.88,4.98,-0.48,1,31/12/2023
Water,42,6.54,43,120,1.77,6.35,-1.06,0,30/12/2023
Sauces and Soups,30,4.27,37,378,3.29,2.22,-1.58,1,30/12/2023
Instant Porridge,41,4.88,45,499,2.47,4.78,0.78,1,30/12/2023
Biscuits,56,9,59,157,4.3,5.28,-1.73,1,30/12/2023
Water,55,11.88,58,347,0.76,1.52,0.19,1,29/12/2023
Sauces and Soups,53,10.25,54,248,4.48,8.47,-1.32,1,29/12/2023
Instant Porridge,47,8.76,55,219,3.02,9.6,1.89,1,29/12/2023
Biscuits,41,3.75,45,205,1.17,5.65,-1.11,0,29/12/2023
Water,43,8.3,43,437,4.94,9.16,-1.32,1,28/12/2023
Sauces and Soups,61,4.33,63,186,1.9,8.19,-0.03,0,28/12/2023
Instant Porridge,57,10.69,61,317,1.33,5.15,1.92,0,28/12/2023
Biscuits,45,5.05,47,402,2.13,6.07,-0.02,1,28/12/2023
Water,46,11.32,53,487,2.64,2.43,-0.12,0,27/12/2023
Sauces and Soups,58,12.41,67,61,1.37,6.23,0.77,0,27/12/2023
Instant Porridge,45,13.46,54,4,2.13,3.67,0.35,1,27/12/2023
Biscuits,57,17.52,62,277,2.88,9.54,1.12,0,27/12/2023
Water,51,14.51,53,311,0.95,6.33,0.79,1,26/12/2023
Sauces and Soups,57,1.74,66,121,2.07,5.54,-0.6,0,26/12/2023
Instant Porridge,49,19.99,58,344,2.88,8.86,-1.28,1,26/12/2023
Biscuits,53,7.22,61,443,1.97,1.24,-0.28,0,26/12/2023
Water,43,17.94,48,488,0.92,9.3,0.8,0,25/12/2023
Sauces and Soups,64,2.97,70,43,2.68,9.52,-1.14,0,25/12/2023
Instant Porridge,45,16.87,50,179,1.93,8.67,1.33,0,25/12/2023
Biscuits,60,1.5,64,200,4.66,3.4,0.26,1,25/12/2023
Water,48,18.88,49,0,3.45,7.15,-0.72,0,24/12/2023
Sauces and Soups,59,19.62,66,130,3.56,4.21,-0.61,0,24/12/2023
Instant Porridge,53,5.53,61,156,2.38,2.6,-0.75,0,24/12/2023
Biscuits,46,4.81,46,264,3.98,1.46,-1.94,1,24/12/2023
Water,61,18.63,67,216,4.63,4.31,1,0,23/12/2023
Sauces and Soups,49,5.36,53,488,3.05,1.97,-0.6,0,23/12/2023
Instant Porridge,60,13.92,65,309,2.09,1.95,1.23,1,23/12/2023
Biscuits,37,6.16,37,237,1.3,2.99,-1.09,1,23/12/2023
Water,39,8.33,45,357,1.77,9.44,1.66,1,22/12/2023
Sauces and Soups,50,15.04,51,360,3.31,6.36,1.64,0,22/12/2023
Instant Porridge,46,18.84,54,39,1.28,8.6,0.7,1,22/12/2023
Biscuits,33,3.49,42,296,1.43,9.13,-0.56,1,22/12/2023
Water,52,18.1,53,481,1.59,7.89,1.98,1,21/12/2023
Sauces and Soups,50,9.98,54,492,2.85,4,-1.34,1,21/12/2023
Instant Porridge,42,3.82,42,383,0.62,6.04,-0.88,1,21/12/2023
Biscuits,49,17.33,56,284,2.72,3.42,1.32,1,21/12/2023
Water,48,12.24,50,368,1.15,3.53,0.98,1,20/12/2023
Sauces and Soups,53,19.6,55,358,1.55,6.18,-1.54,0,20/12/2023
Instant Porridge,45,13.75,51,203,1.85,9.48,-1.17,1,20/12/2023
Biscuits,55,5.79,63,171,0.95,3.88,-1.96,1,20/12/2023
Water,49,17.58,54,75,2.38,3.98,-1.36,1,19/12/2023
Sauces and Soups,52,9.4,53,1,0.74,8.35,0.56,0,19/12/2023
Instant Porridge,45,12.55,48,447,2.13,2.98,-1.69,1,19/12/2023
Biscuits,49,18.57,53,216,0.56,9.74,1.85,1,19/12/2023
Water,48,19.92,52,398,3.45,3.56,1.27,1,18/12/2023
Sauces and Soups,59,10.85,65,422,1.5,2.25,0.74,1,18/12/2023
Instant Porridge,47,17.78,49,48,2.64,1.99,0.97,0,18/12/2023
Biscuits,49,17.77,58,49,3.01,8.47,-1.71,1,18/12/2023
Water,49,4.12,52,328,4.87,6.81,0.95,1,17/12/2023
Sauces and Soups,39,8.3,44,114,3.92,1.54,0.41,0,17/12/2023
Instant Porridge,52,17.85,57,136,3.46,6.31,0.96,1,17/12/2023
Biscuits,53,10.43,58,463,3.94,7.78,1.22,1,17/12/2023
Water,53,11.14,61,53,2.44,3.48,1.34,1,16/12/2023
Sauces and Soups,62,1.86,64,446,2.65,1.79,-0.84,1,16/12/2023
Instant Porridge,39,10.88,43,458,1.79,3.77,0.64,0,16/12/2023
Biscuits,47,19.5,47,463,3.58,3.69,0.49,0,16/12/2023
Water,63,11.41,68,158,3.02,9.49,0.91,0,15/12/2023
Sauces and Soups,53,7.72,61,466,2.46,1.3,1.01,0,15/12/2023
Instant Porridge,54,2.9,60,169,2.46,9.53,1.79,0,15/12/2023
Biscuits,48,12.94,56,267,2.98,2.18,0.68,0,15/12/2023
Water,42,5.16,46,312,4.58,1.59,-1.88,1,14/12/2023
Sauces and Soups,59,13.38,62,459,4.88,3.83,1.92,0,14/12/2023
Instant Porridge,53,2.05,60,462,0.94,4.22,-0.93,0,14/12/2023
Biscuits,43,9.46,52,29,2.84,3.38,-0.91,1,14/12/2023
Water,52,2.8,61,316,0.84,6.62,1.58,0,13/12/2023
Sauces and Soups,52,3.67,58,163,0.76,6.99,1.76,1,13/12/2023
Instant Porridge,56,15.31,65,212,3.65,8.11,-1.95,1,13/12/2023
Biscuits,45,10.9,49,442,3.88,7.71,-0.84,0,13/12/2023
Water,50,1.53,56,370,2.14,7.51,1.87,1,12/12/2023
Sauces and Soups,59,7.69,67,4,1.44,8.47,1.84,1,12/12/2023
Instant Porridge,53,17.85,55,222,2.49,7.9,1.81,0,12/12/2023
Biscuits,39,17.31,48,336,2.8,7.65,-0.27,0,12/12/2023
Water,43,11.18,43,384,2.34,2,-1.41,1,11/12/2023
Sauces and Soups,50,17.19,59,96,4.54,6.47,0.4,1,11/12/2023
Instant Porridge,57,19.39,58,329,0.78,2.17,-1.15,1,11/12/2023
Biscuits,34,5.98,38,153,4.84,7.5,0.17,0,11/12/2023
Water,51,6.33,60,359,4.72,5.38,0.81,0,10/12/2023
Sauces and Soups,54,8.51,57,187,3.25,7.9,0.67,1,10/12/2023
Instant Porridge,42,3.55,48,230,4.37,7.15,-2,1,10/12/2023
Biscuits,52,8.13,53,460,2.64,1.16,-0.23,1,10/12/2023
Water,43,14.1,45,261,1.83,5.48,1.29,0,9/12/2023
Sauces and Soups,49,9.78,53,60,3.12,9.87,-1.5,0,9/12/2023
Instant Porridge,58,13.73,63,386,2.46,7.38,-0.36,0,9/12/2023
Biscuits,41,9.99,47,444,2.17,4.72,-0.89,1,9/12/2023
Water,60,19.13,67,447,3.72,1.11,1.74,1,8/12/2023
Sauces and Soups,59,14.41,63,47,4.92,9.7,0.3,0,8/12/2023
Instant Porridge,57,5.79,63,292,1.87,1.42,-0.95,0,8/12/2023
Biscuits,49,15.05,57,46,3.26,7.1,1.13,0,8/12/2023
Water,39,1.81,40,267,1.99,3.16,-0.53,0,7/12/2023
Sauces and Soups,53,19.74,54,241,3.04,4.16,-0.02,0,7/12/2023
Instant Porridge,55,16.54,62,219,1.2,3.18,1.44,0,7/12/2023
Biscuits,57,6.78,65,449,4.4,5.72,1.54,0,7/12/2023
Water,56,10.99,58,240,2.78,2.9,0.32,0,6/12/2023
Sauces and Soups,56,5.28,61,400,3.79,3.03,0.17,0,6/12/2023
Instant Porridge,36,9.49,39,55,0.97,5.26,1.87,0,6/12/2023
Biscuits,45,4.05,53,112,4.4,6.22,1.93,1,6/12/2023
Water,49,10.1,49,218,4.45,9.46,-1.9,1,5/12/2023
Sauces and Soups,35,9.43,43,8,0.98,8.99,1.08,1,5/12/2023
Instant Porridge,58,11.43,64,42,4.87,9.87,0.16,0,5/12/2023
Biscuits,50,3.7,55,1,3.05,7.97,-1.88,0,5/12/2023
Water,48,5.79,52,268,2.52,3.96,1.03,1,4/12/2023
Sauces and Soups,49,9.9,58,344,1.63,9.61,-0.69,1,4/12/2023
Instant Porridge,46,7.24,46,151,1.59,9.05,-0.98,1,4/12/2023
Biscuits,58,17.96,64,39,3.16,4.7,0.31,1,4/12/2023
Water,46,8.52,48,291,4.18,5.22,1.82,1,3/12/2023
Sauces and Soups,49,1.83,50,2,2.17,5.09,-0.44,1,3/12/2023
Instant Porridge,50,5.51,53,432,3.87,1.99,-0.03,1,3/12/2023
Biscuits,47,10.74,48,364,1.6,9.86,-1.14,1,3/12/2023
Water,43,15.89,50,66,4.84,3.14,0.86,0,2/12/2023
Sauces and Soups,54,17.39,63,421,2.5,6.3,1.33,0,2/12/2023
Instant Porridge,53,11.7,60,79,2.99,1.21,0.63,1,2/12/2023
Biscuits,41,6.7,42,432,0.62,8.33,-0.87,1,2/12/2023
Water,45,18.97,49,48,4.77,6.99,-1.87,1,1/12/2023
Sauces and Soups,45,12.66,54,220,0.71,3.38,-1.35,1,1/12/2023
Instant Porridge,54,15.43,61,499,4.85,8.69,1.48,1,1/12/2023
Biscuits,60,10.26,67,345,1.23,5.32,0.31,0,1/12/2023
Water,55,2.09,63,140,2.14,6.19,-1.68,1,30/11/2023
Sauces and Soups,60,5.82,67,116,2.04,1.27,0.72,1,30/11/2023
Instant Porridge,43,10.03,44,176,0.58,3.26,1.92,0,30/11/2023
Biscuits,58,18.91,63,402,3.51,2.97,0.09,1,30/11/2023
Water,48,13.49,57,151,1.51,3.97,-0.19,1,29/11/2023
Sauces and Soups,61,1.21,61,303,2.29,1.42,0.22,0,29/11/2023
Instant Porridge,42,8.75,43,141,1.64,2.36,-1.53,0,29/11/2023
Biscuits,35,15.36,41,426,3.16,4.93,0.95,1,29/11/2023
Water,39,12.01,43,318,4.52,3.72,0.34,0,28/11/2023
Sauces and Soups,57,12.74,66,185,0.65,6.88,-0.4,0,28/11/2023
Instant Porridge,45,2.65,50,201,4.65,7.69,-1.98,1,28/11/2023
Biscuits,47,18.51,54,275,1.03,1.41,-1.89,1,28/11/2023
Water,44,6.93,45,332,4.33,2.37,-1.28,0,27/11/2023
Sauces and Soups,59,9.64,66,98,0.95,8.74,1.4,1,27/11/2023
Instant Porridge,43,8.93,50,228,0.75,1.63,-0.77,1,27/11/2023
Biscuits,48,9.47,50,467,3.14,5.53,-0.28,1,27/11/2023
Water,54,18.8,62,207,2.5,9.27,-0.66,0,26/11/2023
Sauces and Soups,47,13.4,48,84,1.43,4.19,-0.87,0,26/11/2023
Instant Porridge,47,6.89,56,450,3.41,3.39,-1.74,0,26/11/2023
Biscuits,28,16.76,30,437,2.78,4.48,-0.6,1,26/11/2023
Water,50,18.07,54,119,2.24,4.12,-0.95,1,25/11/2023
Sauces and Soups,48,2.23,53,136,2.11,6.41,-0.27,0,25/11/2023
Instant Porridge,45,13.32,46,154,2.99,4.32,-1.54,0,25/11/2023
Biscuits,50,16.07,54,157,3.84,2.21,-0.28,1,25/11/2023
Water,46,8.83,53,179,4.76,3.88,1,1,24/11/2023
Sauces and Soups,55,10.94,62,117,4.9,9.31,-1.59,0,24/11/2023
Instant Porridge,57,15.83,59,68,2.29,1.92,1.43,1,24/11/2023
Biscuits,46,16.47,51,92,1.35,9.22,0.34,0,24/11/2023
Water,62,10.51,69,144,3.15,9.89,-0.46,1,23/11/2023
Sauces and Soups,56,10.43,65,380,4.62,5.33,-0.63,0,23/11/2023
Instant Porridge,50,11.15,51,324,1.97,3.1,-0.16,1,23/11/2023
Biscuits,49,1.3,52,259,2.88,7.72,-1.32,0,23/11/2023
Water,54,12.74,60,434,1.57,3.6,-1.62,0,22/11/2023
Sauces and Soups,47,8.53,47,250,1.14,8.31,0.06,1,22/11/2023
Instant Porridge,44,16.73,45,260,1.51,5.6,-0.32,1,22/11/2023
Biscuits,57,18.29,66,177,1.79,5.31,1.47,0,22/11/2023
Water,49,15.64,54,338,1.55,7.85,1.62,0,21/11/2023
Sauces and Soups,42,19.74,46,87,2.83,8.85,1.72,1,21/11/2023
Instant Porridge,61,2.3,63,300,4.08,3.7,-1.79,1,21/11/2023
Biscuits,45,2.04,51,30,2.59,6.29,-0.89,0,21/11/2023
Water,49,2.82,58,15,2.52,6.38,0.04,0,20/11/2023
Sauces and Soups,44,19.86,48,381,2.49,2.28,-0.96,1,20/11/2023
Instant Porridge,52,17.03,55,352,2.19,3.11,-1.8,1,20/11/2023
Biscuits,51,9.42,58,165,4.38,6.78,1.14,1,20/11/2023
Water,49,6.82,55,9,4.48,4.6,1.28,1,19/11/2023
Sauces and Soups,46,15.28,55,453,0.52,5.68,1.44,0,19/11/2023
Instant Porridge,40,5.66,48,58,4.15,8.88,-1.67,1,19/11/2023
Biscuits,42,9.04,46,261,0.59,6.2,0.99,1,19/11/2023
Water,43,1.36,51,312,2.46,2.97,-1.2,0,18/11/2023
Sauces and Soups,42,19.31,50,24,4.3,7.57,0.57,0,18/11/2023
Instant Porridge,44,14.09,53,265,2.16,2.24,-0.98,1,18/11/2023
Biscuits,46,6.93,48,310,2.33,3.64,-0.52,0,18/11/2023
Water,56,7.86,59,390,3.02,3.34,0.77,1,17/11/2023
Sauces and Soups,52,12.51,61,463,3.03,4.22,-0.83,1,17/11/2023
Instant Porridge,51,1.28,52,217,1.22,3.81,-0.96,0,17/11/2023
Biscuits,59,6.33,65,136,1.37,6.26,-0.86,1,17/11/2023
Water,58,12.25,64,370,3.33,2.95,-1.91,0,16/11/2023
Sauces and Soups,44,6.52,45,7,1.95,1.81,1.13,0,16/11/2023
Instant Porridge,48,2.95,57,58,2.89,1.29,-1.72,1,16/11/2023
Biscuits,48,9.67,52,236,2.07,3,1.88,0,16/11/2023
Water,49,13.83,50,306,2.85,1.51,-1.46,1,15/11/2023
Sauces and Soups,51,11.58,51,413,3.66,9.75,-1.09,0,15/11/2023
Instant Porridge,51,2.87,56,164,2.4,1.97,1.39,1,15/11/2023
Biscuits,65,13.4,67,31,2.64,2.86,-0.97,1,15/11/2023
Water,51,12.95,59,312,2.44,8.42,-0.56,0,14/11/2023
Sauces and Soups,47,2.27,52,245,0.56,8.15,-0.27,0,14/11/2023
Instant Porridge,52,18.28,59,389,1.7,3.56,-1.26,1,14/11/2023
Biscuits,48,6.04,57,382,2.9,5.26,-0.27,0,14/11/2023
Water,52,14.47,56,33,3.79,9.18,0.7,1,13/11/2023
Sauces and Soups,50,18.15,57,356,0.79,8.15,1.11,0,13/11/2023
Instant Porridge,51,10.28,57,420,3.35,2.38,0.02,1,13/11/2023
Biscuits,56,19.26,65,414,4.81,8.82,-0.22,0,13/11/2023
Water,45,12.47,50,489,4.28,9.11,1.96,0,12/11/2023
Sauces and Soups,48,1.43,53,0,1.04,8.83,1.78,1,12/11/2023
Instant Porridge,53,9.59,60,199,0.62,9.6,0.1,0,12/11/2023
Biscuits,47,6.22,56,408,2.02,3.51,-0.36,0,12/11/2023
Water,54,5.29,57,69,2.38,4.16,1.63,1,11/11/2023
Sauces and Soups,58,4.08,63,335,4.18,5.76,0.01,0,11/11/2023
Instant Porridge,42,18.18,47,9,4.8,1.01,1.72,1,11/11/2023
Biscuits,49,15.17,55,297,0.92,2.62,-0.35,0,11/11/2023
Water,58,12.87,62,394,3.96,9.36,-1.28,1,10/11/2023
Sauces and Soups,54,8.63,56,146,2.85,9.74,-0.89,0,10/11/2023
Instant Porridge,44,9.14,51,338,3.02,6.79,-0.33,0,10/11/2023
Biscuits,50,10.97,55,271,4.56,5.44,0.13,0,10/11/2023
Water,47,14.54,55,16,1.9,2.28,0.72,1,9/11/2023
Sauces and Soups,41,18.51,42,109,4.57,1.05,-1.34,1,9/11/2023
Instant Porridge,47,9.3,52,444,2.56,4.65,1.66,0,9/11/2023
Biscuits,48,15.47,51,394,3.98,1.53,-1.99,1,9/11/2023
Water,62,8.61,64,45,3.25,8.43,-1.91,0,8/11/2023
Sauces and Soups,51,9.73,51,11,0.98,9.17,-0.94,1,8/11/2023
Instant Porridge,58,12.86,60,398,3.64,9.66,-1.67,1,8/11/2023
Biscuits,44,4.16,52,110,2.98,6.57,1.08,0,8/11/2023
Water,44,19.59,44,249,2.15,1.97,0.23,0,7/11/2023
Sauces and Soups,40,6.72,47,393,2.48,7.69,-1.12,0,7/11/2023
Instant Porridge,60,1.25,61,44,4.18,8.38,-1.44,0,7/11/2023
Biscuits,37,10.67,40,471,0.62,8.36,0.06,1,7/11/2023
Water,39,10.68,43,222,2.1,5.26,1.91,1,6/11/2023
Sauces and Soups,53,17.62,60,154,4.3,3.91,2,1,6/11/2023
Instant Porridge,45,15.07,54,475,2.98,9.63,0.16,1,6/11/2023
Biscuits,46,3.77,52,352,4.19,7.64,0.66,0,6/11/2023
Water,46,17.58,50,364,1.8,2.26,-1.87,0,5/11/2023
Sauces and Soups,49,12.19,58,165,3.36,1.64,-1.25,0,5/11/2023
Instant Porridge,63,3.46,71,400,0.55,3.95,1.06,1,5/11/2023
Biscuits,50,6.73,57,261,4.32,3.73,1.12,0,5/11/2023
Water,41,14.39,49,495,3.04,2.36,1.13,1,4/11/2023
Sauces and Soups,49,14.66,58,383,1.76,1.81,0.61,1,4/11/2023
Instant Porridge,45,1.68,48,139,4.69,9.23,-0.6,0,4/11/2023
Biscuits,42,13.37,51,22,4.75,7.11,-0.19,1,4/11/2023
Water,45,1.46,49,338,3.47,2.01,1.47,0,3/11/2023
Sauces and Soups,45,16.68,49,46,2.89,6.47,-0.75,0,3/11/2023
Instant Porridge,45,6.72,51,193,2.88,8.21,0.38,0,3/11/2023
Biscuits,60,8.21,60,77,4.84,3.38,-1.98,1,3/11/2023
Water,45,20,54,406,1.23,5.71,-0.34,0,2/11/2023
Sauces and Soups,54,12.19,60,400,2.81,4.24,1.26,1,2/11/2023
Instant Porridge,55,14.63,55,423,3.49,3.45,-1.68,0,2/11/2023
Biscuits,59,18.52,59,488,4.08,8.8,1.37,1,2/11/2023
Water,43,1.37,44,153,1.74,1.91,0.12,1,1/11/2023
Sauces and Soups,55,19.24,59,394,4.79,1.01,-0.32,1,1/11/2023
Instant Porridge,45,2.97,45,469,3.68,3.84,1.68,0,1/11/2023
Biscuits,54,11.41,61,230,1.82,6.59,1.24,0,1/11/2023
Water,49,9.56,49,134,1.45,2.54,-1.21,0,31/10/2023
Sauces and Soups,44,14.13,48,100,1.83,5.43,0.92,0,31/10/2023
Instant Porridge,50,14.01,59,190,3.88,5.84,-1.99,1,31/10/2023
Biscuits,61,2.17,70,424,3.25,3.28,0.34,0,31/10/2023
Water,57,8.15,59,335,2.26,7.78,-1.03,1,30/10/2023
Sauces and Soups,50,19.7,52,78,3.28,6.93,-0.25,1,30/10/2023
Instant Porridge,56,3.08,60,329,0.97,6.08,-0.02,1,30/10/2023
Biscuits,53,13.64,58,35,3.28,7.08,0.85,1,30/10/2023
Water,51,5.4,59,81,3.05,8.95,-1.09,0,29/10/2023
Sauces and Soups,48,9.77,50,296,2.65,1.78,-1.02,1,29/10/2023
Instant Porridge,53,1.57,55,454,4.69,9.33,-0.86,1,29/10/2023
Biscuits,44,19.54,47,338,4.36,5.67,-1.99,1,29/10/2023
Water,47,11.81,55,259,2.14,1.69,-0.16,0,28/10/2023
Sauces and Soups,45,3.69,54,302,4.96,9.27,-1.52,1,28/10/2023
Instant Porridge,53,6.52,59,238,0.72,9.33,0.2,1,28/10/2023
Biscuits,52,17.8,52,458,0.8,9.83,-1.77,1,28/10/2023
Water,53,4.07,59,401,4.96,5.33,-0.5,0,27/10/2023
Sauces and Soups,48,6.26,50,206,4.52,5.9,-0.8,0,27/10/2023
Instant Porridge,46,1.55,53,414,1.86,5.45,-0.69,0,27/10/2023
Biscuits,40,15.44,41,388,2.45,3.83,1.19,1,27/10/2023
Water,55,18.64,60,408,3.17,4.04,-0.49,1,26/10/2023
Sauces and Soups,42,5.01,49,474,1.45,2.1,-1.41,1,26/10/2023
Instant Porridge,55,10.94,55,345,1.04,7.46,0.98,1,26/10/2023
Biscuits,40,3.49,47,441,2.28,5.37,1.24,0,26/10/2023
Water,49,11.35,58,346,0.93,4.87,0.88,1,25/10/2023
Sauces and Soups,52,2.7,61,73,0.79,6.67,-1.96,1,25/10/2023
Instant Porridge,66,18.91,69,351,3.03,5.12,-1.17,1,25/10/2023
Biscuits,53,11.58,60,424,2.93,6.21,-1.63,0,25/10/2023
Water,47,3.94,56,481,3.74,8.97,-1.71,0,24/10/2023
Sauces and Soups,54,13.42,62,326,2.7,1.53,1.54,1,24/10/2023
Instant Porridge,38,18.44,45,138,0.85,5.2,0.12,0,24/10/2023
Biscuits,46,8.29,49,407,1.43,1.24,0.71,0,24/10/2023
Water,50,19.73,59,87,3.36,5.42,0.79,0,23/10/2023
Sauces and Soups,41,13.21,45,465,4.45,1.01,-1.58,1,23/10/2023
Instant Porridge,43,13.01,43,72,1.55,6.99,1.56,1,23/10/2023
Biscuits,42,17.78,43,94,0.92,6.83,0.8,0,23/10/2023
Water,46,7.45,50,57,4.1,7.05,1.68,1,22/10/2023
Sauces and Soups,51,16.81,60,184,3.55,4.28,-0.33,0,22/10/2023
Instant Porridge,48,4.3,51,10,4.62,3.73,1.76,1,22/10/2023
Biscuits,51,10.13,58,45,4.69,2.21,1.42,1,22/10/2023
Water,56,10.27,61,347,4.37,8.47,1.11,1,21/10/2023
Sauces and Soups,44,11.45,52,322,3.91,6.41,-1.3,1,21/10/2023
Instant Porridge,59,13.85,64,148,3.57,4.13,0.72,0,21/10/2023
Biscuits,51,2.31,60,385,4.11,1.37,-1.65,0,21/10/2023
Water,56,17.81,59,400,3.46,6.48,-0.35,1,20/10/2023
Sauces and Soups,50,6.91,55,76,2.39,4.92,0.27,0,20/10/2023
Instant Porridge,50,3.25,51,498,1.24,5.52,0.35,1,20/10/2023
Biscuits,47,11.93,50,193,4.29,4.25,1,0,20/10/2023
Water,53,13.39,55,254,3.63,5.31,-1.29,0,19/10/2023
Sauces and Soups,49,3.68,54,194,3.5,8.73,-1.2,0,19/10/2023
Instant Porridge,46,8.44,53,144,3.96,3.67,-1.64,1,19/10/2023
Biscuits,61,12.73,67,100,4.06,6.79,-0.39,0,19/10/2023
Water,47,3.19,53,418,3.16,5.17,0.38,0,18/10/2023
Sauces and Soups,56,11.64,61,90,2.95,2.39,-0.92,0,18/10/2023
Instant Porridge,47,8.2,48,147,4.66,9.17,-1.37,1,18/10/2023
Biscuits,52,8.67,58,59,4.21,4.52,-1.92,1,18/10/2023
Water,48,13.99,56,454,3.89,3.06,-1.93,1,17/10/2023
Sauces and Soups,57,14.25,63,360,1.7,5.55,-0.76,0,17/10/2023
Instant Porridge,49,2.1,55,97,2.27,4.36,1.15,1,17/10/2023
Biscuits,53,15.2,59,305,2.81,4.79,-0.05,1,17/10/2023
Water,46,15.32,50,467,2.82,6.19,-1.43,1,16/10/2023
Sauces and Soups,44,15.78,47,92,4.06,9.62,-1.55,0,16/10/2023
Instant Porridge,49,7.41,49,375,1.31,7.86,-1.13,1,16/10/2023
Biscuits,63,4.76,63,315,2.49,3.09,1.81,1,16/10/2023
Water,50,8.92,59,7,2.5,4.18,-1.78,1,15/10/2023
Sauces and Soups,46,11.66,50,125,2.08,7.8,-1.57,1,15/10/2023
Instant Porridge,40,14.31,45,16,1.19,6.13,-1.32,0,15/10/2023
Biscuits,52,11.99,58,190,4,1.24,-0.43,0,15/10/2023
Water,45,7.22,54,342,4.5,4.36,1.85,1,14/10/2023
Sauces and Soups,32,5.45,37,28,4.07,7.45,1.07,1,14/10/2023
Instant Porridge,58,14.88,64,129,3.05,9.62,-0.93,0,14/10/2023
Biscuits,50,13.62,53,236,0.54,4.55,-1.88,1,14/10/2023
Water,56,1.62,57,231,4.68,8.39,0.2,1,13/10/2023
Sauces and Soups,58,15.05,66,437,4.88,4.14,-0.58,1,13/10/2023
Instant Porridge,48,9.1,56,26,1,4.67,1.96,1,13/10/2023
Biscuits,62,14.4,62,334,1.45,4.59,-0.11,0,13/10/2023
Water,50,9.23,51,231,2.99,3.13,1.01,1,12/10/2023
Sauces and Soups,53,14.18,57,233,2.35,1.87,0.44,0,12/10/2023
Instant Porridge,47,15.22,50,284,1.97,9.79,-0.9,0,12/10/2023
Biscuits,44,15.49,48,321,2.03,8.95,1.28,0,12/10/2023
Water,57,3.22,64,432,4.73,3.91,0.62,0,11/10/2023
Sauces and Soups,61,12.27,65,111,1.11,4.64,-1.28,0,11/10/2023
Instant Porridge,54,7.98,58,200,3.62,5.92,0.36,1,11/10/2023
Biscuits,44,15.56,46,83,3.46,5.95,-0.46,1,11/10/2023
Water,45,7.62,49,481,1.27,6.4,-0.64,1,10/10/2023
Sauces and Soups,47,13.12,54,238,2.92,6.34,0.43,0,10/10/2023
Instant Porridge,50,18.86,52,100,0.9,4.88,1.56,1,10/10/2023
Biscuits,34,1.13,40,420,1.37,8.73,-1.73,1,10/10/2023
Water,55,6.4,60,451,4.89,3.35,-0.48,1,9/10/2023
Sauces and Soups,50,4.18,51,144,4.22,2.27,-0.68,0,9/10/2023
Instant Porridge,55,18.58,61,485,2.18,8.85,-0.58,0,9/10/2023
Biscuits,46,16.28,46,97,2.32,3.19,-1.23,1,9/10/2023
Water,43,6.32,48,144,3.76,8.15,0.36,0,8/10/2023
Sauces and Soups,27,17.94,28,159,4.64,3.49,-1.94,1,8/10/2023
Instant Porridge,55,11.85,63,464,4.68,5.23,0.82,1,8/10/2023
Biscuits,56,11.21,58,267,4.24,3.81,-0.99,0,8/10/2023
Water,44,10.92,52,490,1.93,9.8,-0.11,0,7/10/2023
Sauces and Soups,53,12.21,57,95,1.03,4.76,-0.19,1,7/10/2023
Instant Porridge,44,3.03,44,230,1.47,1.55,0.8,1,7/10/2023
Biscuits,50,2.65,50,261,4.68,9.94,1.67,0,7/10/2023
Water,48,3.54,48,350,2.17,1.92,-1.28,0,6/10/2023
Sauces and Soups,54,3.71,57,189,1.81,1.32,1.27,0,6/10/2023
Instant Porridge,50,14.97,53,411,4.22,5.33,1.12,0,6/10/2023
Biscuits,45,11.74,46,105,1.01,1.71,-0.93,1,6/10/2023
Water,47,15.45,51,88,1.91,4.96,0.94,0,5/10/2023
Sauces and Soups,53,15.5,58,184,2.81,6.82,-0.44,0,5/10/2023
Instant Porridge,47,11.59,56,28,4.1,5.46,-0.61,0,5/10/2023
Biscuits,52,2.81,60,189,3.35,7.79,1.19,1,5/10/2023
Water,47,2.62,49,370,0.88,10,-1.47,1,4/10/2023
Sauces and Soups,45,3.24,46,98,2.74,7.53,0.55,1,4/10/2023
Instant Porridge,49,4.11,58,73,3.48,7.22,-1.98,1,4/10/2023
Biscuits,47,13.73,55,272,2.42,3.79,-0.87,1,4/10/2023
Water,48,17.09,49,276,0.68,7.14,1.42,1,3/10/2023
Sauces and Soups,46,5.46,51,176,4.68,9.37,-0.28,1,3/10/2023
Instant Porridge,33,9.17,40,231,1.79,7.52,1.58,0,3/10/2023
Biscuits,44,7.74,51,318,4.87,5.41,1.66,1,3/10/2023
Water,64,5.6,71,443,2.95,1.28,1.16,0,2/10/2023
Sauces and Soups,46,17.73,46,139,2.95,4.16,0.19,1,2/10/2023
Instant Porridge,56,15.43,56,48,2.82,7.45,-1.58,0,2/10/2023
Biscuits,52,16.63,61,44,4.88,4.85,0.61,0,2/10/2023
Water,45,6.9,51,216,1.27,9.67,-1.3,0,1/10/2023
Sauces and Soups,54,14.99,62,391,1.06,7.5,-1.84,0,1/10/2023
Instant Porridge,54,2.69,59,236,3.95,8.73,-0.6,1,1/10/2023
Biscuits,50,13.5,51,468,4.3,2.59,0.03,0,1/10/2023
Water,42,13.2,45,20,1.17,2.82,-1.71,0,30/9/2023
Sauces and Soups,47,4.91,53,462,1.47,5.61,1.83,1,30/9/2023
Instant Porridge,48,9.19,52,5,1.07,3.93,-1.85,1,30/9/2023
Biscuits,44,5.34,52,450,4.36,9.57,1.46,0,30/9/2023
Water,53,2.32,60,125,4.45,4.72,-0.35,0,29/9/2023
Sauces and Soups,55,12.12,60,83,1.03,2.03,1.15,0,29/9/2023
Instant Porridge,54,12.18,58,486,4.25,4.58,0.05,1,29/9/2023
Biscuits,46,9.95,54,232,2.26,8.56,-1.83,0,29/9/2023
Water,34,8.36,42,31,4.68,7.65,-0.36,1,28/9/2023
Sauces and Soups,59,19.07,60,232,1.07,4.62,1.22,1,28/9/2023
Instant Porridge,53,8.25,61,213,4,4.59,-0.12,1,28/9/2023
Biscuits,58,8.11,63,149,3.46,5.24,1.79,1,28/9/2023
Water,39,2.64,46,71,2,3.85,0.45,1,27/9/2023
Sauces and Soups,50,14.49,57,375,1.86,6.97,-1.71,1,27/9/2023
Instant Porridge,61,6.33,66,284,2.89,9.33,1.3,0,27/9/2023
Biscuits,50,16.95,58,28,1.51,5.01,-1.58,0,27/9/2023
Water,56,4.4,61,131,1.9,4.33,-1.9,0,26/9/2023
Sauces and Soups,60,2.28,68,25,0.55,2.22,1.68,1,26/9/2023
Instant Porridge,46,19.03,55,404,2.07,3.96,-1.35,1,26/9/2023
Biscuits,44,9.26,50,56,1.8,3.9,-1.11,0,26/9/2023
Water,54,6.24,57,415,0.9,1.18,-1.71,0,25/9/2023
Sauces and Soups,50,6.23,56,59,4.32,1.34,-1.73,1,25/9/2023
Instant Porridge,45,8.3,50,387,2.17,3.17,-0.92,1,25/9/2023
Biscuits,51,5,55,370,1.59,3.87,0.58,1,25/9/2023
Water,52,14.71,54,194,0.82,6.18,-1.95,1,24/9/2023
Sauces and Soups,47,9.77,53,424,4.7,3.24,0.27,0,24/9/2023
Instant Porridge,58,3.86,65,230,3.36,5.65,-1.14,1,24/9/2023
Biscuits,48,19.46,57,217,2.99,8.7,0.11,0,24/9/2023
Water,58,5.56,62,26,1.25,2.82,-1.33,1,23/9/2023
Sauces and Soups,53,14.39,61,342,2.35,5.1,-0.5,0,23/9/2023
Instant Porridge,58,2.23,59,58,0.66,9.76,-0.76,0,23/9/2023
Biscuits,39,1.66,45,293,3.72,3.11,-0.49,1,23/9/2023
Water,41,4.28,50,127,3.43,6.23,1.04,0,22/9/2023
Sauces and Soups,51,18.35,51,124,2.82,7.18,-0.92,0,22/9/2023
Instant Porridge,50,15.97,50,83,3.48,9.42,0.2,0,22/9/2023
Biscuits,48,16.96,50,417,1.09,7.33,0.94,0,22/9/2023
Water,39,12.09,45,363,0.64,4.99,-0.83,0,21/9/2023
Sauces and Soups,51,5.88,57,34,0.89,5.04,1.99,0,21/9/2023
Instant Porridge,56,5.3,59,53,4.21,4.4,0.59,0,21/9/2023
Biscuits,45,11.14,50,364,0.5,2.12,-0.01,0,21/9/2023
Water,55,1.87,55,490,3.97,5.18,-0.41,1,20/9/2023
Sauces and Soups,37,17.53,39,82,4.71,9.4,-1.14,1,20/9/2023
Instant Porridge,47,12.11,48,114,1.5,4.41,1.66,1,20/9/2023
Biscuits,50,15.82,58,494,0.54,5.89,0.73,1,20/9/2023
Water,56,18.99,56,256,0.99,7.98,0.48,0,19/9/2023
Sauces and Soups,54,19.2,55,490,3.61,5.73,-1.24,1,19/9/2023
Instant Porridge,53,15.74,59,218,3.65,7.52,1.85,0,19/9/2023
Biscuits,42,5.49,51,495,0.69,8.13,0.26,0,19/9/2023
Water,54,8.78,55,489,4.9,5.09,-0.54,0,18/9/2023
Sauces and Soups,49,7.37,52,174,0.98,1,-1.47,1,18/9/2023
Instant Porridge,55,12.37,58,91,3.42,8.87,1.18,1,18/9/2023
Biscuits,64,1.75,68,200,4.33,1.69,-0.65,1,18/9/2023
Water,46,15.91,49,497,2.63,2.58,1.27,0,17/9/2023
Sauces and Soups,51,9.2,52,391,4.46,1.59,-1.62,0,17/9/2023
Instant Porridge,46,11.58,54,375,1.1,5.93,-1.46,0,17/9/2023
Biscuits,47,4.66,54,325,0.72,8.65,0.4,0,17/9/2023
Water,60,3.47,61,154,3.33,6.75,0.57,0,16/9/2023
Sauces and Soups,56,18.33,59,91,0.77,4.59,0.36,1,16/9/2023
Instant Porridge,59,6.1,60,323,3.95,5.83,1.29,1,16/9/2023
Biscuits,47,10.05,54,403,2.55,9.52,-1.02,0,16/9/2023
Water,55,18.11,61,198,3.65,2.27,0.56,0,15/9/2023
Sauces and Soups,43,15.81,48,291,4.89,7.25,0.93,1,15/9/2023
Instant Porridge,51,8.9,58,226,1.36,1.85,-0.52,1,15/9/2023
Biscuits,56,17.18,57,124,3.2,3.53,-1.82,0,15/9/2023
Water,50,1.93,53,107,3.64,2.88,-1.37,1,14/9/2023
Sauces and Soups,46,9.33,47,266,2.5,8.5,-0.78,1,14/9/2023
Instant Porridge,50,19.7,55,278,0.61,7.71,-0.17,1,14/9/2023
Biscuits,49,13.61,58,319,4.4,4.7,1.44,1,14/9/2023
Water,50,10.77,50,438,2.84,7.88,-0.68,1,13/9/2023
Sauces and Soups,49,12.42,51,395,1.16,9.63,-0.63,0,13/9/2023
Instant Porridge,52,7.68,52,39,1.62,8.56,-0.65,0,13/9/2023
Biscuits,50,4.59,52,344,3.87,1.68,0.11,0,13/9/2023
Water,41,12.28,43,239,3.68,4.04,-0.3,0,12/9/2023
Sauces and Soups,56,9.35,58,146,3.07,7.44,1.07,0,12/9/2023
Instant Porridge,56,18.88,63,110,0.94,7.84,-0.18,0,12/9/2023
Biscuits,52,19.41,60,440,2.66,2.69,-1.95,0,12/9/2023
Water,45,17.81,52,386,2.47,2.88,0.99,0,11/9/2023
Sauces and Soups,57,5.9,64,381,2.9,6.32,-1.89,1,11/9/2023
Instant Porridge,57,12.08,59,278,2.42,5.03,1.61,0,11/9/2023
Biscuits,61,8.66,68,205,3.51,5.84,1.28,1,11/9/2023
Water,42,12.55,46,453,4.93,9.05,-0.75,1,10/9/2023
Sauces and Soups,40,14.35,44,50,3.84,2.88,-1.82,0,10/9/2023
Instant Porridge,51,3.02,52,86,3.14,8.92,1.06,1,10/9/2023
Biscuits,57,17.8,64,135,1.39,3.84,0.62,0,10/9/2023
Water,45,10.11,51,269,4.48,3.68,0.98,0,9/9/2023
Sauces and Soups,49,1.35,53,129,0.98,7.37,-0.89,0,9/9/2023
Instant Porridge,52,7.68,57,161,3.32,2.23,-1.54,1,9/9/2023
Biscuits,60,16.49,60,272,4.76,2.09,-0.03,0,9/9/2023
Water,49,4.65,56,342,1.32,9.64,-0.07,1,8/9/2023
Sauces and Soups,43,6.16,45,47,4.12,5.36,1.92,1,8/9/2023
Instant Porridge,54,3.27,62,174,4.16,7,1.4,0,8/9/2023
Biscuits,46,5.12,50,181,1.24,7.68,-0.72,0,8/9/2023
Water,39,2.34,43,32,3.92,4.57,-0.1,1,7/9/2023
Sauces and Soups,51,7.02,51,281,2.44,9.03,1.71,0,7/9/2023
Instant Porridge,56,3.08,61,50,4.93,4.74,1.54,1,7/9/2023
Biscuits,57,1.23,58,110,1.45,5.93,-1.93,1,7/9/2023
Water,42,4.22,46,69,3.77,2.58,1.01,1,6/9/2023
Sauces and Soups,56,1.23,56,99,4.76,7.43,-1.17,1,6/9/2023
Instant Porridge,49,14.81,52,145,3.42,2.42,-1.9,1,6/9/2023
Biscuits,59,18.79,67,168,4.34,2.85,-1.2,0,6/9/2023
Water,48,9.86,53,138,2.02,4.12,-1.57,1,5/9/2023
Sauces and Soups,54,15.64,59,326,4.2,3.74,1.57,1,5/9/2023
Instant Porridge,42,18.38,45,80,1.42,8.07,0.83,0,5/9/2023
Biscuits,59,16.14,60,465,0.79,1.43,1.66,0,5/9/2023
Water,53,18.54,62,276,2.16,9.03,0.35,1,4/9/2023
Sauces and Soups,43,1.11,45,169,2.08,7.97,-1.37,0,4/9/2023
Instant Porridge,42,6.68,48,209,1.96,7.54,-0.96,0,4/9/2023
Biscuits,44,5.23,46,77,4.67,4.78,1.2,1,4/9/2023
Water,49,16.87,54,18,3.1,5.91,-0.42,1,3/9/2023
Sauces and Soups,32,18.12,37,398,1.08,5.93,-0.5,0,3/9/2023
Instant Porridge,48,16.22,57,483,1.38,1.35,-0.13,0,3/9/2023
Biscuits,49,15.34,50,66,1.45,4.68,-1.34,0,3/9/2023
Water,58,12.87,61,124,1.54,5.35,1.62,0,2/9/2023
Sauces and Soups,55,16.25,59,83,2.17,9.3,0.62,1,2/9/2023
Instant Porridge,45,6.86,47,271,4.27,9.8,1.92,0,2/9/2023
Biscuits,39,8.71,42,135,1.96,4.1,-1.47,0,2/9/2023
Water,51,19.89,59,231,2.71,5.39,-0.92,1,1/9/2023
Sauces and Soups,48,2.99,57,101,1.32,9.1,0.12,1,1/9/2023
Instant Porridge,49,1.4,49,58,1.52,2.09,-1.95,0,1/9/2023
Biscuits,58,17.27,67,58,2.24,1.13,0.91,1,1/9/2023
Water,56,8.22,63,259,4.59,8.88,1.06,0,31/8/2023
Sauces and Soups,52,10.43,60,494,3.83,3.97,-1.59,1,31/8/2023
Instant Porridge,49,3.26,51,236,0.86,8.06,1.43,1,31/8/2023
Biscuits,48,2.61,55,58,4.5,5.96,-0.06,0,31/8/2023
Water,47,18.77,56,184,4.5,5.9,1.1,1,30/8/2023
Sauces and Soups,59,15.54,65,471,3.06,7.74,-1.21,0,30/8/2023
Instant Porridge,38,12.36,43,455,2.85,3.37,-1.91,1,30/8/2023
Biscuits,61,3.56,65,364,1.78,7.66,-1.16,0,30/8/2023
Water,48,12.32,56,67,4.18,5.11,0.73,0,29/8/2023
Sauces and Soups,48,1.71,49,147,3.39,1.89,-0.77,0,29/8/2023
Instant Porridge,43,6.87,51,276,4.06,1.94,1.23,1,29/8/2023
Biscuits,57,7.95,58,361,4.25,7.01,-0.96,0,29/8/2023
Water,54,6.52,56,70,1.44,5.3,-0.16,0,28/8/2023
Sauces and Soups,54,3.44,62,370,3.36,5.06,1.1,0,28/8/2023
Instant Porridge,49,6.05,55,116,3.76,1.61,-1.01,1,28/8/2023
Biscuits,45,6.66,53,482,3.14,2.18,-0.18,0,28/8/2023
Water,62,11.44,62,24,2.14,6.3,-1.59,1,27/8/2023
Sauces and Soups,53,9.27,61,169,1.84,9.36,0.36,1,27/8/2023
Instant Porridge,46,10.98,47,370,0.96,8.22,0.66,0,27/8/2023
Biscuits,42,16.77,49,232,1.43,2.61,-1.72,0,27/8/2023
Water,54,4.91,60,413,4.31,9.65,1.39,0,26/8/2023
Sauces and Soups,58,15.5,66,250,1.64,6.23,1.15,1,26/8/2023
Instant Porridge,60,17.5,67,244,2.42,3.24,1.28,1,26/8/2023
Biscuits,46,1.36,49,397,3.6,7.28,-0.09,0,26/8/2023
Water,52,17.35,57,338,3.73,2.59,-1.07,0,25/8/2023
Sauces and Soups,46,13.54,49,408,2.43,7.35,-1.43,0,25/8/2023
Instant Porridge,53,14.59,54,355,0.95,7.92,-0.88,0,25/8/2023
Biscuits,63,12.61,65,440,4.33,9.84,-0.03,0,25/8/2023
Water,58,9.25,58,63,2.64,2.3,-1.56,0,24/8/2023
Sauces and Soups,50,8.92,51,346,2.23,5.87,0.71,1,24/8/2023
Instant Porridge,44,6.3,45,94,4.41,2.73,0.74,1,24/8/2023
Biscuits,43,18.75,47,228,2.63,3.11,-1.33,0,24/8/2023
Water,49,11.85,58,218,3.12,7.87,0.88,0,23/8/2023
Sauces and Soups,52,13.05,60,411,3.97,2.15,0.92,0,23/8/2023
Instant Porridge,51,19.63,57,305,3.89,2.76,0.91,1,23/8/2023
Biscuits,58,3.72,66,6,3.26,1.25,1.45,1,23/8/2023
Water,53,16.67,61,95,1.16,3.99,1.02,1,22/8/2023
Sauces and Soups,45,6.18,53,466,4.13,7.01,-1.96,1,22/8/2023
Instant Porridge,48,19.6,51,380,2.38,3.72,-0.51,1,22/8/2023
Biscuits,46,14.03,53,187,1.14,3.98,-0.49,1,22/8/2023
Water,42,8.92,50,67,4.89,3.54,-0.03,1,21/8/2023
Sauces and Soups,53,10.49,54,400,3.77,1.72,-0.56,1,21/8/2023
Instant Porridge,55,5.09,56,470,1.13,8.2,1.88,1,21/8/2023
Biscuits,56,15.63,60,432,4.81,6.21,1.03,1,21/8/2023
Water,54,19.88,54,268,4.4,8.23,1.67,1,20/8/2023
Sauces and Soups,53,15.25,57,251,2.66,3.4,-0.74,0,20/8/2023
Instant Porridge,50,11.09,53,297,4.27,7.17,-1.34,1,20/8/2023
Biscuits,56,1.62,63,412,3.59,1.78,-1.68,1,20/8/2023
Water,47,12.64,55,342,0.72,9.7,0.42,0,19/8/2023
Sauces and Soups,53,17.35,56,305,2.34,6.34,1.02,1,19/8/2023
Instant Porridge,45,2.08,45,376,4.66,9.47,0.06,1,19/8/2023
Biscuits,50,8.06,54,52,1.47,9.61,-1.5,1,19/8/2023
Water,58,10.53,65,161,1.04,4.77,-0.6,1,18/8/2023
Sauces and Soups,54,14.29,58,199,0.92,5.7,-1.82,0,18/8/2023
Instant Porridge,50,4.45,52,71,0.78,3.36,-0.22,0,18/8/2023
Biscuits,53,8.93,53,141,3.44,3.17,-1.83,0,18/8/2023
Water,50,17.7,51,497,3.66,6.94,0.78,1,17/8/2023
Sauces and Soups,46,4.73,46,0,3.63,9.34,-1.96,1,17/8/2023
Instant Porridge,54,10.07,55,238,0.8,8.77,-0.04,0,17/8/2023
Biscuits,40,5.36,44,329,3.43,8.74,0.47,1,17/8/2023
Water,54,6.58,63,176,0.67,5.08,-1.97,1,16/8/2023
Sauces and Soups,45,8.26,51,495,4.11,4.84,1,0,16/8/2023
Instant Porridge,53,17.72,61,223,3.46,4.59,-1.8,0,16/8/2023
Biscuits,54,6.67,59,290,2.83,3.8,0.15,0,16/8/2023
Water,46,1.15,55,191,3.86,1.7,-0.08,1,15/8/2023
Sauces and Soups,48,5.83,57,85,0.76,4.32,0.34,0,15/8/2023
Instant Porridge,58,16.29,66,272,1.03,9.51,-1.74,0,15/8/2023
Biscuits,37,5.95,45,230,1.16,1.06,-1.9,1,15/8/2023
Water,57,11.57,63,405,2.17,4.72,-0.04,1,14/8/2023
Sauces and Soups,45,8.66,48,74,1.59,4.59,0.49,0,14/8/2023
Instant Porridge,49,18.78,54,19,1.16,3.71,-1.36,1,14/8/2023
Biscuits,42,15.63,45,302,2.82,7.64,-1.12,0,14/8/2023
Water,50,7.88,50,224,4.32,5.13,-1.52,0,13/8/2023
Sauces and Soups,54,10.25,60,227,4.46,6.81,-0.71,0,13/8/2023
Instant Porridge,44,3.42,48,358,3.4,4.92,0.29,1,13/8/2023
Biscuits,44,12.15,53,221,2.88,3.89,-0.29,0,13/8/2023
Water,43,6.86,51,102,1.91,2.61,1.46,1,12/8/2023
Sauces and Soups,54,17.34,55,185,4.3,4.01,0.96,0,12/8/2023
Instant Porridge,36,11.79,41,313,4.89,7.34,1.24,1,12/8/2023
Biscuits,58,7.95,61,366,4.6,9.91,-1.46,0,12/8/2023
Water,43,7.07,46,66,4.18,1.07,-0.55,1,11/8/2023
Sauces and Soups,68,16.21,68,94,3.24,1.53,-1.72,1,11/8/2023
Instant Porridge,44,18.47,50,355,2.98,2.01,-1.39,0,11/8/2023
Biscuits,62,1.66,62,359,2.26,7.22,1.44,1,11/8/2023
Water,51,7.5,51,306,1.91,2.19,1.2,1,10/8/2023
Sauces and Soups,49,19.5,57,145,3.61,3.16,0.63,1,10/8/2023
Instant Porridge,47,15.07,53,281,3.63,3.6,1.72,0,10/8/2023
Biscuits,46,6.75,50,309,3.15,1.38,-1.41,1,10/8/2023
Water,55,7.39,63,369,4.62,2.69,1.99,0,9/8/2023
Sauces and Soups,63,9.93,72,471,3,9.46,-1.3,1,9/8/2023
Instant Porridge,53,12.84,59,342,2.42,3.28,0.96,0,9/8/2023
Biscuits,59,13.9,60,52,1.22,3.86,1.84,1,9/8/2023
Water,42,11.96,48,203,1.62,6.12,-0.99,0,8/8/2023
Sauces and Soups,40,9.52,47,313,3.17,6.95,-1.68,0,8/8/2023
Instant Porridge,62,19.46,71,455,4.3,2.38,0.38,1,8/8/2023
Biscuits,44,4,45,318,4.44,1.7,-1.46,0,8/8/2023
Water,45,18.86,54,331,4.05,8.05,0.51,1,7/8/2023
Sauces and Soups,44,19.98,51,72,4.78,6.3,1.61,0,7/8/2023
Instant Porridge,55,17.44,58,468,4.1,2.69,1.18,1,7/8/2023
Biscuits,50,6.71,53,273,3.21,9.25,0.88,0,7/8/2023
Water,61,7.46,61,335,2.01,1.14,-1.92,0,6/8/2023
Sauces and Soups,43,12.87,51,231,3.9,2.08,1.64,0,6/8/2023
Instant Porridge,36,6.23,36,124,2.83,9.09,-0.66,1,6/8/2023
Biscuits,49,19.79,51,160,4.14,3.38,-0.6,1,6/8/2023
Water,41,9.55,47,392,2.43,2.83,0.38,1,5/8/2023
Sauces and Soups,55,8.18,56,471,0.51,3.87,-1.33,1,5/8/2023
Instant Porridge,39,11.45,43,287,2.17,3.47,1.3,1,5/8/2023
Biscuits,48,18.84,48,88,0.74,8.61,1.61,1,5/8/2023
Water,47,18.96,50,432,4.99,9.1,-1.67,1,4/8/2023
Sauces and Soups,44,9.39,44,30,0.82,6.66,-0.73,0,4/8/2023
Instant Porridge,46,11.35,55,403,3.79,4.06,-0.37,0,4/8/2023
Biscuits,53,12.51,61,417,3.46,1.42,-1.07,0,4/8/2023
Water,50,9.64,56,442,2.82,9.83,0.86,1,3/8/2023
Sauces and Soups,33,11.57,38,128,3.19,8.84,1.34,1,3/8/2023
Instant Porridge,50,3.91,53,248,0.75,6.36,-0.63,1,3/8/2023
Biscuits,44,11.54,44,260,0.92,8.64,-1.57,0,3/8/2023
Water,45,18.71,45,375,4.07,9.17,-0.52,1,2/8/2023
Sauces and Soups,62,4.02,66,484,2.85,4.76,-0.56,1,2/8/2023
Instant Porridge,54,5.36,60,271,2.86,7.55,0.75,1,2/8/2023
Biscuits,46,1.14,53,436,4.07,9.76,-1.26,0,2/8/2023
Water,54,17.16,59,313,1.43,2.98,-0.8,1,1/8/2023
Sauces and Soups,49,7.68,49,345,1.36,7.16,1.22,1,1/8/2023
Instant Porridge,52,19.36,61,102,2.73,6.61,-0.4,1,1/8/2023
Biscuits,47,11.67,54,177,3.46,6.2,0.44,1,1/8/2023
Water,63,15.38,70,79,3.22,8.94,1.53,1,31/7/2023
Sauces and Soups,58,15.38,61,109,1.06,4.42,-0.9,0,31/7/2023
Instant Porridge,49,10.5,49,118,2.25,1.92,1.57,0,31/7/2023
Biscuits,61,6.7,63,279,2.46,6.3,0.23,1,31/7/2023
Water,53,15.96,56,37,4.03,1.84,1.68,1,30/7/2023
Sauces and Soups,56,10.61,57,304,2.61,4.35,-1.05,1,30/7/2023
Instant Porridge,48,4.74,54,470,3.36,4.06,0.87,0,30/7/2023
Biscuits,54,2.19,62,379,4.54,9.75,-1.09,0,30/7/2023
Water,43,16.32,45,193,3.84,2.38,0.63,0,29/7/2023
Sauces and Soups,39,17.35,41,32,3.97,1.23,-1.64,0,29/7/2023
Instant Porridge,49,6.52,50,70,3.2,5.23,0.46,0,29/7/2023
Biscuits,48,15.94,56,49,3.79,7.52,-0.21,1,29/7/2023
Water,53,12.25,54,328,3.42,7.88,0.46,1,28/7/2023
Sauces and Soups,49,16.85,49,142,2.82,6.88,-0.81,0,28/7/2023
Instant Porridge,46,9.42,47,374,2.1,5.76,-1.56,1,28/7/2023
Biscuits,52,13.88,58,199,4.89,8.82,-0.58,1,28/7/2023
Water,49,14.3,52,255,3.64,6.63,1.79,1,27/7/2023
Sauces and Soups,51,4.37,57,484,1.2,2.27,-1.07,1,27/7/2023
Instant Porridge,56,2.51,58,198,3.64,5.46,-1.78,1,27/7/2023
Biscuits,57,17.62,62,128,3.68,6.42,-0.87,0,27/7/2023
Water,57,1.08,61,469,0.67,3.26,-1.96,0,26/7/2023
Sauces and Soups,52,13.91,57,355,4.88,6.95,1.01,1,26/7/2023
Instant Porridge,50,7.65,59,13,2.49,6.71,-0.54,0,26/7/2023
Biscuits,57,1.6,60,106,4.91,6.52,-1.7,0,26/7/2023
Water,54,1.77,56,475,3.98,4.74,-1.58,1,25/7/2023
Sauces and Soups,46,2.1,54,360,4.39,8.42,-0.2,0,25/7/2023
Instant Porridge,55,3.36,60,68,0.69,6.33,-0.17,1,25/7/2023
Biscuits,37,4.81,37,134,1.65,2.04,-1.69,0,25/7/2023
Water,52,4,57,325,1.14,5.84,-0.24,0,24/7/2023
Sauces and Soups,62,10.69,66,255,1.2,6.3,-1.71,1,24/7/2023
Instant Porridge,55,19.86,61,184,1.85,7.71,1.93,0,24/7/2023
Biscuits,45,14.48,50,40,4.46,9.91,-0.11,1,24/7/2023
Water,53,16.25,59,109,4.82,8.49,-1.02,1,23/7/2023
Sauces and Soups,56,7.16,64,96,2.24,5.12,-0.12,1,23/7/2023
Instant Porridge,37,15.36,37,402,0.99,7.46,-1.04,0,23/7/2023
Biscuits,52,9.68,54,407,3.16,5.16,1.26,1,23/7/2023
Water,51,16.05,56,98,4.46,4.38,1.74,0,22/7/2023
Sauces and Soups,45,13.32,48,52,0.74,2.16,-0.99,1,22/7/2023
Instant Porridge,53,10.54,54,103,4.49,4.49,-0.43,1,22/7/2023
Biscuits,53,11.75,56,102,2.5,1.86,-0.8,1,22/7/2023
Water,49,13.28,58,498,2.38,2.98,-0.02,1,21/7/2023
Sauces and Soups,42,1.61,51,428,3.13,4.89,0.43,0,21/7/2023
Instant Porridge,43,5.88,45,282,1.85,4.97,1.79,0,21/7/2023
Biscuits,60,4.66,68,86,2.99,2.12,-0.35,1,21/7/2023
Water,60,12.79,67,77,2.51,1.19,-1.98,0,20/7/2023
Sauces and Soups,51,11.87,51,227,1.73,6.58,-0.47,1,20/7/2023
Instant Porridge,59,12.98,59,222,3.5,6.84,1.69,1,20/7/2023
Biscuits,53,16.72,62,31,1.6,3.98,-0.94,0,20/7/2023
Water,39,14.67,45,199,2.69,2.49,-0.4,0,19/7/2023
Sauces and Soups,41,5.01,49,164,3.52,5.35,-0.18,0,19/7/2023
Instant Porridge,47,15.94,53,461,2.57,9.24,-0.31,0,19/7/2023
Biscuits,54,6.01,55,498,1.12,7.44,-1.51,0,19/7/2023
Water,48,12.31,54,51,0.69,9.09,-1.72,1,18/7/2023
Sauces and Soups,45,5.48,48,133,0.94,1.63,0.49,1,18/7/2023
Instant Porridge,54,11.33,59,85,0.88,4.07,-0.78,1,18/7/2023
Biscuits,54,9.03,62,147,2.33,4.92,0.94,1,18/7/2023
Water,57,7.87,60,287,4.67,3,-0.18,1,17/7/2023
Sauces and Soups,44,9.73,47,136,1.2,5.97,-0.47,0,17/7/2023
Instant Porridge,41,18.36,49,428,1.7,5.4,-0.4,0,17/7/2023
Biscuits,56,10.12,57,249,3.24,9.77,1.69,1,17/7/2023
Water,44,15.71,47,419,3.32,8.92,0.2,1,16/7/2023
Sauces and Soups,57,9.24,63,486,2.12,6.31,0.79,1,16/7/2023
Instant Porridge,41,13.28,50,332,0.67,6.63,0.95,0,16/7/2023
Biscuits,49,2.56,55,304,0.66,7.86,-0.75,1,16/7/2023
Water,41,15.12,46,434,2.54,5.6,-1.66,0,15/7/2023
Sauces and Soups,55,18.48,61,171,3.86,2.55,0.88,1,15/7/2023
Instant Porridge,53,14.72,58,432,3.13,2.21,1.39,1,15/7/2023
Biscuits,52,13.66,57,424,3.66,9.25,0.29,1,15/7/2023
Water,39,12.32,41,206,1.71,8.82,-0.98,1,14/7/2023
Sauces and Soups,56,9.99,62,281,3.34,4.86,0.46,0,14/7/2023
Instant Porridge,51,5.58,60,55,1.54,9.25,-1.52,1,14/7/2023
Biscuits,54,4.79,58,49,0.79,3.13,-0.9,0,14/7/2023
Water,61,2.6,70,453,2.85,1.73,-1.07,0,13/7/2023
Sauces and Soups,41,7.65,45,43,1.54,6.04,0.21,0,13/7/2023
Instant Porridge,52,18.77,61,498,2.5,5.75,-1.52,0,13/7/2023
Biscuits,42,7.48,49,18,0.89,7.08,0.86,1,13/7/2023
Water,60,1.96,67,210,4.88,3.26,-0.88,0,12/7/2023
Sauces and Soups,46,1.31,48,111,4.16,5.06,0.53,1,12/7/2023
Instant Porridge,48,11.89,57,158,3.03,3.25,1.82,0,12/7/2023
Biscuits,47,10.58,48,163,4.32,8.02,-0.08,0,12/7/2023
Water,52,5.95,52,35,1.3,9.02,1.27,1,11/7/2023
Sauces and Soups,38,19.53,38,237,3.89,1.57,1.63,1,11/7/2023
Instant Porridge,52,10.79,53,34,1.26,9.38,0.02,0,11/7/2023
Biscuits,47,12.63,47,438,0.78,7.11,-0.55,1,11/7/2023
Water,50,4.68,50,14,0.82,1.12,1.12,1,10/7/2023
Sauces and Soups,49,19.7,57,65,1.37,7.89,-0.17,0,10/7/2023
Instant Porridge,37,18.59,45,221,1.17,2.66,0.02,0,10/7/2023
Biscuits,50,8,54,76,3.34,4.97,1.36,1,10/7/2023
Water,51,1.15,52,183,1.08,1.07,-1.96,1,9/7/2023
Sauces and Soups,48,4.18,50,121,2.75,3.48,-1.93,0,9/7/2023
Instant Porridge,38,6.01,41,341,1.78,2.97,-1.67,1,9/7/2023
Biscuits,45,4.39,54,215,2.78,9.64,-0.22,1,9/7/2023
Water,45,1.38,54,312,1.66,8.72,1.05,0,8/7/2023
Sauces and Soups,36,18.56,44,382,0.5,5.33,0.87,0,8/7/2023
Instant Porridge,52,19.5,55,89,1.67,2.54,0.81,1,8/7/2023
Biscuits,58,19.6,58,443,4.3,1.9,-0.63,0,8/7/2023
Water,53,15.05,53,374,3.56,1.31,1.59,1,7/7/2023
Sauces and Soups,34,3.83,43,67,4,4.41,-1.99,1,7/7/2023
Instant Porridge,56,8.46,62,6,1.18,9.54,0.11,1,7/7/2023
Biscuits,53,19.37,61,160,2.6,3.73,1.18,1,7/7/2023
Water,55,14.56,59,17,2.32,6.58,-0.67,1,6/7/2023
Sauces and Soups,54,17.36,57,281,3.4,8.06,0.73,1,6/7/2023
Instant Porridge,48,10.02,51,105,1.29,3.06,1.71,0,6/7/2023
Biscuits,44,10.75,52,451,1.89,7.47,-0.32,0,6/7/2023
Water,52,11.53,58,321,0.96,7.06,0.39,1,5/7/2023
Sauces and Soups,33,7.93,35,19,3.41,5.8,-0.06,1,5/7/2023
Instant Porridge,55,13.23,61,424,1.48,3.51,-0.55,0,5/7/2023
Biscuits,48,14.56,50,219,3.49,3.52,-0.6,1,5/7/2023
Water,54,18.75,55,103,4.57,3.72,-0.94,1,4/7/2023
Sauces and Soups,59,4.1,67,472,2.22,5.11,0.86,1,4/7/2023
Instant Porridge,43,1.99,44,243,1.92,5.29,-0.9,0,4/7/2023
Biscuits,50,19.13,52,188,4.95,9.28,1.29,0,4/7/2023
Water,49,3.14,52,169,0.86,3.11,-0.26,1,3/7/2023
Sauces and Soups,68,4.34,72,250,3.78,5.35,1.09,0,3/7/2023
Instant Porridge,48,18.94,53,177,4.67,4.68,0.78,0,3/7/2023
Biscuits,43,19.68,44,40,4.65,4.86,-0.34,0,3/7/2023
Water,47,1.53,50,117,3.41,5.09,-0.82,1,2/7/2023
Sauces and Soups,54,17.96,60,177,2.89,1.08,0.46,1,2/7/2023
Instant Porridge,51,5.5,59,6,1.16,1.93,-0.58,1,2/7/2023
Biscuits,50,10.68,59,50,4.55,8.4,0.86,1,2/7/2023
Water,44,1.88,44,304,2.25,1.51,-1.67,0,1/7/2023
Sauces and Soups,64,8.5,70,340,2.46,2.68,-1.93,1,1/7/2023
Instant Porridge,41,14.53,49,165,2.71,2.27,0.28,0,1/7/2023
Biscuits,68,13.93,76,246,3.83,4.65,1.79,0,1/7/2023
Water,53,17.06,61,441,1.53,6.96,-0.81,1,30/6/2023
Sauces and Soups,55,8.43,59,249,4.11,3.37,-0.97,1,30/6/2023
Instant Porridge,53,5.36,62,158,0.72,9.64,1.62,0,30/6/2023
Biscuits,41,3.44,50,456,4.33,7.64,-1.46,1,30/6/2023
Water,56,2.97,64,59,1.15,8.69,-0.08,1,29/6/2023
Sauces and Soups,57,19.07,62,202,0.72,6.43,1.58,1,29/6/2023
Instant Porridge,49,4.82,58,33,2.01,3.3,0.75,1,29/6/2023
Biscuits,62,9.16,64,188,0.85,3.13,-1.56,0,29/6/2023
Water,60,18.57,66,200,4.11,9,-0.73,1,28/6/2023
Sauces and Soups,42,1.37,43,120,0.63,2.71,1.62,0,28/6/2023
Instant Porridge,52,3.88,57,65,4.8,1.7,-0.53,0,28/6/2023
Biscuits,54,2.78,63,499,3.3,3.34,-0.31,0,28/6/2023
Water,51,7.81,53,375,2.31,1.57,-0.53,1,27/6/2023
Sauces and Soups,49,15.87,53,42,1.92,1.88,-1.78,1,27/6/2023
Instant Porridge,46,9.76,52,433,4.19,9.5,-0.97,0,27/6/2023
Biscuits,47,9.75,51,322,3.85,7.57,-1.67,0,27/6/2023
Water,42,19.67,51,404,1.1,6.86,0.48,0,26/6/2023
Sauces and Soups,38,15.1,39,486,4.59,3.53,-0.79,1,26/6/2023
Instant Porridge,42,9.41,50,437,4.22,8.98,-0.13,0,26/6/2023
Biscuits,51,13.21,58,52,3.88,2.29,-0.39,0,26/6/2023
Water,58,10.19,64,155,2.08,7.09,0.65,1,25/6/2023
Sauces and Soups,59,3.37,65,466,4.99,8.88,-1.04,1,25/6/2023
Instant Porridge,63,14.4,70,149,2.78,1.77,1.24,1,25/6/2023
Biscuits,57,16.84,59,288,1.05,5.11,1.31,0,25/6/2023
Water,49,19.85,57,475,3.9,3.47,1.59,1,24/6/2023
Sauces and Soups,60,9.23,66,304,4.6,6.05,0.04,1,24/6/2023
Instant Porridge,44,14.14,53,438,2.42,6.63,0.47,0,24/6/2023
Biscuits,47,3.51,55,34,1.82,1.16,-1.2,0,24/6/2023
Water,41,17.61,46,345,2.24,9.65,-0.49,1,23/6/2023
Sauces and Soups,46,7.52,54,497,1.64,9.38,-1.24,1,23/6/2023
Instant Porridge,46,9.22,55,292,2.03,8.84,-1.09,1,23/6/2023
Biscuits,39,19.81,40,357,2.53,6.46,-0.03,0,23/6/2023
Water,42,1.36,44,83,4.24,5.73,-0.41,1,22/6/2023
Sauces and Soups,41,16.29,50,133,4.97,6.23,-1.3,0,22/6/2023
Instant Porridge,59,12.36,62,494,4.57,2.08,-1.63,1,22/6/2023
Biscuits,45,7.47,53,25,0.75,5.09,0.91,1,22/6/2023
Water,48,14.85,52,88,1.71,8.83,1.86,0,21/6/2023
Sauces and Soups,54,6.02,58,327,4.18,9.09,-0.33,0,21/6/2023
Instant Porridge,47,1.97,55,478,4.05,1.9,1.02,0,21/6/2023
Biscuits,56,4.78,61,328,1.04,3.12,1.34,1,21/6/2023
Water,44,17.04,44,173,1.3,7.37,1.74,0,20/6/2023
Sauces and Soups,60,9.29,67,322,0.59,4.06,0.03,0,20/6/2023
Instant Porridge,64,2.42,72,417,4.92,4.48,-0.98,0,20/6/2023
Biscuits,49,5.43,56,446,3.03,1.57,0.77,1,20/6/2023
Water,44,3.43,45,408,3.44,4.73,1.05,0,19/6/2023
Sauces and Soups,57,15.38,60,298,2.93,3.94,0.65,1,19/6/2023
Instant Porridge,56,17.52,65,431,3.48,5.73,1.25,0,19/6/2023
Biscuits,56,3.43,57,122,3.5,9.81,-1.71,0,19/6/2023
Water,39,13.38,41,400,2.74,6.29,-0.73,0,18/6/2023
Sauces and Soups,38,15.86,46,476,3.6,2.52,-1.7,0,18/6/2023
Instant Porridge,47,11.7,48,413,2.58,3.48,-0.5,1,18/6/2023
Biscuits,63,12.43,64,222,3.23,8.64,1.35,1,18/6/2023
Water,49,12.8,55,424,3.42,7.83,-1.71,1,17/6/2023
Sauces and Soups,44,13.18,45,314,4.09,1.11,-0.6,0,17/6/2023
Instant Porridge,50,3.87,57,211,1.03,8.38,1.52,1,17/6/2023
Biscuits,59,6.19,62,50,2.75,8.85,0.2,1,17/6/2023
Water,48,18.15,49,62,1.89,2.39,0.73,0,16/6/2023
Sauces and Soups,41,19.39,43,316,1.65,6.21,1.47,1,16/6/2023
Instant Porridge,39,2.05,47,73,4.06,2.23,0.31,0,16/6/2023
Biscuits,43,4.66,47,21,4.84,4.63,0.96,0,16/6/2023
Water,49,10.44,51,278,3.77,4.25,-0.6,0,15/6/2023
Sauces and Soups,59,15.09,66,152,3.38,6.82,-0.65,1,15/6/2023
Instant Porridge,50,9.61,55,212,4.24,6.7,1.83,1,15/6/2023
Biscuits,55,4.01,55,170,3.9,9.67,0.64,0,15/6/2023
Water,55,4.08,59,369,4.23,2.6,0.22,1,14/6/2023
Sauces and Soups,61,12.05,63,216,2.57,5.16,-1.68,1,14/6/2023
Instant Porridge,36,11.06,39,64,2.35,5.57,-0.09,0,14/6/2023
Biscuits,62,18.71,62,33,2.68,8.19,1.53,0,14/6/2023
Water,52,4.56,61,257,4.29,5.42,-1.51,1,13/6/2023
Sauces and Soups,52,5.94,60,189,0.83,6.86,1.12,0,13/6/2023
Instant Porridge,46,12.45,50,494,1.12,7.64,0.89,1,13/6/2023
Biscuits,61,10.39,67,303,3.77,6.58,-0.08,1,13/6/2023
Water,69,10.87,75,225,0.77,3.52,-1.24,1,12/6/2023
Sauces and Soups,56,3.7,65,228,3.33,9.2,-1.31,1,12/6/2023
Instant Porridge,66,18.17,73,474,2.04,2.02,1.5,1,12/6/2023
Biscuits,47,1.61,52,48,4.24,1.94,-1.47,1,12/6/2023
Water,38,16.42,46,179,3.41,7.75,1.48,1,11/6/2023
Sauces and Soups,44,2.74,46,377,0.61,7.35,-0.32,0,11/6/2023
Instant Porridge,44,18,44,37,4.75,5.14,1.81,1,11/6/2023
Biscuits,52,18.49,52,401,1.62,9.22,1.83,1,11/6/2023
Water,48,2.99,51,222,2.5,6.69,-1.81,1,10/6/2023
Sauces and Soups,49,7.26,56,399,3.73,9.89,1.32,0,10/6/2023
Instant Porridge,54,9.59,63,85,2.25,7.61,-0.09,1,10/6/2023
Biscuits,56,12.5,61,48,3.9,3.44,-1.97,1,10/6/2023
Water,45,9.54,49,69,2.03,9.2,0.47,1,9/6/2023
Sauces and Soups,62,5.84,63,425,4.18,4.02,0.77,1,9/6/2023
Instant Porridge,43,2.96,43,407,0.91,4.98,0.41,0,9/6/2023
Biscuits,46,1.76,50,129,4.69,1.84,-1.86,1,9/6/2023
Water,42,8.26,50,107,1.76,3.52,1.14,1,8/6/2023
Sauces and Soups,48,1.24,53,7,1.83,2.02,0.35,0,8/6/2023
Instant Porridge,49,2.94,55,187,1.59,8.44,1.68,1,8/6/2023
Biscuits,46,7.92,55,265,2.52,2.46,0.69,0,8/6/2023
Water,52,11.74,54,135,3.91,1.88,-0.05,0,7/6/2023
Sauces and Soups,43,6.95,50,499,2.11,5.44,-0.11,0,7/6/2023
Instant Porridge,38,11.21,39,54,2.85,3.31,0.38,0,7/6/2023
Biscuits,50,9.15,52,277,2.4,4.77,-0.63,1,7/6/2023
Water,38,13.1,45,271,4.94,3.49,-1.26,1,6/6/2023
Sauces and Soups,48,13.4,48,498,3.57,3.63,0.27,1,6/6/2023
Instant Porridge,50,17.63,59,202,1.7,9.94,-0.52,0,6/6/2023
Biscuits,52,7.74,57,4,3.29,4.44,-0.35,0,6/6/2023
Water,57,4.03,60,336,4.84,6.64,-1.45,1,5/6/2023
Sauces and Soups,62,6.51,62,184,1.54,5.71,0.98,1,5/6/2023
Instant Porridge,47,2.43,48,146,2.97,6,-0.12,0,5/6/2023
Biscuits,53,12.91,61,229,1.68,1.48,-1.91,0,5/6/2023
Water,55,15.4,59,149,1.49,3.2,-0.71,0,4/6/2023
Sauces and Soups,44,10.41,46,466,4.69,7.06,1.04,1,4/6/2023
Instant Porridge,63,14.51,65,325,4.18,3.21,1.24,0,4/6/2023
Biscuits,53,14.13,58,79,2.96,4.31,0.42,0,4/6/2023
Water,52,18.21,60,185,4.51,7.74,0.04,0,3/6/2023
Sauces and Soups,46,17.62,55,172,4.81,2.25,0.04,0,3/6/2023
Instant Porridge,59,17.41,61,111,4.18,9.42,-1.83,1,3/6/2023
Biscuits,57,13.17,65,237,2.37,1.47,-0.75,0,3/6/2023
Water,50,10.95,54,18,2.35,2.25,0.94,0,2/6/2023
Sauces and Soups,52,18.61,52,194,2.69,5.66,0.91,0,2/6/2023
Instant Porridge,43,3.89,51,158,4.19,1.23,-0.02,1,2/6/2023
Biscuits,47,2.22,55,466,0.76,3.38,-0.07,0,2/6/2023
Water,49,1.29,58,187,0.69,1.18,-1.98,0,1/6/2023
Sauces and Soups,49,5.38,57,486,1.16,4.47,0.76,1,1/6/2023
Instant Porridge,63,10.51,68,55,4.75,7.23,-0.23,0,1/6/2023
Biscuits,50,18.1,50,34,3.83,4.93,-1.72,0,1/6/2023
Water,52,18.77,60,109,2.74,3.13,0.95,0,31/5/2023
Sauces and Soups,51,12.3,57,417,2.18,6.95,0.59,1,31/5/2023
Instant Porridge,46,12.03,54,118,2.6,5.11,0.39,1,31/5/2023
Biscuits,53,14,53,394,1.5,7.65,1.81,0,31/5/2023
Water,50,8.17,52,287,1.75,7.85,-1.46,0,30/5/2023
Sauces and Soups,52,12.72,57,57,2.73,7.33,-1.04,0,30/5/2023
Instant Porridge,48,10.21,48,495,4.48,8.24,-1.54,1,30/5/2023
Biscuits,43,13.26,46,139,3.74,9.6,0.82,1,30/5/2023
Water,53,4.37,53,489,1.74,4.9,-0.62,0,29/5/2023
Sauces and Soups,50,14.95,59,68,2.1,7.01,-0.44,0,29/5/2023
Instant Porridge,55,19.37,61,15,4.45,8.65,-0.89,0,29/5/2023
Biscuits,52,12.74,56,343,1,9.01,-0.99,1,29/5/2023
Water,56,10.25,57,475,3.34,8.12,0.7,0,28/5/2023
Sauces and Soups,44,14.08,44,411,2.01,6.37,-1.37,0,28/5/2023
Instant Porridge,56,4.39,61,164,2.96,4.43,-0.13,0,28/5/2023
Biscuits,57,17.88,60,23,2.91,2,1.63,1,28/5/2023
Water,51,10.75,58,428,2.47,8.98,0.97,1,27/5/2023
Sauces and Soups,48,10.8,54,21,2.86,3.86,-1.96,0,27/5/2023
Instant Porridge,49,6.55,50,20,1.37,8.56,1.64,1,27/5/2023
Biscuits,43,6.11,50,37,1.5,1.25,-1.29,0,27/5/2023
Water,42,17.74,49,286,4.48,9.54,-1.27,0,26/5/2023
Sauces and Soups,48,12.11,50,212,3.25,3.15,1.86,1,26/5/2023
Instant Porridge,47,2.24,48,453,1.32,3.26,1.05,1,26/5/2023
Biscuits,38,14.64,41,177,4.34,7.98,-0.5,1,26/5/2023
Water,41,9.14,45,398,0.99,6.68,0.38,0,25/5/2023
Sauces and Soups,63,14.62,72,372,4.76,9.13,-0.11,1,25/5/2023
Instant Porridge,47,4.42,53,371,3.53,4.26,1.1,1,25/5/2023
Biscuits,50,6.56,51,162,4.97,1.42,1.97,0,25/5/2023
Water,44,17.41,51,155,4.98,5.36,-0.24,1,24/5/2023
Sauces and Soups,56,3.76,61,45,2.32,8.49,-0.48,0,24/5/2023
Instant Porridge,42,8.74,47,132,2.33,9.13,-1.21,1,24/5/2023
Biscuits,51,1.9,58,444,4.33,6.08,0,0,24/5/2023
Water,47,17.99,51,33,2.19,4.62,-0.98,1,23/5/2023
Sauces and Soups,42,2.75,46,437,1.58,6.04,0.46,0,23/5/2023
Instant Porridge,42,4.07,43,286,3.01,9.18,0.77,1,23/5/2023
Biscuits,52,18.12,58,226,1.34,8.92,0.06,1,23/5/2023
Water,48,19.7,55,412,1.45,2.36,-0.11,0,22/5/2023
Sauces and Soups,44,4.42,46,105,1.46,8.22,1.34,0,22/5/2023
Instant Porridge,51,2.69,54,50,1.57,2.14,-0.81,0,22/5/2023
Biscuits,50,15.94,56,177,4.29,5.32,1.76,1,22/5/2023
Water,45,16.1,49,111,0.68,7.58,1.99,0,21/5/2023
Sauces and Soups,39,11.99,41,165,3.99,1.01,0.18,0,21/5/2023
Instant Porridge,55,16.15,62,135,2.37,1.8,0.83,0,21/5/2023
Biscuits,54,15.19,61,479,2.75,1.38,1.81,1,21/5/2023
Water,51,19.49,51,358,2.05,3.63,-0.09,0,20/5/2023
Sauces and Soups,39,17.37,42,375,4.16,6.57,-0.35,1,20/5/2023
Instant Porridge,46,10.79,53,435,3.05,2.19,-0.57,0,20/5/2023
Biscuits,47,6.84,52,53,1.2,7.54,-0.45,0,20/5/2023
Water,50,15.56,59,279,1.69,8.98,-0.73,1,19/5/2023
Sauces and Soups,54,19.35,57,286,2.18,7.81,0.44,0,19/5/2023
Instant Porridge,61,3.68,68,451,3.94,8.2,0.64,1,19/5/2023
Biscuits,45,2.78,54,218,4.34,9.16,0.36,1,19/5/2023
Water,47,17.61,52,274,3.43,3.72,-1.99,0,18/5/2023
Sauces and Soups,59,9.49,62,382,1.82,2.91,-1.12,1,18/5/2023
Instant Porridge,50,4.32,57,265,3.99,4.24,-0.64,0,18/5/2023
Biscuits,64,6.84,73,158,1.5,1.73,-0.26,0,18/5/2023
Water,36,3.86,38,36,1.95,7.07,1.68,1,17/5/2023
Sauces and Soups,52,11.28,53,266,4.49,4.22,-0.02,1,17/5/2023
Instant Porridge,60,9.37,66,421,3.34,9.89,-0.49,1,17/5/2023
Biscuits,46,5.83,51,46,3.14,4.72,-0.17,1,17/5/2023
Water,38,14.77,43,317,2.43,3.37,-0.05,1,16/5/2023
Sauces and Soups,47,4.01,47,261,4.77,8.3,-0.68,0,16/5/2023
Instant Porridge,57,8.69,61,90,4.96,5.49,0.19,1,16/5/2023
Biscuits,39,17.36,46,108,1.47,3.61,0.55,0,16/5/2023
Water,53,17.22,56,289,2.8,3.96,0.58,0,15/5/2023
Sauces and Soups,48,5.64,55,248,4.2,8.71,-0.87,0,15/5/2023
Instant Porridge,56,5.34,61,477,3.27,5.17,-1.61,1,15/5/2023
Biscuits,50,18.51,58,121,1.14,3.68,-1.18,0,15/5/2023
Water,42,6.52,46,339,4.49,5.62,-0.12,1,14/5/2023
Sauces and Soups,52,13.76,54,332,3.94,1.83,1.48,0,14/5/2023
Instant Porridge,39,13.17,39,461,3.06,1.46,1.7,0,14/5/2023
Biscuits,48,4.78,56,248,4.79,9.11,-1.35,1,14/5/2023
Water,59,10.26,61,185,3.36,2.77,-0.56,0,13/5/2023
Sauces and Soups,45,14.05,48,136,4.95,2.34,-1.95,0,13/5/2023
Instant Porridge,51,4.67,54,399,3.1,3.25,1.34,1,13/5/2023
Biscuits,59,14,59,496,0.81,7.44,-1.72,1,13/5/2023
Water,53,14.14,53,159,3.41,5.39,0.8,1,12/5/2023
Sauces and Soups,56,5.54,57,455,1.57,7.88,-1.91,0,12/5/2023
Instant Porridge,49,14.29,58,304,3.91,4.54,1.5,0,12/5/2023
Biscuits,51,19.98,60,332,1.41,1,0.63,0,12/5/2023
Water,37,16,43,57,3.96,1.71,-1.81,0,11/5/2023
Sauces and Soups,53,17.4,58,331,4.38,9.29,0.29,0,11/5/2023
Instant Porridge,43,9.91,50,498,1.05,7,-0.83,0,11/5/2023
Biscuits,43,5.77,43,123,2.24,5.69,0.14,0,11/5/2023
Water,49,19.54,53,278,3.71,5.47,-1.72,1,10/5/2023
Sauces and Soups,41,10.04,43,119,4.38,9.24,-0.38,0,10/5/2023
Instant Porridge,57,5.64,66,41,4.79,2.93,-0.68,1,10/5/2023
Biscuits,41,4.37,42,498,1.32,3.14,1.2,1,10/5/2023
Water,60,12.54,69,422,1.92,2.64,0.55,1,9/5/2023
Sauces and Soups,55,19.81,56,150,3.39,3.21,1.79,0,9/5/2023
Instant Porridge,54,13.61,57,317,4.84,6.35,-0.21,0,9/5/2023
Biscuits,53,2.26,55,490,1.96,7.98,0.08,0,9/5/2023
Water,50,11.49,53,475,4.33,3.46,1.93,0,8/5/2023
Sauces and Soups,51,11.24,59,90,1.52,9.76,0.72,1,8/5/2023
Instant Porridge,50,12.23,52,333,3.55,3.07,-1.23,0,8/5/2023
Biscuits,54,2.5,62,151,0.83,2.63,1.04,0,8/5/2023
Water,69,4.25,77,434,3.13,5.54,-0.58,1,7/5/2023
Sauces and Soups,45,4.48,48,46,1.65,1.69,1.52,1,7/5/2023
Instant Porridge,57,4.75,63,36,4.13,7.56,-0.34,1,7/5/2023
Biscuits,57,3.61,66,11,1.69,6.88,-0.3,1,7/5/2023
Water,47,7.13,54,499,1.5,2.08,1.44,0,6/5/2023
Sauces and Soups,53,12.2,61,313,1.68,5.17,0.32,0,6/5/2023
Instant Porridge,52,17.98,52,429,2.37,6.05,-0.35,1,6/5/2023
Biscuits,50,5.9,57,8,3.25,5.2,-0.49,0,6/5/2023
Water,54,14.34,59,380,3.57,5.01,-0.38,0,5/5/2023
Sauces and Soups,42,14.44,47,189,2.46,4.71,-0.97,1,5/5/2023
Instant Porridge,40,16.49,41,76,4.5,1.33,-0.85,0,5/5/2023
Biscuits,53,13.01,61,52,3.29,4.29,1.33,0,5/5/2023
Water,47,19.77,55,448,0.89,4.37,-0.3,0,4/5/2023
Sauces and Soups,51,16.82,54,92,3.51,5.41,0.41,0,4/5/2023
Instant Porridge,51,10.5,51,220,3.51,7.95,0.61,0,4/5/2023
Biscuits,66,8.67,66,22,3.46,8.19,0.42,1,4/5/2023
Water,45,6.41,52,474,3,3.11,-0.41,1,3/5/2023
Sauces and Soups,61,19.83,70,360,2.84,4.91,1.16,0,3/5/2023
Instant Porridge,50,11.8,54,239,1.3,6.69,-1.96,1,3/5/2023
Biscuits,67,17.87,67,442,3.83,3.63,0.04,0,3/5/2023
Water,46,16.11,52,270,3.26,5.36,0.75,1,2/5/2023
Sauces and Soups,48,16.23,49,473,4.37,9.29,0.67,0,2/5/2023
Instant Porridge,44,17.44,51,360,0.96,5.76,-1.6,0,2/5/2023
Biscuits,62,5.72,69,81,2.16,7.82,1.54,1,2/5/2023
Water,42,2.15,44,72,2.44,3.73,-1.81,0,1/5/2023
Sauces and Soups,43,5.61,47,18,1.22,1.63,-1.87,0,1/5/2023
Instant Porridge,47,13.54,53,115,1.05,3.36,-1.39,1,1/5/2023
Biscuits,46,2.79,46,9,4.19,8.5,1.74,1,1/5/2023
Water,58,1.87,60,148,1.06,6.69,1.69,1,30/4/2023
Sauces and Soups,50,7.47,57,233,3.76,8.83,-0.62,0,30/4/2023
Instant Porridge,53,14.97,58,246,4.54,8.43,-0.65,1,30/4/2023
Biscuits,48,13.32,57,288,4.66,5.78,0.01,0,30/4/2023
Water,48,6.04,53,109,2.2,7.53,0.59,1,29/4/2023
Sauces and Soups,45,4.13,47,330,1.15,2.08,1.16,1,29/4/2023
Instant Porridge,59,16.71,65,67,3.46,5.52,0.28,0,29/4/2023
Biscuits,51,16.14,57,80,2.01,7.16,0.51,0,29/4/2023
Water,61,1.86,70,415,3.95,1.51,1.74,1,28/4/2023
Sauces and Soups,52,11.45,54,387,1.79,7.67,-0.69,1,28/4/2023
Instant Porridge,55,11.35,58,271,0.61,6.26,0,1,28/4/2023
Biscuits,49,9.84,53,430,0.55,7.34,1.96,1,28/4/2023
Water,47,5.27,49,465,2.77,7.87,-1.74,1,27/4/2023
Sauces and Soups,54,18.17,55,493,1.53,2.84,-0.47,0,27/4/2023
Instant Porridge,58,1.42,67,340,2.06,9.36,0.59,0,27/4/2023
Biscuits,45,2.73,45,225,2.18,9.23,-0.76,0,27/4/2023
Water,55,12.82,57,433,2.09,3.18,-0.05,1,26/4/2023
Sauces and Soups,37,13.04,37,97,0.77,7.36,-1.7,1,26/4/2023
Instant Porridge,46,19.08,49,260,1.93,7.56,-0.24,0,26/4/2023
Biscuits,57,1.54,60,331,2.66,6.91,-1.12,0,26/4/2023
Water,41,12.92,50,30,1.94,1.12,-1.01,1,25/4/2023
Sauces and Soups,63,13.17,67,154,0.88,1.59,0.05,1,25/4/2023
Instant Porridge,53,8.26,61,32,2.52,3.61,1.81,0,25/4/2023
Biscuits,45,14.96,51,17,2.97,4.57,-1.21,0,25/4/2023
Water,38,3.2,46,478,4.69,3.65,-0.54,1,24/4/2023
Sauces and Soups,71,11.53,72,307,1.34,6.28,-0.69,0,24/4/2023
Instant Porridge,57,3.45,58,326,2.18,1.32,-0.37,1,24/4/2023
Biscuits,37,13.87,42,70,1.47,8.23,-1.02,1,24/4/2023
Water,53,10.55,54,322,1.08,2.55,-1.04,1,23/4/2023
Sauces and Soups,76,16.36,81,10,2.42,2.62,1.31,1,23/4/2023
Instant Porridge,55,15.62,60,447,0.78,3.88,-1.29,0,23/4/2023
Biscuits,52,2.58,61,126,2.84,4.68,1.7,0,23/4/2023
Water,62,16.69,63,124,3.16,7.87,-0.96,1,22/4/2023
Sauces and Soups,38,19.42,43,93,4.01,3.8,0.22,1,22/4/2023
Instant Porridge,43,11.08,45,252,4.41,8.95,-0.59,1,22/4/2023
Biscuits,69,1.97,69,201,3.35,4.42,-1.79,0,22/4/2023
Water,58,14.93,65,458,1.02,8.89,-0.03,1,21/4/2023
Sauces and Soups,52,9.5,61,499,3.19,6.7,1.52,0,21/4/2023
Instant Porridge,48,13.75,48,184,4.99,2.05,1.09,0,21/4/2023
Biscuits,38,16.82,39,415,2.92,2.3,-0.53,0,21/4/2023
Water,45,16.18,53,44,1.73,1.4,-1.92,0,20/4/2023
Sauces and Soups,37,7.8,38,66,0.79,9.69,-1.28,1,20/4/2023
Instant Porridge,56,8.98,65,135,0.81,1.4,-0.13,1,20/4/2023
Biscuits,43,16.71,50,25,0.64,6.07,-0.7,0,20/4/2023
Water,40,9.03,46,325,1.59,4.05,-1.85,0,19/4/2023
Sauces and Soups,44,5.24,50,454,0.99,5.26,1.31,0,19/4/2023
Instant Porridge,66,13.04,72,496,0.52,8.17,1.77,1,19/4/2023
Biscuits,58,2.49,65,446,2.29,5.74,-1.96,1,19/4/2023
Water,38,7.66,38,411,4.79,3.06,-1.21,1,18/4/2023
Sauces and Soups,42,5.24,48,152,1.63,5.69,-1.52,0,18/4/2023
Instant Porridge,33,15.58,37,455,0.86,7.48,-0.09,0,18/4/2023
Biscuits,52,11.34,60,56,1.33,6.38,1.56,1,18/4/2023
Water,52,19.41,57,147,3.33,4.6,-0.66,1,17/4/2023
Sauces and Soups,52,17.69,58,229,2.21,5.89,0.31,1,17/4/2023
Instant Porridge,42,8.9,44,11,4.83,8.73,1.41,0,17/4/2023
Biscuits,44,19.4,46,392,2.52,9.1,-1.37,1,17/4/2023
Water,47,18.15,47,188,1.93,9.48,-0.76,0,16/4/2023
Sauces and Soups,44,7.11,48,290,3.51,9.8,0.73,1,16/4/2023
Instant Porridge,47,2.55,56,240,1.98,9.55,0.65,1,16/4/2023
Biscuits,32,6.06,41,476,3.18,4.88,-0.14,1,16/4/2023
Water,56,18.88,62,426,2.12,9.27,1.36,1,15/4/2023
Sauces and Soups,49,6.22,52,454,2.41,9.08,-1.78,0,15/4/2023
Instant Porridge,59,6.09,63,489,4.15,1.14,-0.76,1,15/4/2023
Biscuits,50,7.61,51,353,2.08,9.89,-0.83,0,15/4/2023
Water,51,17.17,57,226,1.1,3.98,-1.89,0,14/4/2023
Sauces and Soups,59,1.93,67,136,4.77,6.52,-0.17,1,14/4/2023
Instant Porridge,41,3.39,42,155,2.4,9.91,0.21,1,14/4/2023
Biscuits,43,14.85,52,452,4.31,3.22,-1.66,1,14/4/2023
Water,56,1.56,65,42,1.95,2.14,-1.34,0,13/4/2023
Sauces and Soups,41,5.48,47,77,1.05,2.57,-0.27,0,13/4/2023
Instant Porridge,47,16.61,55,190,4.42,8.97,1.48,1,13/4/2023
Biscuits,48,7.31,57,383,3.19,6.88,-0.29,0,13/4/2023
Water,49,18.07,53,178,3.24,7.01,-0.79,0,12/4/2023
Sauces and Soups,52,8,52,257,3.02,8.97,1.02,1,12/4/2023
Instant Porridge,46,5.15,55,199,1.32,9.86,0.8,0,12/4/2023
Biscuits,51,6.14,51,448,3.71,2.66,-0.87,1,12/4/2023
Water,59,15.01,64,129,4.64,8.74,0.08,0,11/4/2023
Sauces and Soups,57,12.37,60,360,1.26,7.16,0.69,1,11/4/2023
Instant Porridge,43,4.84,45,432,3,5.61,-1.36,1,11/4/2023
Biscuits,38,16.89,40,423,1.94,4.87,1.79,0,11/4/2023
Water,44,16.61,44,238,3.99,7.7,0.6,0,10/4/2023
Sauces and Soups,51,5.75,60,366,0.89,5.02,-0.99,1,10/4/2023
Instant Porridge,53,17.64,54,164,4.75,6.89,1.49,0,10/4/2023
Biscuits,42,15.21,50,152,1.56,9.61,-0.57,1,10/4/2023
Water,72,19.88,75,416,2.81,8.3,0.48,0,9/4/2023
Sauces and Soups,42,8.75,42,486,2.7,5.98,0.43,1,9/4/2023
Instant Porridge,46,14.58,52,459,4.29,5.8,-1.45,1,9/4/2023
Biscuits,56,6.3,60,82,0.96,2.04,1.82,0,9/4/2023
Water,40,16.77,40,169,3,8.61,0.21,0,8/4/2023
Sauces and Soups,40,5.78,49,180,1.28,5.92,0.69,1,8/4/2023
Instant Porridge,53,14.69,62,104,1.68,7.66,1.5,1,8/4/2023
Biscuits,50,11.55,56,73,3.78,4.39,0.19,0,8/4/2023
Water,34,8.96,39,356,4.32,9.77,0.02,1,7/4/2023
Sauces and Soups,48,14.64,55,373,1.88,5.95,-0.77,1,7/4/2023
Instant Porridge,48,5.98,53,84,3.06,5.6,-1.78,1,7/4/2023
Biscuits,50,16.42,51,396,0.65,7.85,1.12,1,7/4/2023
Water,45,5.09,53,142,3.38,1.45,-0.86,0,6/4/2023
Sauces and Soups,52,15.96,57,362,0.94,2.06,1.16,0,6/4/2023
Instant Porridge,56,6.58,61,269,4.48,8.25,1.57,1,6/4/2023
Biscuits,49,14.4,49,203,1.45,1.87,0.56,0,6/4/2023
Water,45,16.05,49,437,2.28,1.57,0.17,1,5/4/2023
Sauces and Soups,43,13.1,43,399,3.77,4.05,-0.27,1,5/4/2023
Instant Porridge,44,4.34,50,124,1.51,7.87,-1.07,0,5/4/2023
Biscuits,41,16.43,46,195,0.63,8.89,-1.16,0,5/4/2023
Water,50,16.44,53,244,3.47,7.65,0.62,0,4/4/2023
Sauces and Soups,42,1.46,46,375,4.49,5.26,0.82,0,4/4/2023
Instant Porridge,57,7.67,61,178,2.19,5.52,-0.41,1,4/4/2023
Biscuits,55,11.15,63,52,2.69,4,-0.31,0,4/4/2023
Water,57,8.4,63,155,1.85,5.52,0.8,0,3/4/2023
Sauces and Soups,43,9,45,288,1.32,5.66,0.39,1,3/4/2023
Instant Porridge,62,18.15,69,232,1.89,4.88,1.01,0,3/4/2023
Biscuits,56,3.28,64,418,0.63,2.02,0.7,0,3/4/2023
Water,49,7.46,56,69,2.39,4.42,1.77,0,2/4/2023
Sauces and Soups,53,14.84,59,51,4.4,5.16,-1.1,1,2/4/2023
Instant Porridge,50,17.46,58,70,3.2,4.24,0.53,1,2/4/2023
Biscuits,45,19.41,50,438,4.15,5.89,0.75,0,2/4/2023
Water,52,18.78,55,308,2.11,6.7,0.26,0,1/4/2023
Sauces and Soups,49,13.62,51,33,2.75,9.4,1.98,0,1/4/2023
Instant Porridge,42,13.08,45,274,4.29,3.1,-0.45,1,1/4/2023
Biscuits,48,5.59,49,252,1.04,2.26,-1.42,0,1/4/2023
Water,64,2.12,68,369,3.11,1.29,0.84,1,31/3/2023
Sauces and Soups,45,9.88,47,358,4.21,7.82,1.55,1,31/3/2023
Instant Porridge,64,11.15,69,70,2.31,8.88,1.55,0,31/3/2023
Biscuits,44,15.62,51,480,1.43,9.81,-1.64,1,31/3/2023
Water,50,5.38,54,452,4.8,5.47,-1.07,0,30/3/2023
Sauces and Soups,53,3.4,53,10,1.13,9.6,0.55,0,30/3/2023
Instant Porridge,55,7.38,59,483,2.3,4.69,0.76,1,30/3/2023
Biscuits,52,8.86,55,246,1.52,3.41,0.76,1,30/3/2023
Water,44,9.91,51,211,1.8,4.54,0.7,0,29/3/2023
Sauces and Soups,51,9.16,57,64,3.19,3.59,-0.84,1,29/3/2023
Instant Porridge,59,9.41,67,361,1.05,8.01,1.82,1,29/3/2023
Biscuits,48,15.15,52,131,3.94,5.25,0.95,1,29/3/2023
Water,43,5.11,48,423,1.51,8.44,1.64,0,28/3/2023
Sauces and Soups,55,17.75,58,461,3.37,9.78,0.33,1,28/3/2023
Instant Porridge,44,3.24,53,481,1.76,9.39,0.56,0,28/3/2023
Biscuits,63,15.77,64,68,3.52,3.06,0.78,1,28/3/2023
Water,56,5.75,65,469,1.1,9.79,-1.18,1,27/3/2023
Sauces and Soups,39,3.1,43,495,2.32,7.89,1.14,1,27/3/2023
Instant Porridge,50,11.9,53,22,2.25,1.28,1.95,1,27/3/2023
Biscuits,48,3.83,53,410,3.8,5.09,-0.39,0,27/3/2023
Water,47,1.58,51,470,2.98,3.69,-0.59,0,26/3/2023
Sauces and Soups,49,2.9,58,329,2.39,1.53,-0.36,1,26/3/2023
Instant Porridge,57,10.34,59,216,3.24,4.1,-1.12,0,26/3/2023
Biscuits,46,12.82,46,459,1.17,4.5,0.79,0,26/3/2023
Water,47,8.5,48,488,4.11,5.24,-0.88,1,25/3/2023
Sauces and Soups,68,12.88,72,433,2.1,2.98,-0.9,1,25/3/2023
Instant Porridge,50,5.17,51,361,1.85,5.86,1.06,1,25/3/2023
Biscuits,38,16.85,41,359,4.05,9.88,0.62,1,25/3/2023
Water,61,4.96,62,312,0.73,5.93,-1.88,0,24/3/2023
Sauces and Soups,43,9.98,43,167,3.87,2.61,1.63,0,24/3/2023
Instant Porridge,36,6.99,41,315,3.05,6.04,-1.54,1,24/3/2023
Biscuits,47,4.58,52,187,2.23,8.45,-1.33,1,24/3/2023
Water,56,4.4,61,199,2.56,8.3,-0.18,1,23/3/2023
Sauces and Soups,61,6.25,65,66,4.76,1.59,1.98,0,23/3/2023
Instant Porridge,44,5.33,50,368,3.12,6.79,-0.42,0,23/3/2023
Biscuits,45,17.06,47,296,3.49,9.78,-0.77,1,23/3/2023
Water,62,15.16,66,283,2.51,9.66,-0.34,0,22/3/2023
Sauces and Soups,36,11.85,42,385,3.27,9.65,1.74,0,22/3/2023
Instant Porridge,64,4.22,68,459,2.08,1.79,0.92,1,22/3/2023
Biscuits,49,12.81,52,83,2.65,8.84,1.55,0,22/3/2023
Water,47,2.14,49,316,1.44,6.78,0.43,0,21/3/2023
Sauces and Soups,55,11.74,59,282,3.32,8.6,1.57,0,21/3/2023
Instant Porridge,53,16.2,60,105,0.72,6.59,-0.94,0,21/3/2023
Biscuits,48,10.55,55,454,0.95,5.83,1.63,1,21/3/2023
Water,50,7,56,121,3.75,8,1.45,1,20/3/2023
Sauces and Soups,38,14.2,40,296,1.07,1.13,-1.67,0,20/3/2023
Instant Porridge,59,14.97,64,32,0.73,6.94,0.01,0,20/3/2023
Biscuits,50,16.87,55,150,2.79,6.96,0.95,1,20/3/2023
Water,49,14.92,56,442,4.98,4.21,-1.6,1,19/3/2023
Sauces and Soups,54,8.83,54,383,3.6,5.63,-1.09,0,19/3/2023
Instant Porridge,36,4.52,42,309,1.1,7.35,1.32,0,19/3/2023
Biscuits,47,16.56,47,371,1.01,4.67,0.63,0,19/3/2023
Water,47,18.28,54,82,4.38,1.15,-0.79,0,18/3/2023
Sauces and Soups,45,11.53,53,177,1.42,6.9,0.99,0,18/3/2023
Instant Porridge,51,11.94,55,12,1.23,4.82,0.54,1,18/3/2023
Biscuits,47,8.17,56,171,2.35,6.44,-0.89,0,18/3/2023
Water,51,7.82,57,349,3.88,8.68,-0.44,1,17/3/2023
Sauces and Soups,55,18.4,63,244,1.59,3.48,1.99,1,17/3/2023
Instant Porridge,59,6.65,64,377,3.1,5.13,-0.86,0,17/3/2023
Biscuits,39,4.49,42,225,0.73,6.5,1.85,1,17/3/2023
Water,46,2.49,52,170,2.31,9.35,1.43,0,16/3/2023
Sauces and Soups,59,2.49,66,123,1.42,4.74,-1.38,1,16/3/2023
Instant Porridge,54,9.64,54,72,1.08,6.18,0.6,0,16/3/2023
Biscuits,56,12,60,92,1.5,2.78,0.71,0,16/3/2023
Water,48,15.88,49,319,0.85,8.59,-1.93,0,15/3/2023
Sauces and Soups,46,13.79,46,143,4.99,4.07,1.77,0,15/3/2023
Instant Porridge,43,17.16,51,232,3.47,9.17,-1.12,0,15/3/2023
Biscuits,59,5.16,60,274,3.63,1.17,-1.57,1,15/3/2023
Water,54,17.3,58,344,2.11,9.51,0.15,0,14/3/2023
Sauces and Soups,59,16.54,65,374,3.36,3.18,0.8,1,14/3/2023
Instant Porridge,62,19.1,62,484,3.4,1.1,-0.53,1,14/3/2023
Biscuits,49,15.22,58,359,2.11,6.77,-0.88,0,14/3/2023
Water,47,13,51,300,3.01,2.68,0.91,1,13/3/2023
Sauces and Soups,50,16.05,52,195,3.42,5.53,1,0,13/3/2023
Instant Porridge,51,3.44,54,96,2.85,5.43,1.72,0,13/3/2023
Biscuits,40,1.26,45,402,3.86,3.31,-1.77,0,13/3/2023
Water,51,3.2,54,351,1.02,8.47,-0.33,1,12/3/2023
Sauces and Soups,51,11.9,55,461,3.97,1.56,-0.99,1,12/3/2023
Instant Porridge,57,15.61,65,185,2.24,4.13,1.79,0,12/3/2023
Biscuits,45,1.84,53,73,3.41,9.41,-1.81,0,12/3/2023
Water,40,4.71,46,8,1.54,9.81,-1.56,1,11/3/2023
Sauces and Soups,39,7,42,353,2.03,5.13,0.46,1,11/3/2023
Instant Porridge,52,5.77,61,358,2.38,6.59,-1.7,1,11/3/2023
Biscuits,45,15.54,45,394,4.85,5.17,-1.64,0,11/3/2023
Water,34,16.71,40,404,4.08,7.77,-0.66,1,10/3/2023
Sauces and Soups,58,19.58,59,351,3.58,6.58,-0.17,0,10/3/2023
Instant Porridge,53,10.36,57,77,2.63,9.34,-1.5,0,10/3/2023
Biscuits,48,9.19,51,465,3.91,4.15,1,1,10/3/2023
Water,39,4,42,52,4.9,9.21,-0.28,1,9/3/2023
Sauces and Soups,68,16,72,117,1.41,3.49,0.64,1,9/3/2023
Instant Porridge,42,11.44,43,258,2.13,5.25,-0.51,1,9/3/2023
Biscuits,48,17.69,49,466,2.47,2.23,-0.94,0,9/3/2023
Water,51,13.59,59,24,4.39,4.72,-1.21,0,8/3/2023
Sauces and Soups,42,7.37,51,72,2.02,4.15,-1.87,1,8/3/2023
Instant Porridge,63,14.95,63,97,1.91,6.15,-0.15,1,8/3/2023
Biscuits,45,1.35,53,486,1.38,4.64,0.94,0,8/3/2023
Water,51,5.56,58,148,1.36,3.01,1.49,1,7/3/2023
Sauces and Soups,51,14.89,58,475,1.98,1.18,-1.92,0,7/3/2023
Instant Porridge,41,14.35,43,444,1.47,9.38,0.11,0,7/3/2023
Biscuits,41,10.61,41,234,4.66,4.3,1.91,0,7/3/2023
Water,33,18.82,36,482,1.6,5,-0.71,1,6/3/2023
Sauces and Soups,34,7.33,42,175,2.03,4.7,-1.23,1,6/3/2023
Instant Porridge,46,13.22,52,367,1.08,4.31,-1.35,1,6/3/2023
Biscuits,47,14.57,49,308,4.89,2,-1.47,0,6/3/2023
Water,50,14.65,54,475,1.77,8.85,0.99,0,5/3/2023
Sauces and Soups,39,16.41,41,160,2.52,9.59,0.63,0,5/3/2023
Instant Porridge,49,2.71,50,200,2.15,5.63,0.43,0,5/3/2023
Biscuits,59,16.95,63,95,1.23,5,2,0,5/3/2023
Water,37,16.77,39,467,4.51,9.07,0.5,0,4/3/2023
Sauces and Soups,68,10.13,71,131,2.74,8.57,1.95,0,4/3/2023
Instant Porridge,37,4.97,40,457,4.16,9.73,-0.19,0,4/3/2023
Biscuits,53,15.81,53,365,1.74,2.17,-0.85,0,4/3/2023
Water,47,11.29,47,318,3.44,9.31,1.34,1,3/3/2023
Sauces and Soups,55,13.15,55,138,2.98,9.58,1.08,1,3/3/2023
Instant Porridge,58,14.19,66,180,1.73,8.72,1.71,1,3/3/2023
Biscuits,48,1.49,55,112,0.68,4.17,1.37,1,3/3/2023
Water,49,15.37,53,430,3.63,4.81,0.02,1,2/3/2023
Sauces and Soups,56,9.24,62,141,2.39,8.78,-0.05,1,2/3/2023
Instant Porridge,42,2.28,47,186,3.87,2.03,-0.2,0,2/3/2023
Biscuits,45,12.18,53,226,0.63,6.27,1.85,1,2/3/2023
Water,64,8.99,69,439,4.89,9.14,1.15,1,1/3/2023
Sauces and Soups,45,1.34,46,12,1.11,8.86,1.62,1,1/3/2023
Instant Porridge,47,5.31,47,472,3.44,4.74,-1.78,1,1/3/2023
Biscuits,46,14.84,46,2,0.65,2.29,-1.46,0,1/3/2023
Water,54,11,57,419,2.94,8.58,1.66,1,28/2/2023
Sauces and Soups,40,19.19,47,253,4.67,3.05,-0.12,0,28/2/2023
Instant Porridge,60,7.83,61,84,4.78,3.26,0.66,0,28/2/2023
Biscuits,58,13.25,66,202,4.92,1.85,-0.71,1,28/2/2023
Water,45,14.28,54,329,1.43,8.37,1.23,1,27/2/2023
Sauces and Soups,50,1.42,55,278,0.77,2.55,-1.87,1,27/2/2023
Instant Porridge,48,17.34,54,276,4.78,7.28,-0.43,1,27/2/2023
Biscuits,43,8.54,52,148,2.3,4.38,0.57,0,27/2/2023
Water,48,2.45,55,304,4.17,7.39,-0.12,1,26/2/2023
Sauces and Soups,48,1.5,51,125,0.65,7.14,-1.3,1,26/2/2023
Instant Porridge,49,15.57,55,345,3.49,8.2,0,0,26/2/2023
Biscuits,36,12.15,40,451,0.73,6.02,-1.93,0,26/2/2023
Water,53,9.39,62,425,4.48,4.19,0.9,1,25/2/2023
Sauces and Soups,51,12.32,58,161,4.58,4.58,1.25,0,25/2/2023
Instant Porridge,46,18.85,49,359,0.91,8.71,-0.89,0,25/2/2023
Biscuits,52,3.48,59,8,3.16,4.86,0.32,0,25/2/2023
Water,58,17.79,66,38,2.48,5.96,0.95,1,24/2/2023
Sauces and Soups,59,12,59,375,2.23,5.77,-0.9,0,24/2/2023
Instant Porridge,50,19.54,53,9,1.77,4.19,-1.72,1,24/2/2023
Biscuits,61,5.87,67,441,4.58,6.9,-0.95,1,24/2/2023
Water,57,17.1,64,139,3.84,6.82,-0.8,1,23/2/2023
Sauces and Soups,48,8.41,49,415,0.68,3.14,-1.87,0,23/2/2023
Instant Porridge,35,11.51,43,5,3.94,1.36,1.56,1,23/2/2023
Biscuits,50,1.86,53,459,1.33,9.58,-0.07,0,23/2/2023
Water,50,5.79,55,402,4.81,4.49,-0.15,0,22/2/2023
Sauces and Soups,55,11.14,57,321,0.62,8.49,-0.87,0,22/2/2023
Instant Porridge,46,2.79,49,233,3.99,3.77,0,1,22/2/2023
Biscuits,43,4.46,43,451,1.78,9.06,-1.68,0,22/2/2023
Water,49,2.3,55,346,4.31,8.91,0.08,1,21/2/2023
Sauces and Soups,38,7.54,43,130,0.91,6.03,-1.71,0,21/2/2023
Instant Porridge,49,12.17,51,345,2.58,7.69,0.81,1,21/2/2023
Biscuits,50,16.06,53,299,4.2,8.3,0.12,1,21/2/2023
Water,47,13.92,56,475,0.79,4.36,-1.26,0,20/2/2023
Sauces and Soups,61,7.3,61,33,3.13,7.83,0.26,1,20/2/2023
Instant Porridge,43,15.39,44,340,0.54,9.31,1.04,1,20/2/2023
Biscuits,46,4.75,55,457,1.27,2.53,0.46,1,20/2/2023
Water,51,19.62,54,492,2.3,2.63,1.18,0,19/2/2023
Sauces and Soups,48,12.06,53,180,4.2,5.85,1.37,0,19/2/2023
Instant Porridge,46,1.9,48,101,1.75,4.17,-0.66,0,19/2/2023
Biscuits,55,8.86,55,452,4.15,5.88,-1.24,0,19/2/2023
Water,45,16.58,47,363,1.78,7.67,1.74,0,18/2/2023
Sauces and Soups,47,5.64,54,439,2.75,7.57,-1.97,1,18/2/2023
Instant Porridge,57,18.08,65,103,2.67,2.93,-1.08,1,18/2/2023
Biscuits,53,13.23,60,122,3.44,8.4,-0.54,1,18/2/2023
Water,53,18.17,53,104,3.76,3.21,1.8,0,17/2/2023
Sauces and Soups,45,3.4,54,469,3.74,4.69,0.88,1,17/2/2023
Instant Porridge,59,18.52,62,433,2.47,8.13,-1.41,0,17/2/2023
Biscuits,56,4.49,63,140,2.15,2.43,-0.64,1,17/2/2023
Water,50,16.6,54,274,3.58,3.19,-0.56,0,16/2/2023
Sauces and Soups,42,3.88,45,191,1.07,1.56,-1.83,0,16/2/2023
Instant Porridge,43,9.36,49,401,0.73,7.66,-1.49,1,16/2/2023
Biscuits,44,1.07,47,496,0.76,3.95,1.22,1,16/2/2023
Water,51,4.37,53,256,0.76,4.71,-1.4,0,15/2/2023
Sauces and Soups,44,3.42,47,84,4.21,8.77,-1.93,0,15/2/2023
Instant Porridge,57,14.61,66,243,2.04,7.18,-1.41,1,15/2/2023
Biscuits,54,5.31,61,374,3.46,4.97,0.85,0,15/2/2023
Water,49,1.09,58,79,3.65,9.47,-1.88,0,14/2/2023
Sauces and Soups,47,12.97,50,150,1.28,1.4,-0.66,1,14/2/2023
Instant Porridge,53,3.7,61,261,2.9,2.94,-1.77,0,14/2/2023
Biscuits,52,4.31,59,268,3.21,1.32,-0.93,1,14/2/2023
Water,45,10.4,53,297,2.7,4.11,-1.12,1,13/2/2023
Sauces and Soups,48,16.38,55,207,2.48,5.4,-0.61,1,13/2/2023
Instant Porridge,57,14.22,65,35,3.4,4.12,1.83,0,13/2/2023
Biscuits,40,18.24,48,406,4.03,9.91,0.85,1,13/2/2023
Water,41,2.23,41,113,4.76,9.04,-1.53,0,12/2/2023
Sauces and Soups,46,12.36,48,451,4.17,1.96,-0.45,0,12/2/2023
Instant Porridge,49,13.03,54,272,3.93,4.06,1.81,1,12/2/2023
Biscuits,45,10.4,49,445,0.95,9.89,-0.68,1,12/2/2023
Water,40,16.28,42,491,2.95,1.66,1.2,1,11/2/2023
Sauces and Soups,50,15.97,52,378,3.14,7.53,1.99,0,11/2/2023
Instant Porridge,54,3.32,61,208,3.93,4.84,0.14,0,11/2/2023
Biscuits,48,18.88,48,157,4.49,8.77,-0.72,0,11/2/2023
Water,40,17.28,48,248,1.74,3.86,-1.42,1,10/2/2023
Sauces and Soups,56,7.76,65,338,4.01,5.03,0.55,1,10/2/2023
Instant Porridge,66,11.87,69,51,2.94,4.35,0.97,0,10/2/2023
Biscuits,50,14.74,54,214,2.05,4.8,1.26,0,10/2/2023
Water,57,8.14,58,282,0.7,2,-1.18,0,9/2/2023
Sauces and Soups,51,16.63,54,249,0.67,9.49,0.53,0,9/2/2023
Instant Porridge,41,17.75,49,355,4.71,1.84,-1.45,0,9/2/2023
Biscuits,54,17.09,61,377,2.84,5.16,1.16,0,9/2/2023
Water,55,10.33,61,7,2.42,7.82,0.11,1,8/2/2023
Sauces and Soups,56,19.02,58,492,4.98,7.24,1.75,0,8/2/2023
Instant Porridge,56,8.76,62,326,1.26,6.87,0.78,1,8/2/2023
Biscuits,38,12.94,45,351,3.91,9.74,1.85,0,8/2/2023
Water,56,16.33,57,489,3.83,9.14,-1.51,1,7/2/2023
Sauces and Soups,58,5.2,63,327,4.76,7.29,1.49,0,7/2/2023
Instant Porridge,54,8.22,63,75,1.49,7.82,-0.21,1,7/2/2023
Biscuits,51,2.91,51,104,4.19,8.14,-0.74,1,7/2/2023
Water,53,8.59,58,146,3.85,9.6,0.18,1,6/2/2023
Sauces and Soups,47,12.59,51,446,0.95,8.03,-1.53,1,6/2/2023
Instant Porridge,40,12.9,46,441,4.27,3.62,-0.16,0,6/2/2023
Biscuits,53,15.91,59,352,4.16,8.9,1.34,1,6/2/2023
Water,54,3.76,60,222,3.02,3.23,1.41,0,5/2/2023
Sauces and Soups,49,17.57,51,171,1.46,9.92,-1.44,0,5/2/2023
Instant Porridge,41,4.73,50,407,3.76,1.2,0.16,0,5/2/2023
Biscuits,50,11.04,50,104,4.85,5.11,0.1,0,5/2/2023
Water,53,12.43,59,194,1.68,8.94,-1.77,0,4/2/2023
Sauces and Soups,53,4.49,56,114,4.45,5.93,-0.87,1,4/2/2023
Instant Porridge,58,17.21,61,111,2.57,5.59,1.82,0,4/2/2023
Biscuits,50,11.38,54,6,3.57,2.87,-1.94,0,4/2/2023
Water,60,16.4,67,361,4.1,1.47,0.79,0,3/2/2023
Sauces and Soups,40,19.67,48,188,1.5,5.45,-1.1,1,3/2/2023
Instant Porridge,43,12.28,43,350,2.43,7.26,-0.32,1,3/2/2023
Biscuits,47,19.01,49,376,1.61,9.52,-0.79,0,3/2/2023
Water,57,11.46,57,362,2.11,3.18,0.39,1,2/2/2023
Sauces and Soups,57,16.24,64,49,3.99,4.53,1.07,0,2/2/2023
Instant Porridge,63,1.31,72,213,4.66,2.19,-1.5,1,2/2/2023
Biscuits,43,5.21,51,76,2.66,3.63,-1.94,1,2/2/2023
Water,34,18.34,36,446,3.17,6.66,0.89,0,1/2/2023
Sauces and Soups,48,18.06,57,260,4.87,1.17,0.6,0,1/2/2023
Instant Porridge,54,7.96,59,206,2.89,7.51,-1.43,1,1/2/2023
Biscuits,59,4.07,65,300,2.31,6.12,0.62,1,1/2/2023
Water,54,18.25,62,316,3.73,5.26,-0.81,1,31/1/2023
Sauces and Soups,52,1.74,59,88,2,4.27,1.72,0,31/1/2023
Instant Porridge,46,5.87,55,266,2.66,6.3,-0.89,0,31/1/2023
Biscuits,47,18.17,55,0,3.23,4.5,-1.29,0,31/1/2023
Water,36,16.05,44,107,4.94,6.02,0.94,0,30/1/2023
Sauces and Soups,48,18.78,50,39,3.69,7.66,-1.53,1,30/1/2023
Instant Porridge,45,7.2,52,406,3.25,7.48,-1.48,0,30/1/2023
Biscuits,56,3.44,58,38,4.52,8.84,1.16,0,30/1/2023
Water,65,11.88,65,93,2.08,3.41,1.23,1,29/1/2023
Sauces and Soups,46,7.79,53,54,4.6,5.58,1.09,1,29/1/2023
Instant Porridge,58,5.57,63,401,2.07,4.85,0.33,0,29/1/2023
Biscuits,40,9.94,49,3,3.9,1.1,-0.87,0,29/1/2023
Water,44,16.47,50,315,1.07,6.37,-1.95,0,28/1/2023
Sauces and Soups,43,11.02,47,257,1.36,6.76,1.7,1,28/1/2023
Instant Porridge,46,19.03,53,113,1.92,1.89,-1.82,0,28/1/2023
Biscuits,50,19.68,53,25,3.64,2.81,0.98,1,28/1/2023
Water,46,11.49,50,290,2.51,4.34,-1.76,1,27/1/2023
Sauces and Soups,42,9.38,51,214,2.97,7.61,-1.44,1,27/1/2023
Instant Porridge,45,19.34,52,25,1.21,8.11,0.11,1,27/1/2023
Biscuits,42,19.99,45,362,3.61,2.93,-1.03,1,27/1/2023
Water,58,13.57,63,319,4.66,8.04,0.01,0,26/1/2023
Sauces and Soups,36,8.9,38,366,1.09,8.33,-1.83,0,26/1/2023
Instant Porridge,36,9.56,42,249,3.79,4.24,1.28,1,26/1/2023
Biscuits,57,12.78,61,471,2.06,2.46,1.38,0,26/1/2023
Water,51,13.87,58,193,1.67,6.41,1.83,1,25/1/2023
Sauces and Soups,47,4.41,52,354,0.83,2.31,-1.93,0,25/1/2023
Instant Porridge,54,6.25,63,445,2.24,3.71,-1.71,1,25/1/2023
Biscuits,56,8.74,63,257,3.29,5.71,1.21,1,25/1/2023
Water,57,9.55,65,308,3.09,9.19,0.58,0,24/1/2023
Sauces and Soups,46,8.37,49,418,2.1,7.43,-1.85,1,24/1/2023
Instant Porridge,39,5.73,43,290,4.3,4.11,0.66,1,24/1/2023
Biscuits,39,12.44,46,279,0.68,4.96,-0.61,0,24/1/2023
Water,56,17.64,62,447,1.1,6.21,1.46,0,23/1/2023
Sauces and Soups,29,10.41,35,496,0.67,1.92,-0.26,1,23/1/2023
Instant Porridge,44,17.74,44,490,1.77,9.58,0.37,0,23/1/2023
Biscuits,54,13.15,61,216,4.45,8.05,0.65,1,23/1/2023
Water,43,18.74,49,196,3.82,2.99,1.36,0,22/1/2023
Sauces and Soups,43,7.59,45,297,3.45,3.06,1.21,0,22/1/2023
Instant Porridge,60,17.3,60,117,1.7,2.66,0.25,0,22/1/2023
Biscuits,54,17.7,58,72,1.64,9.27,1.47,0,22/1/2023
Water,62,13.08,64,2,3.21,9.6,-1.45,1,21/1/2023
Sauces and Soups,57,16.31,59,446,2.53,9.41,-1.67,0,21/1/2023
Instant Porridge,52,6.65,55,258,0.69,3.97,1.29,1,21/1/2023
Biscuits,51,5.23,51,324,3.06,2.83,0.62,1,21/1/2023
Water,58,15.17,64,419,4.87,3.88,0.75,1,20/1/2023
Sauces and Soups,49,8.8,58,257,1,9.13,-0.53,0,20/1/2023
Instant Porridge,52,15.31,57,168,3.59,8.03,0.55,1,20/1/2023
Biscuits,65,6.44,73,107,0.96,6.67,0.4,1,20/1/2023
Water,54,13.64,63,167,3.28,8.49,-1.17,0,19/1/2023
Sauces and Soups,60,13.04,60,133,4.29,9.89,-0.03,1,19/1/2023
Instant Porridge,65,3.63,66,24,2.33,6.75,-0.11,0,19/1/2023
Biscuits,47,18.76,56,314,3.37,2.84,-1.18,1,19/1/2023
Water,50,8.22,58,205,3.71,8.92,-1.72,1,18/1/2023
Sauces and Soups,42,15.14,49,449,2.29,6.62,-1.18,1,18/1/2023
Instant Porridge,57,11.69,60,277,4.13,9.83,-0.81,1,18/1/2023
Biscuits,49,13.46,53,228,4.33,5.22,-0.46,0,18/1/2023
Water,43,5.08,47,219,1.6,1.73,-0.1,0,17/1/2023
Sauces and Soups,56,8.27,61,28,4.76,9.53,0.05,1,17/1/2023
Instant Porridge,50,10.56,55,91,1.05,2.73,-0.8,1,17/1/2023
Biscuits,54,11.81,56,477,2.28,8.24,1.15,0,17/1/2023
Water,58,5.34,64,314,2.2,1.03,-0.81,0,16/1/2023
Sauces and Soups,54,17.6,63,205,2.83,7.29,-1.22,1,16/1/2023
Instant Porridge,53,18.5,59,41,3.44,2.17,-1.1,1,16/1/2023
Biscuits,32,14.36,32,27,2.37,1.93,0.15,0,16/1/2023
Water,56,17.05,65,445,2.91,8.47,-1.54,0,15/1/2023
Sauces and Soups,34,3.81,37,403,3.13,5.84,0.66,1,15/1/2023
Instant Porridge,47,6.52,56,73,2.25,3.61,1.99,0,15/1/2023
Biscuits,57,11.04,66,171,3.83,7.61,0.68,0,15/1/2023
Water,55,9.61,62,409,2.45,8.9,-0.8,0,14/1/2023
Sauces and Soups,51,13.4,52,472,2.98,4.68,1.67,1,14/1/2023
Instant Porridge,50,7.64,59,214,1.88,5.25,1.93,0,14/1/2023
Biscuits,57,17.45,60,129,2.08,5.47,1.6,0,14/1/2023
Water,51,1.81,53,447,1.82,3.87,-0.31,0,13/1/2023
Sauces and Soups,44,18.79,46,338,4.76,6.7,-0.38,1,13/1/2023
Instant Porridge,57,14.82,62,337,1.77,7.99,1.42,0,13/1/2023
Biscuits,58,3.83,62,164,1.43,3.05,-0.55,0,13/1/2023
Water,52,1.13,61,471,2.89,9.67,1.45,1,12/1/2023
Sauces and Soups,48,6.78,53,282,1.69,6.08,-0.13,1,12/1/2023
Instant Porridge,45,15.38,53,157,4.08,2.81,-0.61,1,12/1/2023
Biscuits,60,2.62,68,441,4.58,5.79,0.85,0,12/1/2023
Water,57,1.7,57,352,4.14,2.11,0.46,1,11/1/2023
Sauces and Soups,55,8.53,59,96,3.89,5.16,0.7,0,11/1/2023
Instant Porridge,46,4.67,47,317,1.4,1.9,1.56,1,11/1/2023
Biscuits,49,4.7,52,159,3.14,3.28,-0.32,0,11/1/2023
Water,49,15.96,58,64,1.34,6.9,0.37,0,10/1/2023
Sauces and Soups,42,19.25,50,112,1.31,7.71,-1.32,1,10/1/2023
Instant Porridge,51,13.68,53,12,3.41,2.21,-0.29,1,10/1/2023
Biscuits,51,9.38,60,263,3.89,8.27,-1.06,1,10/1/2023
Water,39,1.2,40,301,1.97,7.26,0.56,0,9/1/2023
Sauces and Soups,54,16.33,60,389,3.93,4.36,-0.33,1,9/1/2023
Instant Porridge,60,1.33,64,262,2.87,6.93,-0.78,1,9/1/2023
Biscuits,51,18.29,57,282,0.69,3.85,-1.52,1,9/1/2023
Water,43,17.78,46,138,4.82,6.33,-0.59,0,8/1/2023
Sauces and Soups,52,1.91,54,467,4.87,8.06,1.93,1,8/1/2023
Instant Porridge,55,12.54,56,100,4.11,4.81,-1.79,0,8/1/2023
Biscuits,52,6.95,59,151,2.26,8.07,-1.14,0,8/1/2023
Water,49,5.31,52,389,1.77,8.89,0.63,1,7/1/2023
Sauces and Soups,50,19.37,53,459,4.07,1.65,0.48,0,7/1/2023
Instant Porridge,45,16.82,45,403,3.79,3.48,0.89,1,7/1/2023
Biscuits,49,8.26,56,213,4.84,7.83,-1,1,7/1/2023
Water,71,18.21,80,127,2.78,4.02,0.69,0,6/1/2023
Sauces and Soups,52,4.34,52,358,1.48,5.13,-0.46,1,6/1/2023
Instant Porridge,47,19.53,56,211,4.51,5.93,-0.68,1,6/1/2023
Biscuits,50,5.71,55,468,3.26,6.53,-1.87,0,6/1/2023
Water,37,8.18,38,398,1.2,8.76,0.68,0,5/1/2023
Sauces and Soups,60,11.15,65,181,2.67,5.44,-1.95,0,5/1/2023
Instant Porridge,44,13.91,50,463,2.35,9.85,-1.99,0,5/1/2023
Biscuits,59,11.45,66,127,1.15,8.04,-1.02,1,5/1/2023
Water,48,8.61,50,207,2.59,5.14,1.01,0,4/1/2023
Sauces and Soups,47,15.83,55,63,3.66,4.27,-1.35,1,4/1/2023
Instant Porridge,48,6.89,49,77,3.01,2.28,1.41,0,4/1/2023
Biscuits,37,4.25,44,455,4.43,9.45,-1.52,0,4/1/2023
Water,48,15.38,54,22,2.94,6.83,-1.22,0,3/1/2023
Sauces and Soups,61,3.28,67,197,3.46,9.82,-0.75,0,3/1/2023
Instant Porridge,56,11.29,61,440,1.08,9.9,-1.95,0,3/1/2023
Biscuits,42,3.37,43,211,1.89,3.03,-0.04,1,3/1/2023
Water,53,14.32,61,305,3.63,5.29,-0.67,1,2/1/2023
Sauces and Soups,67,6.65,73,149,0.99,9.6,-1.49,0,2/1/2023
Instant Porridge,51,16.49,51,67,1.01,3.12,-1.15,1,2/1/2023
Biscuits,61,18.2,70,253,1.46,1.29,-0.14,0,2/1/2023
Water,44,13.3,48,177,1.19,6.86,1.7,0,1/1/2023
Sauces and Soups,37,19.39,42,63,0.7,2.43,-1.88,0,1/1/2023
Instant Porridge,41,17.65,44,32,1.5,8.31,-0.64,1,1/1/2023
Biscuits,29,13.89,36,371,0.84,9.4,1.58,1,1/1/2023
Water,48,15.15,55,246,1.27,7.4,-0.69,0,31/12/2022
Sauces and Soups,60,2.97,67,215,1.26,3.82,0.65,0,31/12/2022
Instant Porridge,54,10.87,54,306,0.72,5.7,-0.96,0,31/12/2022
Biscuits,52,6.39,53,132,4.96,1.43,0.91,0,31/12/2022
Water,40,14.81,48,323,3.56,1.48,-1.99,0,30/12/2022
Sauces and Soups,46,19.3,48,372,1.91,3.5,-0.85,1,30/12/2022
Instant Porridge,49,10.48,49,451,3.68,5.28,-0.51,1,30/12/2022
Biscuits,42,15.87,51,311,0.9,1.24,-1.84,1,30/12/2022
Water,50,10.1,59,387,2.79,3.99,1.57,0,29/12/2022
Sauces and Soups,47,14.63,53,450,3.19,9.37,-1.88,1,29/12/2022
Instant Porridge,38,9.17,38,224,2.98,3.49,-1.37,1,29/12/2022
Biscuits,55,10.92,60,483,0.52,2.34,1.65,1,29/12/2022
Water,55,17.58,58,90,3.62,3.04,-1.23,1,28/12/2022
Sauces and Soups,47,16.62,50,46,3.54,8.16,1.46,0,28/12/2022
Instant Porridge,39,14.7,41,230,3.6,9.29,1.86,0,28/12/2022
Biscuits,39,5.27,47,462,3.91,2.16,0.05,1,28/12/2022
Water,45,10.83,47,235,2.63,9.68,0.86,0,27/12/2022
Sauces and Soups,52,19.53,61,243,3.44,8.22,0.99,1,27/12/2022
Instant Porridge,46,4.49,50,258,4.4,9.32,0.21,0,27/12/2022
Biscuits,52,13.24,54,381,4.76,8.85,-0.45,1,27/12/2022
Water,57,8.17,62,126,2.9,9.85,-0.98,0,26/12/2022
Sauces and Soups,50,11.22,51,47,2.08,8.64,0.6,0,26/12/2022
Instant Porridge,55,12.75,59,262,1.86,3.59,-0.34,1,26/12/2022
Biscuits,70,8.1,76,45,4.12,7.12,1.24,1,26/12/2022
Water,45,11.13,47,325,0.91,6.57,-0.8,0,25/12/2022
Sauces and Soups,42,4.26,48,267,2.02,3.29,-1.56,1,25/12/2022
Instant Porridge,51,14.24,55,237,2.61,1.96,-0.77,1,25/12/2022
Biscuits,54,9.19,55,323,4.91,7.72,-0.33,0,25/12/2022
Water,59,9.17,65,359,1.88,2.84,0.37,1,24/12/2022
Sauces and Soups,64,9.28,72,271,3.37,5.06,-0.07,1,24/12/2022
Instant Porridge,53,16.43,61,369,4.55,4.2,1.3,1,24/12/2022
Biscuits,54,7.24,57,28,3.22,9.61,1.96,0,24/12/2022
Water,39,7.83,45,360,4.7,1.48,-1.25,0,23/12/2022
Sauces and Soups,60,7.09,69,469,1.82,8.5,-0.34,1,23/12/2022
Instant Porridge,46,9.12,54,85,4.54,6.61,1.55,0,23/12/2022
Biscuits,56,16.83,58,104,1.59,3.88,-0.25,0,23/12/2022
Water,46,6.31,50,473,2.46,9.24,-0.84,0,22/12/2022
Sauces and Soups,62,13.83,65,252,4.44,8.02,1.4,1,22/12/2022
Instant Porridge,46,15.62,47,58,1.86,7.97,-0.88,1,22/12/2022
Biscuits,44,19.83,53,0,4.16,6.41,-1.65,1,22/12/2022
Water,45,5.77,53,204,3.92,3.27,1.83,0,21/12/2022
Sauces and Soups,43,15.94,43,284,1.94,3.49,1.42,0,21/12/2022
Instant Porridge,52,3.31,58,146,3.25,5.34,1.63,0,21/12/2022
Biscuits,50,17.09,53,351,1.21,2.39,1.17,1,21/12/2022
Water,47,18.4,50,365,3.59,2.07,-0.64,0,20/12/2022
Sauces and Soups,37,15.79,45,155,2.42,6.17,0.78,0,20/12/2022
Instant Porridge,53,12.07,61,71,1.6,1.38,-0.73,0,20/12/2022
Biscuits,42,16.23,51,383,4.6,2.62,0.75,1,20/12/2022
Water,52,13.24,52,315,4.88,8.02,-0.46,0,19/12/2022
Sauces and Soups,42,12.4,43,16,3.04,8.73,0.62,0,19/12/2022
Instant Porridge,44,18.99,50,144,2.65,1.64,-0.03,1,19/12/2022
Biscuits,38,10.67,39,275,3.99,8.21,0.63,1,19/12/2022
Water,44,1.18,53,297,4.08,2.84,-1.22,0,18/12/2022
Sauces and Soups,49,13.29,56,125,4.86,2.51,-1.65,0,18/12/2022
Instant Porridge,57,7.33,65,151,1.52,6.97,1.5,1,18/12/2022
Biscuits,51,11.2,59,45,2.42,6.58,-1.1,1,18/12/2022
Water,69,19.46,77,445,4.84,3.06,1.31,1,17/12/2022
Sauces and Soups,43,13.64,52,35,1.2,4.71,-1.96,1,17/12/2022
Instant Porridge,58,2.5,60,54,3.84,7.36,-0.28,0,17/12/2022
Biscuits,44,14.08,50,27,4.97,5.59,-1.78,1,17/12/2022
Water,43,10.35,49,83,1.27,1.29,1.24,0,16/12/2022
Sauces and Soups,54,13.79,56,45,4.57,7.21,1.87,0,16/12/2022
Instant Porridge,56,2.83,57,334,4.99,3.17,0.06,0,16/12/2022
Biscuits,51,1.18,53,280,0.57,4.11,-0.58,1,16/12/2022
Water,54,17.17,58,87,1.12,9.86,-1.47,0,15/12/2022
Sauces and Soups,57,4.01,62,223,1.75,7.28,-0.7,1,15/12/2022
Instant Porridge,50,5.18,51,102,4.22,4.55,0.55,0,15/12/2022
Biscuits,51,8.58,51,318,4.17,9.21,0.1,0,15/12/2022
Water,41,19.04,42,339,0.91,6.76,1.85,1,14/12/2022
Sauces and Soups,42,2.53,51,313,3.96,7.95,-0.18,1,14/12/2022
Instant Porridge,46,7.27,54,172,3.2,7.51,0.49,0,14/12/2022
Biscuits,56,19.69,60,33,2.48,7.24,0.85,0,14/12/2022
Water,48,10.94,55,483,1.06,3.01,0.99,0,13/12/2022
Sauces and Soups,41,12.07,49,431,4.35,3.97,1.77,1,13/12/2022
Instant Porridge,56,10.65,62,414,0.67,9.6,-0.61,0,13/12/2022
Biscuits,59,2.02,63,273,3.97,5.39,-1.78,0,13/12/2022
Water,37,12.35,43,167,3.7,5.49,-0.67,1,12/12/2022
Sauces and Soups,55,18.86,59,298,2.96,9.88,-1.3,0,12/12/2022
Instant Porridge,55,3.51,59,479,3.11,9.77,-0.57,1,12/12/2022
Biscuits,51,5.06,57,438,3.55,1.27,0.95,0,12/12/2022
Water,53,3.65,62,111,2.67,9.34,-0.63,1,11/12/2022
Sauces and Soups,43,7.55,52,52,0.88,8.13,-1.48,1,11/12/2022
Instant Porridge,45,8.81,47,272,4.56,9.33,-1.54,1,11/12/2022
Biscuits,42,13.14,51,225,4.58,2.8,-0.66,0,11/12/2022
Water,39,12.64,39,56,3.86,5.96,1.04,1,10/12/2022
Sauces and Soups,63,7.41,69,280,0.84,7.67,0.52,0,10/12/2022
Instant Porridge,54,9.52,60,408,2.68,6.85,-0.54,0,10/12/2022
Biscuits,58,5.59,66,16,2.22,1.98,1.3,1,10/12/2022
Water,47,4.29,51,331,2.05,7.91,-1.68,0,9/12/2022
Sauces and Soups,53,15.56,59,268,3.1,4.97,-1.68,0,9/12/2022
Instant Porridge,49,4.87,57,444,4.98,1.72,-1.14,1,9/12/2022
Biscuits,66,3.88,66,221,1.8,7.67,-1.99,0,9/12/2022
Water,33,1.42,37,83,4.12,1.61,-1.97,0,8/12/2022
Sauces and Soups,60,7.39,61,432,1.09,3.34,0.41,1,8/12/2022
Instant Porridge,54,3.54,56,63,0.5,2.03,-0.3,1,8/12/2022
Biscuits,64,2.81,66,481,3.7,5.7,-1.91,1,8/12/2022
Water,43,6.88,47,114,4.49,7.15,-1.5,1,7/12/2022
Sauces and Soups,51,14.12,57,307,1.25,4.43,-1.04,0,7/12/2022
Instant Porridge,59,5.23,65,411,4.65,1.91,-1.45,0,7/12/2022
Biscuits,56,17.32,64,179,1.22,4.51,0.15,0,7/12/2022
Water,47,11.87,55,208,1.15,2.5,0.3,0,6/12/2022
Sauces and Soups,59,7.97,65,212,0.97,8.07,-1.14,1,6/12/2022
Instant Porridge,46,14.22,46,417,1.53,2.11,1.53,0,6/12/2022
Biscuits,48,8.03,48,102,1.71,9.01,1.41,1,6/12/2022
Water,57,17.13,59,301,2.82,8.38,1.59,1,5/12/2022
Sauces and Soups,51,17.11,60,475,2.94,8.94,-1.43,1,5/12/2022
Instant Porridge,47,2.85,52,331,3.04,7.77,-1.3,0,5/12/2022
Biscuits,47,16.02,56,204,0.56,4.75,-1.44,1,5/12/2022
Water,42,17.56,50,459,1.86,9.4,-1.9,1,4/12/2022
Sauces and Soups,38,1.43,41,26,4.4,1.69,1.63,0,4/12/2022
Instant Porridge,48,18.95,55,278,0.99,9.65,-1.79,1,4/12/2022
Biscuits,53,10.48,62,110,1.7,1.42,-0.8,0,4/12/2022
Water,43,11.61,47,134,2.68,5.76,-0.75,1,3/12/2022
Sauces and Soups,59,12.57,59,166,1.62,2.62,-1.27,1,3/12/2022
Instant Porridge,51,16.58,53,483,1.47,4.32,-0.27,1,3/12/2022
Biscuits,41,12.48,49,98,0.87,4.23,1.17,0,3/12/2022
Water,56,7.88,60,243,2.69,3.85,1.8,0,2/12/2022
Sauces and Soups,52,2.18,55,264,4.18,6.62,1.88,1,2/12/2022
Instant Porridge,47,3.8,55,120,4.42,3.96,1.84,0,2/12/2022
Biscuits,50,7.61,50,488,2.46,9.36,-1.3,0,2/12/2022
Water,42,3.02,51,52,4.12,4.75,-1.43,0,1/12/2022
Sauces and Soups,45,19.56,51,399,1.75,2.09,-1.02,0,1/12/2022
Instant Porridge,65,16.34,69,47,0.95,4.78,-0.59,1,1/12/2022
Biscuits,59,17.39,61,13,2.2,7.89,-0.22,1,1/12/2022
Water,58,10.2,58,483,1.73,7.05,-0.64,0,30/11/2022
Sauces and Soups,55,4.06,64,135,1.02,7.64,0.05,0,30/11/2022
Instant Porridge,55,2.13,57,254,2.39,7.22,1.8,0,30/11/2022
Biscuits,54,12.7,59,104,4.96,8.45,-1.92,1,30/11/2022
Water,51,13.99,58,441,1.17,1.85,-0.28,1,29/11/2022
Sauces and Soups,43,2.63,43,195,4.26,4.46,-1.01,1,29/11/2022
Instant Porridge,51,8.9,59,494,4.68,9.52,-1.58,0,29/11/2022
Biscuits,43,2.97,45,290,2.49,6.05,0.32,0,29/11/2022
Water,56,10.02,60,84,2.58,9.34,-0.43,1,28/11/2022
Sauces and Soups,45,13.36,53,274,3.6,2.28,0.71,1,28/11/2022
Instant Porridge,59,10.4,63,475,2.08,2.58,-1.18,1,28/11/2022
Biscuits,54,9.56,57,265,4.88,2.06,-1.67,1,28/11/2022
Water,45,10.63,47,25,3.37,4.92,0.49,1,27/11/2022
Sauces and Soups,60,7.71,60,200,2.05,2.64,-0.72,0,27/11/2022
Instant Porridge,54,2.45,54,362,0.99,8.31,1.33,0,27/11/2022
Biscuits,54,18.41,58,196,1.43,8.32,-1.76,1,27/11/2022
Water,64,12.78,72,244,2.01,7.78,-0.07,1,26/11/2022
Sauces and Soups,48,4.52,56,246,1.25,5.69,0.76,1,26/11/2022
Instant Porridge,47,19.54,51,8,2.75,8.26,-1.36,0,26/11/2022
Biscuits,51,14.44,60,437,3.64,2.62,-1.55,1,26/11/2022
Water,40,16.62,47,150,1.94,5.95,-0.85,0,25/11/2022
Sauces and Soups,62,12.49,63,261,1.41,5.04,-1.32,0,25/11/2022
Instant Porridge,58,9.02,58,468,4.66,9.34,1,1,25/11/2022
Biscuits,38,8.37,40,323,4.13,9.16,1.58,1,25/11/2022
Water,49,1.34,52,116,3.52,5.3,-0.36,1,24/11/2022
Sauces and Soups,48,4.67,53,105,3.4,3.05,0.81,1,24/11/2022
Instant Porridge,61,12,63,280,1.54,3.66,-0.2,0,24/11/2022
Biscuits,51,4.75,51,370,3.88,5.45,0.93,1,24/11/2022
Water,53,7.89,57,373,0.71,1.34,0.09,0,23/11/2022
Sauces and Soups,44,5.24,49,76,2.74,1.6,1.77,0,23/11/2022
Instant Porridge,39,15.48,44,27,2.14,3.47,-0.89,0,23/11/2022
Biscuits,38,18.75,43,423,4.46,4.61,-0.59,0,23/11/2022
Water,49,7.47,54,108,3.35,9.78,-0.05,0,22/11/2022
Sauces and Soups,54,10.73,63,440,3.84,2.39,-1.66,0,22/11/2022
Instant Porridge,62,13.09,70,437,1.34,7.72,1.44,0,22/11/2022
Biscuits,45,13.35,54,307,2.55,2.9,-1.11,1,22/11/2022
Water,52,18.29,56,375,0.73,8.99,0.88,0,21/11/2022
Sauces and Soups,45,17.81,51,171,3.14,4.74,0.77,0,21/11/2022
Instant Porridge,51,6.82,51,1,4.46,3.39,0.9,0,21/11/2022
Biscuits,46,8.67,54,169,2.71,9.67,0.23,0,21/11/2022
Water,45,2.16,50,189,3.22,1.65,-1.8,1,20/11/2022
Sauces and Soups,52,19.61,53,102,2.18,3.11,0.42,0,20/11/2022
Instant Porridge,49,12.76,56,478,2.54,4.6,-1.64,1,20/11/2022
Biscuits,42,4.13,51,498,1.19,3.43,-1.14,1,20/11/2022
Water,49,11.07,57,220,3.39,7.01,-1.87,0,19/11/2022
Sauces and Soups,49,13.13,50,18,4.41,4.07,-0.66,1,19/11/2022
Instant Porridge,54,5.77,60,136,3.57,8.31,-0.26,0,19/11/2022
Biscuits,53,18.3,60,472,1.38,8.54,-0.19,0,19/11/2022
Water,59,9.86,60,179,3.47,1.27,-1.27,1,18/11/2022
Sauces and Soups,47,13.99,48,308,2.8,8.73,0.72,0,18/11/2022
Instant Porridge,53,9.36,54,442,2.52,7.97,0.61,1,18/11/2022
Biscuits,58,6.08,64,432,4.11,1.25,-0.86,0,18/11/2022
Water,41,12.99,42,351,2.36,1.08,-0.01,1,17/11/2022
Sauces and Soups,45,18.47,53,453,4.64,3.39,-0.77,0,17/11/2022
Instant Porridge,35,4.47,37,253,0.53,1.95,-0.72,0,17/11/2022
Biscuits,49,1.83,53,206,4.66,9.81,1.62,0,17/11/2022
Water,54,10.91,63,137,1.43,2.7,1.96,1,16/11/2022
Sauces and Soups,41,10.49,48,81,1.15,9.29,1.22,0,16/11/2022
Instant Porridge,47,3.77,48,200,3.14,6.18,-0.05,1,16/11/2022
Biscuits,48,11.1,48,7,2.3,4.14,0.34,1,16/11/2022
Water,70,11.41,71,80,1.69,3.51,-1.99,0,15/11/2022
Sauces and Soups,59,12.11,59,171,4.09,8.54,0.21,1,15/11/2022
Instant Porridge,62,14.44,71,207,0.61,4.48,0.51,0,15/11/2022
Biscuits,41,3.01,46,184,1.17,5.65,-1.53,1,15/11/2022
Water,49,11.86,52,319,3.39,5.8,0.42,1,14/11/2022
Sauces and Soups,54,15.71,57,417,4.3,1.65,-0.22,1,14/11/2022
Instant Porridge,39,18.22,47,7,2.08,7.64,1.3,1,14/11/2022
Biscuits,55,17.13,58,80,3.94,7.09,0.16,1,14/11/2022
Water,52,4.3,56,306,2.36,3.73,-0.37,0,13/11/2022
Sauces and Soups,58,1.23,60,187,1.12,4.93,-1,0,13/11/2022
Instant Porridge,50,1.88,55,289,4.7,5.03,-1.06,0,13/11/2022
Biscuits,46,4.58,47,46,2.32,4.32,0.68,1,13/11/2022
Water,46,11.03,48,353,0.59,1.92,-0.29,0,12/11/2022
Sauces and Soups,44,11.5,50,221,2.97,4.11,-0.92,1,12/11/2022
Instant Porridge,51,5.36,60,341,3.8,6,1.99,0,12/11/2022
Biscuits,51,11.84,51,443,4.61,7.72,1.42,0,12/11/2022
Water,48,10.84,50,30,4.25,3.66,-1.1,1,11/11/2022
Sauces and Soups,49,6.06,50,323,2.42,3.29,0.13,0,11/11/2022
Instant Porridge,45,16.37,45,133,2.6,1.58,-0.99,1,11/11/2022
Biscuits,44,11.08,49,287,1.26,4.88,0.76,0,11/11/2022
Water,47,12.91,48,60,2.68,7.09,0.64,1,10/11/2022
Sauces and Soups,51,16.69,53,42,2.61,6.98,1.01,1,10/11/2022
Instant Porridge,51,15.46,58,332,4.28,1.24,-1.67,1,10/11/2022
Biscuits,48,4.86,48,170,0.62,5.56,-1.17,1,10/11/2022
Water,55,7.96,62,402,3.95,3.44,1.61,1,9/11/2022
Sauces and Soups,48,7.86,51,324,3.08,7.09,-1.75,1,9/11/2022
Instant Porridge,49,18.68,54,219,1.91,9.23,1.25,0,9/11/2022
Biscuits,47,13.97,48,279,2.53,5.85,0.61,1,9/11/2022
Water,46,2.65,51,395,4.53,8.34,0.22,1,8/11/2022
Sauces and Soups,59,6.94,64,45,4.06,8.27,1.79,1,8/11/2022
Instant Porridge,52,18.86,56,346,2.51,6.77,-0.38,1,8/11/2022
Biscuits,44,19.59,49,181,3.28,2.41,-1.31,0,8/11/2022
Water,51,17.51,57,489,3.22,1.28,0.76,0,7/11/2022
Sauces and Soups,46,18.62,49,12,3.74,5.97,0.95,1,7/11/2022
Instant Porridge,53,14.8,54,96,3.03,3.81,1.42,0,7/11/2022
Biscuits,41,1.47,47,272,2.73,8.34,-0.69,0,7/11/2022
Water,50,16.69,57,280,0.69,7.43,1.46,1,6/11/2022
Sauces and Soups,60,9.29,60,396,3.28,6.98,-1.47,1,6/11/2022
Instant Porridge,48,5.16,49,326,1.04,8.93,1.69,1,6/11/2022
Biscuits,50,1.56,58,251,2.33,7.08,-0.19,1,6/11/2022
Water,55,1.65,58,106,3.82,5.35,1.18,0,5/11/2022
Sauces and Soups,52,3.08,53,463,3.52,8.93,1.45,1,5/11/2022
Instant Porridge,36,14.88,39,29,4.69,8.34,-1.99,0,5/11/2022
Biscuits,47,3.39,50,99,1.08,8.85,0.08,0,5/11/2022
Water,56,1.33,57,348,1.27,3.24,1.39,0,4/11/2022
Sauces and Soups,34,19.17,42,436,0.96,2.09,1.16,1,4/11/2022
Instant Porridge,45,1.02,47,402,0.54,4.78,-0.13,1,4/11/2022
Biscuits,37,2.83,45,459,4.02,7.23,0.39,0,4/11/2022
Water,41,7.48,41,135,3.82,2.71,-1.76,1,3/11/2022
Sauces and Soups,76,15.25,78,301,1.37,4.87,1.64,1,3/11/2022
Instant Porridge,54,8.6,63,483,1.41,2.65,0.83,1,3/11/2022
Biscuits,42,11.04,44,185,0.87,6.04,-1.45,0,3/11/2022
Water,38,17.16,42,154,2.69,3.23,-1.78,0,2/11/2022
Sauces and Soups,41,17.6,41,302,1.29,5.73,-0.86,1,2/11/2022
Instant Porridge,39,19.02,39,27,2.75,1.47,-1.1,1,2/11/2022
Biscuits,54,2.93,57,24,4.47,2.38,-0.47,0,2/11/2022
Water,44,5.16,47,488,3.5,4.3,-1.21,1,1/11/2022
Sauces and Soups,49,17.07,54,229,4.23,2.88,-0.45,1,1/11/2022
Instant Porridge,65,13.77,67,407,3.85,6.94,-0.73,0,1/11/2022
Biscuits,49,14.86,56,487,2.68,2.76,-0.38,1,1/11/2022
Water,47,8.66,55,374,4.81,5.89,1.72,1,31/10/2022
Sauces and Soups,59,8.08,62,10,4.7,3.14,0.49,1,31/10/2022
Instant Porridge,49,10.06,55,363,1.62,9.45,0.36,1,31/10/2022
Biscuits,64,3.49,72,389,1.4,7.77,-0.95,1,31/10/2022
Water,46,11.13,48,361,3.66,8.83,0.8,0,30/10/2022
Sauces and Soups,57,4.96,66,365,2.4,1.53,0.53,0,30/10/2022
Instant Porridge,49,3.79,54,320,3.04,6.2,0.03,1,30/10/2022
Biscuits,56,7.35,62,1,3.61,8.76,-1.45,0,30/10/2022
Water,59,7.25,63,456,4.11,3.88,0.73,0,29/10/2022
Sauces and Soups,49,10.33,51,0,2.42,7.71,0.66,1,29/10/2022
Instant Porridge,46,3.99,49,329,2.55,1.17,-1.51,0,29/10/2022
Biscuits,51,2.72,52,445,1.39,5.55,0.05,0,29/10/2022
Water,65,10.7,65,472,3.71,8.61,-0.8,1,28/10/2022
Sauces and Soups,42,5.31,44,333,1.87,5.92,0.19,1,28/10/2022
Instant Porridge,57,8.61,65,76,2.39,3.39,-1.87,1,28/10/2022
Biscuits,61,14.99,63,147,4.01,8.79,0.07,0,28/10/2022
Water,39,7.17,46,105,4.8,8.74,0.45,0,27/10/2022
Sauces and Soups,57,4.89,57,153,0.85,1.18,-0.06,1,27/10/2022
Instant Porridge,49,17.64,55,478,1.02,9.97,1.56,1,27/10/2022
Biscuits,45,14.54,53,86,4.1,4.49,-1.25,1,27/10/2022
Water,46,1.8,55,217,1.83,9.92,1.39,0,26/10/2022
Sauces and Soups,53,7.04,56,494,4.88,3.11,0.04,1,26/10/2022
Instant Porridge,44,5.96,45,371,1.84,3.69,-0.58,0,26/10/2022
Biscuits,47,10.96,55,290,3.11,7.22,1.97,1,26/10/2022
Water,53,5.04,57,235,1.39,2.1,0.09,1,25/10/2022
Sauces and Soups,49,13.71,52,278,0.64,1.6,-2,0,25/10/2022
Instant Porridge,54,8.64,59,403,3.28,8.66,1.13,0,25/10/2022
Biscuits,48,10.3,48,14,0.52,6.13,-1.03,1,25/10/2022
Water,35,2.62,41,324,3.22,4.97,0.82,1,24/10/2022
Sauces and Soups,33,16.84,40,478,0.53,2.35,0.57,1,24/10/2022
Instant Porridge,49,7.51,54,359,3.37,1.46,-1.21,0,24/10/2022
Biscuits,59,7.25,61,466,0.57,6.74,-0.8,0,24/10/2022
Water,44,19.37,47,98,4.78,3.47,-0.51,0,23/10/2022
Sauces and Soups,60,18.37,62,270,4.55,3.26,-1.56,0,23/10/2022
Instant Porridge,56,5.87,58,203,3.75,8.17,-1.37,1,23/10/2022
Biscuits,54,6.24,59,8,4.85,6.64,-0.38,1,23/10/2022
Water,52,7.23,61,179,3.57,5.45,-0.74,0,22/10/2022
Sauces and Soups,36,19.19,43,38,2.25,4.8,-0.63,1,22/10/2022
Instant Porridge,55,9.26,63,212,0.85,6.27,1.63,0,22/10/2022
Biscuits,39,11.58,40,441,1.79,9.57,1.78,1,22/10/2022
Water,53,10.47,60,281,4.86,8.01,-1.1,0,21/10/2022
Sauces and Soups,50,1.32,55,347,3.99,8.11,0.53,1,21/10/2022
Instant Porridge,30,1.87,31,217,2.43,5.04,-0.34,1,21/10/2022
Biscuits,47,7.3,56,136,2.83,3.61,-0.48,0,21/10/2022
Water,57,5.48,57,169,0.62,8.58,-1.67,1,20/10/2022
Sauces and Soups,54,12.83,58,98,2.75,3.41,1.42,0,20/10/2022
Instant Porridge,59,6.48,60,87,1.08,1.05,-1.37,1,20/10/2022
Biscuits,52,5.04,54,257,1.07,7.82,0.05,1,20/10/2022
Water,48,10.56,53,179,2.64,9,-1.51,0,19/10/2022
Sauces and Soups,51,4.79,53,451,0.63,8.28,-0.04,1,19/10/2022
Instant Porridge,52,12.35,55,211,2.48,6.78,-1.14,1,19/10/2022
Biscuits,45,12.19,54,393,4.75,8.33,-0.04,1,19/10/2022
Water,51,1.1,57,428,3.82,4.64,0.64,1,18/10/2022
Sauces and Soups,46,7.53,54,45,2.77,3.64,0.32,1,18/10/2022
Instant Porridge,53,5.13,56,218,1.53,6.29,1.22,1,18/10/2022
Biscuits,46,4.89,54,339,1.93,6.28,1.45,1,18/10/2022
Water,55,18.98,56,454,1.17,8.84,-1.96,1,17/10/2022
Sauces and Soups,54,19.09,58,144,4.5,7.17,-0.22,1,17/10/2022
Instant Porridge,49,16.16,51,102,4.32,7.01,0.13,0,17/10/2022
Biscuits,75,19.86,84,319,3.66,9.47,1.97,0,17/10/2022
Water,59,9.48,59,308,3.11,8.02,-1.15,1,16/10/2022
Sauces and Soups,59,1.36,62,322,4.15,2.03,1.15,1,16/10/2022
Instant Porridge,44,7.69,44,497,3.83,4.25,-0.12,0,16/10/2022
Biscuits,43,5.42,47,277,4.69,9.84,-0.36,0,16/10/2022
Water,37,2.87,42,467,4.78,7.57,1.03,1,15/10/2022
Sauces and Soups,48,10.59,55,299,3.68,8.5,-1.98,0,15/10/2022
Instant Porridge,49,17.5,58,117,3.72,5.55,-0.6,1,15/10/2022
Biscuits,55,17.45,57,71,4.97,6.48,-1.41,1,15/10/2022
Water,47,14.81,54,434,0.65,1.31,0.02,1,14/10/2022
Sauces and Soups,51,12.65,53,371,4.13,7.65,0.15,0,14/10/2022
Instant Porridge,48,3.78,54,303,3.18,4.94,0.98,0,14/10/2022
Biscuits,53,14.79,58,415,4.31,7.3,0.95,0,14/10/2022
Water,59,14.64,67,366,3.47,4.61,-1.63,0,13/10/2022
Sauces and Soups,54,18.61,60,498,3.44,1.62,1.69,0,13/10/2022
Instant Porridge,41,1.04,43,51,1.75,4.87,1.53,0,13/10/2022
Biscuits,53,17.95,57,217,0.92,5.41,1.95,1,13/10/2022
Water,56,5.9,57,116,3.53,9.05,0.35,1,12/10/2022
Sauces and Soups,54,15.71,61,110,0.63,8.86,0.8,0,12/10/2022
Instant Porridge,36,7.83,36,240,2.76,2.37,-1.67,1,12/10/2022
Biscuits,58,14.93,63,427,0.71,9.14,-1.68,0,12/10/2022
Water,39,19.69,46,478,1.04,7.79,1.79,1,11/10/2022
Sauces and Soups,63,9.11,63,9,3.07,8.15,-1.92,1,11/10/2022
Instant Porridge,60,1.07,66,121,4.31,1.51,-1.23,1,11/10/2022
Biscuits,54,1.56,62,233,2.64,6.74,-1.72,0,11/10/2022
Water,64,11.9,69,91,4.35,5.32,0.07,0,10/10/2022
Sauces and Soups,46,17.2,50,331,2.71,3.69,1.89,1,10/10/2022
Instant Porridge,53,11.95,57,278,0.79,4.44,0.72,1,10/10/2022
Biscuits,50,3.15,51,22,2.08,6.08,-1.9,0,10/10/2022
Water,42,8.05,51,240,3.1,4.68,0.02,1,9/10/2022
Sauces and Soups,51,19.26,58,133,1.26,3.46,0.87,0,9/10/2022
Instant Porridge,51,3.62,59,364,0.64,7.64,-0.95,1,9/10/2022
Biscuits,56,6.53,56,335,2.7,1.26,0.32,1,9/10/2022
Water,55,3.55,64,282,2.08,3.76,1.77,0,8/10/2022
Sauces and Soups,61,9.9,61,336,1.35,8.25,1.38,0,8/10/2022
Instant Porridge,42,7.13,44,61,2.22,7.21,-1.05,0,8/10/2022
Biscuits,59,9.84,60,19,2.8,1.45,-1.27,1,8/10/2022
Water,69,1.93,77,422,4.04,4.47,-0.61,1,7/10/2022
Sauces and Soups,56,12.23,62,77,1.45,3.69,1.11,1,7/10/2022
Instant Porridge,41,10.38,44,463,4.67,7.59,1.72,0,7/10/2022
Biscuits,49,2.29,54,366,4.23,6.4,-1.38,1,7/10/2022
Water,43,12.2,50,98,2.47,5.08,-0.5,0,6/10/2022
Sauces and Soups,49,19.15,58,39,0.52,7.56,-0.4,1,6/10/2022
Instant Porridge,53,13.79,61,105,1,8.43,-1.36,0,6/10/2022
Biscuits,53,2.47,56,10,1.73,4.73,-0.55,0,6/10/2022
Water,46,12.78,54,337,0.97,9.12,0.08,1,5/10/2022
Sauces and Soups,46,17.64,51,86,4,8.17,-1.21,1,5/10/2022
Instant Porridge,48,18.27,48,396,2.7,3.59,-0.15,1,5/10/2022
Biscuits,45,18.86,48,283,3.29,6.23,-0.86,0,5/10/2022
Water,57,10.41,66,109,1.11,5.23,-0.12,0,4/10/2022
Sauces and Soups,41,7.32,47,164,0.77,4.76,-0.62,0,4/10/2022
Instant Porridge,45,2.88,50,85,3.13,4.85,1.39,0,4/10/2022
Biscuits,55,3.81,58,498,3.36,3.39,-0.53,0,4/10/2022
Water,55,1.92,58,4,3.84,1.76,-1.79,0,3/10/2022
Sauces and Soups,50,13.85,56,72,1.81,2.16,0.71,1,3/10/2022
Instant Porridge,46,1.74,55,456,3.37,2.26,0.91,1,3/10/2022
Biscuits,47,16.44,48,148,1.53,9.98,-1.33,0,3/10/2022
Water,37,14.04,42,196,4.45,5.9,-0.95,0,2/10/2022
Sauces and Soups,47,16.22,49,284,1.36,7.77,1.39,0,2/10/2022
Instant Porridge,40,19.46,46,317,1.35,5.44,-1.32,0,2/10/2022
Biscuits,53,9.28,55,361,2.27,5.77,1.36,1,2/10/2022
Water,47,19.74,56,391,0.86,3.16,0.93,1,1/10/2022
Sauces and Soups,56,8.7,63,182,0.66,7.38,1.14,1,1/10/2022
Instant Porridge,59,1.4,67,136,4.69,1.24,-0.19,0,1/10/2022
Biscuits,46,17.25,46,83,3.18,2.99,-1.31,0,1/10/2022
Water,52,7.34,57,98,1.95,7.88,0.02,1,30/9/2022
Sauces and Soups,45,14.37,54,107,2.75,1.16,1.73,1,30/9/2022
Instant Porridge,47,14.44,54,228,2.74,7.79,0.37,1,30/9/2022
Biscuits,58,19.04,60,90,2.11,2.66,-0.62,0,30/9/2022
Water,42,7.91,44,73,4.72,4.08,0.14,0,29/9/2022
Sauces and Soups,59,5.34,62,260,4.11,5.93,-0.02,0,29/9/2022
Instant Porridge,47,19.04,47,375,0.52,1.06,0.95,0,29/9/2022
Biscuits,51,9.76,59,308,1.36,6.2,-0.01,0,29/9/2022
Water,42,10.46,49,213,3.22,6.18,-0.73,1,28/9/2022
Sauces and Soups,51,8.44,56,264,4.88,1.74,-0.03,0,28/9/2022
Instant Porridge,43,9.9,45,461,3,7.85,0.52,1,28/9/2022
Biscuits,46,15.74,54,220,3.85,4.64,1.21,0,28/9/2022
Water,48,1.42,51,310,4.06,2.31,1.16,1,27/9/2022
Sauces and Soups,40,11.64,46,408,0.99,4.28,0.94,0,27/9/2022
Instant Porridge,56,10.46,59,449,3.43,6.37,-1.49,1,27/9/2022
Biscuits,58,18.08,67,24,3.51,8.76,-0.06,1,27/9/2022
Water,42,10.51,50,178,3,7.83,-0.23,0,26/9/2022
Sauces and Soups,60,15.23,67,109,4.32,7.11,-0.7,0,26/9/2022
Instant Porridge,58,6.09,61,11,3.24,1.13,-1.28,1,26/9/2022
Biscuits,44,6.01,52,60,1.56,2.72,0.78,1,26/9/2022
Water,53,13.15,55,349,4.47,9.95,-1.42,0,25/9/2022
Sauces and Soups,48,10.79,53,357,2.63,5.24,-1.9,0,25/9/2022
Instant Porridge,48,18.74,56,353,4.48,3.62,-1.91,0,25/9/2022
Biscuits,60,6.71,69,488,3.15,3.93,-0.04,1,25/9/2022
Water,56,19.98,62,137,4.73,9.85,1.46,1,24/9/2022
Sauces and Soups,50,8.73,51,216,4.42,3.87,-1.97,0,24/9/2022
Instant Porridge,58,8.2,66,340,1.86,8.26,1.07,0,24/9/2022
Biscuits,41,15.15,47,86,1.26,7.67,-0.29,0,24/9/2022
Water,44,1.88,52,232,1.34,5.79,0.79,0,23/9/2022
Sauces and Soups,58,8.39,63,35,1.71,8.13,-1.78,1,23/9/2022
Instant Porridge,47,17.02,49,94,3.07,8.73,-1.5,1,23/9/2022
Biscuits,45,3.71,53,134,4.83,3.51,1.46,0,23/9/2022
Water,57,11.3,65,214,1.37,5.37,1.47,0,22/9/2022
Sauces and Soups,45,4.49,48,257,4.77,3.15,1.28,0,22/9/2022
Instant Porridge,48,15.55,51,97,2.62,1.9,-0.46,0,22/9/2022
Biscuits,51,12.61,58,308,1.42,8.43,-0.44,1,22/9/2022
Water,57,14,57,259,4.98,8.48,-1.6,0,21/9/2022
Sauces and Soups,38,5.07,40,477,1.23,6.22,0.42,1,21/9/2022
Instant Porridge,50,3.66,57,37,2.91,2.76,-0.41,1,21/9/2022
Biscuits,51,6.79,52,487,3.89,7,-1.88,0,21/9/2022
Water,48,8.35,48,174,1.58,6.62,-1.85,0,20/9/2022
Sauces and Soups,52,16.47,53,304,3.48,4.25,-0.22,0,20/9/2022
Instant Porridge,47,8.17,48,373,0.67,6.13,-1.05,1,20/9/2022
Biscuits,44,8.5,50,318,0.91,2.91,-1.98,0,20/9/2022
Water,44,18.98,49,219,4.35,6.92,1.64,1,19/9/2022
Sauces and Soups,46,18.77,48,287,3.36,5.7,0.2,0,19/9/2022
Instant Porridge,50,2.82,50,407,2.1,9.05,-0.54,1,19/9/2022
Biscuits,47,19.21,53,257,1.03,6.08,0.74,0,19/9/2022
Water,41,2.05,44,135,4.73,9.7,0.1,0,18/9/2022
Sauces and Soups,62,2.45,68,335,4.88,5.78,-0.99,0,18/9/2022
Instant Porridge,44,14.07,45,141,1.65,5.48,1.67,1,18/9/2022
Biscuits,49,3.25,58,468,0.89,7.17,1.23,0,18/9/2022
Water,54,14.61,54,328,4.87,4.38,-0.84,1,17/9/2022
Sauces and Soups,44,1.83,48,357,4.12,8.02,-1.12,1,17/9/2022
Instant Porridge,55,15.88,61,190,1.09,5.64,1.46,1,17/9/2022
Biscuits,48,16.58,48,271,4.38,7.66,1.58,0,17/9/2022
Water,41,1.14,46,201,4.17,6.59,-0.73,0,16/9/2022
Sauces and Soups,52,10.6,54,123,1.63,2.36,1.75,1,16/9/2022
Instant Porridge,49,1.13,51,5,2.08,2.67,1.39,0,16/9/2022
Biscuits,54,16.05,57,397,3.61,4.82,-1.56,0,16/9/2022
Water,49,17.79,55,50,1.25,4.55,1.02,1,15/9/2022
Sauces and Soups,46,15.72,55,59,0.96,4.37,1.1,1,15/9/2022
Instant Porridge,42,9.51,43,211,0.94,8.05,1.69,0,15/9/2022
Biscuits,51,10.13,57,257,0.92,1.07,-0.35,1,15/9/2022
Water,40,17.96,45,190,2.24,7.71,-1.37,0,14/9/2022
Sauces and Soups,48,5.43,50,410,1.05,9.62,-1.66,1,14/9/2022
Instant Porridge,58,7.49,62,232,0.57,5.74,-0.21,1,14/9/2022
Biscuits,39,1.98,44,252,0.66,6.76,0.73,1,14/9/2022
Water,54,5.69,60,410,2.64,3.52,-0.04,1,13/9/2022
Sauces and Soups,45,12.87,53,137,4.96,7.39,-1.9,1,13/9/2022
Instant Porridge,48,1.66,50,282,4.97,4.52,0.33,0,13/9/2022
Biscuits,55,13.19,61,460,3.46,7.8,1.12,1,13/9/2022
Water,55,5.54,59,449,1.64,6.69,-0.06,1,12/9/2022
Sauces and Soups,63,14.88,66,486,1.01,5.85,-1.31,0,12/9/2022
Instant Porridge,52,15.89,55,247,3.62,5.75,-1,1,12/9/2022
Biscuits,56,6.6,64,314,1.01,4.56,0.48,1,12/9/2022
Water,43,9.29,50,211,1.01,2.77,-0.28,0,11/9/2022
Sauces and Soups,46,2.15,49,142,1.65,7.32,1.03,1,11/9/2022
Instant Porridge,50,16.88,58,389,4.08,3.4,-1.13,1,11/9/2022
Biscuits,55,12.02,57,387,4.22,4.45,1.85,0,11/9/2022
Water,38,5.87,41,412,4.73,2.12,0.5,0,10/9/2022
Sauces and Soups,49,10.19,53,353,2.64,7.34,-1.41,0,10/9/2022
Instant Porridge,46,11.03,48,111,0.54,8.03,1.22,0,10/9/2022
Biscuits,49,5.98,53,290,1.36,2.48,1.63,0,10/9/2022
Water,44,16.39,48,22,3.58,2.35,1.57,0,9/9/2022
Sauces and Soups,51,11.24,54,369,4.21,6.24,-0.73,0,9/9/2022
Instant Porridge,57,19.24,63,330,0.51,9.31,-0.05,0,9/9/2022
Biscuits,44,5.9,47,303,3.13,8.3,1.3,1,9/9/2022
Water,49,1.92,53,477,2.67,7.96,-0.84,1,8/9/2022
Sauces and Soups,38,19.66,46,13,2.89,8.48,1.38,0,8/9/2022
Instant Porridge,32,8.31,36,240,3.75,7.63,-1.53,1,8/9/2022
Biscuits,42,13.87,43,379,0.86,7.07,0.92,0,8/9/2022
Water,47,17.72,53,273,1.48,9.86,0.4,1,7/9/2022
Sauces and Soups,47,1.71,54,416,3.18,7.58,1.57,1,7/9/2022
Instant Porridge,45,17.42,51,352,1.56,5.52,-1.42,0,7/9/2022
Biscuits,48,11.63,51,211,2.19,2.81,-0.82,1,7/9/2022
Water,45,8.93,48,296,1.53,9.5,-0.98,1,6/9/2022
Sauces and Soups,55,17.77,59,299,1.15,5.79,0.2,1,6/9/2022
Instant Porridge,42,14.59,42,32,3.12,1.61,0.41,1,6/9/2022
Biscuits,56,16.4,61,389,3.22,6.42,0.84,1,6/9/2022
Water,67,13.8,70,63,4.62,3.29,0.28,1,5/9/2022
Sauces and Soups,68,8.9,73,42,3.24,2.51,1.38,0,5/9/2022
Instant Porridge,49,19.92,54,412,0.96,8.36,1.55,0,5/9/2022
Biscuits,58,16.35,63,321,0.8,1.61,0.85,0,5/9/2022
Water,40,12.47,44,128,4.5,9.31,-1.5,0,4/9/2022
Sauces and Soups,49,15.97,54,124,4.8,3.18,0.46,1,4/9/2022
Instant Porridge,41,13.15,43,318,1.35,1.46,1.12,1,4/9/2022
Biscuits,35,7.34,41,216,4.2,8.84,-0.5,0,4/9/2022
Water,56,12.83,65,0,4.96,9,-0.29,1,3/9/2022
Sauces and Soups,53,12.27,56,485,3.35,9.91,0.66,0,3/9/2022
Instant Porridge,39,14.67,44,274,3.59,5.29,0.76,0,3/9/2022
Biscuits,54,18.17,63,33,3.42,8.58,-1.57,0,3/9/2022
Water,52,9.54,54,61,1.82,3.65,1.49,1,2/9/2022
Sauces and Soups,48,9.79,52,448,1.22,5.62,-0.06,0,2/9/2022
Instant Porridge,54,18.52,54,407,2.04,8.9,1.15,1,2/9/2022
Biscuits,56,19.95,59,353,1.69,2.92,0.29,1,2/9/2022
Water,40,13.33,40,194,2.82,3.07,-0.52,0,1/9/2022
Sauces and Soups,40,10.03,41,130,3.5,2.78,1.91,1,1/9/2022
Instant Porridge,44,4.43,44,194,4.06,1.08,0.83,1,1/9/2022
Biscuits,49,16.9,56,461,4.17,6.99,-1.42,0,1/9/2022
Water,49,4.64,50,346,2.25,9.62,-0.5,1,31/8/2022
Sauces and Soups,60,5.78,65,343,1.69,2.9,0.75,0,31/8/2022
Instant Porridge,58,11.2,64,488,2.76,9.6,1.5,0,31/8/2022
Biscuits,36,16.16,43,215,4.18,5.18,-1.67,1,31/8/2022
Water,63,16.93,66,486,4.6,8.1,0.87,1,30/8/2022
Sauces and Soups,52,8.9,52,191,4.97,2.78,-1.95,1,30/8/2022
Instant Porridge,56,8.12,62,133,1.96,4.74,1.17,1,30/8/2022
Biscuits,45,9.81,51,426,2.02,7.42,0.34,1,30/8/2022
Water,55,12.46,55,269,2.97,8.29,-1.32,1,29/8/2022
Sauces and Soups,40,5.96,46,2,2.83,5.87,1.33,1,29/8/2022
Instant Porridge,41,18.94,48,279,2.09,1.94,0.38,1,29/8/2022
Biscuits,49,18.79,50,233,3,9.55,-1.17,1,29/8/2022
Water,53,19.47,60,298,2.48,7.27,-0.3,0,28/8/2022
Sauces and Soups,47,15.66,47,63,2.74,1.04,-1.2,0,28/8/2022
Instant Porridge,60,4.05,62,272,3.48,3.63,-1.43,0,28/8/2022
Biscuits,58,15.01,62,122,2.14,1.03,-1.84,0,28/8/2022
Water,57,9.68,63,175,4.25,6.91,0.57,0,27/8/2022
Sauces and Soups,36,3.55,44,144,0.66,7.93,-0.58,1,27/8/2022
Instant Porridge,47,5.66,52,294,1.92,2.34,1.91,1,27/8/2022
Biscuits,52,2.13,57,494,0.92,3.11,1.55,1,27/8/2022
Water,60,9.36,67,89,2.77,9.61,0.71,0,26/8/2022
Sauces and Soups,57,14.82,60,193,4.55,4.7,0.27,1,26/8/2022
Instant Porridge,51,4.01,60,286,1.28,7.88,0.8,0,26/8/2022
Biscuits,45,19.85,50,246,4.64,6.08,0.82,0,26/8/2022
Water,51,15.67,53,28,1.75,4.59,1.08,1,25/8/2022
Sauces and Soups,54,11.32,61,308,1.01,6.06,-0.21,1,25/8/2022
Instant Porridge,46,16.02,52,314,3.24,1.66,-0.11,0,25/8/2022
Biscuits,49,11.44,55,492,1.09,8.43,1.15,1,25/8/2022
Water,50,11.75,56,251,3.78,1.73,0.35,1,24/8/2022
Sauces and Soups,54,17.01,63,448,2.08,5.24,0.3,1,24/8/2022
Instant Porridge,62,19.86,67,329,0.53,1.62,0.39,1,24/8/2022
Biscuits,43,3.04,50,366,1.52,7.27,1.55,1,24/8/2022
Water,44,4.22,48,129,2.29,9.36,0.79,1,23/8/2022
Sauces and Soups,64,17.89,64,473,0.89,3.14,-1.65,0,23/8/2022
Instant Porridge,42,4.34,51,184,4.82,6.3,1.79,0,23/8/2022
Biscuits,50,13.02,51,39,2.88,2.9,-0.89,1,23/8/2022
Water,46,5.69,50,238,4.46,6.21,-1.92,1,22/8/2022
Sauces and Soups,52,11.6,53,216,0.79,9.23,1.55,1,22/8/2022
Instant Porridge,56,10.1,62,293,4.15,5.97,-0.44,1,22/8/2022
Biscuits,52,2.96,61,65,4.27,8.4,-0.34,1,22/8/2022
Water,53,7.8,61,440,1.25,2.72,-1.64,0,21/8/2022
Sauces and Soups,42,11.49,43,172,2.94,2.26,0.97,1,21/8/2022
Instant Porridge,53,1.29,56,383,1.11,1.99,1.82,1,21/8/2022
Biscuits,56,17.34,58,310,3.33,2.78,-0.33,0,21/8/2022
Water,53,2.6,57,459,3.3,2.34,1.38,1,20/8/2022
Sauces and Soups,67,19.94,71,322,1.41,4.13,0.99,0,20/8/2022
Instant Porridge,56,17.79,65,372,1.39,2.46,1.13,0,20/8/2022
Biscuits,50,6.35,57,173,3.54,7.6,0.97,0,20/8/2022
Water,55,19.68,62,413,1.56,4.12,1.58,0,19/8/2022
Sauces and Soups,59,10.69,64,368,0.77,4.29,-1.97,0,19/8/2022
Instant Porridge,54,18.75,63,399,3.09,6.94,0.52,0,19/8/2022
Biscuits,38,3.2,43,4,3.24,9.65,-0.57,1,19/8/2022
Water,58,6.26,65,286,4.27,9.74,-1.82,1,18/8/2022
Sauces and Soups,57,3.11,65,58,2.58,3.94,-1.23,0,18/8/2022
Instant Porridge,58,4.94,64,414,0.63,8.73,-1.86,1,18/8/2022
Biscuits,53,5.95,57,0,4.16,6.63,1.58,0,18/8/2022
Water,61,1.45,69,54,4.64,8.86,-1.66,1,17/8/2022
Sauces and Soups,50,12.3,58,111,1.54,5.05,0.5,1,17/8/2022
Instant Porridge,55,6.95,57,369,3.53,9.93,1.1,1,17/8/2022
Biscuits,43,10.37,51,137,4.16,8.4,1.2,1,17/8/2022
Water,46,2.38,48,114,2.49,3.66,-0.03,0,16/8/2022
Sauces and Soups,48,10.61,55,124,4.42,8.54,-0.72,0,16/8/2022
Instant Porridge,57,8.59,64,72,3.65,6.89,-0.45,0,16/8/2022
Biscuits,53,17.5,59,54,4.05,9.35,-1.05,0,16/8/2022
Water,40,11.64,43,298,2.76,6.67,0.98,0,15/8/2022
Sauces and Soups,44,3.55,45,172,0.65,4.86,0.66,1,15/8/2022
Instant Porridge,58,16.35,58,229,3.24,6.16,1.13,0,15/8/2022
Biscuits,45,11.87,45,389,0.59,5.67,1.97,0,15/8/2022
Water,45,18.83,46,429,4.42,2.83,-0.29,1,14/8/2022
Sauces and Soups,50,5.43,51,73,0.85,1.74,0.13,1,14/8/2022
Instant Porridge,47,17.74,56,78,1.35,1.28,-1.7,1,14/8/2022
Biscuits,57,11.51,59,459,1.12,6.62,1.24,1,14/8/2022
Water,46,7.32,52,109,1.52,1.75,-1.51,1,13/8/2022
Sauces and Soups,44,19.97,49,276,1.32,6.54,-0.08,0,13/8/2022
Instant Porridge,57,18.23,57,439,0.97,6.59,1.17,1,13/8/2022
Biscuits,44,13.23,50,0,4.31,9.42,0.62,1,13/8/2022
Water,54,15.22,62,403,2.32,4.1,-0.05,0,12/8/2022
Sauces and Soups,45,17.3,54,467,1.85,5.45,-1.26,0,12/8/2022
Instant Porridge,55,11.54,64,47,4.59,9.46,-1,1,12/8/2022
Biscuits,40,8.39,42,376,0.9,2.04,-1.77,1,12/8/2022
Water,60,15.36,63,315,1.58,5.31,0.26,0,11/8/2022
Sauces and Soups,44,8.32,49,416,4.84,5.57,1.43,0,11/8/2022
Instant Porridge,57,10.24,60,416,4.52,4.2,1.64,1,11/8/2022
Biscuits,55,12.72,62,25,1.51,9.87,-1.97,0,11/8/2022
Water,47,18.31,56,238,0.56,1.36,1.03,0,10/8/2022
Sauces and Soups,51,17.85,52,372,2.01,8.76,-1.13,0,10/8/2022
Instant Porridge,57,14.19,62,187,3.63,8.08,-0.12,0,10/8/2022
Biscuits,51,17.45,51,202,0.87,4.15,-1.49,0,10/8/2022
Water,50,10.44,52,399,2.34,7.43,-1.69,0,9/8/2022
Sauces and Soups,45,7.33,53,407,0.81,2.51,-1.98,0,9/8/2022
Instant Porridge,44,8.3,46,325,4.36,4.02,-0.52,0,9/8/2022
Biscuits,48,17.03,49,277,3.64,3.61,-1.82,1,9/8/2022
Water,49,9.25,51,457,2.81,6.4,1.26,1,8/8/2022
Sauces and Soups,50,1.84,59,254,2.89,5.19,0.23,1,8/8/2022
Instant Porridge,46,10.68,53,172,1.69,1.4,1.48,1,8/8/2022
Biscuits,46,16.86,48,97,2.4,5.09,-1.81,0,8/8/2022
Water,56,2.29,56,186,2.18,6.21,1.45,1,7/8/2022
Sauces and Soups,51,14.33,57,416,0.94,3.63,-1.55,0,7/8/2022
Instant Porridge,36,18.21,37,344,2.92,5.13,-0.44,1,7/8/2022
Biscuits,48,1.94,51,69,1.32,5.71,-1.89,0,7/8/2022
Water,40,8.41,46,125,3.86,8.04,0.73,0,6/8/2022
Sauces and Soups,51,18.47,53,498,3.44,5.03,-1.18,1,6/8/2022
Instant Porridge,59,13.84,68,90,4.92,6.75,0.58,0,6/8/2022
Biscuits,59,18.67,68,386,4.78,5.24,-0.39,1,6/8/2022
Water,45,3.47,53,81,2.05,6.9,-1.4,0,5/8/2022
Sauces and Soups,40,9.03,40,213,2.12,8.96,-1.6,1,5/8/2022
Instant Porridge,48,6.8,57,256,1.93,9.86,-0.91,0,5/8/2022
Biscuits,55,14.69,63,351,3.12,7.8,0.41,0,5/8/2022
Water,57,19.34,64,134,3.88,9.44,-1.31,1,4/8/2022
Sauces and Soups,62,15.04,69,189,3.09,8.58,-0.89,0,4/8/2022
Instant Porridge,43,15.37,48,288,2.79,3.03,-1.6,1,4/8/2022
Biscuits,40,4.21,44,478,0.69,3.63,-0.62,0,4/8/2022
Water,57,9.56,66,56,1.67,9.24,-1.92,0,3/8/2022
Sauces and Soups,65,8.63,74,49,2.69,6.98,1.68,1,3/8/2022
Instant Porridge,57,12.96,62,139,4.29,2.62,-0.8,0,3/8/2022
Biscuits,48,17.76,53,478,3.34,7.04,0.21,1,3/8/2022
Water,32,16.98,33,287,3.38,9.64,0.63,0,2/8/2022
Sauces and Soups,46,1.41,53,31,1.66,3.86,-1.46,1,2/8/2022
Instant Porridge,50,12.14,55,415,3.18,4.98,0.42,0,2/8/2022
Biscuits,40,10.39,46,56,1.27,6.69,0.04,0,2/8/2022
Water,54,5.42,62,331,1.4,8.21,-0.34,1,1/8/2022
Sauces and Soups,49,13.31,55,456,3.46,3.2,1.31,1,1/8/2022
Instant Porridge,46,12.39,53,205,4.25,4.95,0.14,0,1/8/2022
Biscuits,64,19.87,71,188,2.19,8.76,1.63,1,1/8/2022
Water,39,8.95,48,178,3.16,4.86,1.94,1,31/7/2022
Sauces and Soups,52,12.12,58,484,0.55,9.01,0.52,0,31/7/2022
Instant Porridge,53,16.12,55,282,3.36,5.83,-1.4,1,31/7/2022
Biscuits,48,17.76,54,355,0.9,5.77,-1.64,1,31/7/2022
Water,41,2.56,49,161,2.99,8.33,-1.57,0,30/7/2022
Sauces and Soups,53,2.5,61,302,1.95,6.75,-1.13,0,30/7/2022
Instant Porridge,52,18.59,59,200,3.68,5.57,-1.51,1,30/7/2022
Biscuits,58,2.3,62,87,2.65,4.92,-0.11,0,30/7/2022
Water,40,1.86,41,279,3.72,5.31,-0.66,0,29/7/2022
Sauces and Soups,61,4.64,63,326,1.27,1.85,0.43,1,29/7/2022
Instant Porridge,46,16.7,54,429,4.01,2.15,-1.56,0,29/7/2022
Biscuits,42,14.21,47,323,0.95,9.27,0.89,1,29/7/2022
Water,65,19.86,71,215,3.02,3.29,0.76,1,28/7/2022
Sauces and Soups,49,2.85,54,24,3.34,1.93,-1.25,1,28/7/2022
Instant Porridge,45,2.02,51,232,2.02,8.02,-1.59,1,28/7/2022
Biscuits,51,17.81,57,29,4.58,6.82,-0.82,1,28/7/2022
Water,51,16.78,60,401,3.41,9.88,0.39,1,27/7/2022
Sauces and Soups,35,3.6,38,474,2.96,5.16,-1.33,1,27/7/2022
Instant Porridge,63,7.33,72,35,0.57,3.99,-1.63,0,27/7/2022
Biscuits,54,5.04,55,400,2.31,8.82,-1.47,0,27/7/2022
Water,54,9.4,56,167,2.4,2.88,1.11,0,26/7/2022
Sauces and Soups,53,7.7,62,392,3.88,8.75,-1.26,1,26/7/2022
Instant Porridge,45,8.69,49,348,3.99,1.58,-0.18,1,26/7/2022
Biscuits,52,16.34,59,459,2.09,7.92,0.04,1,26/7/2022
Water,51,19.87,56,193,0.57,8.7,0.31,0,25/7/2022
Sauces and Soups,44,17.7,53,50,4.72,2.51,1.13,1,25/7/2022
Instant Porridge,52,14.42,54,156,2.55,2.65,-0.5,0,25/7/2022
Biscuits,50,3.84,56,444,1.32,5.99,1.74,1,25/7/2022
Water,50,8.64,51,497,2.79,2.39,1.76,0,24/7/2022
Sauces and Soups,42,18.41,48,396,1.87,9.96,1.33,1,24/7/2022
Instant Porridge,47,18.34,52,440,3.69,7.99,-0.41,1,24/7/2022
Biscuits,57,6.2,57,235,4.64,3.54,1.5,1,24/7/2022
Water,50,1.84,54,79,4.43,8.16,1.87,0,23/7/2022
Sauces and Soups,44,8.25,47,265,2,1.56,1.25,0,23/7/2022
Instant Porridge,47,12.02,54,390,1.93,5.81,1.35,1,23/7/2022
Biscuits,49,1.21,55,25,4.34,4.91,-0.96,0,23/7/2022
Water,52,7.19,56,16,1.49,7.63,1.01,1,22/7/2022
Sauces and Soups,55,8.69,59,206,4.56,3.13,0.3,1,22/7/2022
Instant Porridge,45,9.35,48,397,3.47,4.33,-0.08,1,22/7/2022
Biscuits,47,7.54,53,476,0.59,2.55,0,1,22/7/2022
Water,49,13.06,53,453,3.17,5.23,1.32,0,21/7/2022
Sauces and Soups,48,13.15,55,136,3.66,2.21,-0.28,0,21/7/2022
Instant Porridge,53,10.47,57,91,0.81,8.59,-1.93,1,21/7/2022
Biscuits,40,12.4,44,124,4.05,8.32,-0.29,1,21/7/2022
Water,45,9.97,53,376,2.49,2.54,-1.23,1,20/7/2022
Sauces and Soups,43,6.18,46,373,4.43,5.6,1.42,1,20/7/2022
Instant Porridge,36,3.05,39,129,0.62,7.25,-1.47,0,20/7/2022
Biscuits,53,2.7,60,143,1.9,1.2,1.39,0,20/7/2022
Water,60,3.65,66,414,0.7,1.11,-0.69,0,19/7/2022
Sauces and Soups,47,5.66,48,309,2.11,9.68,0.76,1,19/7/2022
Instant Porridge,48,14.07,57,167,4.92,2.35,1.73,1,19/7/2022
Biscuits,46,9.25,50,100,4.92,3.35,0.87,0,19/7/2022
Water,55,10.57,63,486,4.98,4.39,-2,0,18/7/2022
Sauces and Soups,56,4.68,58,209,3.31,2.77,0.96,0,18/7/2022
Instant Porridge,50,8.17,51,283,0.62,8.05,1.68,0,18/7/2022
Biscuits,44,18.48,51,92,3.98,3.99,-1.26,0,18/7/2022
Water,60,7.97,67,376,2.36,7.63,-0.17,0,17/7/2022
Sauces and Soups,66,2.13,71,355,1.74,4.87,-1.95,0,17/7/2022
Instant Porridge,62,3.91,63,242,1.91,5.25,-0.02,0,17/7/2022
Biscuits,59,7.09,65,91,2.44,7.9,1.78,1,17/7/2022
Water,50,10.34,51,461,3.66,4.78,-0.64,0,16/7/2022
Sauces and Soups,44,14.53,50,155,4.46,4.6,0.51,0,16/7/2022
Instant Porridge,58,9.42,66,225,4.49,9.1,-0.23,0,16/7/2022
Biscuits,42,2.07,46,210,2.32,7.71,1.62,1,16/7/2022
Water,60,5.58,66,80,0.86,2.25,-1.53,1,15/7/2022
Sauces and Soups,56,14.32,57,147,2.68,7.37,0.77,0,15/7/2022
Instant Porridge,45,6.9,48,182,4.93,2.73,0.18,0,15/7/2022
Biscuits,56,6.39,60,364,3.04,5.62,-0.29,0,15/7/2022
Water,53,3.13,60,404,3.83,4.23,-0.29,0,14/7/2022
Sauces and Soups,42,9.37,45,308,4.9,6.71,-0.02,1,14/7/2022
Instant Porridge,59,2.08,63,7,1.16,3.42,-1.75,0,14/7/2022
Biscuits,50,16.23,55,363,4.17,3.52,1.91,1,14/7/2022
Water,47,13.32,56,17,3.85,8.11,-1.21,0,13/7/2022
Sauces and Soups,53,7.84,53,330,3.39,9.43,-0.45,1,13/7/2022
Instant Porridge,52,16.57,61,299,2.19,2.28,-1.78,1,13/7/2022
Biscuits,53,18.07,55,215,2.28,6.35,0.74,1,13/7/2022
Water,57,10.75,58,330,0.54,1.06,-1.72,1,12/7/2022
Sauces and Soups,55,11.8,60,494,1.82,9.66,1.9,1,12/7/2022
Instant Porridge,64,7.3,68,176,3.44,9.47,1.75,0,12/7/2022
Biscuits,42,17.17,44,364,1.91,5.99,-1.24,1,12/7/2022
Water,53,1.96,57,305,3.02,8.04,-0.82,1,11/7/2022
Sauces and Soups,34,13.31,42,392,1.71,5.61,0.38,1,11/7/2022
Instant Porridge,54,15.49,59,408,4.55,5.39,1.39,1,11/7/2022
Biscuits,38,1.93,45,293,1.53,7.79,0.57,0,11/7/2022
Water,49,17.78,49,410,0.97,6.18,-1.13,1,10/7/2022
Sauces and Soups,51,10.88,57,101,1.04,7.26,0.68,0,10/7/2022
Instant Porridge,49,10.04,53,429,3.26,9.55,-1.24,1,10/7/2022
Biscuits,45,12.11,45,398,3.18,6.21,1.39,0,10/7/2022
Water,54,5.2,60,166,1.03,6.01,0.16,1,9/7/2022
Sauces and Soups,43,10.17,51,111,0.67,6.28,-1.15,0,9/7/2022
Instant Porridge,46,4.16,50,120,2.23,2.04,0.02,0,9/7/2022
Biscuits,47,11.63,56,104,4.02,4.22,-1.55,1,9/7/2022
Water,53,19.57,55,9,1.61,2.16,-0.25,0,8/7/2022
Sauces and Soups,40,5.04,40,417,2.78,3.7,1.11,0,8/7/2022
Instant Porridge,40,8,49,399,2.38,7.66,1.94,0,8/7/2022
Biscuits,67,5.6,71,296,4.35,2.19,-1.15,0,8/7/2022
Water,53,2.86,58,282,2.01,7.65,1.64,1,7/7/2022
Sauces and Soups,53,1.02,53,310,2.18,4.84,-1.63,1,7/7/2022
Instant Porridge,51,11.65,60,147,0.87,3.34,-0.13,1,7/7/2022
Biscuits,47,14.01,47,476,3.04,6.65,-0.87,1,7/7/2022
Water,59,11.11,62,155,0.54,9.71,0.66,1,6/7/2022
Sauces and Soups,48,9.19,57,499,2.4,6.76,-0.85,1,6/7/2022
Instant Porridge,54,5.31,62,437,4.75,2.74,0.93,0,6/7/2022
Biscuits,57,7.77,66,141,3.4,3.04,0.7,0,6/7/2022
Water,49,4.03,51,230,3.57,8.95,1.83,1,5/7/2022
Sauces and Soups,50,3.51,57,443,4.84,1.8,-0.49,1,5/7/2022
Instant Porridge,54,8.15,55,298,4.94,9.56,0.39,1,5/7/2022
Biscuits,38,11.79,47,489,2.94,2.42,-1.28,0,5/7/2022
Water,41,16.26,44,216,4.72,4.95,0.04,1,4/7/2022
Sauces and Soups,49,9.04,57,84,1.39,3.12,1.17,0,4/7/2022
Instant Porridge,51,13.2,56,3,1.77,8.75,-0.92,1,4/7/2022
Biscuits,41,4.05,41,183,2.58,1.52,0.63,0,4/7/2022
Water,52,7.53,60,78,4.13,5.12,0.46,1,3/7/2022
Sauces and Soups,65,9.76,65,448,3.89,6.31,-1.9,1,3/7/2022
Instant Porridge,52,8.8,57,359,2.07,8.7,-0.88,0,3/7/2022
Biscuits,49,8.98,49,375,3.89,6.96,1.4,0,3/7/2022
Water,56,8.77,59,318,2.19,8.03,1.92,1,2/7/2022
Sauces and Soups,57,7.13,60,135,3.98,6.44,1.34,0,2/7/2022
Instant Porridge,59,9.73,63,108,2.46,6.44,0.56,0,2/7/2022
Biscuits,42,12.99,43,14,2.12,2.9,-0.24,0,2/7/2022
Water,44,5.12,44,356,4.44,9.64,1.11,0,1/7/2022
Sauces and Soups,47,4.22,56,411,3.38,9.73,1.64,0,1/7/2022
Instant Porridge,40,4.47,48,152,2.76,6.17,-0.36,1,1/7/2022
Biscuits,45,3.41,50,426,3.79,6.85,-1.89,1,1/7/2022
Water,55,11.35,55,248,1.15,4.71,0.16,0,30/6/2022
Sauces and Soups,35,11.61,35,156,3.32,7.14,0.79,0,30/6/2022
Instant Porridge,49,6.41,49,22,2.15,2.97,0.39,1,30/6/2022
Biscuits,57,5.45,64,180,0.57,3.85,-1.41,0,30/6/2022
Water,55,15.94,56,453,4.58,6.93,0.37,0,29/6/2022
Sauces and Soups,49,11.26,53,295,4.7,8.62,-1.73,0,29/6/2022
Instant Porridge,47,7.97,55,136,2.54,3.26,1.91,0,29/6/2022
Biscuits,44,12.86,46,497,3.16,2.05,1.44,1,29/6/2022
Water,50,14.33,57,366,2.52,8.75,0.3,1,28/6/2022
Sauces and Soups,35,9.77,43,101,4.25,5.31,-1.67,1,28/6/2022
Instant Porridge,53,6.24,62,308,3.67,5.56,-1.87,1,28/6/2022
Biscuits,54,7.55,62,423,1.95,6.38,0.93,1,28/6/2022
Water,61,13.53,64,447,2.54,4.86,1.6,1,27/6/2022
Sauces and Soups,51,5.25,54,476,4.18,7.71,-1.75,0,27/6/2022
Instant Porridge,50,14.07,57,215,3.38,1.44,1.06,1,27/6/2022
Biscuits,44,19.04,50,24,2.22,9.11,1.85,0,27/6/2022
Water,45,18.51,49,423,0.99,2.97,-1.23,1,26/6/2022
Sauces and Soups,42,2.89,43,297,1.87,6.6,-0.79,0,26/6/2022
Instant Porridge,44,19.2,49,221,4,3.92,0.28,1,26/6/2022
Biscuits,71,16.69,74,47,3.67,5.56,-0.01,1,26/6/2022
Water,38,16.9,46,92,1.03,9.29,-0.83,0,25/6/2022
Sauces and Soups,50,7.82,55,1,3.27,9.46,0.96,0,25/6/2022
Instant Porridge,51,18.83,59,247,0.78,5.34,-0.55,0,25/6/2022
Biscuits,53,10.94,59,179,3.63,5.27,0.02,1,25/6/2022
Water,59,2.39,65,242,2.96,5.27,-0.21,0,24/6/2022
Sauces and Soups,42,7.19,49,499,1.2,7.31,-0.26,0,24/6/2022
Instant Porridge,48,18.46,51,104,1.51,3.02,-0.34,1,24/6/2022
Biscuits,53,3.6,62,51,1.14,1.49,0.09,1,24/6/2022
Water,31,17.84,36,440,2.77,6.61,0.22,0,23/6/2022
Sauces and Soups,49,1.42,51,452,1.31,9.62,-1.41,1,23/6/2022
Instant Porridge,53,16.59,60,225,2.09,6.18,-0.51,1,23/6/2022
Biscuits,55,3.26,62,263,1.31,3.97,-1.51,1,23/6/2022
Water,51,1.62,51,218,4.21,8.78,-0.26,0,22/6/2022
Sauces and Soups,42,13.56,42,174,4.5,2.28,-1.21,1,22/6/2022
Instant Porridge,63,14.28,71,121,4.65,9.87,-1.37,0,22/6/2022
Biscuits,50,14.62,50,351,2.51,5.17,-0.98,0,22/6/2022
Water,51,12.97,57,39,1.32,3.4,1.62,0,21/6/2022
Sauces and Soups,48,12.76,48,440,4.94,5.68,-0.09,0,21/6/2022
Instant Porridge,59,5.62,59,129,3.47,1.51,0.43,0,21/6/2022
Biscuits,58,10.81,65,76,1.71,1.92,0.15,0,21/6/2022
Water,54,5.3,59,443,3.21,6.25,0.45,0,20/6/2022
Sauces and Soups,56,17.63,60,433,4.22,3.21,-0.84,1,20/6/2022
Instant Porridge,38,3.72,43,362,4.17,5.74,1.45,0,20/6/2022
Biscuits,48,3.24,51,489,4.04,4.06,0.06,1,20/6/2022
Water,47,17.09,53,450,1.12,5.26,-0.84,1,19/6/2022
Sauces and Soups,58,6.44,67,250,4.35,6.14,-1.42,1,19/6/2022
Instant Porridge,54,9.75,61,494,0.53,3.54,1.13,0,19/6/2022
Biscuits,52,11.29,60,352,2.5,5.7,0.99,0,19/6/2022
Water,41,15.29,45,391,2.88,4.63,-1.74,1,18/6/2022
Sauces and Soups,50,19.27,53,428,0.82,5.33,-0.85,1,18/6/2022
Instant Porridge,62,5.39,63,296,3.28,8.2,-0.77,1,18/6/2022
Biscuits,51,4.48,58,250,3.87,8.55,1.53,0,18/6/2022
Water,45,13.73,52,362,4.12,7.82,0.5,0,17/6/2022
Sauces and Soups,53,17.84,53,410,3.18,9.88,1.85,1,17/6/2022
Instant Porridge,69,18.89,74,25,2.53,3.32,1.89,1,17/6/2022
Biscuits,42,10.68,49,461,2.01,3.91,0.41,0,17/6/2022
Water,40,12.54,49,422,4.28,9.97,-0.14,0,16/6/2022
Sauces and Soups,68,3.1,72,270,1.23,6.05,1.06,0,16/6/2022
Instant Porridge,48,16.29,54,319,4.58,5.87,1.74,0,16/6/2022
Biscuits,56,16.63,56,457,0.85,5.02,-0.61,1,16/6/2022
Water,51,8.52,59,349,1.38,7.45,0.48,0,15/6/2022
Sauces and Soups,62,14.15,66,15,4.34,6.63,-0.25,0,15/6/2022
Instant Porridge,48,16.56,57,237,3.09,4.42,1.66,1,15/6/2022
Biscuits,39,18.12,45,338,2.35,4.46,1.32,0,15/6/2022
Water,44,13.12,44,197,1.48,2.51,0.22,1,14/6/2022
Sauces and Soups,40,11.07,49,211,4.33,3.14,-0.74,1,14/6/2022
Instant Porridge,52,3.55,60,292,1.96,8.67,-1.18,0,14/6/2022
Biscuits,46,17.48,47,101,0.88,7.07,-0.28,0,14/6/2022
Water,43,6.23,51,96,3.84,7.01,-1.85,1,13/6/2022
Sauces and Soups,41,13.38,46,462,1.82,4.22,1.78,0,13/6/2022
Instant Porridge,45,2.26,45,239,4.65,6.26,1.91,1,13/6/2022
Biscuits,48,9.67,52,404,4.01,6.52,-0.03,1,13/6/2022
Water,57,15.65,66,328,2.79,5.1,-0.87,1,12/6/2022
Sauces and Soups,49,14.75,55,114,4.76,5.56,1.65,0,12/6/2022
Instant Porridge,62,1.53,66,3,3.35,7.92,-0.74,1,12/6/2022
Biscuits,62,5.99,69,173,4.34,7.59,-1.6,1,12/6/2022
Water,60,5.19,62,167,2.96,2.68,1.4,0,11/6/2022
Sauces and Soups,46,18.83,52,302,3.93,3.63,-0.56,1,11/6/2022
Instant Porridge,56,10.56,57,465,4.56,5.62,0.35,1,11/6/2022
Biscuits,39,18.78,39,229,4.28,9.44,0.43,0,11/6/2022
Water,45,17.78,53,398,2.72,2.22,-0.92,0,10/6/2022
Sauces and Soups,50,10.98,53,80,1.66,9.5,-1.68,0,10/6/2022
Instant Porridge,50,13.69,52,455,2.06,4.08,-1.3,0,10/6/2022
Biscuits,65,5.56,72,319,1.14,1.17,-0.16,1,10/6/2022
Water,42,19.79,47,455,0.84,6.39,-0.85,1,9/6/2022
Sauces and Soups,50,10.1,53,119,0.66,8.8,-0.82,1,9/6/2022
Instant Porridge,58,17.81,58,464,3.79,5.38,0.83,1,9/6/2022
Biscuits,44,15.55,53,3,2.41,3.53,1.6,1,9/6/2022
Water,49,19.02,53,305,4.54,6.73,-0.84,0,8/6/2022
Sauces and Soups,43,11.84,45,477,3.71,5.72,-1.93,1,8/6/2022
Instant Porridge,44,17.41,47,376,1.38,3.46,0.64,0,8/6/2022
Biscuits,55,11.22,58,248,3.36,7.5,1.06,0,8/6/2022
Water,52,17.53,60,409,4.21,1.39,-1.49,0,7/6/2022
Sauces and Soups,57,6.89,60,396,2.54,5.64,0.68,0,7/6/2022
Instant Porridge,60,7.64,66,107,2.88,5.85,0.23,1,7/6/2022
Biscuits,35,17.63,41,286,1.34,9.05,0.29,0,7/6/2022
Water,55,18.96,63,405,1.53,6.89,0.76,1,6/6/2022
Sauces and Soups,50,19.14,55,133,2.93,9.81,-0.41,0,6/6/2022
Instant Porridge,56,8.74,62,444,1.09,6.68,0.41,0,6/6/2022
Biscuits,62,16.93,68,330,2.69,7.49,-1.37,1,6/6/2022
Water,43,9.6,48,452,0.92,7.82,-1.79,0,5/6/2022
Sauces and Soups,52,5.83,61,0,4.79,8.66,0.08,0,5/6/2022
Instant Porridge,46,17.51,46,255,2.67,5.39,1.41,0,5/6/2022
Biscuits,58,4.43,63,327,2.49,7.05,0.33,0,5/6/2022
Water,48,19.36,48,233,4.3,6.79,0.99,1,4/6/2022
Sauces and Soups,50,2.02,54,130,4.48,2.71,-1.23,0,4/6/2022
Instant Porridge,72,3.46,72,141,4.7,1.06,1.13,1,4/6/2022
Biscuits,56,7.26,64,362,3.6,9.76,-0.47,0,4/6/2022
Water,53,16.67,60,216,2.51,3.4,2,1,3/6/2022
Sauces and Soups,48,6.96,50,445,4.09,2.26,-1.09,1,3/6/2022
Instant Porridge,52,2.2,55,338,3.52,2.94,-1.12,0,3/6/2022
Biscuits,44,15.63,45,238,4.25,2.03,1.32,1,3/6/2022
Water,35,11.76,37,96,4.8,9.55,1.83,0,2/6/2022
Sauces and Soups,52,9.21,55,378,4.01,1.98,-1.58,1,2/6/2022
Instant Porridge,53,19.54,56,357,1.97,3.94,0.88,1,2/6/2022
Biscuits,50,18.43,53,438,2.91,8.68,-1.14,1,2/6/2022
Water,47,11.93,47,322,2.16,2.55,0.72,0,1/6/2022
Sauces and Soups,60,9.31,65,23,1.82,2.36,-0.64,1,1/6/2022
Instant Porridge,52,12.63,56,179,3.99,8.96,1.97,0,1/6/2022
Biscuits,48,4.94,51,124,3.88,4.67,0.23,1,1/6/2022
Water,55,6.76,59,37,0.79,3.15,0.28,0,31/5/2022
Sauces and Soups,44,16.96,46,338,4.91,8.37,-1.24,1,31/5/2022
Instant Porridge,52,16.25,52,140,3.73,2.36,-0.95,1,31/5/2022
Biscuits,38,2.82,42,460,2.85,1.77,1.32,1,31/5/2022
Water,47,4.37,55,150,3.43,9.51,-1.86,1,30/5/2022
Sauces and Soups,51,6.09,58,379,4.96,2.87,-1.12,1,30/5/2022
Instant Porridge,57,19.9,62,410,1.39,4.91,-1.82,0,30/5/2022
Biscuits,51,3.96,51,314,2.04,3.11,0.14,1,30/5/2022
Water,58,9.04,61,368,1.43,2.56,1,1,29/5/2022
Sauces and Soups,47,6.84,53,419,3.96,6.89,-0.6,1,29/5/2022
Instant Porridge,38,7.43,40,482,3.97,3.37,0.65,1,29/5/2022
Biscuits,54,2.98,55,50,0.81,5.18,1.29,0,29/5/2022
Water,55,17.73,56,182,1.69,4.84,-0.8,0,28/5/2022
Sauces and Soups,52,1.78,56,432,1.94,7.9,0.22,0,28/5/2022
Instant Porridge,65,2.16,68,299,3.91,8.97,-0.67,1,28/5/2022
Biscuits,42,8.78,44,482,0.84,8.45,-0.55,0,28/5/2022
Water,63,19.3,69,394,4.98,3.74,0.5,1,27/5/2022
Sauces and Soups,45,10.24,48,209,0.73,2.63,1.23,0,27/5/2022
Instant Porridge,52,14.52,53,442,4.21,5.52,-1.52,0,27/5/2022
Biscuits,45,19.49,53,161,3.96,3.69,0.66,0,27/5/2022
Water,47,2.9,55,248,1.03,1.99,-0.78,1,26/5/2022
Sauces and Soups,49,6.89,54,125,4.19,2.55,-0.62,1,26/5/2022
Instant Porridge,46,2.27,46,225,4.29,1.81,-0.68,0,26/5/2022
Biscuits,57,19.18,59,278,2.31,9.82,0.44,0,26/5/2022
Water,38,11.66,45,362,4.94,1.56,1.7,1,25/5/2022
Sauces and Soups,68,11.77,75,223,1.36,4.98,0.43,0,25/5/2022
Instant Porridge,51,12.75,59,22,4.76,8.03,-1.33,1,25/5/2022
Biscuits,47,12.53,51,24,2.78,3.57,-0.69,0,25/5/2022
Water,42,14.02,43,223,3.15,1.71,0.6,1,24/5/2022
Sauces and Soups,52,2.86,60,2,2.15,7.2,0.06,0,24/5/2022
Instant Porridge,52,19.98,58,23,3.84,1.8,0.01,0,24/5/2022
Biscuits,46,15.16,51,247,3.7,2.32,-1.64,0,24/5/2022
Water,58,8.19,61,132,1.51,7.28,-1.36,0,23/5/2022
Sauces and Soups,39,19.78,46,301,4.84,5.1,-0.09,1,23/5/2022
Instant Porridge,47,13.19,52,192,1.7,7.36,-0.6,1,23/5/2022
Biscuits,40,2.12,41,227,2.72,5.93,1.15,0,23/5/2022
Water,56,2.33,57,339,1.32,5.62,-0.01,0,22/5/2022
Sauces and Soups,52,15.79,61,300,4.64,5.84,0.44,1,22/5/2022
Instant Porridge,43,6.36,47,191,4.42,6.14,-0.2,0,22/5/2022
Biscuits,50,10.06,50,271,1.05,3.3,-1.69,1,22/5/2022
Water,40,12.28,45,191,2.56,4.69,-0.58,1,21/5/2022
Sauces and Soups,67,18.76,73,168,2.92,3.5,-1.14,1,21/5/2022
Instant Porridge,50,6.65,51,274,0.7,1.76,1.83,0,21/5/2022
Biscuits,44,1.32,46,212,4.95,3.53,-0.32,0,21/5/2022
Water,66,18.47,73,222,1.33,1.51,-0.22,1,20/5/2022
Sauces and Soups,51,8.52,58,415,4.65,3.87,1.56,0,20/5/2022
Instant Porridge,62,12.35,68,25,2.87,3.37,-1.25,1,20/5/2022
Biscuits,56,5.94,57,275,3.34,9.03,0.6,0,20/5/2022
Water,67,2.51,75,432,4.25,5.55,1.06,0,19/5/2022
Sauces and Soups,57,5.35,66,281,1.83,3.55,-1.4,0,19/5/2022
Instant Porridge,57,16.19,61,165,1.38,3.65,-0.53,1,19/5/2022
Biscuits,50,16.08,55,306,3.18,2.15,0.67,0,19/5/2022
Water,37,12.41,45,429,0.98,6.51,0.99,0,18/5/2022
Sauces and Soups,41,3.9,45,106,1.25,7.96,0.12,0,18/5/2022
Instant Porridge,57,8.82,64,433,3.55,7.36,-0.08,1,18/5/2022
Biscuits,53,4.2,57,300,2.8,5.47,1.81,1,18/5/2022
Water,41,2.62,46,391,4.97,3.19,-1.73,0,17/5/2022
Sauces and Soups,45,15.18,50,483,3.59,6.51,-0.81,0,17/5/2022
Instant Porridge,42,4.16,43,164,4.26,4.54,0.85,0,17/5/2022
Biscuits,55,14.12,55,24,3.45,7.91,0.21,0,17/5/2022
Water,43,18.19,52,174,4.25,5.27,0.07,1,16/5/2022
Sauces and Soups,56,4.16,65,82,2.3,9.6,1.88,0,16/5/2022
Instant Porridge,43,8.08,44,60,3.1,5.89,-0.22,1,16/5/2022
Biscuits,47,9.17,51,25,3.16,7.1,1.6,0,16/5/2022
Water,45,11.55,46,426,2.28,7.49,-1.98,0,15/5/2022
Sauces and Soups,46,10.84,48,456,1.1,4.85,-0.98,1,15/5/2022
Instant Porridge,46,12.06,46,155,3.48,7.65,1.78,1,15/5/2022
Biscuits,49,5.38,50,359,3.5,1.62,1.07,0,15/5/2022
Water,51,19.92,59,428,2.48,5.79,-0.79,0,14/5/2022
Sauces and Soups,69,1.87,78,259,1.4,1.15,-1.74,0,14/5/2022
Instant Porridge,47,11.81,52,7,3.98,8.49,-0.28,0,14/5/2022
Biscuits,43,18.37,51,44,3.45,3.84,-1.58,1,14/5/2022
Water,49,2.05,49,330,2.9,3.52,0.27,1,13/5/2022
Sauces and Soups,41,16.73,42,153,2.21,8.61,0.82,1,13/5/2022
Instant Porridge,53,13.06,61,8,0.66,9.13,0.8,1,13/5/2022
Biscuits,56,8.28,61,21,4.97,9.97,-1.28,1,13/5/2022
Water,52,9.05,59,111,1.16,1.13,1.38,1,12/5/2022
Sauces and Soups,42,12.39,46,71,4.16,6.13,-1.53,0,12/5/2022
Instant Porridge,47,5.43,56,82,2.6,3.57,-0.94,0,12/5/2022
Biscuits,44,14.65,48,137,4.84,3.55,1.67,1,12/5/2022
Water,55,10.58,57,360,4.78,9.46,1.54,0,11/5/2022
Sauces and Soups,40,15.7,47,456,2.53,5.85,1.76,1,11/5/2022
Instant Porridge,63,16.72,65,189,3.97,6.04,0.21,1,11/5/2022
Biscuits,58,12.73,61,436,3.06,1.62,-1.26,1,11/5/2022
Water,44,2.8,51,403,2.45,9.58,1.97,0,10/5/2022
Sauces and Soups,53,16.38,53,411,4.31,9.07,-1.61,1,10/5/2022
Instant Porridge,43,9.94,46,19,1.7,7.14,0.29,0,10/5/2022
Biscuits,56,18.49,56,183,2.86,6.8,0.88,1,10/5/2022
Water,55,3.94,60,13,2.2,1.14,1.18,1,9/5/2022
Sauces and Soups,70,11.75,71,489,4.3,3.23,0.96,1,9/5/2022
Instant Porridge,65,14.56,71,320,2.09,2.14,0.05,1,9/5/2022
Biscuits,52,1.15,58,210,1.41,5.15,-1.91,0,9/5/2022
Water,50,3.45,59,57,4.98,9.62,-2,1,8/5/2022
Sauces and Soups,45,16.68,48,225,2.5,1.27,-0.58,0,8/5/2022
Instant Porridge,50,9.3,57,45,3.14,7.69,1.05,0,8/5/2022
Biscuits,54,6,61,249,4.13,3.28,-1.83,0,8/5/2022
Water,47,12.33,48,113,2.23,3.23,1.49,1,7/5/2022
Sauces and Soups,71,13.74,76,496,0.73,1.81,0.75,0,7/5/2022
Instant Porridge,54,18.31,54,491,3.91,3.24,1.53,0,7/5/2022
Biscuits,46,13.79,54,79,2.83,1.03,-0.01,1,7/5/2022
Water,49,9.21,57,148,4.98,7.69,1.44,0,6/5/2022
Sauces and Soups,42,11.46,51,100,4.51,5.26,-0.79,0,6/5/2022
Instant Porridge,47,2.42,52,29,1.51,2.21,1.32,1,6/5/2022
Biscuits,44,1.34,46,382,4.29,4.51,1.99,1,6/5/2022
Water,46,2.03,54,439,1.35,6.69,-0.89,0,5/5/2022
Sauces and Soups,53,14.73,53,57,2.7,2.71,-1.07,0,5/5/2022
Instant Porridge,52,12.53,55,185,1.87,1.27,0.43,0,5/5/2022
Biscuits,47,9.85,52,355,1.2,8.03,0.04,0,5/5/2022
Water,57,10.02,57,141,4.22,9.15,-0.95,0,4/5/2022
Sauces and Soups,52,13.45,55,47,4,5.61,1.17,1,4/5/2022
Instant Porridge,47,18.4,51,135,4.36,7.3,-0.47,0,4/5/2022
Biscuits,57,7.21,61,419,4.09,6,0.95,0,4/5/2022
Water,61,11.97,70,124,0.52,9.12,-0.03,0,3/5/2022
Sauces and Soups,49,2.21,54,371,3.38,3.4,0.78,1,3/5/2022
Instant Porridge,60,5.35,63,376,0.76,5.64,1.47,0,3/5/2022
Biscuits,57,18.72,66,80,1.37,6.04,1.04,1,3/5/2022
Water,43,2.65,43,113,3.67,8.75,0.54,1,2/5/2022
Sauces and Soups,29,11.65,29,365,2.91,9.62,1.76,1,2/5/2022
Instant Porridge,59,16.25,64,111,2.92,9.9,1.6,1,2/5/2022
Biscuits,43,8.7,46,197,3.85,9.44,1.39,0,2/5/2022
Water,48,15.71,53,108,4.09,7.83,0.79,0,1/5/2022
Sauces and Soups,43,14.79,47,217,3.95,4.82,-1.6,1,1/5/2022
Instant Porridge,56,17.64,65,330,3.94,2.66,1.34,1,1/5/2022
Biscuits,32,15.49,38,391,3.79,7.06,1.49,1,1/5/2022
Water,59,19.48,65,474,1.09,4.23,-1.81,0,30/4/2022
Sauces and Soups,38,2.8,45,292,3.8,2.33,-0.62,1,30/4/2022
Instant Porridge,43,7.85,51,427,0.51,7.28,1.56,0,30/4/2022
Biscuits,53,1.42,56,377,4.17,7.97,-0.65,1,30/4/2022
Water,55,10.52,58,119,1.5,9.6,1.2,0,29/4/2022
Sauces and Soups,47,3.11,55,151,4.57,5.8,0.82,0,29/4/2022
Instant Porridge,62,17.63,67,22,2.11,3.06,0.14,0,29/4/2022
Biscuits,44,4.09,44,280,4.32,2.47,-0.55,1,29/4/2022
Water,40,14.36,45,167,4.78,1.13,1.29,1,28/4/2022
Sauces and Soups,44,16.78,48,162,1.52,1.73,1.87,1,28/4/2022
Instant Porridge,44,15.14,48,149,2.15,9.61,-0.42,0,28/4/2022
Biscuits,47,12.35,47,306,4.78,2.76,-0.83,1,28/4/2022
Water,43,4.13,50,201,4.42,2.57,1.04,1,27/4/2022
Sauces and Soups,47,8.51,47,239,1.1,9.91,0.24,0,27/4/2022
Instant Porridge,56,1.76,61,316,2.52,2.7,-0.92,1,27/4/2022
Biscuits,51,12.1,58,179,0.56,9.05,1.91,0,27/4/2022
Water,39,4.97,42,212,2.64,1.28,0.81,1,26/4/2022
Sauces and Soups,60,3.81,65,344,2.82,3.33,1.1,0,26/4/2022
Instant Porridge,42,9.44,47,301,3.81,9.28,1.94,1,26/4/2022
Biscuits,53,17.99,62,376,2.64,3.2,-1.72,1,26/4/2022
Water,52,1.4,60,364,1.03,2.73,-1.2,1,25/4/2022
Sauces and Soups,53,2.2,60,412,2.38,2.6,0.03,1,25/4/2022
Instant Porridge,62,18.54,63,246,1.51,1.41,1.06,0,25/4/2022
Biscuits,56,8.8,62,320,1.31,6.9,0.83,0,25/4/2022
Water,49,6.05,49,231,2.22,7.15,-1.37,1,24/4/2022
Sauces and Soups,42,2.38,42,120,4.22,4.85,0.61,1,24/4/2022
Instant Porridge,47,5.93,55,307,3.82,3.94,1.97,0,24/4/2022
Biscuits,54,18.45,63,178,4.47,8,-1.53,1,24/4/2022
Water,52,18.14,54,404,0.89,7.11,-1.8,0,23/4/2022
Sauces and Soups,51,1.41,51,242,1.72,5.45,-0.49,0,23/4/2022
Instant Porridge,49,5.76,50,380,3.64,9.39,-0.77,1,23/4/2022
Biscuits,47,15.98,49,331,3.81,5.73,-1.41,1,23/4/2022
Water,49,18.91,56,393,4.97,6.34,-1.14,1,22/4/2022
Sauces and Soups,49,18.41,58,96,4.44,9.89,1.26,0,22/4/2022
Instant Porridge,46,13.94,51,351,0.9,3.09,-0.41,0,22/4/2022
Biscuits,49,11.02,56,276,2.55,2.38,-1.57,0,22/4/2022
Water,52,7.62,55,272,2.67,1.31,-0.32,1,21/4/2022
Sauces and Soups,45,15.38,46,498,2.55,1.49,-0.48,0,21/4/2022
Instant Porridge,47,18.52,48,112,2.21,6.51,-1.73,0,21/4/2022
Biscuits,46,3.91,50,61,2.28,8.67,1.58,0,21/4/2022
Water,59,2.88,60,186,4.41,2.12,-0.31,0,20/4/2022
Sauces and Soups,48,14.87,57,290,4.21,1.43,-0.57,1,20/4/2022
Instant Porridge,63,6.5,71,308,3.93,9.16,0.35,0,20/4/2022
Biscuits,63,18.48,68,425,2.62,4.64,1.46,1,20/4/2022
Water,44,18.77,46,434,1.14,7.96,1.91,0,19/4/2022
Sauces and Soups,49,5.22,53,481,4.29,7.35,0.2,1,19/4/2022
Instant Porridge,55,3.21,59,388,4.29,9.71,-0.78,0,19/4/2022
Biscuits,46,7.35,47,253,2.35,2.34,-0.66,1,19/4/2022
Water,57,17.6,66,128,3.31,1.22,-0.35,0,18/4/2022
Sauces and Soups,51,19.46,53,286,3.74,9.62,0.94,1,18/4/2022
Instant Porridge,51,14.49,59,353,4.38,2.84,1.44,1,18/4/2022
Biscuits,55,7.35,59,468,3.96,6.6,-0.6,0,18/4/2022
Water,51,18.77,51,264,4.83,9.09,-0.38,0,17/4/2022
Sauces and Soups,52,14.4,54,10,3,7.41,1.69,1,17/4/2022
Instant Porridge,38,19.58,46,373,2.51,6.95,1.94,0,17/4/2022
Biscuits,40,8.15,43,438,4.15,7.65,0.92,1,17/4/2022
Water,54,12.9,59,493,0.79,1.46,1.53,1,16/4/2022
Sauces and Soups,56,17.68,62,436,2.71,3.81,-1.32,0,16/4/2022
Instant Porridge,54,1.79,57,123,2.96,9.15,1.58,1,16/4/2022
Biscuits,53,15,61,168,3.28,2.19,-1.55,0,16/4/2022
Water,56,2.66,56,264,1.34,9.5,-1.78,0,15/4/2022
Sauces and Soups,52,9.72,60,37,2.4,9.08,1.06,0,15/4/2022
Instant Porridge,44,14.01,52,457,2.85,4.7,-0.93,0,15/4/2022
Biscuits,51,14.33,52,314,1.56,1.83,0.77,0,15/4/2022
Water,42,9.01,46,106,1.35,6.1,-0.75,1,14/4/2022
Sauces and Soups,46,14.08,50,336,2.34,8.07,1.61,1,14/4/2022
Instant Porridge,49,7.87,51,280,4.37,6.7,-1.02,0,14/4/2022
Biscuits,50,10.54,50,336,3.27,6.69,1.16,1,14/4/2022
Water,55,7.06,60,256,2.94,1.14,0.78,1,13/4/2022
Sauces and Soups,49,17.35,49,247,2.75,2.8,1.03,1,13/4/2022
Instant Porridge,43,12.62,50,1,0.65,9.45,1.38,0,13/4/2022
Biscuits,51,9.08,59,429,4.75,4.52,-1.25,0,13/4/2022
Water,62,17.91,66,461,0.57,7.65,-0.21,0,12/4/2022
Sauces and Soups,56,8.85,61,316,4.1,5.94,1.91,0,12/4/2022
Instant Porridge,56,11.03,61,240,4.92,5.44,1.55,0,12/4/2022
Biscuits,57,11.23,64,152,0.78,6.75,0.52,1,12/4/2022
Water,58,11.56,62,91,2.32,4.93,1.49,1,11/4/2022
Sauces and Soups,55,5.93,56,135,3.49,3.37,-1.4,1,11/4/2022
Instant Porridge,52,7.92,58,333,2.78,3.6,-0.02,1,11/4/2022
Biscuits,44,13.72,47,140,1.96,8.78,-1.97,0,11/4/2022
Water,61,7.76,67,155,0.87,8.85,0.63,1,10/4/2022
Sauces and Soups,45,10.03,54,102,2.6,7.9,1.81,1,10/4/2022
Instant Porridge,50,2.17,53,52,4.63,5.77,1.51,1,10/4/2022
Biscuits,46,17,49,286,3.44,4.09,-1.36,0,10/4/2022
Water,53,14.41,56,327,1.04,1.48,-0.1,0,9/4/2022
Sauces and Soups,58,5.22,58,122,1.72,6.9,1.75,0,9/4/2022
Instant Porridge,42,19.32,42,104,0.8,2.39,-0.93,1,9/4/2022
Biscuits,49,11.06,49,184,4.99,3.1,0.99,0,9/4/2022
Water,52,15.7,53,415,2.67,1.61,0.84,1,8/4/2022
Sauces and Soups,48,16.86,54,436,4.97,5.75,-1.17,1,8/4/2022
Instant Porridge,39,1.05,47,348,4.27,7.57,1.92,1,8/4/2022
Biscuits,51,13.54,59,4,4.51,9.79,0.51,1,8/4/2022
Water,44,14.86,50,9,2.46,5.42,-0.36,1,7/4/2022
Sauces and Soups,59,8.77,68,333,2.41,3.37,-1.89,1,7/4/2022
Instant Porridge,40,17.51,42,204,3.54,6.69,-0.21,0,7/4/2022
Biscuits,49,18.31,50,390,2.62,7.33,-0.85,1,7/4/2022
Water,57,9.91,65,137,3.06,7.28,-1.46,0,6/4/2022
Sauces and Soups,47,13.83,56,209,4.88,3.05,1.93,0,6/4/2022
Instant Porridge,56,13.84,57,32,0.76,8.26,0.02,1,6/4/2022
Biscuits,41,12.96,44,110,2.16,5.79,-0.13,0,6/4/2022
Water,46,14.52,53,191,4.51,2.68,1.36,1,5/4/2022
Sauces and Soups,42,14.42,45,246,4.68,1.75,-1.5,0,5/4/2022
Instant Porridge,46,17.23,52,387,3.09,7.84,1.75,0,5/4/2022
Biscuits,49,4,51,367,1.67,1.32,1.54,0,5/4/2022
Water,35,15.02,43,340,1.89,4.87,1.15,1,4/4/2022
Sauces and Soups,54,10.35,62,158,3.76,5.88,1.95,1,4/4/2022
Instant Porridge,63,6.77,71,355,1.59,6.59,0.77,0,4/4/2022
Biscuits,44,19.44,53,116,4.5,1.75,1.19,1,4/4/2022
Water,32,18.31,33,210,4.88,7.15,-0.32,1,3/4/2022
Sauces and Soups,54,12.51,60,197,3.01,8.03,-0.96,0,3/4/2022
Instant Porridge,44,15.3,44,109,4.19,7.5,-1.5,1,3/4/2022
Biscuits,48,16.98,49,498,4.29,2.84,-1.39,0,3/4/2022
Water,43,19.47,45,159,2.12,4.24,-1.34,0,2/4/2022
Sauces and Soups,53,6.01,62,273,2.81,2.02,-1,1,2/4/2022
Instant Porridge,56,3.63,64,180,2.68,1.83,0.89,1,2/4/2022
Biscuits,55,2.5,60,170,4.91,8.93,-0.51,1,2/4/2022
Water,47,10.56,54,172,4.49,2.02,-1.46,1,1/4/2022
Sauces and Soups,38,5.91,39,104,3.2,1.69,0.75,0,1/4/2022
Instant Porridge,53,4.71,60,406,4.79,6.19,-1.46,0,1/4/2022
Biscuits,55,13.28,57,61,0.68,2.98,0.55,0,1/4/2022
Water,55,6.53,56,341,2.99,6.86,-1.59,1,31/3/2022
Sauces and Soups,58,7.3,59,496,3.26,5.74,-1.59,1,31/3/2022
Instant Porridge,43,4.86,47,88,2.7,6.35,0.08,0,31/3/2022
Biscuits,73,19.04,81,205,4.39,9.29,-1.98,1,31/3/2022
Water,47,10.87,48,181,1.51,2.99,-0.8,0,30/3/2022
Sauces and Soups,46,7.63,53,360,4.74,9.74,0.18,0,30/3/2022
Instant Porridge,43,11.81,45,119,0.56,5.3,-1.23,1,30/3/2022
Biscuits,55,2.31,60,499,4.36,6.31,-1.37,0,30/3/2022
Water,52,17.52,55,342,1.98,9.99,-0.03,0,29/3/2022
Sauces and Soups,55,10.02,55,244,0.57,8.5,-0.17,0,29/3/2022
Instant Porridge,52,18.92,55,401,1.5,5.91,-0.25,1,29/3/2022
Biscuits,70,10.33,73,430,2.55,9.74,1.47,0,29/3/2022
Water,45,8.61,46,484,4.28,1.12,-0.58,1,28/3/2022
Sauces and Soups,46,4.42,52,308,3.43,7.04,-0.13,0,28/3/2022
Instant Porridge,64,19.97,64,467,3.18,7.03,-0.53,0,28/3/2022
Biscuits,39,13.46,41,259,0.79,8.96,1.33,0,28/3/2022
Water,50,17.43,55,479,0.69,3.9,0.05,1,27/3/2022
Sauces and Soups,51,10.82,57,128,3.46,2.92,-0.55,0,27/3/2022
Instant Porridge,53,9.56,55,171,3.51,5.35,0.38,0,27/3/2022
Biscuits,53,12.13,53,239,4.48,5.41,0.48,0,27/3/2022
Water,57,13.55,57,402,2.37,9.92,1.36,0,26/3/2022
Sauces and Soups,49,12.19,49,366,2.17,5.99,-1.84,0,26/3/2022
Instant Porridge,50,18.16,53,38,3.17,1.63,0.94,0,26/3/2022
Biscuits,51,19.67,52,403,1.58,7.65,0.65,0,26/3/2022
Water,53,4,55,459,3.13,3.13,1.12,0,25/3/2022
Sauces and Soups,53,6.34,57,127,1.32,5.04,0.18,0,25/3/2022
Instant Porridge,53,2.95,57,82,3.68,4.99,1.39,1,25/3/2022
Biscuits,36,7.89,42,344,3.89,4.75,-0.19,0,25/3/2022
Water,56,19.21,58,353,4.64,6.19,0.4,1,24/3/2022
Sauces and Soups,36,7.42,44,308,3.61,1.64,-1.86,0,24/3/2022
Instant Porridge,45,19.09,52,319,4.09,5.71,-0.71,1,24/3/2022
Biscuits,56,7.3,58,320,2.63,5.3,-0.62,1,24/3/2022
Water,54,12.18,59,284,3.89,5.02,0.17,0,23/3/2022
Sauces and Soups,52,16.05,56,105,4.33,7.45,-1.58,0,23/3/2022
Instant Porridge,49,4.97,55,241,2.47,5.36,-0.35,1,23/3/2022
Biscuits,46,7.6,51,7,0.94,6.51,1.36,1,23/3/2022
Water,43,9.21,43,208,1.63,1.43,1.02,0,22/3/2022
Sauces and Soups,41,17.65,44,186,3.47,3.13,1.98,1,22/3/2022
Instant Porridge,44,6.24,44,133,4.08,5.45,0.37,1,22/3/2022
Biscuits,58,4.93,61,77,3.22,7.72,-0.72,1,22/3/2022
Water,49,6.66,56,408,3.42,2.63,1.2,1,21/3/2022
Sauces and Soups,47,4.82,52,146,4.27,2.73,1.12,1,21/3/2022
Instant Porridge,53,8.25,61,77,3.02,2.92,-0.68,0,21/3/2022
Biscuits,60,8.31,63,218,4.13,9.8,-1.55,0,21/3/2022
Water,54,2.4,58,248,3.9,6.2,1.38,0,20/3/2022
Sauces and Soups,47,16.62,50,328,1.09,6.47,1.64,0,20/3/2022
Instant Porridge,46,6.85,47,113,3.84,5.74,-1.67,0,20/3/2022
Biscuits,47,7.62,52,263,2.66,9.23,0.62,0,20/3/2022
Water,45,8,54,77,0.66,4.04,-1.46,0,19/3/2022
Sauces and Soups,59,16.37,67,155,2.2,6.15,0.34,1,19/3/2022
Instant Porridge,49,4.42,50,332,1.99,9.26,-1.76,1,19/3/2022
Biscuits,55,5.6,60,364,2.95,7.15,1.58,1,19/3/2022
Water,39,7.41,40,353,0.57,2.45,0.69,0,18/3/2022
Sauces and Soups,51,10.35,56,41,1,3.98,-1.62,0,18/3/2022
Instant Porridge,59,8.33,61,47,1.97,1.88,0.37,0,18/3/2022
Biscuits,51,13.07,56,74,0.54,1.56,-0.86,1,18/3/2022
Water,66,15.05,68,139,4.9,1.68,0.5,0,17/3/2022
Sauces and Soups,52,4.72,59,276,3.52,1.72,1.27,1,17/3/2022
Instant Porridge,50,1.06,50,102,3.81,9.97,-1.25,0,17/3/2022
Biscuits,44,14.36,47,6,0.71,3.58,-1.15,1,17/3/2022
Water,46,1.97,52,95,0.73,7.59,-0.82,0,16/3/2022
Sauces and Soups,51,15.08,59,131,0.98,9.25,0.22,1,16/3/2022
Instant Porridge,57,12.32,59,102,4.31,2.14,-1.78,0,16/3/2022
Biscuits,39,6.07,39,45,3.39,7.94,-1.18,1,16/3/2022
Water,66,3.49,70,398,4.5,1.39,1.09,1,15/3/2022
Sauces and Soups,55,14.11,64,22,2.79,8.24,1.62,1,15/3/2022
Instant Porridge,49,4.93,54,48,1.42,3.33,0.07,0,15/3/2022
Biscuits,48,7.56,56,346,3.89,5.17,1.48,1,15/3/2022
Water,42,19.72,44,266,3.73,9.12,1.13,0,14/3/2022
Sauces and Soups,64,3.64,65,271,1.39,1.13,-0.04,1,14/3/2022
Instant Porridge,59,15.5,60,197,4.35,7.15,-0.25,0,14/3/2022
Biscuits,50,7.8,52,116,4.46,1.4,-0.6,1,14/3/2022
Water,64,19.67,69,417,2.4,5.83,-0.66,1,13/3/2022
Sauces and Soups,47,12.77,56,1,4.11,7.67,0.15,1,13/3/2022
Instant Porridge,51,9.15,51,142,4.29,5.71,-0.17,0,13/3/2022
Biscuits,55,4.76,58,420,3.54,3.24,-0.04,0,13/3/2022
Water,54,15.97,56,226,3.76,2.74,0.77,0,12/3/2022
Sauces and Soups,68,2.47,68,325,0.73,6.81,-1.11,1,12/3/2022
Instant Porridge,38,17.73,39,351,2.69,2.06,0.95,1,12/3/2022
Biscuits,51,2.86,54,230,1.56,4.67,-0.98,1,12/3/2022
Water,60,7.83,65,442,2.39,5.52,-1.25,1,11/3/2022
Sauces and Soups,52,5.7,52,373,1.53,3.18,-1.33,0,11/3/2022
Instant Porridge,61,1.5,63,496,1.58,6.01,-0.95,1,11/3/2022
Biscuits,41,19.96,50,11,0.56,9.73,0.33,0,11/3/2022
Water,48,6.09,56,188,1.56,4.71,-0.85,1,10/3/2022
Sauces and Soups,48,5.09,51,253,4.22,4.14,0.07,0,10/3/2022
Instant Porridge,49,2.39,57,31,3.59,6.54,0.62,1,10/3/2022
Biscuits,55,4.28,60,462,3.29,3.76,-0.57,1,10/3/2022
Water,55,4.49,64,170,1.01,6.46,1.16,0,9/3/2022
Sauces and Soups,59,16.94,68,488,3.24,1.04,0.06,1,9/3/2022
Instant Porridge,52,18.62,61,471,2.21,1.59,0.28,0,9/3/2022
Biscuits,45,17.87,48,234,4.92,6.17,0.83,0,9/3/2022
Water,43,2.54,49,247,0.81,8.47,0.54,1,8/3/2022
Sauces and Soups,49,16.04,58,437,3.01,7.51,0.35,0,8/3/2022
Instant Porridge,52,4.79,55,328,2.35,5.67,-0.62,1,8/3/2022
Biscuits,43,1.7,51,296,1.59,9.21,-0.51,1,8/3/2022
Water,40,7.21,46,427,1.41,4.25,1.67,1,7/3/2022
Sauces and Soups,40,8.25,44,338,1.48,4.72,1.82,0,7/3/2022
Instant Porridge,54,2.02,55,454,1.1,9.27,1.16,0,7/3/2022
Biscuits,56,10.47,56,93,2.88,7.44,1.84,1,7/3/2022
Water,54,1.14,63,118,4.1,9.56,1.02,1,6/3/2022
Sauces and Soups,48,2.54,52,405,4.73,7.55,1.57,1,6/3/2022
Instant Porridge,49,18.77,55,30,0.87,8.58,-0.24,0,6/3/2022
Biscuits,43,18.22,44,171,4.14,6.69,-0.44,0,6/3/2022
Water,42,17.83,42,400,4.6,6.29,-0.22,1,5/3/2022
Sauces and Soups,43,10.13,50,110,2.64,1.35,-1.18,0,5/3/2022
Instant Porridge,46,11.08,46,153,4.16,8.4,0.96,0,5/3/2022
Biscuits,59,17.02,59,441,3.09,6,0.71,1,5/3/2022
Water,51,17.47,54,281,2.74,3.12,0.27,1,4/3/2022
Sauces and Soups,47,19.19,51,245,4.56,5.81,-0.42,1,4/3/2022
Instant Porridge,44,3.4,48,68,3.64,3.95,-0.16,0,4/3/2022
Biscuits,41,8.53,50,36,1.57,7.33,1,0,4/3/2022
Water,46,16.32,52,165,1.29,4,0.61,1,3/3/2022
Sauces and Soups,41,12.71,41,22,3.59,2.74,-0.27,1,3/3/2022
Instant Porridge,58,18.61,60,61,4.9,8.07,1.02,1,3/3/2022
Biscuits,53,4.86,62,188,2.02,7.31,1.61,1,3/3/2022
Water,46,11.79,49,139,4.8,2.15,-1.55,0,2/3/2022
Sauces and Soups,54,14.27,57,210,4.78,7.69,0.97,0,2/3/2022
Instant Porridge,51,13.87,54,152,4.67,3.55,-0.87,1,2/3/2022
Biscuits,55,1.81,62,377,2.24,3.43,-0.12,1,2/3/2022
Water,46,12.55,47,400,2.46,7.23,-1.11,0,1/3/2022
Sauces and Soups,50,17.83,59,458,2.35,1.02,0.63,0,1/3/2022
Instant Porridge,48,10.89,49,405,0.71,8.38,-1.29,1,1/3/2022
Biscuits,53,6.3,60,471,1.47,4.21,-1.12,0,1/3/2022
Water,47,18.61,56,400,3.63,3.21,-1.85,1,28/2/2022
Sauces and Soups,45,9.05,49,44,0.75,6.43,1.58,0,28/2/2022
Instant Porridge,47,2.6,54,418,1.64,6.49,-0.84,1,28/2/2022
Biscuits,57,12.86,64,497,1.59,7.02,1.01,0,28/2/2022
Water,57,11.95,65,251,2.9,9.82,-0.81,1,27/2/2022
Sauces and Soups,49,11.86,49,229,2.53,8.97,-0.46,0,27/2/2022
Instant Porridge,51,5.91,51,421,0.87,6.2,-1.16,1,27/2/2022
Biscuits,43,10.18,49,188,3.2,3.96,0.41,1,27/2/2022
Water,49,12.72,53,119,4.16,4.63,0.73,1,26/2/2022
Sauces and Soups,51,18.46,59,136,0.97,2.39,-1.61,0,26/2/2022
Instant Porridge,47,19.3,56,209,4.36,4.01,2,1,26/2/2022
Biscuits,47,1.94,50,383,0.57,3.38,0.22,1,26/2/2022
Water,47,19.89,54,149,2.25,6.01,-0.17,0,25/2/2022
Sauces and Soups,45,13.62,52,71,1.82,5.82,0.31,0,25/2/2022
Instant Porridge,56,18.79,58,36,4.8,9.89,0.15,0,25/2/2022
Biscuits,49,19.24,57,80,2.07,3,-0.19,0,25/2/2022
Water,54,18.86,55,494,2.93,3.24,-1.32,0,24/2/2022
Sauces and Soups,54,9.99,56,459,1.45,4.58,-0.78,1,24/2/2022
Instant Porridge,48,13.4,49,386,4.31,9.11,1.43,1,24/2/2022
Biscuits,51,6.62,54,486,4.23,8.72,1.87,1,24/2/2022
Water,52,17.99,54,287,4.31,8.17,-1.61,0,23/2/2022
Sauces and Soups,60,6.51,64,469,2.43,8.93,-0.04,0,23/2/2022
Instant Porridge,40,19.36,40,457,3.93,2.44,0.42,0,23/2/2022
Biscuits,64,12,72,140,4.64,1.25,1.73,0,23/2/2022
Water,57,14.51,65,271,1.73,3.06,1.48,1,22/2/2022
Sauces and Soups,43,4.69,48,367,1.93,6.75,0.65,0,22/2/2022
Instant Porridge,54,8.69,59,428,1.4,1.95,-0.72,1,22/2/2022
Biscuits,53,16.09,61,329,0.69,2.38,-1.82,0,22/2/2022
Water,63,17.56,71,353,3.07,9.16,1.14,0,21/2/2022
Sauces and Soups,50,17.39,51,208,4.94,9.75,1.76,0,21/2/2022
Instant Porridge,49,8.88,53,177,2.12,5.76,-1.44,0,21/2/2022
Biscuits,42,7.77,43,223,2.67,2.51,0.53,1,21/2/2022
Water,39,17.82,48,248,2.49,1.18,-0.23,0,20/2/2022
Sauces and Soups,39,18.16,46,188,0.55,1.12,1.68,0,20/2/2022
Instant Porridge,51,6.85,55,344,4.63,9.77,1.56,1,20/2/2022
Biscuits,61,12.51,65,368,0.92,2.43,1.8,1,20/2/2022
Water,52,5.6,61,258,2.21,9.76,-0.89,1,19/2/2022
Sauces and Soups,43,2.61,50,335,1.49,3.13,1.98,1,19/2/2022
Instant Porridge,58,17.34,61,143,2.86,7.76,-0.88,0,19/2/2022
Biscuits,59,5.19,63,285,1.51,5.46,-0.27,0,19/2/2022
Water,49,7.48,51,134,0.78,8.17,0.25,1,18/2/2022
Sauces and Soups,59,8.44,67,257,3.82,6.71,-1.11,0,18/2/2022
Instant Porridge,48,4.65,51,323,4.07,8.22,1.27,0,18/2/2022
Biscuits,37,17,39,105,3.86,4.77,0.33,1,18/2/2022
Water,49,13.76,49,386,1.19,9.3,1.23,1,17/2/2022
Sauces and Soups,64,17.55,69,28,0.94,1.73,-1.45,0,17/2/2022
Instant Porridge,35,17.67,39,192,4.68,4.56,0.15,0,17/2/2022
Biscuits,45,19.92,49,427,2.17,5.54,1.28,0,17/2/2022
Water,46,4.85,55,181,2.89,6.19,-0.26,1,16/2/2022
Sauces and Soups,56,13.2,64,408,1.94,3.05,1.35,0,16/2/2022
Instant Porridge,49,11.58,55,148,4.34,2.24,-0.8,0,16/2/2022
Biscuits,38,4.11,41,332,0.63,2.93,0.42,0,16/2/2022
Water,44,7.35,53,465,2.76,6.82,-0.96,1,15/2/2022
Sauces and Soups,41,12.07,46,265,1.74,3.66,0.04,0,15/2/2022
Instant Porridge,41,14.07,48,294,3.54,6.57,-1.52,1,15/2/2022
Biscuits,53,9.53,60,381,0.86,4.69,-0.62,1,15/2/2022
Water,48,2.47,53,372,3.61,4.33,0.04,0,14/2/2022
Sauces and Soups,59,4.14,67,230,3.54,1.7,1.74,0,14/2/2022
Instant Porridge,42,3.35,44,26,2.26,4.99,0.62,1,14/2/2022
Biscuits,49,5.79,57,27,1.79,3.33,1.75,0,14/2/2022
Water,62,16.66,63,84,1.81,1.82,-0.62,0,13/2/2022
Sauces and Soups,57,12.85,61,196,4.58,2.1,-0.03,1,13/2/2022
Instant Porridge,62,9.66,65,21,3.09,5.5,-1.21,0,13/2/2022
Biscuits,59,15.52,68,465,2.81,3.42,-1.38,0,13/2/2022
Water,35,10.52,38,4,3.87,7.06,0.76,1,12/2/2022
Sauces and Soups,50,8.96,56,31,2.17,1.72,-0.33,1,12/2/2022
Instant Porridge,55,3.92,64,8,1.08,9.98,0.58,0,12/2/2022
Biscuits,48,1.59,50,4,1.26,7.14,-1.91,1,12/2/2022
Water,39,17.72,46,478,3.48,7.03,0.89,1,11/2/2022
Sauces and Soups,51,17.25,57,412,3.31,3.76,-1.54,0,11/2/2022
Instant Porridge,45,1.59,50,37,1.08,4.52,1.06,0,11/2/2022
Biscuits,54,15.32,54,446,2.26,1.94,1.61,1,11/2/2022
Water,40,2.39,43,76,4.47,1.38,-0.53,0,10/2/2022
Sauces and Soups,52,12.23,54,40,2.17,4.64,-0.66,0,10/2/2022
Instant Porridge,50,10.55,59,498,1.63,5.56,0.64,1,10/2/2022
Biscuits,45,10.4,45,259,2.36,4.96,0.17,1,10/2/2022
Water,46,10.81,53,83,4.37,4.38,-1.29,0,9/2/2022
Sauces and Soups,58,13.59,61,23,0.7,2.79,1.35,1,9/2/2022
Instant Porridge,66,16.59,68,399,3.13,1.04,-0.82,0,9/2/2022
Biscuits,40,6.33,41,154,3.73,2.12,-1.56,1,9/2/2022
Water,49,4.32,57,183,4.97,1.24,1.82,1,8/2/2022
Sauces and Soups,58,14.17,66,463,2.21,5.59,1.2,1,8/2/2022
Instant Porridge,43,13.29,44,101,4.24,6.16,1.75,0,8/2/2022
Biscuits,69,2.02,78,352,4.76,1.58,-0.88,1,8/2/2022
Water,44,7.9,52,232,0.82,9.61,-1.74,0,7/2/2022
Sauces and Soups,55,12.05,59,319,3.96,6.76,-0.33,0,7/2/2022
Instant Porridge,47,18.07,54,87,2.67,8.61,-0.58,1,7/2/2022
Biscuits,55,10.3,56,68,1.28,6.65,0.51,1,7/2/2022
Water,49,3.86,55,16,3.13,7.68,0.86,0,6/2/2022
Sauces and Soups,55,2.2,55,101,3.63,5.11,0.81,0,6/2/2022
Instant Porridge,54,16.53,61,454,2.72,2.76,0.49,0,6/2/2022
Biscuits,53,12.31,56,200,4,6.58,-0.57,0,6/2/2022
Water,52,16.91,60,193,4.61,6.1,0.05,1,5/2/2022
Sauces and Soups,40,10.79,41,453,4.13,7.36,-0.78,1,5/2/2022
Instant Porridge,50,16.96,56,334,1.94,5.96,-1.6,0,5/2/2022
Biscuits,58,11.92,59,109,1.37,7.73,-0.82,0,5/2/2022
Water,49,10.05,57,60,3.18,9.74,1.34,1,4/2/2022
Sauces and Soups,52,4.98,52,340,1.59,8.45,0.19,0,4/2/2022
Instant Porridge,46,1.4,52,191,4.22,8.34,-1.67,1,4/2/2022
Biscuits,49,7.06,56,147,4.31,4.77,-1.8,1,4/2/2022
Water,43,8.67,49,282,1.47,1.87,-0.62,0,3/2/2022
Sauces and Soups,61,4.62,67,119,1.4,4.54,-1.37,0,3/2/2022
Instant Porridge,50,12.54,57,64,2.56,1.38,0.33,0,3/2/2022
Biscuits,51,17.86,52,370,3.42,9.75,-1.96,1,3/2/2022
Water,62,6.73,71,260,4.97,1.59,2,0,2/2/2022
Sauces and Soups,36,9.18,43,397,3.26,8.72,-1.27,1,2/2/2022
Instant Porridge,46,19.6,54,402,4.89,4.26,-1.89,0,2/2/2022
Biscuits,61,6.72,68,55,1.95,7.65,-0.33,0,2/2/2022
Water,63,4.21,66,90,0.93,5.95,0.05,0,1/2/2022
Sauces and Soups,51,8.89,51,223,0.8,1.71,0.71,0,1/2/2022
Instant Porridge,45,18.29,46,493,0.51,8.03,0.49,1,1/2/2022
Biscuits,47,17.34,53,128,4.03,4,-1.69,0,1/2/2022
Water,47,9.16,50,194,1.14,9.66,-0.12,0,31/1/2022
Sauces and Soups,48,8.72,49,295,1.91,8.02,-0.9,0,31/1/2022
Instant Porridge,40,1.43,48,233,4.26,7.84,1.74,1,31/1/2022
Biscuits,52,18.3,53,42,4.42,9.45,1.08,1,31/1/2022
Water,52,18.25,57,33,2.71,4.56,-1.79,0,30/1/2022
Sauces and Soups,50,11.03,58,50,1.51,5.13,1.7,1,30/1/2022
Instant Porridge,57,18.4,66,436,4.89,5.32,1.06,1,30/1/2022
Biscuits,45,10.07,53,28,2.94,4.2,1.24,0,30/1/2022
Water,46,19.19,49,363,3.49,1.1,0.26,1,29/1/2022
Sauces and Soups,54,4.87,60,102,4.85,7.66,1.51,1,29/1/2022
Instant Porridge,41,2.65,50,386,2.36,2.62,0.66,1,29/1/2022
Biscuits,54,12.37,54,462,4.07,2.94,0.03,0,29/1/2022
Water,67,13.03,71,363,2.15,1.54,-1.75,1,28/1/2022
Sauces and Soups,60,1.2,62,273,2.83,7.87,1.55,0,28/1/2022
Instant Porridge,52,14.82,57,483,2.84,6.14,0.43,0,28/1/2022
Biscuits,66,7.57,68,256,3.28,8.19,-1.59,0,28/1/2022
Water,44,3.85,44,427,1.43,2.1,1.37,0,27/1/2022
Sauces and Soups,51,12.26,55,162,1.13,1.33,-1.08,0,27/1/2022
Instant Porridge,52,3.27,61,249,1.49,8.91,0.95,0,27/1/2022
Biscuits,50,9.95,57,302,0.87,2.91,-1.94,1,27/1/2022
Water,45,16.3,47,23,2.7,5.87,-1.46,1,26/1/2022
Sauces and Soups,44,11.62,47,3,4.6,6.55,-0.13,1,26/1/2022
Instant Porridge,57,19.84,60,209,1.81,9.12,-0.77,0,26/1/2022
Biscuits,66,10.42,67,63,2.84,9.6,-1.82,0,26/1/2022
Water,54,8.77,59,414,4.5,2.37,0,1,25/1/2022
Sauces and Soups,56,7.21,64,297,1.82,1.38,-0.05,0,25/1/2022
Instant Porridge,44,12.28,49,328,4.4,5.31,-1.52,1,25/1/2022
Biscuits,46,5.78,50,441,2.73,8.13,-0.05,1,25/1/2022
Water,50,3.35,57,224,4.69,9.26,0.54,0,24/1/2022
Sauces and Soups,41,7.59,47,190,4.3,9.56,1.71,0,24/1/2022
Instant Porridge,48,16.21,48,330,3.36,8.36,-0.29,1,24/1/2022
Biscuits,55,4.37,61,269,1.54,2.87,-1.68,0,24/1/2022
Water,51,13.6,52,308,4.65,1.49,1.69,0,23/1/2022
Sauces and Soups,47,10.05,50,332,4,4.23,-1.79,1,23/1/2022
Instant Porridge,37,8.19,41,463,4.9,4.66,-1.51,1,23/1/2022
Biscuits,45,14.31,52,185,1.63,4.14,1.77,1,23/1/2022
Water,48,6.58,57,314,1.1,5.91,0.33,1,22/1/2022
Sauces and Soups,40,7.04,45,430,2.09,8.28,1.98,0,22/1/2022
Instant Porridge,40,5.67,43,288,2.35,6.19,-0.86,0,22/1/2022
Biscuits,51,17.75,59,307,2.72,1.23,0.45,1,22/1/2022
Water,36,11.17,44,479,2.16,9.94,0.27,0,21/1/2022
Sauces and Soups,43,14.53,48,8,2.59,7.24,1.19,0,21/1/2022
Instant Porridge,49,7.13,50,37,1.76,9.46,1.74,1,21/1/2022
Biscuits,36,8.27,37,269,4.72,7.65,0.47,0,21/1/2022
Water,43,11.01,46,226,1.19,3.4,0.99,0,20/1/2022
Sauces and Soups,46,7.65,50,423,4.96,1.32,-1.12,0,20/1/2022
Instant Porridge,43,13.79,49,64,3.65,7.66,1.49,1,20/1/2022
Biscuits,52,4.32,60,412,2.84,4.01,-1.82,1,20/1/2022
Water,42,14.26,47,364,2.88,1.37,0.83,1,19/1/2022
Sauces and Soups,58,5.42,66,22,1.12,7.96,-1.85,0,19/1/2022
Instant Porridge,54,7.65,59,250,4.89,3.52,0.03,1,19/1/2022
Biscuits,53,10.71,57,418,4.36,6.66,-0.77,1,19/1/2022
Water,53,17.93,59,418,0.7,6.88,0.82,0,18/1/2022
Sauces and Soups,48,12.76,48,403,1.51,6.14,-1.18,1,18/1/2022
Instant Porridge,46,2.69,54,286,4.32,4.12,-1.32,1,18/1/2022
Biscuits,46,5.3,52,428,3.23,5.88,0.16,1,18/1/2022
Water,49,11.66,55,70,1.28,2.12,-0.33,0,17/1/2022
Sauces and Soups,55,8.64,56,33,2.11,9.61,0.45,1,17/1/2022
Instant Porridge,54,11.25,59,337,3.7,7.02,-1.2,0,17/1/2022
Biscuits,54,16.73,58,462,1.96,3.35,-1.44,0,17/1/2022
Water,41,15.69,44,481,0.85,2.67,-1.64,1,16/1/2022
Sauces and Soups,47,13.98,47,110,3.21,3.12,0.14,0,16/1/2022
Instant Porridge,48,14.06,56,413,1.82,2.01,-1.56,0,16/1/2022
Biscuits,56,3.99,59,283,2.73,8.65,1.93,1,16/1/2022
Water,50,17.01,58,421,1.31,3.2,-1.82,0,15/1/2022
Sauces and Soups,48,6.74,52,45,4.65,4,-0.31,1,15/1/2022
Instant Porridge,45,16.22,46,188,1.89,9.2,0.02,1,15/1/2022
Biscuits,56,19.14,65,26,4.15,3.38,1.14,1,15/1/2022
Water,35,8.84,40,200,2.77,5.09,-1.43,1,14/1/2022
Sauces and Soups,54,13.9,62,279,1.9,3.04,0.68,0,14/1/2022
Instant Porridge,52,12.07,57,29,4.31,8.47,-1.95,0,14/1/2022
Biscuits,61,2.39,62,442,1.49,7.49,-1.66,0,14/1/2022
Water,46,13.28,54,149,4.46,8.4,-1.27,1,13/1/2022
Sauces and Soups,42,2.66,47,268,2.49,3.55,-0.19,1,13/1/2022
Instant Porridge,47,3.68,50,99,4.61,8.45,-1.82,1,13/1/2022
Biscuits,54,16.02,62,91,4.89,7.06,0.92,1,13/1/2022
Water,46,9.46,47,409,2.2,6.71,-1.52,0,12/1/2022
Sauces and Soups,50,5.38,58,397,2.84,2.84,-1.65,0,12/1/2022
Instant Porridge,55,1.16,60,289,3.33,7.11,0.34,0,12/1/2022
Biscuits,44,5.83,47,115,3.55,3.33,-0.49,0,12/1/2022
Water,36,11.98,40,81,3.15,6.8,-0.98,0,11/1/2022
Sauces and Soups,46,19.45,50,449,2.33,4.09,0.96,0,11/1/2022
Instant Porridge,54,12.43,54,250,5,3.41,-0.96,1,11/1/2022
Biscuits,44,17.21,46,88,4.66,9.17,-1.7,0,11/1/2022
Water,52,11.52,53,310,4.73,2.63,-1.63,0,10/1/2022
Sauces and Soups,49,3.82,50,431,1.57,1.16,0.45,1,10/1/2022
Instant Porridge,61,11.95,64,245,4.27,1.44,1.44,0,10/1/2022
Biscuits,50,4.47,51,149,3.25,2.8,-0.32,0,10/1/2022
Water,39,15.94,48,408,2.75,9.13,-0.88,0,9/1/2022
Sauces and Soups,44,2.25,50,498,2.52,4.77,0.72,1,9/1/2022
Instant Porridge,60,4.25,63,50,2.06,1.01,-0.23,1,9/1/2022
Biscuits,62,17.97,62,318,2.92,5.12,1.25,1,9/1/2022
Water,32,3.61,36,149,4.11,5.9,-0.68,0,8/1/2022
Sauces and Soups,39,4.51,45,156,0.95,9.26,0.46,1,8/1/2022
Instant Porridge,55,8,59,297,2.1,9.14,-0.13,0,8/1/2022
Biscuits,50,6.21,56,16,2.59,6.7,-1.34,1,8/1/2022
Water,66,11.81,66,159,3.23,4.71,1.41,1,7/1/2022
Sauces and Soups,57,2.91,64,167,4.19,1.39,0.16,1,7/1/2022
Instant Porridge,55,14.4,56,356,2.93,7.39,-0.45,1,7/1/2022
Biscuits,64,5.04,68,17,1.1,4.26,-1.46,0,7/1/2022
Water,51,17.48,51,30,1.36,7.26,1.38,1,6/1/2022
Sauces and Soups,45,2.54,45,444,1.32,1.86,-1.1,1,6/1/2022
Instant Porridge,58,16.68,64,190,4.54,5.31,0.3,0,6/1/2022
Biscuits,49,1.92,54,215,1.89,4.52,0.79,1,6/1/2022
Water,50,13.45,56,391,0.81,7.29,0.92,1,5/1/2022
Sauces and Soups,59,19.34,60,255,4.99,7,-0.74,0,5/1/2022
Instant Porridge,58,6.07,66,159,3.75,3.43,1.98,0,5/1/2022
Biscuits,53,1.46,62,240,3.1,1.82,-0.53,0,5/1/2022
Water,69,6.8,71,109,4.63,6.74,1.99,1,4/1/2022
Sauces and Soups,55,5.16,64,163,2.44,9.92,-1.81,0,4/1/2022
Instant Porridge,58,14.47,61,112,4.34,3.85,1.15,1,4/1/2022
Biscuits,53,16.3,61,311,1.29,9.56,0.37,1,4/1/2022
Water,50,6.77,59,361,4.88,8.12,-0.88,1,3/1/2022
Sauces and Soups,62,6.33,70,476,1.58,5.54,-1.61,0,3/1/2022
Instant Porridge,55,5,60,149,2.68,7.88,-0.07,1,3/1/2022
Biscuits,39,19.64,46,46,4.9,9.58,1.78,1,3/1/2022
Water,39,18.49,41,373,2.51,2.22,-0.82,1,2/1/2022
Sauces and Soups,36,11.48,40,353,4.67,8.35,-0.39,1,2/1/2022
Instant Porridge,42,2.93,42,323,1.2,2.76,0.61,1,2/1/2022
Biscuits,56,11.74,61,309,4.08,2.23,0.56,1,2/1/2022
Water,55,2.27,58,118,3.69,8.49,-0.18,0,1/1/2022
Sauces and Soups,42,12.96,46,496,4.15,3.22,-1.7,1,1/1/2022
Instant Porridge,49,9.35,55,98,1.75,8.39,0.37,1,1/1/2022
Biscuits,53,17.52,53,334,3.91,6.15,-1.45,1,1/1/2022
Water,50,1.61,54,172,4.46,8.48,1.58,0,31/12/2021
Sauces and Soups,51,10.2,54,219,3.97,2.99,-0.04,1,31/12/2021
Instant Porridge,55,13.73,55,205,1.72,2.67,-0.85,1,31/12/2021
Biscuits,59,5.16,67,27,2.91,3.12,0.04,1,31/12/2021
Water,64,13.05,73,425,2.78,6.65,0.79,0,30/12/2021
Sauces and Soups,49,12.4,50,138,2.77,3.64,-0.71,0,30/12/2021
Instant Porridge,54,17.6,62,114,2.09,5.28,1.42,1,30/12/2021
Biscuits,42,17.63,43,389,4.52,5.52,-1.21,1,30/12/2021
Water,60,2.81,65,264,1.28,5.34,-0.07,0,29/12/2021
Sauces and Soups,47,18.22,56,45,4.61,6.24,1.2,0,29/12/2021
Instant Porridge,55,10.39,57,144,1.78,8.89,-1.84,0,29/12/2021
Biscuits,46,5.82,49,312,2.58,7.31,-1.73,1,29/12/2021
Water,58,2.87,62,141,3.94,2.74,-0.58,1,28/12/2021
Sauces and Soups,53,5.54,61,133,4.81,8.16,1.3,1,28/12/2021
Instant Porridge,43,14.12,47,206,3.57,2.68,-0.53,0,28/12/2021
Biscuits,50,3.33,58,327,3.67,8.66,-1.51,1,28/12/2021
Water,38,7.79,44,10,0.63,7.11,1.35,1,27/12/2021
Sauces and Soups,41,9.91,50,321,0.87,2.59,-1.9,0,27/12/2021
Instant Porridge,48,12.19,55,81,4.36,7.35,-0.92,0,27/12/2021
Biscuits,55,9.93,61,246,4.75,6.33,-1.92,0,27/12/2021
Water,52,11.69,56,372,3.87,6.17,-1.2,0,26/12/2021
Sauces and Soups,43,14.56,44,462,1.13,2.64,0.71,0,26/12/2021
Instant Porridge,52,6.1,57,197,2.9,1.16,-0.27,0,26/12/2021
Biscuits,59,17.19,67,267,2.55,1.39,-0.12,0,26/12/2021
Water,54,5.08,62,371,2.87,6.69,1.35,0,25/12/2021
Sauces and Soups,43,16.87,52,434,1.74,7.9,-0.7,0,25/12/2021
Instant Porridge,56,7.21,59,206,2.9,1.44,0.16,1,25/12/2021
Biscuits,42,16.79,51,144,2.71,1.8,-1.5,1,25/12/2021
Water,58,12.44,62,374,2.84,3.12,0.16,0,24/12/2021
Sauces and Soups,52,18.68,61,239,1.97,6.15,-0.97,0,24/12/2021
Instant Porridge,44,11.52,50,53,0.79,7.56,1.37,0,24/12/2021
Biscuits,49,15.76,52,182,1.73,6.43,-0.88,0,24/12/2021
Water,48,9.54,51,12,3.01,4.57,-1.03,1,23/12/2021
Sauces and Soups,41,12.47,50,76,1.32,7.36,-1.43,1,23/12/2021
Instant Porridge,51,9.6,54,114,4.2,3.35,-1.23,0,23/12/2021
Biscuits,44,8.35,51,463,4.65,3.99,-0.21,0,23/12/2021
Water,56,15.9,59,342,4.4,5.58,-1.51,0,22/12/2021
Sauces and Soups,37,2.03,38,150,4.77,7.17,-1.09,0,22/12/2021
Instant Porridge,50,13.2,55,79,1.38,7.91,-0.62,1,22/12/2021
Biscuits,35,8.53,42,107,3.34,2.26,-0.93,0,22/12/2021
Water,64,13.87,66,164,4.94,9.58,0.91,1,21/12/2021
Sauces and Soups,52,13.92,60,237,1.24,3.54,-1.8,0,21/12/2021
Instant Porridge,52,3.39,59,93,2.51,6.23,-1.78,1,21/12/2021
Biscuits,42,11.91,44,379,2.88,5.41,-0.85,0,21/12/2021
Water,53,15.96,62,193,3.2,9.38,0.76,1,20/12/2021
Sauces and Soups,50,17.41,56,237,1.79,8.39,-0.99,1,20/12/2021
Instant Porridge,56,10.62,59,239,1.62,4.88,-1.24,0,20/12/2021
Biscuits,42,13.07,45,240,0.9,1.65,0.21,0,20/12/2021
Water,42,9.67,43,274,3.34,7.8,1.79,0,19/12/2021
Sauces and Soups,63,8.49,67,284,1.64,4.79,-1.31,0,19/12/2021
Instant Porridge,55,12.22,55,499,3.23,3.85,-1.69,1,19/12/2021
Biscuits,54,12.21,61,400,1.76,3.36,1.81,0,19/12/2021
Water,53,10.32,55,54,3.21,7.27,0.13,1,18/12/2021
Sauces and Soups,51,5.95,54,274,4.99,3.01,-1.83,1,18/12/2021
Instant Porridge,50,16.84,53,329,2.24,4.47,-1.94,1,18/12/2021
Biscuits,48,12.7,49,51,1.93,1.85,-0.21,0,18/12/2021
Water,57,13.85,64,475,4.87,2.41,0.37,1,17/12/2021
Sauces and Soups,59,7.65,63,275,0.72,2.96,0.85,1,17/12/2021
Instant Porridge,54,10.01,57,327,3.3,1.63,-1.76,0,17/12/2021
Biscuits,30,2.02,37,16,3.5,5.5,1.64,0,17/12/2021
Water,49,2.94,51,181,2.77,2.56,-0.77,1,16/12/2021
Sauces and Soups,56,13.01,57,18,2.91,7.09,1.88,0,16/12/2021
Instant Porridge,54,16.18,62,419,1.74,6.61,1.13,1,16/12/2021
Biscuits,51,7.71,51,321,3.29,5.86,1.86,0,16/12/2021
Water,57,12.86,57,374,4.55,7.52,-1.84,0,15/12/2021
Sauces and Soups,43,14.74,52,337,4.01,7.41,1.6,1,15/12/2021
Instant Porridge,51,7.26,52,230,0.63,5.05,0.65,0,15/12/2021
Biscuits,55,18.66,62,57,4.67,4.15,-1.11,0,15/12/2021
Water,46,16.73,52,12,4.86,5.28,-0.05,1,14/12/2021
Sauces and Soups,44,6.11,48,145,1.6,5.9,-0.26,1,14/12/2021
Instant Porridge,53,7.72,54,105,4.65,9.4,1.81,0,14/12/2021
Biscuits,48,2.07,53,76,3.45,9.36,-0.9,0,14/12/2021
Water,49,6.23,57,56,2.61,8.91,0.86,1,13/12/2021
Sauces and Soups,43,10.3,45,157,3.44,7.86,-1.66,0,13/12/2021
Instant Porridge,59,3.99,61,237,3.32,5.89,-1.25,0,13/12/2021
Biscuits,54,3.15,57,295,1.21,3.46,1.59,0,13/12/2021
Water,46,2.81,52,207,4.98,2.82,0.24,0,12/12/2021
Sauces and Soups,40,6.69,45,48,2.62,9.66,-1.23,0,12/12/2021
Instant Porridge,38,9.45,45,479,4.78,9.75,0.81,1,12/12/2021
Biscuits,55,2.52,63,483,4.95,9.01,0.27,1,12/12/2021
Water,50,17.13,55,89,3.16,5.07,1.66,1,11/12/2021
Sauces and Soups,43,18.03,49,186,0.85,4.82,1.4,0,11/12/2021
Instant Porridge,49,16.32,56,62,1.01,2.58,-0.52,1,11/12/2021
Biscuits,41,7.76,43,328,1.29,1.32,-0.68,0,11/12/2021
Water,46,19.9,54,376,1.2,7.95,-0.98,0,10/12/2021
Sauces and Soups,67,2.96,72,62,1.29,2.87,-0.6,1,10/12/2021
Instant Porridge,51,1.8,58,311,1.72,3.88,-0.03,1,10/12/2021
Biscuits,48,5.35,49,126,2.76,1.54,-0.12,1,10/12/2021
Water,47,18.29,52,180,0.72,5.8,0.2,0,9/12/2021
Sauces and Soups,52,4.49,53,416,2.51,3.27,-0.37,0,9/12/2021
Instant Porridge,42,15.71,43,432,3.78,6.27,-0.2,1,9/12/2021
Biscuits,45,15.51,52,100,2.02,6.32,-1.58,1,9/12/2021
Water,43,14.16,49,472,2.61,2.08,1.38,0,8/12/2021
Sauces and Soups,48,2.59,51,133,4.41,8.96,0.5,1,8/12/2021
Instant Porridge,63,11.96,64,236,4.1,6.57,0.98,1,8/12/2021
Biscuits,42,16.18,45,296,4.42,1.71,-1.34,0,8/12/2021
Water,50,1.93,54,471,4.96,3.48,-1.5,1,7/12/2021
Sauces and Soups,54,12.87,57,428,4.92,1.2,1.07,0,7/12/2021
Instant Porridge,49,16.51,55,38,2.84,5.25,1,0,7/12/2021
Biscuits,54,10.74,62,467,0.87,8.49,0.98,1,7/12/2021
Water,47,17.92,52,169,4.97,6.33,1.83,1,6/12/2021
Sauces and Soups,55,9.3,62,54,0.65,6.79,0.02,1,6/12/2021
Instant Porridge,61,15.47,67,251,1.04,2.64,-1.32,1,6/12/2021
Biscuits,40,14.56,47,313,1.01,8.65,-1.76,0,6/12/2021
Water,47,18.83,47,75,3.81,9.86,-0.48,0,5/12/2021
Sauces and Soups,46,10.86,51,96,2.31,9.72,0.98,0,5/12/2021
Instant Porridge,44,16.71,46,363,4.24,8.49,0,0,5/12/2021
Biscuits,51,3.11,58,130,3.04,6.23,1.68,1,5/12/2021
Water,34,10.01,41,469,4.42,5.28,-0.77,0,4/12/2021
Sauces and Soups,43,15.71,51,260,4.02,9.33,-0.78,0,4/12/2021
Instant Porridge,43,2.74,48,50,3.64,4.46,0.78,1,4/12/2021
Biscuits,51,5.41,54,142,4.22,9.68,0.38,1,4/12/2021
Water,46,18.45,53,13,2.05,7.4,-0.73,0,3/12/2021
Sauces and Soups,47,1.77,52,429,1.16,6.77,-1.14,0,3/12/2021
Instant Porridge,56,19.27,62,273,3.8,3.38,1.39,1,3/12/2021
Biscuits,50,10.68,57,98,4.94,6.86,-1.4,1,3/12/2021
Water,46,19.99,52,374,4.28,7.73,-1.75,1,2/12/2021
Sauces and Soups,57,18.22,63,147,1.44,5.92,1.67,1,2/12/2021
Instant Porridge,45,16.65,49,357,3.77,1.02,-1.42,1,2/12/2021
Biscuits,54,19.85,58,200,2.42,5.82,-0.04,0,2/12/2021
Water,40,4.02,47,304,3.6,7.8,0.53,1,1/12/2021
Sauces and Soups,58,18.71,58,307,2.95,9.5,1.37,0,1/12/2021
Instant Porridge,55,16.59,57,467,4.88,9.01,-0.37,0,1/12/2021
Biscuits,61,4.53,61,338,1.2,7.72,0.28,1,1/12/2021
Water,45,10.06,53,198,1.7,6.26,0.14,1,30/11/2021
Sauces and Soups,46,16.41,49,422,3.12,8.46,1.94,0,30/11/2021
Instant Porridge,53,6.72,61,6,4.67,8.11,-0.74,0,30/11/2021
Biscuits,39,6.49,41,220,1.53,3.27,-0.65,0,30/11/2021
Water,55,11.75,56,473,5,3.36,0.46,0,29/11/2021
Sauces and Soups,49,9.77,50,417,2.58,9.18,-0.33,0,29/11/2021
Instant Porridge,50,7.62,54,242,2.06,2.58,-1.92,0,29/11/2021
Biscuits,39,15.7,39,354,4.68,2.81,-0.97,1,29/11/2021
Water,56,18.02,62,327,4.02,4.23,-1.12,0,28/11/2021
Sauces and Soups,54,15.85,57,387,3.2,4.22,0.06,0,28/11/2021
Instant Porridge,62,6.56,70,77,4.12,5.1,-0.24,0,28/11/2021
Biscuits,51,10.58,51,305,2.77,8.45,-1,0,28/11/2021
Water,52,16.41,61,38,2.41,9.45,1.99,1,27/11/2021
Sauces and Soups,58,12.05,64,45,1.62,5.72,1.39,0,27/11/2021
Instant Porridge,54,15.68,54,464,0.79,5.43,-1.62,0,27/11/2021
Biscuits,60,2.11,61,165,4.82,3.32,1.61,1,27/11/2021
Water,53,5.75,62,462,1.85,6.22,-1.87,0,26/11/2021
Sauces and Soups,38,5.07,39,138,0.67,7.22,-0.08,1,26/11/2021
Instant Porridge,48,1.8,57,305,3.53,5.47,0.57,1,26/11/2021
Biscuits,54,18.08,61,81,2.68,6.96,-0.32,1,26/11/2021
Water,33,9.05,42,153,0.99,1.31,0.25,0,25/11/2021
Sauces and Soups,46,10.31,51,357,2.65,1.51,-0.57,0,25/11/2021
Instant Porridge,51,12.13,52,249,0.67,8.95,-1.98,1,25/11/2021
Biscuits,65,7.15,73,253,3.75,8.51,0.91,0,25/11/2021
Water,60,8.68,67,212,3.29,1.79,-1.02,1,24/11/2021
Sauces and Soups,53,15.24,54,57,0.81,1.03,-0.51,1,24/11/2021
Instant Porridge,48,6.62,48,19,2.67,1.46,0.94,0,24/11/2021
Biscuits,48,9.74,53,497,4.13,2.52,-1.4,0,24/11/2021
Water,47,1.07,48,18,4.88,9.31,-0.16,1,23/11/2021
Sauces and Soups,46,9.21,53,223,3.54,5.39,0.07,1,23/11/2021
Instant Porridge,48,7.74,56,379,4.3,1.48,1.06,0,23/11/2021
Biscuits,52,3.06,54,468,4.85,8.56,1.59,0,23/11/2021
Water,61,10.27,69,260,1.21,7.93,1.13,1,22/11/2021
Sauces and Soups,55,17.31,64,239,4.44,3.71,1.03,1,22/11/2021
Instant Porridge,49,8.82,51,353,3.26,7.95,1.79,0,22/11/2021
Biscuits,52,14.31,58,163,3.79,9.67,-1.48,1,22/11/2021
Water,53,1.94,56,158,0.75,4.55,-1.12,1,21/11/2021
Sauces and Soups,58,2.7,66,468,2.05,4.03,-1.41,1,21/11/2021
Instant Porridge,49,12.08,58,289,1.67,6.88,-1.79,0,21/11/2021
Biscuits,35,9.57,44,398,0.5,9.69,0.96,1,21/11/2021
Water,48,19.18,51,221,4.73,5.63,0.55,1,20/11/2021
Sauces and Soups,55,3.72,61,170,3.84,4.12,-1.1,1,20/11/2021
Instant Porridge,53,6.95,54,56,2.64,2.4,0.13,1,20/11/2021
Biscuits,37,11.9,37,266,2.81,3.63,0.63,0,20/11/2021
Water,56,2.74,57,135,2.47,4.55,0.01,1,19/11/2021
Sauces and Soups,51,17.03,53,409,2.23,4.45,-0.35,1,19/11/2021
Instant Porridge,51,5.47,57,140,3.59,1.82,-0.13,1,19/11/2021
Biscuits,41,5.56,47,382,1.84,6.6,-0.88,0,19/11/2021
Water,39,9.52,39,321,3.04,2.91,-0.97,1,18/11/2021
Sauces and Soups,54,2.22,58,160,3.16,3.01,1.58,1,18/11/2021
Instant Porridge,55,7.39,58,283,1.35,1.92,-1.31,1,18/11/2021
Biscuits,42,8.96,45,32,1.38,8.11,0.01,0,18/11/2021
Water,43,7.89,46,476,3.28,3.42,1.73,1,17/11/2021
Sauces and Soups,51,11.16,56,393,3.97,1.16,0.19,1,17/11/2021
Instant Porridge,45,14.64,51,366,3.55,1.94,-1.81,0,17/11/2021
Biscuits,46,18.66,54,153,1.55,9.51,-0.1,1,17/11/2021
Water,43,15.92,48,363,2.2,9.13,-1.03,0,16/11/2021
Sauces and Soups,45,18.14,53,57,1.06,9.64,-0.79,1,16/11/2021
Instant Porridge,41,11.1,44,230,1.4,9.06,1.31,0,16/11/2021
Biscuits,34,6.29,38,126,3.84,4.89,0.35,0,16/11/2021
Water,58,12.81,58,140,3.66,1.5,-1.95,1,15/11/2021
Sauces and Soups,53,17.08,53,186,2.14,5.65,1.91,1,15/11/2021
Instant Porridge,45,11.09,49,185,3.36,2.46,-0.84,0,15/11/2021
Biscuits,61,9.08,61,103,4.09,7.91,-0.27,0,15/11/2021
Water,44,9.37,46,386,1.12,4.58,-0.71,1,14/11/2021
Sauces and Soups,38,10.65,39,314,1.08,6.35,-1.68,0,14/11/2021
Instant Porridge,53,18.87,60,339,4.82,9.31,-0.57,1,14/11/2021
Biscuits,39,9.44,45,350,2.79,6.85,0.31,1,14/11/2021
Water,47,1.54,48,47,2.95,1.6,1.16,0,13/11/2021
Sauces and Soups,43,12.86,50,175,2.95,7.97,-1.26,1,13/11/2021
Instant Porridge,37,10.1,46,388,2.36,6.15,1.19,0,13/11/2021
Biscuits,52,14.55,60,229,1.19,2.34,0.47,0,13/11/2021
Water,50,15.96,51,208,1.27,8.69,0.1,0,12/11/2021
Sauces and Soups,49,17.07,53,153,1.09,4.71,0.58,0,12/11/2021
Instant Porridge,55,12.53,62,111,3.11,1.6,1.59,1,12/11/2021
Biscuits,47,6.86,48,462,3.58,3.41,1.27,0,12/11/2021
Water,43,18.31,45,309,1.12,4.56,-1.45,0,11/11/2021
Sauces and Soups,46,17.13,46,351,3.53,5.48,1.97,0,11/11/2021
Instant Porridge,48,17.54,54,90,4.64,4.77,0.13,1,11/11/2021
Biscuits,63,14.05,68,150,2.59,9.6,0.88,1,11/11/2021
Water,59,1.31,61,418,0.56,5.82,-0.03,0,10/11/2021
Sauces and Soups,51,3.33,53,57,3.98,2.53,-0.43,1,10/11/2021
Instant Porridge,36,3.1,40,67,3.65,9.09,0.17,1,10/11/2021
Biscuits,42,13.55,48,88,0.54,7.36,-0.74,0,10/11/2021
Water,44,7.23,53,279,3.75,6.45,-1.3,0,9/11/2021
Sauces and Soups,60,3.41,67,492,0.6,3.81,-1.75,0,9/11/2021
Instant Porridge,66,7.52,70,322,0.72,8.86,0.56,1,9/11/2021
Biscuits,49,12.72,53,158,1.61,3.64,0.95,0,9/11/2021
Water,47,18.71,49,224,2.27,1.12,-1.1,0,8/11/2021
Sauces and Soups,54,19.68,57,481,2.55,7.56,0.29,0,8/11/2021
Instant Porridge,45,10.81,45,413,3.8,1.85,-1.64,1,8/11/2021
Biscuits,56,3.11,56,371,3.37,8.32,1.5,1,8/11/2021
Water,38,17.68,47,185,3.26,9.54,-0.46,0,7/11/2021
Sauces and Soups,57,6.58,59,245,4.08,9.8,-1.56,1,7/11/2021
Instant Porridge,48,6.9,56,38,4.19,9.47,1.5,1,7/11/2021
Biscuits,56,8.93,62,470,4.14,8.64,-1.02,0,7/11/2021
Water,37,18.53,38,30,1.44,1.48,1.99,0,6/11/2021
Sauces and Soups,59,19.23,66,472,2.87,4.52,-0.92,1,6/11/2021
Instant Porridge,68,9,68,221,3.92,4.29,-1.53,1,6/11/2021
Biscuits,62,4.01,68,12,2.51,3.91,0.1,1,6/11/2021
Water,48,16.9,50,232,2.37,3.2,-0.54,1,5/11/2021
Sauces and Soups,52,16.23,56,364,3.99,5.09,-1.24,0,5/11/2021
Instant Porridge,29,14.25,37,192,2.68,7.57,1.67,0,5/11/2021
Biscuits,44,17.31,49,490,1.54,5.3,-1.07,1,5/11/2021
Water,52,14.51,54,382,2.13,3.79,1,0,4/11/2021
Sauces and Soups,43,16.05,51,36,2.69,8.09,1.04,1,4/11/2021
Instant Porridge,46,8.67,55,12,2.58,9.81,-0.38,1,4/11/2021
Biscuits,57,14.12,64,13,0.55,3.38,0.8,0,4/11/2021
Water,55,8.52,60,464,4.33,3.92,-0.74,1,3/11/2021
Sauces and Soups,44,19.95,49,114,2.31,8.55,-0.35,0,3/11/2021
Instant Porridge,54,12.6,57,385,1.49,7.29,-0.32,1,3/11/2021
Biscuits,62,3.28,67,34,3.99,6.78,-1.7,1,3/11/2021
Water,44,17.44,45,483,4.29,8.55,0.14,0,2/11/2021
Sauces and Soups,41,3.94,44,106,3.87,7.72,1.12,0,2/11/2021
Instant Porridge,44,10.14,47,177,0.83,8.61,-1.33,0,2/11/2021
Biscuits,35,5.88,39,192,1.96,2.3,0.1,0,2/11/2021
Water,50,17.9,53,288,2.31,8.4,-0.59,1,1/11/2021
Sauces and Soups,62,2.34,65,391,2.68,5.88,-0.1,0,1/11/2021
Instant Porridge,55,14.72,56,474,3.86,6.45,1.57,1,1/11/2021
Biscuits,68,15.66,74,482,0.55,7.88,0.55,1,1/11/2021
Water,36,17.09,44,243,3.03,1.81,-1.27,1,31/10/2021
Sauces and Soups,41,6.22,48,92,3.03,5.24,-0.05,1,31/10/2021
Instant Porridge,49,13,56,220,2.52,2.52,-1.18,0,31/10/2021
Biscuits,57,18.28,64,240,1.81,9.23,-1.98,1,31/10/2021
Water,56,5.44,56,490,0.58,7.81,-0.43,0,30/10/2021
Sauces and Soups,65,19.08,74,301,3.77,2.11,0.93,0,30/10/2021
Instant Porridge,48,7.57,51,58,3.88,4.23,-1.19,1,30/10/2021
Biscuits,43,5.68,43,149,4.65,6.75,1.04,1,30/10/2021
Water,52,15.96,60,254,2.39,5.16,-0.52,0,29/10/2021
Sauces and Soups,57,14.55,64,497,4.22,9.98,1.83,0,29/10/2021
Instant Porridge,55,1.72,55,141,4.24,4,1.05,1,29/10/2021
Biscuits,58,10.93,66,26,1.59,7.74,0.13,0,29/10/2021
Water,49,3.14,55,304,4.98,2.75,1.24,1,28/10/2021
Sauces and Soups,56,11.94,63,362,1.54,9.73,1.96,0,28/10/2021
Instant Porridge,46,14.09,48,178,0.59,7.29,0.54,1,28/10/2021
Biscuits,53,2.72,61,360,1.07,4.76,-0.41,1,28/10/2021
Water,50,17.56,52,284,4.54,6.51,0.96,0,27/10/2021
Sauces and Soups,29,11.49,36,195,1.79,8.91,1.16,0,27/10/2021
Instant Porridge,40,9.49,43,215,4.64,5.68,1.46,0,27/10/2021
Biscuits,54,4.23,54,231,4.65,6.12,1.8,1,27/10/2021
Water,53,19.82,58,282,4.47,6.66,1.83,1,26/10/2021
Sauces and Soups,38,3.09,40,447,1.77,2.98,0.74,0,26/10/2021
Instant Porridge,54,5.88,60,131,4.48,2.07,-1.06,0,26/10/2021
Biscuits,39,9.78,40,289,0.97,4.22,1,1,26/10/2021
Water,49,12.28,57,447,2.88,5.24,-0.75,1,25/10/2021
Sauces and Soups,41,18.22,44,420,3.46,1.2,-0.75,1,25/10/2021
Instant Porridge,46,17.8,50,285,3.06,8.86,0.59,1,25/10/2021
Biscuits,46,12.27,52,311,3.04,4.7,1.36,1,25/10/2021
Water,43,19.2,50,292,3.25,2.46,0.31,1,24/10/2021
Sauces and Soups,60,9.54,60,260,4.09,1.48,-0.33,0,24/10/2021
Instant Porridge,49,15.09,54,418,1.51,7.51,-1.16,1,24/10/2021
Biscuits,61,17.14,62,64,1.01,9.14,-0.87,0,24/10/2021
Water,59,6.79,65,304,0.87,4.52,-0.57,0,23/10/2021
Sauces and Soups,45,11.45,49,156,1.11,1.8,-1.73,0,23/10/2021
Instant Porridge,48,4.66,57,227,1.47,1.31,-0.36,1,23/10/2021
Biscuits,48,7.27,50,186,2.78,5.67,1.15,1,23/10/2021
Water,43,9.71,48,57,3.36,6.08,0.17,0,22/10/2021
Sauces and Soups,46,8.41,52,315,3.27,3.91,-1.57,0,22/10/2021
Instant Porridge,51,12.32,51,491,3.98,5.7,-0.97,1,22/10/2021
Biscuits,41,15.54,42,87,2.56,3.21,-1.57,0,22/10/2021
Water,49,10.43,51,400,3.79,8.6,-0.79,1,21/10/2021
Sauces and Soups,54,17.85,61,161,3.71,5.57,-0.28,1,21/10/2021
Instant Porridge,52,17.08,54,340,4.04,5.4,-1.33,1,21/10/2021
Biscuits,52,16.99,53,235,2.15,4.41,-0.27,0,21/10/2021
Water,60,2.09,61,30,4.09,4.43,1.85,0,20/10/2021
Sauces and Soups,57,12.87,65,343,2.83,4.69,1.18,1,20/10/2021
Instant Porridge,44,5.31,53,106,1.28,7.22,-0.2,0,20/10/2021
Biscuits,48,4.56,55,76,1.3,6.8,-1.59,0,20/10/2021
Water,51,7.97,52,136,4.99,8.61,0.7,1,19/10/2021
Sauces and Soups,54,18.02,62,133,1.55,7.79,1.64,1,19/10/2021
Instant Porridge,56,7.59,60,449,4.68,6.16,-0.93,0,19/10/2021
Biscuits,46,3.79,53,248,4.75,1.01,-1.89,1,19/10/2021
Water,49,18.22,52,153,0.51,9.23,1.82,1,18/10/2021
Sauces and Soups,48,18.04,51,238,2.03,6.52,-0.05,0,18/10/2021
Instant Porridge,55,18.79,60,332,0.93,8.67,1.85,1,18/10/2021
Biscuits,53,15.92,53,42,3.03,7.79,1.99,0,18/10/2021
Water,57,6.31,63,421,3.61,4.14,-1.84,0,17/10/2021
Sauces and Soups,60,15.5,68,98,3.36,4.66,-0.9,1,17/10/2021
Instant Porridge,58,2.98,61,465,2.02,2.62,-0.6,0,17/10/2021
Biscuits,49,4.7,55,269,3.94,2.66,1.9,0,17/10/2021
Water,49,11.1,52,49,3.85,6.46,0.41,1,16/10/2021
Sauces and Soups,45,13.35,52,105,3.37,2.28,-1.82,1,16/10/2021
Instant Porridge,51,9.47,59,429,2.21,7.83,0.45,1,16/10/2021
Biscuits,40,14.37,48,72,1.63,7.65,1.52,1,16/10/2021
Water,54,10.63,58,445,4.65,6.77,-0.01,0,15/10/2021
Sauces and Soups,38,11.84,39,440,0.94,3.83,0.4,0,15/10/2021
Instant Porridge,62,13.65,67,319,2.77,9.52,0.78,1,15/10/2021
Biscuits,36,17.43,44,44,0.79,7.42,-1.26,1,15/10/2021
Water,48,6.12,57,119,1.96,1.13,1.34,0,14/10/2021
Sauces and Soups,58,15.49,58,103,1.31,2.49,-1.56,0,14/10/2021
Instant Porridge,43,6.8,50,304,2.42,8.64,-0.1,0,14/10/2021
Biscuits,41,13.41,48,297,4.77,3.65,-0.83,0,14/10/2021
Water,46,2.18,54,98,3.39,3.73,1.42,0,13/10/2021
Sauces and Soups,49,3,55,61,2.6,7.95,1.2,0,13/10/2021
Instant Porridge,52,12.32,59,238,0.7,8.13,-1.45,1,13/10/2021
Biscuits,45,9.93,45,19,2.73,6.4,0.42,1,13/10/2021
Water,52,4.18,53,185,4.39,5.66,-1.58,0,12/10/2021
Sauces and Soups,50,19.03,56,154,2.69,1.65,-0.99,1,12/10/2021
Instant Porridge,60,7.8,69,44,1.31,5.05,0.8,0,12/10/2021
Biscuits,58,6.44,67,424,2.94,9.48,-1.27,1,12/10/2021
Water,56,13.3,65,358,1.85,9.05,1.34,0,11/10/2021
Sauces and Soups,52,2.15,56,109,0.97,5.88,1.96,1,11/10/2021
Instant Porridge,43,6.8,47,465,2.03,1.71,0.69,0,11/10/2021
Biscuits,45,1.03,52,219,1.51,8.55,1.91,0,11/10/2021
Water,61,17.72,63,121,3.95,3.46,0.62,0,10/10/2021
Sauces and Soups,46,15.99,54,423,1.36,9.33,-0.68,1,10/10/2021
Instant Porridge,50,7.79,55,348,0.75,3.09,0.05,1,10/10/2021
Biscuits,53,5.22,60,126,2.52,3.4,0.23,1,10/10/2021
Water,50,11.88,55,207,1.53,4.61,-1.26,0,9/10/2021
Sauces and Soups,38,15.49,45,253,4.15,7.18,-0.82,1,9/10/2021
Instant Porridge,60,13.88,60,199,3.91,7.34,-1.65,1,9/10/2021
Biscuits,56,3.09,57,54,2.13,2.06,1.87,1,9/10/2021
Water,60,15.3,63,1,1.35,3.88,1.66,1,8/10/2021
Sauces and Soups,58,7.12,62,53,3.99,8.02,1.48,1,8/10/2021
Instant Porridge,46,18.24,48,25,2.11,5.14,-1.68,0,8/10/2021
Biscuits,60,3.95,63,406,4.34,8.38,0.19,1,8/10/2021
Water,47,3.76,50,187,1.3,9.68,0.45,0,7/10/2021
Sauces and Soups,53,8.49,54,472,3.9,3.47,0.01,1,7/10/2021
Instant Porridge,46,7.64,51,24,4.28,2.71,0.47,0,7/10/2021
Biscuits,51,18.8,52,391,3.79,1.74,1.87,0,7/10/2021
Water,44,18.22,46,64,4.23,3.29,-1.1,1,6/10/2021
Sauces and Soups,51,16.76,58,446,2.41,6.4,1.89,0,6/10/2021
Instant Porridge,59,15.25,65,494,0.84,9.01,0.99,0,6/10/2021
Biscuits,50,3.15,51,428,0.94,8.09,-0.5,0,6/10/2021
Water,48,14.14,53,14,4.53,2.61,1.51,0,5/10/2021
Sauces and Soups,47,7.26,56,57,0.86,6.84,1.01,0,5/10/2021
Instant Porridge,41,14.73,45,253,1.16,1.82,1.8,0,5/10/2021
Biscuits,43,12.98,45,223,1.73,7.7,1.6,0,5/10/2021
Water,41,6.36,47,97,2.67,5.87,-1.57,0,4/10/2021
Sauces and Soups,65,12.51,74,22,4.32,8.39,1.37,1,4/10/2021
Instant Porridge,54,1.48,58,476,1.05,4.11,-0.14,0,4/10/2021
Biscuits,44,1.64,47,143,0.83,4.03,1.97,0,4/10/2021
Water,64,6.51,65,335,1.31,4.67,-1.87,0,3/10/2021
Sauces and Soups,36,2.95,44,247,0.81,3.73,0.68,1,3/10/2021
Instant Porridge,53,2.37,59,103,4.14,8.94,1.99,0,3/10/2021
Biscuits,42,3.24,44,486,3.96,5.38,1.37,0,3/10/2021
Water,38,17.31,38,185,3.38,3.98,-1.92,0,2/10/2021
Sauces and Soups,45,4.46,45,235,4.33,2.75,1.91,0,2/10/2021
Instant Porridge,55,7.09,59,2,3.21,6.51,-0.8,1,2/10/2021
Biscuits,41,10.89,48,340,3.99,5.47,1.63,0,2/10/2021
Water,62,14.25,71,6,3.74,6.04,-1.8,0,1/10/2021
Sauces and Soups,48,19.37,56,474,1.38,6.52,0.71,0,1/10/2021
Instant Porridge,40,17.58,47,244,4.89,4.96,-0.45,0,1/10/2021
Biscuits,62,19.75,67,460,2.23,9.18,0.61,0,1/10/2021
Water,55,3.58,55,355,4.66,8.83,1.82,1,30/9/2021
Sauces and Soups,49,2.54,57,249,2.4,2.1,1.75,1,30/9/2021
Instant Porridge,48,16.36,56,198,3,2.44,-1.35,1,30/9/2021
Biscuits,48,12.94,54,362,2.2,4.48,-1.21,1,30/9/2021
Water,55,12.62,57,493,3.36,7.69,-1.79,0,29/9/2021
Sauces and Soups,46,10.99,54,329,1.27,6.9,-0.79,0,29/9/2021
Instant Porridge,51,1.44,51,50,4.61,6.45,-0.03,0,29/9/2021
Biscuits,49,19.16,56,35,0.73,6.78,0.42,0,29/9/2021
Water,48,18.31,53,221,2.94,9.69,-0.21,0,28/9/2021
Sauces and Soups,53,2.83,56,404,2.31,4.95,-0.03,1,28/9/2021
Instant Porridge,57,13.34,63,377,0.99,5.88,-1.08,0,28/9/2021
Biscuits,50,9.96,56,29,1.61,1.78,-1.5,0,28/9/2021
Water,58,8.99,59,303,4.06,1.8,1.24,1,27/9/2021
Sauces and Soups,46,14.89,49,414,1.04,6.45,0.98,0,27/9/2021
Instant Porridge,43,8.65,45,226,4.43,5.25,-0.75,1,27/9/2021
Biscuits,37,4.31,45,486,4.58,7.52,1.69,0,27/9/2021
Water,52,7.82,56,75,4.58,9.38,-1.62,0,26/9/2021
Sauces and Soups,59,11.14,62,498,2.64,3.23,-1.3,1,26/9/2021
Instant Porridge,64,5.99,73,318,1.11,8.54,-0.92,1,26/9/2021
Biscuits,62,13.1,62,244,0.94,7.16,1.18,0,26/9/2021
Water,59,13.13,61,44,1.22,1.59,-0.2,1,25/9/2021
Sauces and Soups,45,2.74,53,308,2.48,9.91,-1.38,0,25/9/2021
Instant Porridge,55,4.59,64,471,3.76,4.19,-1.46,1,25/9/2021
Biscuits,52,18.44,61,356,2.56,7.4,0.23,1,25/9/2021
Water,56,11.39,61,493,3.97,2.32,1.28,1,24/9/2021
Sauces and Soups,48,4.26,49,11,3.65,5.46,1.21,1,24/9/2021
Instant Porridge,43,10.82,43,304,2.51,3.18,0.08,1,24/9/2021
Biscuits,38,2.49,39,397,0.62,4.88,-1.44,0,24/9/2021
Water,51,8.42,59,8,3.65,9.55,0.57,1,23/9/2021
Sauces and Soups,53,5.01,59,200,2.34,7.36,0.05,0,23/9/2021
Instant Porridge,40,10.91,47,160,0.82,1.28,-1.27,0,23/9/2021
Biscuits,64,3.61,68,148,1.2,5.53,0.26,1,23/9/2021
Water,50,6.94,52,436,3.87,3.87,-0.32,1,22/9/2021
Sauces and Soups,45,14.07,50,173,3.36,8.96,-1.17,0,22/9/2021
Instant Porridge,47,17.82,49,313,4.38,3.93,-0.3,0,22/9/2021
Biscuits,52,4.8,59,445,4.03,7.24,-1.28,0,22/9/2021
Water,58,18.64,67,89,3.36,6.77,-1.62,1,21/9/2021
Sauces and Soups,36,5.27,38,307,2.7,8.22,1.75,1,21/9/2021
Instant Porridge,57,10.89,64,8,3.43,2.3,1.9,0,21/9/2021
Biscuits,48,3.67,55,184,4.88,7.39,-1.24,0,21/9/2021
Water,52,2.25,52,442,4.44,2.14,0.18,0,20/9/2021
Sauces and Soups,44,3.56,49,123,4.44,9.27,1.5,0,20/9/2021
Instant Porridge,58,10.96,64,185,1.53,3.43,0.31,0,20/9/2021
Biscuits,42,3.01,46,237,2.97,7.26,0.94,1,20/9/2021
Water,57,10.1,64,230,3.14,6.66,0.83,1,19/9/2021
Sauces and Soups,53,4.45,62,491,1.1,7.22,1.17,0,19/9/2021
Instant Porridge,57,16.66,57,91,4.41,6.86,0.26,1,19/9/2021
Biscuits,43,8.98,43,202,3.27,5.97,0.69,1,19/9/2021
Water,44,4.8,51,419,1.42,9.92,-1.74,1,18/9/2021
Sauces and Soups,63,18.89,63,287,1.4,6.09,0.02,1,18/9/2021
Instant Porridge,56,16.03,63,240,4.21,3.48,1.18,1,18/9/2021
Biscuits,42,12.02,49,322,0.58,6.41,0.7,0,18/9/2021
Water,51,14.56,58,463,4.81,6.09,-0.87,0,17/9/2021
Sauces and Soups,54,9.05,56,282,2.96,1.09,-1.89,1,17/9/2021
Instant Porridge,62,10.07,68,273,0.76,3.15,-1.06,1,17/9/2021
Biscuits,48,2.41,48,403,3.37,8.93,1.77,1,17/9/2021
Water,53,11.89,58,331,1.26,6.14,1.61,0,16/9/2021
Sauces and Soups,60,8.55,66,448,3.28,3.92,0.77,1,16/9/2021
Instant Porridge,39,2.49,42,463,2.54,2.29,-0.08,0,16/9/2021
Biscuits,59,19.01,59,413,1.59,7.7,-1.67,0,16/9/2021
Water,59,15.28,68,16,1.85,4.89,-1.73,1,15/9/2021
Sauces and Soups,55,7.97,55,248,1.28,7.36,-1.64,0,15/9/2021
Instant Porridge,47,2.66,52,288,3.04,7.27,-1.92,0,15/9/2021
Biscuits,54,13.33,54,152,2.23,3.09,0.28,0,15/9/2021
Water,53,9.6,58,306,1.33,1.75,1.56,0,14/9/2021
Sauces and Soups,54,6.36,63,269,3.59,5.09,-1.76,1,14/9/2021
Instant Porridge,51,1.9,60,331,3.7,3.87,-1.36,1,14/9/2021
Biscuits,61,10.01,70,243,1.21,5.28,0.95,1,14/9/2021
Water,53,17.73,61,466,3.41,8.26,1.62,0,13/9/2021
Sauces and Soups,60,6.64,64,230,3.98,5.72,-1.53,1,13/9/2021
Instant Porridge,53,2.33,54,437,4.8,6.56,0.78,1,13/9/2021
Biscuits,49,18.95,52,208,2.51,3.27,0.4,1,13/9/2021
Water,32,6.03,37,236,0.94,9.18,-1.5,1,12/9/2021
Sauces and Soups,63,6.19,69,468,3.29,7.54,-0.19,1,12/9/2021
Instant Porridge,50,17.36,51,3,2.85,4.44,-0.17,0,12/9/2021
Biscuits,59,12.66,62,226,3.24,8.11,-0.8,1,12/9/2021
Water,52,10.1,58,137,2.74,5.14,-1.77,1,11/9/2021
Sauces and Soups,39,6.75,47,277,0.67,7.08,-1.55,0,11/9/2021
Instant Porridge,49,6.75,50,203,0.68,8.02,-0.65,1,11/9/2021
Biscuits,55,2.91,60,116,4.61,7.13,1.77,0,11/9/2021
Water,45,15.91,46,197,0.51,1.25,-1.49,1,10/9/2021
Sauces and Soups,38,8.46,47,311,0.78,3.94,-0.86,0,10/9/2021
Instant Porridge,35,12.48,43,157,3.13,6.43,1.49,0,10/9/2021
Biscuits,41,6.48,44,181,2.88,9.97,1.89,1,10/9/2021
Water,48,2.61,49,498,3.07,5.89,-0.58,1,9/9/2021
Sauces and Soups,53,6.72,59,268,4.53,7.57,-1.67,1,9/9/2021
Instant Porridge,54,16.98,55,157,3.89,7.92,-0.14,0,9/9/2021
Biscuits,49,14.64,52,338,4.13,9.25,1.5,1,9/9/2021
Water,45,11.56,54,291,1.43,9.91,-1.39,0,8/9/2021
Sauces and Soups,51,6.3,53,75,0.65,7.11,-0.89,0,8/9/2021
Instant Porridge,45,9.03,48,372,4.58,6.66,-1.9,0,8/9/2021
Biscuits,47,5.33,50,168,3.13,2.28,1.6,1,8/9/2021
Water,63,16,69,310,4.09,6.96,0.4,1,7/9/2021
Sauces and Soups,55,8.63,61,287,1.43,6.53,-1.06,0,7/9/2021
Instant Porridge,53,2.47,56,216,2.91,1.39,-0.69,0,7/9/2021
Biscuits,48,15.95,48,50,0.62,8.94,-1.91,1,7/9/2021
Water,35,7.47,40,47,0.55,9.24,0.25,1,6/9/2021
Sauces and Soups,40,15.33,45,297,1.94,3.29,0.63,0,6/9/2021
Instant Porridge,47,15.01,51,145,3.16,7,0.43,1,6/9/2021
Biscuits,58,7.68,67,347,2.9,1.06,0.86,0,6/9/2021
Water,42,12.38,49,24,1.81,9.14,-0.67,1,5/9/2021
Sauces and Soups,52,8.91,56,274,0.68,9.07,1.77,0,5/9/2021
Instant Porridge,63,19.61,64,371,1.44,1.84,-0.63,0,5/9/2021
Biscuits,56,8.91,65,98,2.86,7.66,-0.4,1,5/9/2021
Water,51,15.79,53,289,4.86,2.59,-1.99,1,4/9/2021
Sauces and Soups,52,15.28,54,97,4.8,6.37,-1.06,1,4/9/2021
Instant Porridge,51,19.47,53,398,2.49,1.85,-1.05,1,4/9/2021
Biscuits,51,19.18,60,218,1.09,2.29,1.58,0,4/9/2021
Water,42,1.05,44,457,2.18,1.37,-1.24,0,3/9/2021
Sauces and Soups,53,10.48,59,188,2.56,7.72,-1.03,1,3/9/2021
Instant Porridge,39,18.92,47,92,3.24,6.63,-1.69,0,3/9/2021
Biscuits,55,18,64,40,1.8,1.93,1.88,1,3/9/2021
Water,51,17.56,57,401,1.94,7.07,-0.86,1,2/9/2021
Sauces and Soups,46,16.08,50,174,1.24,4.17,-1.76,1,2/9/2021
Instant Porridge,71,7.78,79,79,4.95,5.57,-0.71,0,2/9/2021
Biscuits,62,17.33,71,383,0.65,3.72,0.68,0,2/9/2021
Water,40,17.05,49,181,2.8,7.97,0.96,0,1/9/2021
Sauces and Soups,39,9.36,41,272,2.07,1.3,0.79,1,1/9/2021
Instant Porridge,47,12.11,49,199,3.56,7.14,1.45,0,1/9/2021
Biscuits,50,10.23,51,253,4.57,7.7,-0.68,1,1/9/2021
Water,49,15.06,56,440,3.35,2.1,0.26,1,31/8/2021
Sauces and Soups,51,13.73,56,196,2.18,2,0.72,1,31/8/2021
Instant Porridge,50,11.67,50,210,0.98,2.54,-0.09,1,31/8/2021
Biscuits,48,17.19,53,308,1.69,3.84,0.85,0,31/8/2021
Water,58,14.93,61,466,4.79,5.69,-1.05,0,30/8/2021
Sauces and Soups,66,18.58,72,158,1.58,6.45,0.74,1,30/8/2021
Instant Porridge,46,9.15,53,102,0.6,2.23,1.8,1,30/8/2021
Biscuits,47,11.43,47,215,4.7,2.61,0.28,1,30/8/2021
Water,54,12.28,62,485,4.89,6.24,1.53,1,29/8/2021
Sauces and Soups,56,2.04,64,137,4.3,4.11,1.3,1,29/8/2021
Instant Porridge,55,2.24,58,136,2.56,8.6,1.94,0,29/8/2021
Biscuits,56,17.59,57,300,1.73,8.91,1.97,0,29/8/2021
Water,51,11.95,54,281,2.27,4.87,-0.51,0,28/8/2021
Sauces and Soups,51,18.42,52,189,4.06,1.88,-0.95,0,28/8/2021
Instant Porridge,61,9.29,62,0,1.78,5.71,-0.54,0,28/8/2021
Biscuits,57,16.75,66,394,3.23,6.01,1.6,1,28/8/2021
Water,47,6.04,47,92,1.58,1.46,-1.26,0,27/8/2021
Sauces and Soups,44,2.53,51,340,3.47,5.45,-1.89,1,27/8/2021
Instant Porridge,49,9.29,52,167,4.24,9.81,0.34,0,27/8/2021
Biscuits,60,15.18,64,181,3.62,5.91,0.07,1,27/8/2021
Water,56,5.03,60,65,1.57,7.74,-1.23,0,26/8/2021
Sauces and Soups,50,6.94,53,363,0.7,3.88,-1.99,1,26/8/2021
Instant Porridge,41,16.79,41,54,4.03,2.22,-0.54,0,26/8/2021
Biscuits,47,3.85,48,110,1.24,4.67,-1.18,0,26/8/2021
Water,62,11.47,67,348,1.34,6.37,-1.59,0,25/8/2021
Sauces and Soups,47,5.31,51,262,0.8,5.43,1.36,1,25/8/2021
Instant Porridge,55,16.21,62,122,1.21,9.4,-0.54,0,25/8/2021
Biscuits,46,15.92,50,152,4.78,2.53,1.34,1,25/8/2021
Water,53,11.48,62,324,3.49,3.33,-0.39,0,24/8/2021
Sauces and Soups,39,19.32,40,179,3.35,1.65,1.62,1,24/8/2021
Instant Porridge,51,2.42,52,430,2.54,5.12,-1.22,0,24/8/2021
Biscuits,44,2.83,49,41,1.45,4.95,-1.99,0,24/8/2021
Water,48,17.83,48,194,1.05,6.12,1.9,1,23/8/2021
Sauces and Soups,40,4.3,43,498,0.57,5.57,2,1,23/8/2021
Instant Porridge,43,13.81,46,186,1.39,1.72,1.11,1,23/8/2021
Biscuits,51,5.94,59,458,0.96,9.04,0.5,0,23/8/2021
Water,49,6.57,57,5,1.58,4.79,-0.92,0,22/8/2021
Sauces and Soups,54,9.82,54,12,2.52,8.85,-0.52,1,22/8/2021
Instant Porridge,50,5.48,57,282,3.25,3.05,-1.56,1,22/8/2021
Biscuits,51,2.14,51,484,1.03,1.06,-0.5,0,22/8/2021
Water,45,10.93,52,399,1.22,3.58,1.09,0,21/8/2021
Sauces and Soups,53,11.6,53,4,1.66,2.16,-1.41,1,21/8/2021
Instant Porridge,61,15.12,67,122,2.63,9.51,-0.52,0,21/8/2021
Biscuits,56,14.82,65,301,4.9,2.69,1.25,1,21/8/2021
Water,42,9.69,42,181,0.58,5.41,-1.05,0,20/8/2021
Sauces and Soups,43,13.27,48,7,4.16,6.22,0.48,1,20/8/2021
Instant Porridge,55,14.94,64,495,3.66,3.2,1.37,0,20/8/2021
Biscuits,51,1.02,57,22,3.66,7.6,-0.12,0,20/8/2021
Water,42,18.76,51,165,1.6,5.15,-1.09,1,19/8/2021
Sauces and Soups,51,3.47,59,193,4.87,7.49,-1.54,1,19/8/2021
Instant Porridge,51,14.7,54,140,2.5,6.85,0.26,1,19/8/2021
Biscuits,51,12.07,51,157,1.26,5.81,-1.92,1,19/8/2021
Water,61,17.28,70,388,4.91,4.56,0.9,1,18/8/2021
Sauces and Soups,57,5.61,66,88,3.67,6.43,0.91,1,18/8/2021
Instant Porridge,41,1.99,41,246,4.06,1.2,-1.78,1,18/8/2021
Biscuits,53,19.12,53,242,3.41,9.58,0.3,1,18/8/2021
Water,56,3.18,56,209,2.81,6.47,-1.7,0,17/8/2021
Sauces and Soups,41,5.11,44,442,2.05,9.56,0.98,0,17/8/2021
Instant Porridge,54,1.23,55,72,1.59,3.26,1.6,0,17/8/2021
Biscuits,60,18.35,66,104,4.69,3.78,-1.5,1,17/8/2021
Water,55,3.25,60,35,3.47,6.18,-1.7,0,16/8/2021
Sauces and Soups,46,9.53,50,417,3.32,3.05,-1.71,0,16/8/2021
Instant Porridge,43,9.36,44,211,2.23,8.25,-0.18,0,16/8/2021
Biscuits,49,2.03,51,433,3.9,2.06,-0.34,0,16/8/2021
Water,63,14.61,69,460,2.62,4.42,1.3,1,15/8/2021
Sauces and Soups,56,6.49,63,371,2.94,5.9,-1.18,1,15/8/2021
Instant Porridge,54,6.12,54,112,3.77,3.83,1.76,1,15/8/2021
Biscuits,47,9.17,54,366,4.21,5.04,-1.14,1,15/8/2021
Water,48,10.47,55,209,2.27,5.18,1.54,0,14/8/2021
Sauces and Soups,47,5.32,48,163,1.05,5.16,-0.82,0,14/8/2021
Instant Porridge,45,16.35,49,62,4.91,1.95,-1.68,0,14/8/2021
Biscuits,48,17.11,54,94,1.38,7.35,0.23,1,14/8/2021
Water,43,2.23,43,281,4.66,1.33,1.73,0,13/8/2021
Sauces and Soups,45,1.93,52,165,3.79,9.06,0.9,1,13/8/2021
Instant Porridge,58,13.25,62,195,2.75,6.08,1.62,1,13/8/2021
Biscuits,47,16,56,433,0.9,8.14,-1.74,0,13/8/2021
Water,51,5.34,52,374,2.17,9.61,0.98,0,12/8/2021
Sauces and Soups,39,5.35,42,18,4.43,8.4,1.44,0,12/8/2021
Instant Porridge,48,19.91,56,306,4.35,1.97,-1.76,1,12/8/2021
Biscuits,55,13.53,57,281,1.91,3.95,-1.18,0,12/8/2021
Water,46,2.37,52,472,1.34,9.56,1.29,0,11/8/2021
Sauces and Soups,63,17.69,72,335,4.19,5.26,-1.02,0,11/8/2021
Instant Porridge,49,17.43,53,329,1.46,9.31,0.42,0,11/8/2021
Biscuits,51,4.02,57,314,1.28,8.77,-0.17,1,11/8/2021
Water,49,8.09,49,342,3.84,1.23,-0.09,0,10/8/2021
Sauces and Soups,47,7.77,52,324,1.91,3.58,-0.47,1,10/8/2021
Instant Porridge,56,11.83,60,201,4.02,1,-1.75,0,10/8/2021
Biscuits,50,5.24,55,140,4.68,1.73,-1.97,0,10/8/2021
Water,60,6.66,62,94,4.74,9.23,1.29,1,9/8/2021
Sauces and Soups,51,18.38,51,85,2.26,1.51,-0.09,1,9/8/2021
Instant Porridge,58,15.26,58,302,2.3,1.17,1.13,0,9/8/2021
Biscuits,43,4.47,47,480,4.34,6.43,-0.77,1,9/8/2021
Water,52,7.47,60,310,2.91,4.15,1.93,1,8/8/2021
Sauces and Soups,48,15.35,54,213,1.34,5.48,-1.08,1,8/8/2021
Instant Porridge,53,14.76,58,389,4.87,5.5,-1.61,0,8/8/2021
Biscuits,59,19.65,64,176,1.45,1.64,-1.47,0,8/8/2021
Water,59,19.2,62,391,0.76,6.46,0.18,1,7/8/2021
Sauces and Soups,44,9.02,48,177,0.77,1.34,-0.83,1,7/8/2021
Instant Porridge,49,2.6,52,383,2.28,5.81,1.98,0,7/8/2021
Biscuits,50,15.92,55,466,4.41,5.23,1.94,0,7/8/2021
Water,42,14.51,42,318,2.65,3.71,1.13,0,6/8/2021
Sauces and Soups,40,4.38,41,104,0.87,1.87,-1.38,1,6/8/2021
Instant Porridge,53,16.45,60,445,0.68,4.78,-1.35,1,6/8/2021
Biscuits,43,5.22,51,465,2.79,1.21,-1.53,1,6/8/2021
Water,56,14.75,60,438,3.05,7.85,-1.03,0,5/8/2021
Sauces and Soups,52,5.77,55,296,1.3,4.57,-1.15,1,5/8/2021
Instant Porridge,49,2.87,56,9,0.71,8.32,-0.67,0,5/8/2021
Biscuits,55,13.21,64,253,4.99,9.12,1.58,1,5/8/2021
Water,55,17.66,55,46,0.76,7.93,1.53,1,4/8/2021
Sauces and Soups,47,8.32,47,63,2.76,4.08,1.23,1,4/8/2021
Instant Porridge,59,17.43,68,121,2.28,8.58,-1.15,0,4/8/2021
Biscuits,60,14.96,63,38,1.74,5.89,-1.95,0,4/8/2021
Water,60,14.33,67,379,1.99,2.02,1.85,1,3/8/2021
Sauces and Soups,57,16.35,60,290,2.46,5.98,1.34,0,3/8/2021
Instant Porridge,50,7.87,53,375,0.92,7.18,-1.93,0,3/8/2021
Biscuits,35,2.21,36,345,1.6,3.45,-0.38,0,3/8/2021
Water,47,2.56,55,6,2.38,4.96,-0.01,0,2/8/2021
Sauces and Soups,52,10.47,54,113,1.29,5.47,-1.9,1,2/8/2021
Instant Porridge,47,8.87,47,213,3.06,8.32,0.21,1,2/8/2021
Biscuits,53,11.92,57,418,3.01,2.43,1.12,0,2/8/2021
Water,56,2.31,65,263,2.05,3.23,-1.27,0,1/8/2021
Sauces and Soups,57,13.04,63,27,1.27,1.24,-1.85,0,1/8/2021
Instant Porridge,48,7.4,53,88,0.69,2.44,-0.28,0,1/8/2021
Biscuits,42,17.89,42,287,1.34,9.21,-1.24,0,1/8/2021
Water,37,16.11,38,252,4.69,2.91,-1.87,1,31/7/2021
Sauces and Soups,56,5.45,64,168,2.27,7.19,1.6,0,31/7/2021
Instant Porridge,41,2.78,45,39,0.64,2.83,0.59,1,31/7/2021
Biscuits,51,12.82,51,27,2.74,2.49,-1,0,31/7/2021
Water,50,3.12,58,245,4.9,4.48,-0.63,1,30/7/2021
Sauces and Soups,53,4.51,58,208,1.14,4.85,-1.12,0,30/7/2021
Instant Porridge,38,7.48,47,479,2.83,5.15,0.25,0,30/7/2021
Biscuits,50,5.9,56,91,4.67,8.01,0.7,0,30/7/2021
Water,57,5.53,59,288,2.91,5.32,-0.97,1,29/7/2021
Sauces and Soups,56,19.89,60,200,3.63,7.46,-1.17,0,29/7/2021
Instant Porridge,49,18.49,54,149,3.88,6.1,0.06,1,29/7/2021
Biscuits,46,18.16,53,451,1,5.09,0.7,1,29/7/2021
Water,58,1.95,58,459,4.08,4.89,-0.28,0,28/7/2021
Sauces and Soups,48,1.32,56,297,4.26,2.64,1.47,1,28/7/2021
Instant Porridge,56,18.65,62,228,1.37,7.48,-1.71,1,28/7/2021
Biscuits,47,16.34,47,401,1.1,6.72,0.17,0,28/7/2021
Water,45,2.79,49,362,3.13,9.36,-1.89,1,27/7/2021
Sauces and Soups,50,3.42,52,177,3.61,9.3,-0.54,0,27/7/2021
Instant Porridge,61,19.5,62,53,1.94,5.41,-0.04,1,27/7/2021
Biscuits,55,12.01,62,206,4.29,2.81,-1.79,0,27/7/2021
Water,50,15.45,50,21,0.78,3.07,0.83,0,26/7/2021
Sauces and Soups,50,19.89,54,87,1.5,1.37,0.21,0,26/7/2021
Instant Porridge,47,6.45,56,70,4.75,6.78,-1.59,1,26/7/2021
Biscuits,52,14.52,55,372,1.22,2.11,0.75,1,26/7/2021
Water,43,18.66,43,308,4.27,3.47,-0.14,0,25/7/2021
Sauces and Soups,60,16.34,62,402,3.86,3.72,0.84,1,25/7/2021
Instant Porridge,50,5.9,55,330,3.75,3.76,-1.2,1,25/7/2021
Biscuits,61,10.56,70,455,2.88,9.04,-0.66,0,25/7/2021
Water,54,13.08,62,158,1.48,8.71,1.53,0,24/7/2021
Sauces and Soups,61,12.96,63,377,2.98,1.55,-0.44,0,24/7/2021
Instant Porridge,69,16.77,75,91,0.71,7.2,1.84,0,24/7/2021
Biscuits,55,2.61,60,305,4.74,4.52,1.19,0,24/7/2021
Water,50,8.1,51,445,2.57,9.48,0.97,1,23/7/2021
Sauces and Soups,65,12.22,68,489,3.6,5.35,1.98,1,23/7/2021
Instant Porridge,52,15.2,53,449,3.34,7.37,0.97,0,23/7/2021
Biscuits,52,8.14,55,16,1.5,9.77,-0.6,0,23/7/2021
Water,56,4.93,60,24,2.24,2.83,1.37,1,22/7/2021
Sauces and Soups,41,8.85,48,19,3.88,7.8,-0.11,0,22/7/2021
Instant Porridge,54,9.01,55,366,2.42,1.96,1.34,1,22/7/2021
Biscuits,48,17.92,50,143,4.06,4.66,-1.9,1,22/7/2021
Water,56,5.97,61,247,4.68,3.63,-1.09,1,21/7/2021
Sauces and Soups,55,1.16,58,371,2.44,9.61,-1.61,1,21/7/2021
Instant Porridge,59,5.1,62,463,1.8,8.29,-0.35,0,21/7/2021
Biscuits,54,8.5,60,412,2.01,7.9,-1.31,0,21/7/2021
Water,52,7.16,57,79,2.8,6.72,-0.52,0,20/7/2021
Sauces and Soups,54,5.31,54,119,2.51,1.57,-0.48,1,20/7/2021
Instant Porridge,45,2.28,49,244,2.85,5.27,-1.97,0,20/7/2021
Biscuits,57,2.13,64,95,4.17,3.23,0.81,0,20/7/2021
Water,43,5.48,47,41,4.87,3.16,0.83,1,19/7/2021
Sauces and Soups,42,15.2,48,266,2.98,1.95,0.22,0,19/7/2021
Instant Porridge,45,2.11,51,343,2.01,6.02,-1.7,1,19/7/2021
Biscuits,46,3.9,46,320,3.86,9.24,1.98,1,19/7/2021
Water,53,19.65,54,43,1.88,5.82,-0.94,0,18/7/2021
Sauces and Soups,46,19.66,46,210,1.2,6.76,1.63,1,18/7/2021
Instant Porridge,53,5.36,58,33,2.26,5.15,1.28,1,18/7/2021
Biscuits,54,3.81,62,410,1.74,5.81,1.48,1,18/7/2021
Water,49,6.83,56,332,0.81,7.33,0.14,1,17/7/2021
Sauces and Soups,42,9.6,43,434,1.01,6.01,-0.56,1,17/7/2021
Instant Porridge,51,4.29,51,108,3.89,1.94,-0.53,0,17/7/2021
Biscuits,57,18.13,63,486,3,2.65,-0.35,0,17/7/2021
Water,43,12.64,49,343,0.51,8.46,-1.97,0,16/7/2021
Sauces and Soups,52,19.72,53,55,4.44,4.54,-1.52,0,16/7/2021
Instant Porridge,49,14.12,57,224,3.67,5.52,-1.79,0,16/7/2021
Biscuits,54,2.4,56,320,1.79,3.45,1.68,1,16/7/2021
Water,51,1.82,56,332,3.61,9.94,0.65,1,15/7/2021
Sauces and Soups,58,10.34,63,402,2.83,5.21,-0.9,0,15/7/2021
Instant Porridge,39,10.94,42,135,1.32,6.22,-1,1,15/7/2021
Biscuits,47,12.95,56,390,1.96,9.12,-0.78,0,15/7/2021
Water,42,19.93,49,111,3.42,5.01,-0.79,1,14/7/2021
Sauces and Soups,41,12.26,46,443,3.34,5.31,0.55,1,14/7/2021
Instant Porridge,46,8.64,55,460,1.48,8.15,0.13,1,14/7/2021
Biscuits,54,10.2,59,350,2.64,1.7,0.59,1,14/7/2021
Water,51,6.78,57,90,3.04,8.75,-1.75,0,13/7/2021
Sauces and Soups,69,4.06,70,283,4.77,4.69,1.56,0,13/7/2021
Instant Porridge,54,13.3,55,104,3.18,8.48,1.75,1,13/7/2021
Biscuits,48,14.56,51,328,0.91,6.86,-0.27,0,13/7/2021
Water,50,7.16,53,37,3.53,7.74,-1.98,0,12/7/2021
Sauces and Soups,51,12.89,60,220,2.67,4.26,0.87,1,12/7/2021
Instant Porridge,37,12.12,37,26,4.77,7.47,0.74,1,12/7/2021
Biscuits,46,8.82,51,205,2.11,3.39,0.03,0,12/7/2021
Water,54,15.15,55,368,0.95,8,-1.52,1,11/7/2021
Sauces and Soups,49,14.69,50,124,0.66,4.78,0.54,0,11/7/2021
Instant Porridge,52,2.72,55,374,3.15,9.9,-1.16,1,11/7/2021
Biscuits,54,2.13,58,199,3.7,8.88,-1.17,0,11/7/2021
Water,33,1.44,41,240,3.09,9.1,0.83,1,10/7/2021
Sauces and Soups,48,17.61,56,266,4.9,7.6,0.39,1,10/7/2021
Instant Porridge,50,1.94,58,39,4.25,1.12,-0.94,1,10/7/2021
Biscuits,60,8.09,64,201,3.34,9.82,0.55,0,10/7/2021
Water,51,14.47,59,381,3.8,9.3,-1.77,1,9/7/2021
Sauces and Soups,46,5.87,46,423,1.59,1.18,1.29,0,9/7/2021
Instant Porridge,51,17.84,60,188,0.79,1.57,-1.58,1,9/7/2021
Biscuits,41,19.6,43,482,4.83,8.46,-0.88,1,9/7/2021
Water,49,2.85,54,204,4,4.86,0.42,1,8/7/2021
Sauces and Soups,48,8.2,49,45,2.73,6.36,-1.51,0,8/7/2021
Instant Porridge,55,13.67,64,418,2.24,7.23,-0.19,0,8/7/2021
Biscuits,47,19.64,51,134,3.58,1.77,-0.43,1,8/7/2021
Water,38,8.77,41,82,0.55,6.62,-1.36,0,7/7/2021
Sauces and Soups,54,1.42,56,180,3.92,2.97,0.35,1,7/7/2021
Instant Porridge,49,15.56,57,34,3.15,1.6,1.57,0,7/7/2021
Biscuits,51,2.41,59,190,3.97,7.66,1.89,0,7/7/2021
Water,52,17.85,56,368,4.53,2.81,1.5,0,6/7/2021
Sauces and Soups,55,15.28,60,53,2.8,1.94,-1.56,0,6/7/2021
Instant Porridge,55,17.55,62,312,4.87,4.06,-0.85,0,6/7/2021
Biscuits,39,15.87,44,465,0.9,7.02,0.62,0,6/7/2021
Water,46,19.7,55,362,4.47,4.44,0.02,1,5/7/2021
Sauces and Soups,46,15.24,52,323,1.92,4.02,1.05,1,5/7/2021
Instant Porridge,61,1.44,61,240,2.6,4.8,0.71,1,5/7/2021
Biscuits,62,10.4,63,277,2.54,1.76,0.22,0,5/7/2021
Water,64,12.43,69,436,2.81,6.02,0.71,0,4/7/2021
Sauces and Soups,59,17.81,62,10,4.93,2.3,-0.99,1,4/7/2021
Instant Porridge,56,8.34,62,323,2.54,5.35,0.44,1,4/7/2021
Biscuits,47,4.42,56,183,2.67,4.34,0.95,0,4/7/2021
Water,51,4.81,60,377,3.09,6.79,-1.26,1,3/7/2021
Sauces and Soups,47,15.91,49,41,2.64,9.03,0.49,1,3/7/2021
Instant Porridge,46,10.45,46,117,2.84,2.35,0.45,0,3/7/2021
Biscuits,56,8.42,64,492,2.39,4.93,-1.9,0,3/7/2021
Water,48,11.3,53,373,2.35,7.33,1.9,1,2/7/2021
Sauces and Soups,33,2.95,38,437,0.77,4.13,-0.28,0,2/7/2021
Instant Porridge,46,14.25,50,99,3.86,7.61,-1.74,1,2/7/2021
Biscuits,62,14.46,71,127,1.46,7.03,1.51,1,2/7/2021
Water,49,15.17,51,171,4.13,1.82,-1.03,1,1/7/2021
Sauces and Soups,51,16.64,58,344,1.34,7.6,-1.02,0,1/7/2021
Instant Porridge,57,13.18,61,462,4.57,8.01,-1.68,1,1/7/2021
Biscuits,51,6.42,57,4,2.4,8.73,-0.82,1,1/7/2021
Water,53,8.87,53,79,3.64,6.77,-1.71,0,30/6/2021
Sauces and Soups,34,3.38,40,329,2.51,7.91,0.19,1,30/6/2021
Instant Porridge,44,13.52,46,51,3.94,6.49,0.71,0,30/6/2021
Biscuits,54,17.9,54,21,1.03,2,0.51,0,30/6/2021
Water,46,11.36,54,216,4.19,3.46,1.97,0,29/6/2021
Sauces and Soups,61,10.54,70,428,4.27,7.64,1.57,0,29/6/2021
Instant Porridge,48,5.89,56,168,4.57,6.03,-1.03,0,29/6/2021
Biscuits,50,2.19,50,213,2.71,2.49,-1.36,0,29/6/2021
Water,58,5.69,62,22,2.67,1.54,0.87,0,28/6/2021
Sauces and Soups,58,4.13,63,384,2.8,1.07,0.43,1,28/6/2021
Instant Porridge,40,3.03,48,214,3.26,9.11,-1.05,0,28/6/2021
Biscuits,57,15.34,59,195,3.33,8.01,-1.03,0,28/6/2021
Water,53,11.67,55,343,4.57,6.05,1.85,0,27/6/2021
Sauces and Soups,59,13.72,59,292,1.51,4.51,0.68,0,27/6/2021
Instant Porridge,53,14.49,57,399,3.88,6.13,1.68,0,27/6/2021
Biscuits,49,8.6,55,291,2.49,1.95,-0.8,1,27/6/2021
Water,58,16.71,66,322,2.58,5.93,-0.28,0,26/6/2021
Sauces and Soups,40,7.45,48,207,1.23,6.31,-1.11,1,26/6/2021
Instant Porridge,52,3.19,53,105,2.6,1.53,1.23,0,26/6/2021
Biscuits,65,4.65,74,385,2.28,5.55,1.33,1,26/6/2021
Water,47,1.66,53,487,2.6,6.49,1.51,1,25/6/2021
Sauces and Soups,60,9.28,65,315,1.45,1.09,-0.01,0,25/6/2021
Instant Porridge,49,5.3,57,59,3.73,9.58,-1.57,1,25/6/2021
Biscuits,58,5.42,58,285,2.97,8.91,1.51,0,25/6/2021
Water,49,7.07,53,491,3.65,7.73,-0.89,0,24/6/2021
Sauces and Soups,54,6.66,62,275,1.76,9.54,1.49,0,24/6/2021
Instant Porridge,50,17.68,55,469,1.21,3.89,1.08,0,24/6/2021
Biscuits,46,16.4,49,61,1.27,5.01,-0.47,0,24/6/2021
Water,54,3.15,63,5,2.29,3.67,-0.83,1,23/6/2021
Sauces and Soups,52,1.99,57,467,3.31,6.51,-1.37,1,23/6/2021
Instant Porridge,56,7.9,65,336,3.98,5.43,-0.49,1,23/6/2021
Biscuits,41,4.92,50,269,2.96,7.18,-0.02,1,23/6/2021
Water,47,11.23,47,371,1.12,8.99,0.84,1,22/6/2021
Sauces and Soups,46,5.31,55,357,3.77,9.42,-0.35,0,22/6/2021
Instant Porridge,47,9.29,55,304,0.63,5.11,1.83,0,22/6/2021
Biscuits,61,5.81,68,173,3.44,7.28,0.11,1,22/6/2021
Water,45,6.2,49,292,0.75,9.06,1.18,1,21/6/2021
Sauces and Soups,44,3.15,53,449,3.8,6.93,-1.31,0,21/6/2021
Instant Porridge,51,16.77,53,326,1.13,6.9,1.78,0,21/6/2021
Biscuits,53,2.43,53,55,0.9,1.65,-1.09,0,21/6/2021
Water,46,17.65,54,401,1.7,6.77,-1.82,1,20/6/2021
Sauces and Soups,57,9.05,66,441,2.27,3.09,-1.62,1,20/6/2021
Instant Porridge,50,15.21,53,145,3.54,5.51,-1.48,1,20/6/2021
Biscuits,45,6.76,45,192,1.59,9.57,-1.45,1,20/6/2021
Water,57,5.1,60,18,3.32,3.13,-1.09,0,19/6/2021
Sauces and Soups,49,17.65,58,477,3.85,2.96,0.99,0,19/6/2021
Instant Porridge,46,19.67,50,224,2.05,2.09,-1.97,1,19/6/2021
Biscuits,43,18.61,52,261,4.35,2.96,1.18,1,19/6/2021
Water,44,10.56,44,465,3.71,6.34,0.71,1,18/6/2021
Sauces and Soups,52,4.91,57,6,3.15,3.31,1.39,0,18/6/2021
Instant Porridge,52,9.67,55,14,2.27,8.11,-1.44,1,18/6/2021
Biscuits,52,3.13,55,248,4.42,5.31,1.42,1,18/6/2021
Water,40,15.24,40,423,1.74,5.34,0.68,0,17/6/2021
Sauces and Soups,59,17.88,64,224,1.53,7.72,-1.71,0,17/6/2021
Instant Porridge,58,19.63,66,215,1.92,8.81,0.03,1,17/6/2021
Biscuits,48,13.28,52,414,1.32,3.78,-1.22,1,17/6/2021
Water,54,14.64,58,468,4.88,1.81,0.3,0,16/6/2021
Sauces and Soups,51,7.65,56,410,1.57,3.93,1.76,0,16/6/2021
Instant Porridge,41,11.74,42,409,2.97,3.08,1.38,0,16/6/2021
Biscuits,51,18.8,53,273,2.42,6.7,1.09,1,16/6/2021
Water,39,18.68,41,118,1.41,1.98,1.55,0,15/6/2021
Sauces and Soups,34,10.93,35,123,3.73,2.14,-0.26,0,15/6/2021
Instant Porridge,44,2.98,49,451,2.9,2.4,0.72,0,15/6/2021
Biscuits,45,12.34,53,436,1.94,9.29,1.25,1,15/6/2021
Water,46,3.01,47,415,4.3,8.45,1.99,1,14/6/2021
Sauces and Soups,52,8.38,54,13,4.94,6.6,-1.27,0,14/6/2021
Instant Porridge,57,12.36,63,248,1.19,1.42,-1.69,1,14/6/2021
Biscuits,38,8.75,39,290,3.6,6.39,-1.7,0,14/6/2021
Water,64,4.83,71,72,4.96,3.74,-0.76,0,13/6/2021
Sauces and Soups,45,6.65,51,197,4.91,7.45,0.38,1,13/6/2021
Instant Porridge,58,18.52,67,126,3.45,9.18,0.05,0,13/6/2021
Biscuits,55,12.42,63,108,2.4,4.78,-1.9,1,13/6/2021
Water,39,11.43,41,453,4.69,3.97,-0.11,1,12/6/2021
Sauces and Soups,57,18.89,61,227,0.99,6.22,1.19,0,12/6/2021
Instant Porridge,44,18.18,50,166,0.93,5.13,1.02,1,12/6/2021
Biscuits,50,4.11,59,92,3.38,7.41,-0.5,0,12/6/2021
Water,50,4.69,58,429,1.06,8.16,1.91,1,11/6/2021
Sauces and Soups,40,9.21,49,89,2.41,5.44,1.91,1,11/6/2021
Instant Porridge,42,18.71,49,385,2.61,7.47,0.02,1,11/6/2021
Biscuits,34,16.88,40,401,3.47,6.24,0.12,0,11/6/2021
Water,46,16.73,53,252,4.49,9.9,-0.75,0,10/6/2021
Sauces and Soups,65,12.87,69,222,4.26,2.4,-1.59,1,10/6/2021
Instant Porridge,56,14.06,61,432,3.64,7.47,-0.69,0,10/6/2021
Biscuits,64,15.93,71,447,4.58,6.74,1.13,0,10/6/2021
Water,57,16.43,57,470,4.15,8.24,0.59,0,9/6/2021
Sauces and Soups,38,2.7,42,389,0.98,8.95,1.7,0,9/6/2021
Instant Porridge,53,2.16,59,84,4.87,8.6,0.89,1,9/6/2021
Biscuits,52,16.1,56,441,1.17,7.58,-1.1,0,9/6/2021
Water,62,8.03,64,447,4.37,2.83,1.49,0,8/6/2021
Sauces and Soups,46,16.54,50,16,3.96,3.17,1.07,1,8/6/2021
Instant Porridge,41,13.89,50,425,3.46,5.25,1.55,0,8/6/2021
Biscuits,55,12.18,58,343,2.44,8.4,0.6,1,8/6/2021
Water,48,10.52,49,19,2.15,4.78,-1.91,0,7/6/2021
Sauces and Soups,53,15.06,58,333,4.09,4.21,1.15,1,7/6/2021
Instant Porridge,47,11.7,47,34,4,9.18,-0.15,1,7/6/2021
Biscuits,44,10.65,47,268,4.81,3.93,-0.58,1,7/6/2021
Water,50,1.86,52,409,1.02,3.14,-0.06,1,6/6/2021
Sauces and Soups,52,15.89,54,80,1.96,9.57,-1.91,0,6/6/2021
Instant Porridge,55,2.54,56,176,4.33,4.74,-0.22,1,6/6/2021
Biscuits,45,11.43,53,167,3.19,2.49,-1.59,0,6/6/2021
Water,47,1.12,47,258,4.96,8.09,-1.85,1,5/6/2021
Sauces and Soups,43,8.04,45,1,0.93,1.08,-0.47,0,5/6/2021
Instant Porridge,54,19.58,60,26,4.37,5.21,-0.03,0,5/6/2021
Biscuits,47,3.63,47,165,1.64,3.08,-1.55,1,5/6/2021
Water,49,17.8,52,54,1.46,2.92,0.61,1,4/6/2021
Sauces and Soups,63,17.04,71,216,3.62,7.99,-0.16,1,4/6/2021
Instant Porridge,47,13.25,54,324,1.06,7.85,-0.43,0,4/6/2021
Biscuits,51,17.65,56,103,0.99,9.28,-0.78,1,4/6/2021
Water,57,6.67,57,17,3.38,1.37,0.5,1,3/6/2021
Sauces and Soups,41,4.38,49,348,2.53,1.46,1.81,0,3/6/2021
Instant Porridge,37,3.25,43,68,1.05,1.65,1.05,0,3/6/2021
Biscuits,54,10.72,63,217,2.42,7.73,-1.97,0,3/6/2021
Water,45,13.56,53,356,2.54,2.74,1.6,0,2/6/2021
Sauces and Soups,43,14.35,46,401,4.36,1.2,1.59,1,2/6/2021
Instant Porridge,59,9.11,61,187,3.35,3.77,0.93,0,2/6/2021
Biscuits,37,16.81,43,49,4.88,8.22,-1.84,0,2/6/2021
Water,60,18.58,61,47,1.95,6.07,0.85,0,1/6/2021
Sauces and Soups,51,3.51,56,145,4.94,6.22,0.32,0,1/6/2021
Instant Porridge,42,18.9,46,456,4.99,4.49,-1.92,0,1/6/2021
Biscuits,43,16.08,45,166,4.89,7.58,1.87,0,1/6/2021
Water,43,8.32,47,193,2.12,3.75,-1.33,1,31/5/2021
Sauces and Soups,52,6.63,54,284,4.49,9.42,0.73,1,31/5/2021
Instant Porridge,57,1.35,58,251,2.35,4.74,-0.75,0,31/5/2021
Biscuits,43,15.52,52,57,3.8,8.19,-0.34,1,31/5/2021
Water,60,8.05,62,38,2.53,5.33,1.29,0,30/5/2021
Sauces and Soups,49,4.57,57,446,2.69,9,-0.99,1,30/5/2021
Instant Porridge,43,12.94,52,239,4.53,9.05,1.44,1,30/5/2021
Biscuits,60,8.64,65,317,1.62,7.89,0.31,0,30/5/2021
Water,42,1.46,42,470,2.26,6.3,0.28,1,29/5/2021
Sauces and Soups,38,3.44,38,22,3.5,9.77,0.77,1,29/5/2021
Instant Porridge,37,16.15,45,338,0.77,9.3,0.61,0,29/5/2021
Biscuits,49,16.38,50,8,4.08,2.35,0.29,1,29/5/2021
Water,41,4.02,42,254,4.96,8.11,-1.98,0,28/5/2021
Sauces and Soups,36,15.49,41,146,3.97,5.65,1.3,0,28/5/2021
Instant Porridge,50,5.55,59,335,0.66,9.08,0.45,0,28/5/2021
Biscuits,45,14.79,52,12,3.83,6.05,0.05,0,28/5/2021
Water,52,2.52,61,66,0.8,8.25,-0.69,0,27/5/2021
Sauces and Soups,37,18.68,46,277,2.84,5.95,-0.8,1,27/5/2021
Instant Porridge,54,4.08,55,409,4.47,2.52,0.89,0,27/5/2021
Biscuits,51,15.07,51,96,0.85,1.15,0.99,1,27/5/2021
Water,47,15.52,56,63,4.95,2.85,-1.65,1,26/5/2021
Sauces and Soups,60,18.08,60,42,4,3.09,0.12,1,26/5/2021
Instant Porridge,43,11.49,46,497,2.94,9.8,-0.06,0,26/5/2021
Biscuits,55,3.87,57,217,2.14,1.81,-0.5,0,26/5/2021
Water,42,1.62,42,230,1.98,4.83,-0.27,1,25/5/2021
Sauces and Soups,49,17.76,51,9,0.56,9.15,0.93,1,25/5/2021
Instant Porridge,58,9.57,66,381,1.13,9.73,1.6,0,25/5/2021
Biscuits,60,14.57,65,50,3.2,3.74,0.92,0,25/5/2021
Water,58,17.5,60,1,3.73,3.75,1.96,0,24/5/2021
Sauces and Soups,52,4.46,61,78,3.69,7.9,-0.97,1,24/5/2021
Instant Porridge,56,1.31,59,54,1.78,3.21,1.2,0,24/5/2021
Biscuits,52,9.7,60,251,3.06,7.12,0.74,1,24/5/2021
Water,43,10.88,48,191,1.24,5.72,1.39,1,23/5/2021
Sauces and Soups,58,3.8,65,140,2.38,6.69,0.87,0,23/5/2021
Instant Porridge,44,11.28,49,227,1.44,7.8,-0.39,0,23/5/2021
Biscuits,53,19.36,54,345,4.75,2.51,0.71,1,23/5/2021
Water,55,6.85,56,424,1.9,5.22,1.27,1,22/5/2021
Sauces and Soups,38,8.44,47,333,4.93,2.31,0.98,0,22/5/2021
Instant Porridge,55,18.86,59,213,4.65,7.98,-1.28,0,22/5/2021
Biscuits,39,19.21,39,413,2.16,8,0.2,0,22/5/2021
Water,53,1.01,60,241,2.98,1.04,0.68,0,21/5/2021
Sauces and Soups,44,16.83,48,357,2.43,5.84,1.62,0,21/5/2021
Instant Porridge,67,3.08,68,300,4.53,6.8,-0.16,1,21/5/2021
Biscuits,53,2.54,54,314,3.19,1.68,0.47,0,21/5/2021
Sauces and Soups,57,5,60,152,0.68,2.82,-1.03,1,20/5/2021
Instant Porridge,58,10.23,62,51,1.65,8.11,0.62,1,20/5/2021
Sauces and Soups,60,14.08,68,123,2.05,6.53,-1.73,0,19/5/2021
Instant Porridge,38,6.28,44,181,1.69,4.49,-0.18,1,19/5/2021
Sauces and Soups,51,14.72,51,99,3.64,2.43,-1.51,0,18/5/2021
Instant Porridge,34,7.3,36,251,4.25,4.87,-1.65,1,18/5/2021
Sauces and Soups,49,17.62,54,392,4.5,8.41,-1.04,1,17/5/2021
Instant Porridge,45,19.39,54,393,3.84,8.56,0.55,0,17/5/2021
Sauces and Soups,47,4.77,48,233,2.39,1.91,0.91,1,16/5/2021
Instant Porridge,45,2.08,45,226,1.55,7.58,-1.88,0,16/5/2021
Sauces and Soups,55,10.43,57,164,0.62,2.18,1.34,1,15/5/2021
Instant Porridge,46,13.19,49,381,1.68,4.23,1.56,0,15/5/2021
Sauces and Soups,45,1.49,54,299,0.8,6.39,-0.54,0,14/5/2021
Instant Porridge,61,2.5,62,56,2.58,4.1,-0.3,0,14/5/2021
Sauces and Soups,59,16.79,62,144,2.75,7.48,0.2,1,13/5/2021
Instant Porridge,54,2.46,60,477,0.91,2.62,1.98,0,13/5/2021
Sauces and Soups,48,9.72,51,122,3.96,8.13,1.69,1,12/5/2021
Instant Porridge,55,2.22,64,288,4.8,6.2,0.02,1,12/5/2021
Sauces and Soups,48,19.32,57,100,2.57,6.08,0.94,1,11/5/2021
Instant Porridge,46,3.14,52,332,1.48,8.05,1.89,1,11/5/2021
Sauces and Soups,45,7.77,46,286,4.58,6.24,0.98,1,10/5/2021
Instant Porridge,54,5.22,54,61,0.79,3.59,-0.15,0,10/5/2021
Sauces and Soups,58,15.76,64,346,1.07,9.84,1.68,1,9/5/2021
Instant Porridge,51,6.86,59,30,3.63,7.24,1.52,1,9/5/2021
Sauces and Soups,60,17.28,60,435,1.7,3.97,0.23,1,8/5/2021
Instant Porridge,51,3.51,56,321,4.27,1.64,-1.64,1,8/5/2021
Sauces and Soups,47,4.64,51,60,1.58,7.97,-0.06,1,7/5/2021
Instant Porridge,45,14.83,52,174,1.17,7.18,0.59,0,7/5/2021
Sauces and Soups,57,10.9,59,237,2.69,8.65,0.38,1,6/5/2021
Instant Porridge,48,8.3,52,359,3.19,4.7,-0.24,1,6/5/2021
Sauces and Soups,46,18.29,48,282,0.86,3.2,0.93,1,5/5/2021
Instant Porridge,60,14.35,62,419,2.4,4.58,-0.61,1,5/5/2021
Sauces and Soups,43,16.33,51,297,2.53,4.59,-0.09,0,4/5/2021
Sauces and Soups,54,3.49,55,132,1.33,8.58,-0.26,1,3/5/2021
Sauces and Soups,46,18.45,49,193,1.01,2,-0.62,1,2/5/2021
Sauces and Soups,60,17.67,64,51,3.49,4.69,-0.24,1,1/5/2021
Sauces and Soups,40,19.18,41,107,2.04,3.39,0.7,1,30/4/2021
Sauces and Soups,44,10.08,52,362,2.01,4.96,-1.22,0,29/4/2021
Sauces and Soups,47,17.53,49,437,1.08,1.84,0.4,1,28/4/2021
Sauces and Soups,54,4.17,58,412,4.3,4.95,0.82,1,27/4/2021
Sauces and Soups,50,8.17,52,284,2.88,3.25,0.86,0,26/4/2021
Sauces and Soups,56,2.17,60,206,2.24,8.75,-1.68,1,25/4/2021
Sauces and Soups,52,16.3,57,17,1.59,8.9,0.03,1,24/4/2021
Sauces and Soups,47,18.12,48,246,1.35,9.4,0.11,1,23/4/2021
Sauces and Soups,45,8.42,47,383,4.02,9.94,-0.06,0,22/4/2021
Sauces and Soups,41,12.68,41,426,0.95,3.8,-0.81,0,21/4/2021
Sauces and Soups,55,7.38,64,79,0.68,6.49,-0.21,1,20/4/2021
Sauces and Soups,61,16.54,66,458,2.2,7.6,-0.86,0,19/4/2021
Sauces and Soups,59,9.42,64,266,4.84,5.34,0.87,0,18/4/2021
Sauces and Soups,44,8.37,51,448,3.45,6.76,-0.05,1,17/4/2021
Sauces and Soups,51,6.99,56,353,3.24,2.93,0.91,0,16/4/2021
Sauces and Soups,48,12.72,53,97,3.78,2.16,1.39,1,15/4/2021
Sauces and Soups,52,4.25,54,297,1.16,7.05,-1.16,1,14/4/2021
Sauces and Soups,46,18.36,49,426,4.32,1.36,-1.36,1,13/4/2021
Sauces and Soups,62,2.89,65,209,3.01,5.19,-0.5,0,12/4/2021
Sauces and Soups,33,17.83,42,66,0.88,7.89,-1.57,0,11/4/2021
Sauces and Soups,54,6.91,57,1,1.97,3.99,0.31,0,10/4/2021
Sauces and Soups,44,11.49,44,353,1.18,2.66,0.33,1,9/4/2021
Sauces and Soups,54,1.71,60,314,2.22,1.39,0.44,0,8/4/2021
Sauces and Soups,42,1.94,42,123,3.43,4.89,-1.8,1,7/4/2021
Sauces and Soups,51,17.84,54,436,4.73,1.18,-0.96,1,6/4/2021
Sauces and Soups,45,8.43,52,8,3.9,1.07,1.47,0,5/4/2021
Sauces and Soups,40,12.4,43,369,3.29,1.95,1.68,1,4/4/2021
Sauces and Soups,51,14.46,52,46,3.24,6.08,1.11,1,3/4/2021
Sauces and Soups,43,8.91,46,147,4.94,3.75,-0.19,1,2/4/2021
Sauces and Soups,44,13.49,48,160,1.92,9.69,-1.35,0,1/4/2021
Sauces and Soups,39,18.35,43,398,2.16,9.25,-1.09,0,31/3/2021
Sauces and Soups,59,11.99,67,199,2.22,8.87,-1.22,0,30/3/2021
Sauces and Soups,51,3.75,58,465,0.6,3.76,1.73,0,29/3/2021
Sauces and Soups,42,10.16,47,167,1.62,1.85,-1.7,1,28/3/2021
